{
"type": "FeatureCollection",
"name": "l",
"features": [
{ "type": "Feature", "properties": { "OID": "-1", "MAKAT": "740006", "NAME": "חניון דורי", "DISTRICT": "חיפה", "AUTHORITY": "חיפה", "AUTHCODE": "4000", "X": "202963.5", "Y": "743080.96", "ADDRESS": "יעקב דורי 45", "BLOCK": "11210", "PARCEL": "57, 60", "DUNAM": "17.35", "LANDUSE": "אתר לחניון אוטובוסים ושמורת טבע", "PARKINGN": "80", "FLOORS": "1", "BUSS_N": "0", "BUSDROP_N": "0", "BUSSD_N": "0", "TIFULLN": "80", "NIGHTP_N": "80", "RAVKAVN": "0", "CALP_AREA": "10.0", "PINUYY": "0", "COMMENTS": " ", "SOURCE": " ", "D_UPDATE": "2025-12-12 00:00:00", "YEARMONTH": "202605", "OPENYEAR": "לא ידוע", "T_TYPE": "מסוף תפעולי משולב עם חניון לילה", "TRAVELERS": "לא", "CLOSEYEAR": "פתוח", "PARK_RIDE": "לא", "DRIVERSR": "קיים", "TOILET": " ", "SIZERANK": "גדול", "COMMERCIAL": "לא", "STATUS": "קיים", "MATAN": " ", "ECharge_N": " ", "KISSNRIDE": " ", "BIC_PARK": " ", "BUSPARKN": "80", "MAAVAR": "לא", "OWN": "מעורב", "Shape_Length": "645.2435723205605", "Shape_Area": "17336.383772114394" }, "geometry": { "type": "Point", "coordinates": [ 35.02839, 32.78226 ] } },
{ "type": "Feature", "properties": { "OID": "-1", "MAKAT": "740018", "NAME": "רכבת מרכז", "DISTRICT": "חיפה", "AUTHORITY": "חיפה", "AUTHCODE": "4000", "X": "200039.79", "Y": "747444.41", "ADDRESS": " ", "BLOCK": "10889", "PARCEL": "53", "DUNAM": "1.16", "LANDUSE": " ", "PARKINGN": "4", "FLOORS": "1", "BUSS_N": "0", "BUSDROP_N": "0", "BUSSD_N": "1", "TIFULLN": "4", "NIGHTP_N": "0", "RAVKAVN": "0", "CALP_AREA": "0.5", "PINUYY": "0", "COMMENTS": "שירותים ציבוריים בתחנת רכבת", "SOURCE": "סקר", "D_UPDATE": "2026-02-22 00:00:00", "YEARMONTH": "202605", "OPENYEAR": "לא ידוע", "T_TYPE": "מסוף תפעולי", "TRAVELERS": "כן", "CLOSEYEAR": "פתוח", "PARK_RIDE": "כן", "DRIVERSR": "קיים", "TOILET": "כן", "SIZERANK": "קטן", "COMMERCIAL": "לא", "STATUS": "קיים", "MATAN": "רכבת כבדה", "ECharge_N": " ", "KISSNRIDE": " ", "BIC_PARK": " ", "BUSPARKN": " ", "MAAVAR": "לא", "OWN": " ", "Shape_Length": "155.12815762077742", "Shape_Area": "1159.8119311161804" }, "geometry": { "type": "Point", "coordinates": [ 34.99709, 32.82156 ] } },
{ "type": "Feature", "properties": { "OID": "-1", "MAKAT": "740007", "NAME": "מרכזית המפרץ חיפה", "DISTRICT": "חיפה", "AUTHORITY": "חיפה", "AUTHCODE": "4000", "X": "203530.76", "Y": "744243.95", "ADDRESS": " ", "BLOCK": "11658", "PARCEL": "123, 125, 127, 129", "DUNAM": "20.98", "LANDUSE": "מרכז תחבורה, מסילת ברזל, דרך, מסחר ותעסוקה", "PARKINGN": "45", "FLOORS": "1", "BUSS_N": "24", "BUSDROP_N": "0", "BUSSD_N": "3", "TIFULLN": "45", "NIGHTP_N": "21", "RAVKAVN": "7", "CALP_AREA": "5.63", "PINUYY": "0", "COMMENTS": " ", "SOURCE": "סקר", "D_UPDATE": "2026-02-22 00:00:00", "YEARMONTH": "202605", "OPENYEAR": "לא ידוע", "T_TYPE": "מסוף תפעולי משולב עם חניון לילה", "TRAVELERS": "כן", "CLOSEYEAR": "פתוח", "PARK_RIDE": "כן", "DRIVERSR": "קיים", "TOILET": "כן", "SIZERANK": "גדול", "COMMERCIAL": "לא", "STATUS": "קיים", "MATAN": "משולב", "ECharge_N": " ", "KISSNRIDE": " ", "BIC_PARK": " ", "BUSPARKN": "21", "MAAVAR": "לא", "OWN": "רמ\"\"י", "Shape_Length": "694.5893292409384", "Shape_Area": "20970.391713589273" }, "geometry": { "type": "Point", "coordinates": [ 35.03443, 32.79276 ] } },
{ "type": "Feature", "properties": { "OID": "-1", "MAKAT": "740011", "NAME": "חניון לילה אדמירליטי", "DISTRICT": "חיפה", "AUTHORITY": "חיפה", "AUTHCODE": "4000", "X": "204971.24", "Y": "746908.37", "ADDRESS": "יהודה איתין 11, יהודה איתין 9", "BLOCK": "11636", "PARCEL": "64, 65", "DUNAM": "11.48", "LANDUSE": " ", "PARKINGN": "80", "FLOORS": "1", "BUSS_N": "0", "BUSDROP_N": "0", "BUSSD_N": "0", "TIFULLN": "0", "NIGHTP_N": "80", "RAVKAVN": "0", "CALP_AREA": "10.0", "PINUYY": "0", "COMMENTS": " ", "SOURCE": " ", "D_UPDATE": "", "YEARMONTH": "202605", "OPENYEAR": "לא ידוע", "T_TYPE": "חניון לילה", "TRAVELERS": "לא", "CLOSEYEAR": "פתוח", "PARK_RIDE": "כן", "DRIVERSR": "לא קיים", "TOILET": "לא", "SIZERANK": "בינוני", "COMMERCIAL": "לא", "STATUS": "קיים", "MATAN": " ", "ECharge_N": " ", "KISSNRIDE": " ", "BIC_PARK": " ", "BUSPARKN": " ", "MAAVAR": "לא", "OWN": " ", "Shape_Length": "427.2488406934284", "Shape_Area": "11476.125985963454" }, "geometry": { "type": "Point", "coordinates": [ 35.04976, 32.8168 ] } },
{ "type": "Feature", "properties": { "OID": "-1", "MAKAT": "740010", "NAME": "חניון הקריות", "DISTRICT": "חיפה", "AUTHORITY": "חיפה", "AUTHCODE": "4000", "X": "205180.11", "Y": "746998.12", "ADDRESS": "יהודה איתין 6, יהודה איתין 4, יוליוס סימון 5", "BLOCK": "11636", "PARCEL": "54, 56, 57, 58, 59, 60, 61, 62", "DUNAM": "37.06", "LANDUSE": "אזור תעשייה", "PARKINGN": "200", "FLOORS": "1", "BUSS_N": "0", "BUSDROP_N": "0", "BUSSD_N": "1", "TIFULLN": "200", "NIGHTP_N": "200", "RAVKAVN": "0", "CALP_AREA": "25.0", "PINUYY": "0", "COMMENTS": " ", "SOURCE": " ", "D_UPDATE": "", "YEARMONTH": "202605", "OPENYEAR": "לא ידוע", "T_TYPE": "מסוף תפעולי משולב עם חניון לילה", "TRAVELERS": "כן", "CLOSEYEAR": "פתוח", "PARK_RIDE": "כן", "DRIVERSR": "קיים", "TOILET": " ", "SIZERANK": "גדול", "COMMERCIAL": "לא", "STATUS": "קיים", "MATAN": " ", "ECharge_N": " ", "KISSNRIDE": " ", "BIC_PARK": " ", "BUSPARKN": " ", "MAAVAR": "לא", "OWN": "מעורב", "Shape_Length": "764.8312149582463", "Shape_Area": "37042.5775766452" }, "geometry": { "type": "Point", "coordinates": [ 35.05199, 32.81761 ] } },
{ "type": "Feature", "properties": { "OID": "-1", "MAKAT": "740015", "NAME": "דפו קרית אתא", "DISTRICT": "חיפה", "AUTHORITY": "קרית אתא", "AUTHCODE": "6800", "X": "207139.37", "Y": "744974.39", "ADDRESS": " ", "BLOCK": "10518", "PARCEL": "34", "DUNAM": "41.03", "LANDUSE": "תעשיה", "PARKINGN": "160", "FLOORS": "1", "BUSS_N": "0", "BUSDROP_N": "0", "BUSSD_N": "0", "TIFULLN": "160", "NIGHTP_N": "160", "RAVKAVN": "0", "CALP_AREA": "20.0", "PINUYY": "0", "COMMENTS": " ", "SOURCE": "תצ\"\"א", "D_UPDATE": "2026-12-01 00:00:00", "YEARMONTH": "202605", "OPENYEAR": "לא ידוע", "T_TYPE": "מסוף תפעולי משולב עם חניון לילה", "TRAVELERS": "לא", "CLOSEYEAR": "פתוח", "PARK_RIDE": "לא", "DRIVERSR": "קיים", "TOILET": "כן", "SIZERANK": "גדול", "COMMERCIAL": "לא", "STATUS": "קיים", "MATAN": " ", "ECharge_N": " ", "KISSNRIDE": " ", "BIC_PARK": " ", "BUSPARKN": "160", "MAAVAR": "לא", "OWN": "רמ\"\"י", "Shape_Length": "861.5791383718085", "Shape_Area": "41005.93346495663" }, "geometry": { "type": "Point", "coordinates": [ 35.07294, 32.79939 ] } },
{ "type": "Feature", "properties": { "OID": "-1", "MAKAT": "740021", "NAME": "חניון מרכזית הקריות", "DISTRICT": "חיפה", "AUTHORITY": "קרית מוצקין", "AUTHCODE": "8200", "X": "208675.19", "Y": "751533.24", "ADDRESS": " ", "BLOCK": "10421", "PARCEL": "226, 378", "DUNAM": "7.35", "LANDUSE": "מרכז תחבורה", "PARKINGN": "20", "FLOORS": "1", "BUSS_N": "0", "BUSDROP_N": "0", "BUSSD_N": "0", "TIFULLN": "0", "NIGHTP_N": "20", "RAVKAVN": "0", "CALP_AREA": "2.5", "PINUYY": "0", "COMMENTS": " ", "SOURCE": "מעורב", "D_UPDATE": "2026-12-01 00:00:00", "YEARMONTH": "202605", "OPENYEAR": "לא ידוע", "T_TYPE": "חניון לילה", "TRAVELERS": "לא", "CLOSEYEAR": "פתוח", "PARK_RIDE": "כן", "DRIVERSR": "לא קיים", "TOILET": "לא", "SIZERANK": "בינוני", "COMMERCIAL": "לא", "STATUS": "קיים", "MATAN": " ", "ECharge_N": " ", "KISSNRIDE": " ", "BIC_PARK": " ", "BUSPARKN": " ", "MAAVAR": "לא", "OWN": "רמ\"\"י", "Shape_Length": "351.8237152335555", "Shape_Area": "7347.1046251814905" }, "geometry": { "type": "Point", "coordinates": [ 35.08926, 32.85854 ] } },
{ "type": "Feature", "properties": { "OID": "-1", "MAKAT": "740016", "NAME": "מרכזית הקריות", "DISTRICT": "חיפה", "AUTHORITY": "קרית מוצקין", "AUTHCODE": "8200", "X": "208724.82", "Y": "751637.88", "ADDRESS": " ", "BLOCK": "10421", "PARCEL": "227, 378", "DUNAM": "8.28", "LANDUSE": "מרכז תחבורה", "PARKINGN": "20", "FLOORS": "1", "BUSS_N": "7", "BUSDROP_N": "2", "BUSSD_N": "0", "TIFULLN": "20", "NIGHTP_N": "0", "RAVKAVN": "2", "CALP_AREA": "2.5", "PINUYY": "0", "COMMENTS": " ", "SOURCE": "מעורב", "D_UPDATE": "2026-12-01 00:00:00", "YEARMONTH": "202605", "OPENYEAR": "2013", "T_TYPE": "מסוף תפעולי", "TRAVELERS": "כן", "CLOSEYEAR": "פתוח", "PARK_RIDE": "כן", "DRIVERSR": "קיים", "TOILET": "כן", "SIZERANK": "בינוני", "COMMERCIAL": "לא", "STATUS": "קיים", "MATAN": "BRT", "ECharge_N": " ", "KISSNRIDE": " ", "BIC_PARK": " ", "BUSPARKN": " ", "MAAVAR": "לא", "OWN": "רמ\"\"י", "Shape_Length": "352.37556432113473", "Shape_Area": "8278.497785007366" }, "geometry": { "type": "Point", "coordinates": [ 35.08979, 32.85949 ] } },
{ "type": "Feature", "properties": { "OID": "-1", "MAKAT": "750021", "NAME": "תחנה מרכזית עכו", "DISTRICT": "צפון", "AUTHORITY": "עכו", "AUTHCODE": "7600", "X": "207867.74", "Y": "759115.08", "ADDRESS": "הארבעה 26, הארבעה 28", "BLOCK": "18005, 18105", "PARCEL": "176 / 144", "DUNAM": "11.5", "LANDUSE": "מרכז תחבורה משולב בעסקים", "PARKINGN": "30", "FLOORS": "1", "BUSS_N": "0", "BUSDROP_N": "0", "BUSSD_N": "7", "TIFULLN": "30", "NIGHTP_N": "30", "RAVKAVN": "2", "CALP_AREA": "3.75", "PINUYY": "0", "COMMENTS": " ", "SOURCE": " ", "D_UPDATE": "", "YEARMONTH": "202605", "OPENYEAR": "לא ידוע", "T_TYPE": "מסוף תפעולי משולב עם חניון לילה", "TRAVELERS": "כן", "CLOSEYEAR": "פתוח", "PARK_RIDE": "כן", "DRIVERSR": "קיים", "TOILET": " ", "SIZERANK": "בינוני", "COMMERCIAL": "לא", "STATUS": "קיים", "MATAN": "משולב", "ECharge_N": " ", "KISSNRIDE": " ", "BIC_PARK": " ", "BUSPARKN": " ", "MAAVAR": "לא", "OWN": "רמ\"\"י", "Shape_Length": "484.61849321694797", "Shape_Area": "11495.081568279935" }, "geometry": { "type": "Point", "coordinates": [ 35.08054, 32.9269 ] } },
{ "type": "Feature", "properties": { "OID": "-1", "MAKAT": "750013", "NAME": "תחנה מרכזית נהריה", "DISTRICT": "צפון", "AUTHORITY": "נהריה", "AUTHCODE": "9100", "X": "209446.31", "Y": "767829.46", "ADDRESS": "הגעתון 15", "BLOCK": "18172", "PARCEL": "35-38, 42-47, 127, 128", "DUNAM": "13.58", "LANDUSE": "מרכז תעבורה", "PARKINGN": "60", "FLOORS": "1", "BUSS_N": "12", "BUSDROP_N": "1", "BUSSD_N": "0", "TIFULLN": "60", "NIGHTP_N": "60", "RAVKAVN": "2", "CALP_AREA": "7.5", "PINUYY": "0", "COMMENTS": " ", "SOURCE": " ", "D_UPDATE": "", "YEARMONTH": "202605", "OPENYEAR": "לא ידוע", "T_TYPE": "מסוף תפעולי משולב עם חניון לילה", "TRAVELERS": "כן", "CLOSEYEAR": "פתוח", "PARK_RIDE": "כן", "DRIVERSR": "קיים", "TOILET": " ", "SIZERANK": "בינוני", "COMMERCIAL": "כן", "STATUS": "קיים", "MATAN": "רכבת כבדה", "ECharge_N": " ", "KISSNRIDE": " ", "BIC_PARK": " ", "BUSPARKN": " ", "MAAVAR": "לא", "OWN": "פרטי", "Shape_Length": "460.715908711162", "Shape_Area": "13571.211204404055" }, "geometry": { "type": "Point", "coordinates": [ 35.09732, 33.00549 ] } },
{ "type": "Feature", "properties": { "OID": "-1", "MAKAT": "740000", "NAME": "מסוף אום אל פחם", "DISTRICT": "חיפה", "AUTHORITY": "אום אל פחם", "AUTHCODE": "2710", "X": "214312.27", "Y": "715286.04", "ADDRESS": " ", "BLOCK": "20340", "PARCEL": "46, 196", "DUNAM": "6.33", "LANDUSE": "מרכז תחבורה", "PARKINGN": "14", "FLOORS": "1", "BUSS_N": "4", "BUSDROP_N": "1", "BUSSD_N": "0", "TIFULLN": "14", "NIGHTP_N": "0", "RAVKAVN": "1", "CALP_AREA": "1.75", "PINUYY": "0", "COMMENTS": " ", "SOURCE": " ", "D_UPDATE": "", "YEARMONTH": "202605", "OPENYEAR": "לא ידוע", "T_TYPE": "מסוף תפעולי", "TRAVELERS": "כן", "CLOSEYEAR": "פתוח", "PARK_RIDE": "לא", "DRIVERSR": "קיים", "TOILET": " ", "SIZERANK": "בינוני", "COMMERCIAL": "כן", "STATUS": "קיים", "MATAN": " ", "ECharge_N": " ", "KISSNRIDE": " ", "BIC_PARK": " ", "BUSPARKN": " ", "MAAVAR": "לא", "OWN": "רמ\"\"י", "Shape_Length": "349.39912566064027", "Shape_Area": "6327.442690313617" }, "geometry": { "type": "Point", "coordinates": [ 35.14969, 32.53174 ] } },
{ "type": "Feature", "properties": { "OID": "-1", "MAKAT": "750024", "NAME": "תחנת רכבת כפר ברוך", "DISTRICT": "צפון", "AUTHORITY": "עמק יזרעאל", "AUTHCODE": "5509", "X": "219965.59", "Y": "728181.78", "ADDRESS": " ", "BLOCK": "17414", "PARCEL": "99", "DUNAM": "6.21", "LANDUSE": "מסילת ברזל", "PARKINGN": "7", "FLOORS": "1", "BUSS_N": "3", "BUSDROP_N": "1", "BUSSD_N": "0", "TIFULLN": "7", "NIGHTP_N": "0", "RAVKAVN": "0", "CALP_AREA": "0.88", "PINUYY": "0", "COMMENTS": "שירותים בתחנת רכבת", "SOURCE": "סקר", "D_UPDATE": "2026-02-22 00:00:00", "YEARMONTH": "202605", "OPENYEAR": "לא ידוע", "T_TYPE": "מסוף תפעולי", "TRAVELERS": "כן", "CLOSEYEAR": "פתוח", "PARK_RIDE": "כן", "DRIVERSR": "לא קיים", "TOILET": "כן", "SIZERANK": "בינוני", "COMMERCIAL": "לא", "STATUS": "קיים", "MATAN": "רכבת כבדה", "ECharge_N": " ", "KISSNRIDE": "4", "BIC_PARK": "18", "BUSPARKN": " ", "MAAVAR": "לא", "OWN": "רמ\"\"י", "Shape_Length": "309.226958095972", "Shape_Area": "6205.376553084759" }, "geometry": { "type": "Point", "coordinates": [ 35.20987, 32.64804 ] } },
{ "type": "Feature", "properties": { "OID": "-1", "MAKAT": "750034", "NAME": "חניון לילה מגדל העמק", "DISTRICT": "צפון", "AUTHORITY": "עמק יזרעאל", "AUTHCODE": "1717", "X": "222253.7", "Y": "729772.44", "ADDRESS": " ", "BLOCK": "17458", "PARCEL": "14, 18", "DUNAM": "2.88", "LANDUSE": "חקלאי, תעסוקה", "PARKINGN": "32", "FLOORS": "1", "BUSS_N": "0", "BUSDROP_N": "0", "BUSSD_N": "0", "TIFULLN": "32", "NIGHTP_N": "32", "RAVKAVN": "0", "CALP_AREA": "4.0", "PINUYY": "0", "COMMENTS": " ", "SOURCE": " ", "D_UPDATE": "", "YEARMONTH": "202605", "OPENYEAR": "לא ידוע", "T_TYPE": "מסוף תפעולי משולב עם חניון לילה", "TRAVELERS": "לא", "CLOSEYEAR": "פתוח", "PARK_RIDE": "לא", "DRIVERSR": "לא קיים", "TOILET": " ", "SIZERANK": "קטן", "COMMERCIAL": "לא", "STATUS": "קיים", "MATAN": " ", "ECharge_N": " ", "KISSNRIDE": " ", "BIC_PARK": " ", "BUSPARKN": "32", "MAAVAR": "לא", "OWN": "רמ\"\"י", "Shape_Length": "213.78878211197758", "Shape_Area": "2881.891065580589" }, "geometry": { "type": "Point", "coordinates": [ 35.23426, 32.66238 ] } },
{ "type": "Feature", "properties": { "OID": "-1", "MAKAT": "750008", "NAME": "תחנה מרכזית מגדל העמק", "DISTRICT": "צפון", "AUTHORITY": "מגדל העמק", "AUTHCODE": "0874", "X": "222721.95", "Y": "731644.45", "ADDRESS": " ", "BLOCK": "17455, 17808", "PARCEL": "76, 77, 114, 158 / 7", "DUNAM": "2.54", "LANDUSE": "מרכז תחבורה", "PARKINGN": "11", "FLOORS": "1", "BUSS_N": "4", "BUSDROP_N": "1", "BUSSD_N": "0", "TIFULLN": "11", "NIGHTP_N": "11", "RAVKAVN": "1", "CALP_AREA": "1.38", "PINUYY": "0", "COMMENTS": " ", "SOURCE": " ", "D_UPDATE": "", "YEARMONTH": "202605", "OPENYEAR": "לא ידוע", "T_TYPE": "מסוף תפעולי משולב עם חניון לילה", "TRAVELERS": "כן", "CLOSEYEAR": "פתוח", "PARK_RIDE": "לא", "DRIVERSR": "קיים", "TOILET": " ", "SIZERANK": "קטן", "COMMERCIAL": "לא", "STATUS": "קיים", "MATAN": " ", "ECharge_N": " ", "KISSNRIDE": " ", "BIC_PARK": " ", "BUSPARKN": " ", "MAAVAR": "לא", "OWN": "רמ\"\"י", "Shape_Length": "235.55582978891798", "Shape_Area": "2542.770389272871" }, "geometry": { "type": "Point", "coordinates": [ 35.23926, 32.67926 ] } },
{ "type": "Feature", "properties": { "OID": "-1", "MAKAT": "750025", "NAME": "חניון לילה אביב קדישאי עפולה", "DISTRICT": "צפון", "AUTHORITY": "עפולה", "AUTHCODE": "7700", "X": "228001.99", "Y": "721834.1", "ADDRESS": " ", "BLOCK": "16686", "PARCEL": "29", "DUNAM": "9.61", "LANDUSE": " ", "PARKINGN": "92", "FLOORS": "1", "BUSS_N": "0", "BUSDROP_N": "0", "BUSSD_N": "0", "TIFULLN": "0", "NIGHTP_N": "92", "RAVKAVN": "0", "CALP_AREA": "11.5", "PINUYY": "0", "COMMENTS": " ", "SOURCE": " ", "D_UPDATE": "", "YEARMONTH": "202605", "OPENYEAR": "לא ידוע", "T_TYPE": "חניון לילה", "TRAVELERS": "לא", "CLOSEYEAR": "פתוח", "PARK_RIDE": "לא", "DRIVERSR": "קיים", "TOILET": "לא", "SIZERANK": "בינוני", "COMMERCIAL": "לא", "STATUS": "קיים", "MATAN": " ", "ECharge_N": " ", "KISSNRIDE": " ", "BIC_PARK": " ", "BUSPARKN": " ", "MAAVAR": "לא", "OWN": " ", "Shape_Length": "403.84184046154536", "Shape_Area": "9606.5932462575" }, "geometry": { "type": "Point", "coordinates": [ 35.29547, 32.59077 ] } },
{ "type": "Feature", "properties": { "OID": "-1", "MAKAT": "750028", "NAME": "תחנה מרכזית חדשה עפולה", "DISTRICT": "צפון", "AUTHORITY": "עפולה", "AUTHCODE": "7700", "X": "227789.39", "Y": "723828.1", "ADDRESS": " ", "BLOCK": "16661, 16701", "PARCEL": "82, 84, 86 / 57, 60", "DUNAM": "12.11", "LANDUSE": "מרכז עירוני, שצ\"פ , דרך קיימת , אזור תעסוקה ומסחר", "PARKINGN": "24", "FLOORS": "1", "BUSS_N": "11", "BUSDROP_N": "1", "BUSSD_N": "0", "TIFULLN": "24", "NIGHTP_N": "24", "RAVKAVN": "0", "CALP_AREA": "3.0", "PINUYY": "0", "COMMENTS": " ", "SOURCE": " ", "D_UPDATE": "", "YEARMONTH": "202605", "OPENYEAR": "לא ידוע", "T_TYPE": "מסוף תפעולי משולב עם חניון לילה", "TRAVELERS": "כן", "CLOSEYEAR": "פתוח", "PARK_RIDE": "כן", "DRIVERSR": "קיים", "TOILET": " ", "SIZERANK": "בינוני", "COMMERCIAL": "לא", "STATUS": "קיים", "MATAN": " ", "ECharge_N": " ", "KISSNRIDE": " ", "BIC_PARK": " ", "BUSPARKN": " ", "MAAVAR": "לא", "OWN": "פרטי", "Shape_Length": "613.4484701546551", "Shape_Area": "12101.667940816329" }, "geometry": { "type": "Point", "coordinates": [ 35.29322, 32.60875 ] } },
{ "type": "Feature", "properties": { "OID": "-1", "MAKAT": "750026", "NAME": "מסוף רכבת עפולה", "DISTRICT": "צפון", "AUTHORITY": "עפולה", "AUTHCODE": "7700", "X": "227863.34", "Y": "725298.78", "ADDRESS": " ", "BLOCK": "16732, 16733", "PARCEL": "95, 96 / 104", "DUNAM": "5.93", "LANDUSE": "מסילת ברזל קיימת , שטח משולב למסילת ברזל", "PARKINGN": "9", "FLOORS": "1", "BUSS_N": "4", "BUSDROP_N": "1", "BUSSD_N": "0", "TIFULLN": "9", "NIGHTP_N": "0", "RAVKAVN": "0", "CALP_AREA": "1.13", "PINUYY": "0", "COMMENTS": "שירותים בתחנת רכבת", "SOURCE": "סקר", "D_UPDATE": "2026-02-22 00:00:00", "YEARMONTH": "202605", "OPENYEAR": "לא ידוע", "T_TYPE": "מסוף תפעולי", "TRAVELERS": "כן", "CLOSEYEAR": "פתוח", "PARK_RIDE": "כן", "DRIVERSR": "לא קיים", "TOILET": "כן", "SIZERANK": "בינוני", "COMMERCIAL": "לא", "STATUS": "קיים", "MATAN": "רכבת כבדה", "ECharge_N": " ", "KISSNRIDE": "14", "BIC_PARK": "16", "BUSPARKN": "3", "MAAVAR": "לא", "OWN": "רמ\"\"י", "Shape_Length": "377.44297739812623", "Shape_Area": "5929.6151147110995" }, "geometry": { "type": "Point", "coordinates": [ 35.29402, 32.62201 ] } },
{ "type": "Feature", "properties": { "OID": "-1", "MAKAT": "750019", "NAME": "חניון ביג", "DISTRICT": "צפון", "AUTHORITY": "נצרת", "AUTHCODE": "7300", "X": "228339.45", "Y": "733362.35", "ADDRESS": " ", "BLOCK": "16557, 17868", "PARCEL": "164 / 41", "DUNAM": "6.11", "LANDUSE": " ", "PARKINGN": "60", "FLOORS": "1", "BUSS_N": "0", "BUSDROP_N": "0", "BUSSD_N": "0", "TIFULLN": "60", "NIGHTP_N": "60", "RAVKAVN": "0", "CALP_AREA": "7.5", "PINUYY": "0", "COMMENTS": " ", "SOURCE": " ", "D_UPDATE": "", "YEARMONTH": "202605", "OPENYEAR": "לא ידוע", "T_TYPE": "מסוף תפעולי משולב עם חניון לילה", "TRAVELERS": "לא", "CLOSEYEAR": "פתוח", "PARK_RIDE": "לא", "DRIVERSR": "קיים", "TOILET": " ", "SIZERANK": "בינוני", "COMMERCIAL": "לא", "STATUS": "קיים", "MATAN": " ", "ECharge_N": " ", "KISSNRIDE": " ", "BIC_PARK": " ", "BUSPARKN": " ", "MAAVAR": "לא", "OWN": " ", "Shape_Length": "341.71715558665966", "Shape_Area": "6111.294506727729" }, "geometry": { "type": "Point", "coordinates": [ 35.29917, 32.69472 ] } },
{ "type": "Feature", "properties": { "OID": "-1", "MAKAT": "750020", "NAME": "חניון ג'י בי טורס", "DISTRICT": "צפון", "AUTHORITY": "נצרת", "AUTHCODE": "7300", "X": "228111.61", "Y": "733856.98", "ADDRESS": " ", "BLOCK": "16521", "PARCEL": "5, 7 , 8 , 10", "DUNAM": "3.29", "LANDUSE": "אזור בנייה רגיל", "PARKINGN": "40", "FLOORS": "1", "BUSS_N": "0", "BUSDROP_N": "0", "BUSSD_N": "0", "TIFULLN": "40", "NIGHTP_N": "40", "RAVKAVN": "0", "CALP_AREA": "5.0", "PINUYY": "0", "COMMENTS": " ", "SOURCE": " ", "D_UPDATE": "", "YEARMONTH": "202605", "OPENYEAR": "לא ידוע", "T_TYPE": "מסוף תפעולי משולב עם חניון לילה", "TRAVELERS": "לא", "CLOSEYEAR": "פתוח", "PARK_RIDE": "לא", "DRIVERSR": "קיים", "TOILET": " ", "SIZERANK": "קטן", "COMMERCIAL": "לא", "STATUS": "קיים", "MATAN": " ", "ECharge_N": " ", "KISSNRIDE": " ", "BIC_PARK": " ", "BUSPARKN": " ", "MAAVAR": "לא", "OWN": "פרטי", "Shape_Length": "252.52922878790636", "Shape_Area": "3290.2845340702825" }, "geometry": { "type": "Point", "coordinates": [ 35.29674, 32.69918 ] } },
{ "type": "Feature", "properties": { "OID": "-1", "MAKAT": "750018", "NAME": "חניון לילה המחצבות נצרת", "DISTRICT": "צפון", "AUTHORITY": "נצרת", "AUTHCODE": "7300", "X": "228421.95", "Y": "732752.36", "ADDRESS": " ", "BLOCK": "16561", "PARCEL": "13, 23", "DUNAM": "7.33", "LANDUSE": "מגורים ג'", "PARKINGN": "60", "FLOORS": "1", "BUSS_N": "0", "BUSDROP_N": "0", "BUSSD_N": "0", "TIFULLN": "60", "NIGHTP_N": "60", "RAVKAVN": "0", "CALP_AREA": "7.5", "PINUYY": "0", "COMMENTS": " ", "SOURCE": " ", "D_UPDATE": "", "YEARMONTH": "202605", "OPENYEAR": "לא ידוע", "T_TYPE": "מסוף תפעולי משולב עם חניון לילה", "TRAVELERS": "לא", "CLOSEYEAR": "פתוח", "PARK_RIDE": "לא", "DRIVERSR": "קיים", "TOILET": " ", "SIZERANK": "בינוני", "COMMERCIAL": "לא", "STATUS": "קיים", "MATAN": " ", "ECharge_N": " ", "KISSNRIDE": " ", "BIC_PARK": " ", "BUSPARKN": "60", "MAAVAR": "לא", "OWN": "רמ\"\"י", "Shape_Length": "488.45238110206077", "Shape_Area": "7323.218595587924" }, "geometry": { "type": "Point", "coordinates": [ 35.30004, 32.68921 ] } },
{ "type": "Feature", "properties": { "OID": "-1", "MAKAT": "750016", "NAME": "מרחב צפון נתיבי ישראל", "DISTRICT": "צפון", "AUTHORITY": "נוף הגליל", "AUTHCODE": "1061", "X": "229662.1", "Y": "734505.1", "ADDRESS": " ", "BLOCK": "16537", "PARCEL": "27", "DUNAM": "4.72", "LANDUSE": "תיירות", "PARKINGN": "50", "FLOORS": "1", "BUSS_N": "0", "BUSDROP_N": "0", "BUSSD_N": "0", "TIFULLN": "50", "NIGHTP_N": "50", "RAVKAVN": "0", "CALP_AREA": "6.25", "PINUYY": "0", "COMMENTS": " ", "SOURCE": " ", "D_UPDATE": "", "YEARMONTH": "202605", "OPENYEAR": "לא ידוע", "T_TYPE": "מסוף תפעולי משולב עם חניון לילה", "TRAVELERS": "לא", "CLOSEYEAR": "פתוח", "PARK_RIDE": "לא", "DRIVERSR": "לא קיים", "TOILET": " ", "SIZERANK": "קטן", "COMMERCIAL": "לא", "STATUS": "קיים", "MATAN": " ", "ECharge_N": " ", "KISSNRIDE": " ", "BIC_PARK": " ", "BUSPARKN": " ", "MAAVAR": "לא", "OWN": "רמ\"\"י", "Shape_Length": "278.23035450168334", "Shape_Area": "4718.87268687967" }, "geometry": { "type": "Point", "coordinates": [ 35.31329, 32.70501 ] } },
{ "type": "Feature", "properties": { "OID": "-1", "MAKAT": "750015", "NAME": "חניון לילה נצרת עילית", "DISTRICT": "צפון", "AUTHORITY": "נוף הגליל", "AUTHCODE": "1061", "X": "231802.0", "Y": "735330.95", "ADDRESS": "העבודה 13", "BLOCK": "17532", "PARCEL": "64", "DUNAM": "8.16", "LANDUSE": " ", "PARKINGN": "35", "FLOORS": "1", "BUSS_N": "0", "BUSDROP_N": "0", "BUSSD_N": "0", "TIFULLN": "35", "NIGHTP_N": "35", "RAVKAVN": "0", "CALP_AREA": "4.38", "PINUYY": "0", "COMMENTS": " ", "SOURCE": " ", "D_UPDATE": "", "YEARMONTH": "202605", "OPENYEAR": "לא ידוע", "T_TYPE": "מסוף תפעולי משולב עם חניון לילה", "TRAVELERS": "לא", "CLOSEYEAR": "פתוח", "PARK_RIDE": "לא", "DRIVERSR": "קיים", "TOILET": " ", "SIZERANK": "בינוני", "COMMERCIAL": "לא", "STATUS": "קיים", "MATAN": " ", "ECharge_N": " ", "KISSNRIDE": " ", "BIC_PARK": " ", "BUSPARKN": "35", "MAAVAR": "לא", "OWN": " ", "Shape_Length": "377.66465892524764", "Shape_Area": "8158.332316201207" }, "geometry": { "type": "Point", "coordinates": [ 35.33612, 32.71243 ] } },
{ "type": "Feature", "properties": { "OID": "-1", "MAKAT": "750017", "NAME": "חניון לילה נצרת עילית (פאוור סנטר)", "DISTRICT": "צפון", "AUTHORITY": "נוף הגליל", "AUTHCODE": "1061", "X": "231423.77", "Y": "736131.74", "ADDRESS": " ", "BLOCK": "17532, 17749", "PARCEL": "141 / 101", "DUNAM": "3.31", "LANDUSE": " ", "PARKINGN": "50", "FLOORS": "1", "BUSS_N": "0", "BUSDROP_N": "0", "BUSSD_N": "0", "TIFULLN": "0", "NIGHTP_N": "50", "RAVKAVN": "0", "CALP_AREA": "6.25", "PINUYY": "0", "COMMENTS": " ", "SOURCE": " ", "D_UPDATE": "", "YEARMONTH": "202605", "OPENYEAR": "לא ידוע", "T_TYPE": "חניון לילה", "TRAVELERS": "לא", "CLOSEYEAR": "פתוח", "PARK_RIDE": "לא", "DRIVERSR": "קיים", "TOILET": "לא", "SIZERANK": "קטן", "COMMERCIAL": "לא", "STATUS": "קיים", "MATAN": " ", "ECharge_N": " ", "KISSNRIDE": " ", "BIC_PARK": " ", "BUSPARKN": " ", "MAAVAR": "לא", "OWN": " ", "Shape_Length": "229.16588672802405", "Shape_Area": "3305.7721753941696" }, "geometry": { "type": "Point", "coordinates": [ 35.3321, 32.71966 ] } },
{ "type": "Feature", "properties": { "OID": "-1", "MAKAT": "750014", "NAME": "חניון לילה המעיין נצרת עילית", "DISTRICT": "צפון", "AUTHORITY": "נוף הגליל", "AUTHCODE": "1061", "X": "231997.56", "Y": "736311.22", "ADDRESS": "המעיין 2", "BLOCK": "17532", "PARCEL": "6, 126, 137, 142", "DUNAM": "7.05", "LANDUSE": " ", "PARKINGN": "110", "FLOORS": "1", "BUSS_N": "0", "BUSDROP_N": "0", "BUSSD_N": "0", "TIFULLN": "110", "NIGHTP_N": "110", "RAVKAVN": "0", "CALP_AREA": "13.75", "PINUYY": "0", "COMMENTS": " ", "SOURCE": " ", "D_UPDATE": "", "YEARMONTH": "202605", "OPENYEAR": "לא ידוע", "T_TYPE": "מסוף תפעולי משולב עם חניון לילה", "TRAVELERS": "לא", "CLOSEYEAR": "פתוח", "PARK_RIDE": "לא", "DRIVERSR": "קיים", "TOILET": " ", "SIZERANK": "בינוני", "COMMERCIAL": "לא", "STATUS": "קיים", "MATAN": " ", "ECharge_N": " ", "KISSNRIDE": " ", "BIC_PARK": " ", "BUSPARKN": "110", "MAAVAR": "לא", "OWN": " ", "Shape_Length": "327.27158795439334", "Shape_Area": "7048.818724329756" }, "geometry": { "type": "Point", "coordinates": [ 35.33822, 32.72127 ] } },
{ "type": "Feature", "properties": { "OID": "-1", "MAKAT": "750033", "NAME": "חניון לילה שפרעם - דרום", "DISTRICT": "צפון", "AUTHORITY": "שפרעם", "AUTHCODE": "8800", "X": "217804.9", "Y": "744792.9", "ADDRESS": " ", "BLOCK": "12867", "PARCEL": "130, 134", "DUNAM": "3.15", "LANDUSE": " ", "PARKINGN": "30", "FLOORS": "1", "BUSS_N": "0", "BUSDROP_N": "0", "BUSSD_N": "0", "TIFULLN": "0", "NIGHTP_N": "30", "RAVKAVN": "0", "CALP_AREA": "3.75", "PINUYY": "0", "COMMENTS": " ", "SOURCE": "מעורב", "D_UPDATE": "2025-04-12 00:00:00", "YEARMONTH": "202605", "OPENYEAR": "לא ידוע", "T_TYPE": "חניון לילה", "TRAVELERS": "לא", "CLOSEYEAR": "פתוח", "PARK_RIDE": "לא", "DRIVERSR": "קיים", "TOILET": "לא", "SIZERANK": "קטן", "COMMERCIAL": "לא", "STATUS": "קיים", "MATAN": " ", "ECharge_N": " ", "KISSNRIDE": " ", "BIC_PARK": " ", "BUSPARKN": " ", "MAAVAR": "לא", "OWN": " ", "Shape_Length": "232.36420172309803", "Shape_Area": "3150.258091085871" }, "geometry": { "type": "Point", "coordinates": [ 35.18681, 32.79782 ] } },
{ "type": "Feature", "properties": { "OID": "-1", "MAKAT": "750039", "NAME": "חניון לילה שפרעם - צפון", "DISTRICT": "צפון", "AUTHORITY": "שפרעם", "AUTHCODE": "8800", "X": "216340.66", "Y": "747273.58", "ADDRESS": " ", "BLOCK": "10268", "PARCEL": "15", "DUNAM": "3.72", "LANDUSE": " ", "PARKINGN": "41", "FLOORS": "1", "BUSS_N": "0", "BUSDROP_N": "0", "BUSSD_N": "0", "TIFULLN": "0", "NIGHTP_N": "41", "RAVKAVN": "0", "CALP_AREA": "5.13", "PINUYY": "0", "COMMENTS": " ", "SOURCE": " ", "D_UPDATE": "2025-04-12 00:00:00", "YEARMONTH": "202605", "OPENYEAR": "לא ידוע", "T_TYPE": "חניון לילה", "TRAVELERS": "לא", "CLOSEYEAR": "פתוח", "PARK_RIDE": "לא", "DRIVERSR": "קיים", "TOILET": "לא", "SIZERANK": "קטן", "COMMERCIAL": "לא", "STATUS": "קיים", "MATAN": " ", "ECharge_N": " ", "KISSNRIDE": " ", "BIC_PARK": " ", "BUSPARKN": " ", "MAAVAR": "לא", "OWN": " ", "Shape_Length": "278.8956020098877", "Shape_Area": "3720.522805930782" }, "geometry": { "type": "Point", "coordinates": [ 35.17117, 32.82018 ] } },
{ "type": "Feature", "properties": { "OID": "-1", "MAKAT": "750038", "NAME": "חניון לילה - הקריה מע\"\"ר", "DISTRICT": "צפון", "AUTHORITY": "שפרעם", "AUTHCODE": "8800", "X": "219020.2", "Y": "744251.9", "ADDRESS": " ", "BLOCK": "12868", "PARCEL": "16", "DUNAM": "11.53", "LANDUSE": " ", "PARKINGN": "90", "FLOORS": "1", "BUSS_N": "0", "BUSDROP_N": "0", "BUSSD_N": "0", "TIFULLN": "0", "NIGHTP_N": "90", "RAVKAVN": "0", "CALP_AREA": "11.25", "PINUYY": "0", "COMMENTS": " ", "SOURCE": "זהר + תצ\"\"א", "D_UPDATE": "2026-12-01 00:00:00", "YEARMONTH": "202605", "OPENYEAR": "2024", "T_TYPE": "חניון לילה", "TRAVELERS": "לא", "CLOSEYEAR": "פתוח", "PARK_RIDE": "לא", "DRIVERSR": "קיים", "TOILET": "לא", "SIZERANK": "בינוני", "COMMERCIAL": "לא", "STATUS": "קיים", "MATAN": " ", "ECharge_N": " ", "KISSNRIDE": " ", "BIC_PARK": " ", "BUSPARKN": " ", "MAAVAR": "לא", "OWN": " ", "Shape_Length": "495.6719726971371", "Shape_Area": "11520.633157090895" }, "geometry": { "type": "Point", "coordinates": [ 35.19979, 32.79294 ] } },
{ "type": "Feature", "properties": { "OID": "-1", "MAKAT": "750012", "NAME": "מסוף תחנת רכבת אחיהוד", "DISTRICT": "צפון", "AUTHORITY": "משגב", "AUTHCODE": "5556", "X": "216688.36", "Y": "757373.95", "ADDRESS": " ", "BLOCK": "18505", "PARCEL": "38", "DUNAM": "1.09", "LANDUSE": "מסילת ברזל", "PARKINGN": "4", "FLOORS": "1", "BUSS_N": "3", "BUSDROP_N": "1", "BUSSD_N": "0", "TIFULLN": "4", "NIGHTP_N": "0", "RAVKAVN": "0", "CALP_AREA": "0.5", "PINUYY": "0", "COMMENTS": " ", "SOURCE": " ", "D_UPDATE": "", "YEARMONTH": "202605", "OPENYEAR": "לא ידוע", "T_TYPE": "מסוף תפעולי", "TRAVELERS": "כן", "CLOSEYEAR": "פתוח", "PARK_RIDE": "כן", "DRIVERSR": "לא קיים", "TOILET": " ", "SIZERANK": "קטן", "COMMERCIAL": "לא", "STATUS": "קיים", "MATAN": "רכבת כבדה", "ECharge_N": " ", "KISSNRIDE": " ", "BIC_PARK": " ", "BUSPARKN": " ", "MAAVAR": "לא", "OWN": "רמ\"\"י", "Shape_Length": "204.3856691324025", "Shape_Area": "1089.3768906397127" }, "geometry": { "type": "Point", "coordinates": [ 35.17485, 32.91126 ] } },
{ "type": "Feature", "properties": { "OID": "-1", "MAKAT": "750011", "NAME": "חניון לילה משגב", "DISTRICT": "צפון", "AUTHORITY": "משגב", "AUTHCODE": "1724", "X": "225332.86", "Y": "752681.82", "ADDRESS": "ארגמן 4", "BLOCK": "19277", "PARCEL": "87", "DUNAM": "1.57", "LANDUSE": "תעשיה", "PARKINGN": "26", "FLOORS": "1", "BUSS_N": "0", "BUSDROP_N": "0", "BUSSD_N": "0", "TIFULLN": "26", "NIGHTP_N": "26", "RAVKAVN": "0", "CALP_AREA": "3.25", "PINUYY": "0", "COMMENTS": " ", "SOURCE": " ", "D_UPDATE": "", "YEARMONTH": "202605", "OPENYEAR": "לא ידוע", "T_TYPE": "מסוף תפעולי משולב עם חניון לילה", "TRAVELERS": "לא", "CLOSEYEAR": "פתוח", "PARK_RIDE": "לא", "DRIVERSR": "קיים", "TOILET": " ", "SIZERANK": "קטן", "COMMERCIAL": "לא", "STATUS": "קיים", "MATAN": " ", "ECharge_N": " ", "KISSNRIDE": " ", "BIC_PARK": " ", "BUSPARKN": "26", "MAAVAR": "לא", "OWN": "רמ\"\"י", "Shape_Length": "153.18213362033342", "Shape_Area": "1566.3288004746637" }, "geometry": { "type": "Point", "coordinates": [ 35.26723, 32.86894 ] } },
{ "type": "Feature", "properties": { "OID": "-1", "MAKAT": "750001", "NAME": "חניון לילה דיר חנא", "DISTRICT": "צפון", "AUTHORITY": "דיר חנא", "AUTHCODE": "0492", "X": "234376.31", "Y": "751501.94", "ADDRESS": " ", "BLOCK": "19427", "PARCEL": "37", "DUNAM": "3.75", "LANDUSE": " ", "PARKINGN": "35", "FLOORS": "1", "BUSS_N": "0", "BUSDROP_N": "0", "BUSSD_N": "0", "TIFULLN": "35", "NIGHTP_N": "35", "RAVKAVN": "0", "CALP_AREA": "4.38", "PINUYY": "0", "COMMENTS": " ", "SOURCE": " ", "D_UPDATE": "", "YEARMONTH": "202605", "OPENYEAR": "לא ידוע", "T_TYPE": "מסוף תפעולי משולב עם חניון לילה", "TRAVELERS": "לא", "CLOSEYEAR": "פתוח", "PARK_RIDE": "לא", "DRIVERSR": "קיים", "TOILET": " ", "SIZERANK": "קטן", "COMMERCIAL": "לא", "STATUS": "קיים", "MATAN": " ", "ECharge_N": " ", "KISSNRIDE": " ", "BIC_PARK": " ", "BUSPARKN": "35", "MAAVAR": "לא", "OWN": " ", "Shape_Length": "252.95035089815656", "Shape_Area": "3745.5246271024394" }, "geometry": { "type": "Point", "coordinates": [ 35.36384, 32.85821 ] } },
{ "type": "Feature", "properties": { "OID": "-1", "MAKAT": "750007", "NAME": "חניון לילה כרמיאל", "DISTRICT": "צפון", "AUTHORITY": "כרמיאל", "AUTHCODE": "1139", "X": "227100.05", "Y": "757957.8", "ADDRESS": " ", "BLOCK": "21078", "PARCEL": "7", "DUNAM": "7.79", "LANDUSE": " ", "PARKINGN": "80", "FLOORS": "1", "BUSS_N": "0", "BUSDROP_N": "0", "BUSSD_N": "0", "TIFULLN": "0", "NIGHTP_N": "80", "RAVKAVN": "0", "CALP_AREA": "10.0", "PINUYY": "0", "COMMENTS": " ", "SOURCE": " ", "D_UPDATE": "", "YEARMONTH": "202605", "OPENYEAR": "לא ידוע", "T_TYPE": "חניון לילה", "TRAVELERS": "לא", "CLOSEYEAR": "פתוח", "PARK_RIDE": "לא", "DRIVERSR": "לא קיים", "TOILET": "לא", "SIZERANK": "בינוני", "COMMERCIAL": "לא", "STATUS": "קיים", "MATAN": " ", "ECharge_N": " ", "KISSNRIDE": " ", "BIC_PARK": " ", "BUSPARKN": " ", "MAAVAR": "לא", "OWN": " ", "Shape_Length": "355.4856257143396", "Shape_Area": "7788.622572610414" }, "geometry": { "type": "Point", "coordinates": [ 35.28616, 32.9165 ] } },
{ "type": "Feature", "properties": { "OID": "-1", "MAKAT": "750284", "NAME": "מסוף תפעולי כרמיאל", "DISTRICT": "צפון", "AUTHORITY": "כרמיאל", "AUTHCODE": "1139", "X": "227258.82", "Y": "758757.66", "ADDRESS": " ", "BLOCK": "18983", "PARCEL": "530, 533, 536, 539, 543, 609", "DUNAM": "6.94", "LANDUSE": "חניון", "PARKINGN": "-1", "FLOORS": "1", "BUSS_N": "0", "BUSDROP_N": "0", "BUSSD_N": "0", "TIFULLN": "-1", "NIGHTP_N": "0", "RAVKAVN": "0", "CALP_AREA": "-0.13", "PINUYY": "0", "COMMENTS": " ", "SOURCE": "תצ\"א, סימפלקס", "D_UPDATE": "2025-04-12 00:00:00", "YEARMONTH": "202605", "OPENYEAR": "2025", "T_TYPE": "מסוף תפעולי", "TRAVELERS": "לא", "CLOSEYEAR": "פתוח", "PARK_RIDE": "לא", "DRIVERSR": " ", "TOILET": " ", "SIZERANK": "בינוני", "COMMERCIAL": "לא", "STATUS": "קיים", "MATAN": " ", "ECharge_N": " ", "KISSNRIDE": " ", "BIC_PARK": " ", "BUSPARKN": " ", "MAAVAR": "לא", "OWN": "רמ\"\"י", "Shape_Length": "390.12038231133226", "Shape_Area": "6939.344674693953" }, "geometry": { "type": "Point", "coordinates": [ 35.28786, 32.92371 ] } },
{ "type": "Feature", "properties": { "OID": "-1", "MAKAT": "750005", "NAME": "מסוף רכבת כרמיאל", "DISTRICT": "צפון", "AUTHORITY": "כרמיאל", "AUTHCODE": "1139", "X": "228260.1", "Y": "758766.25", "ADDRESS": " ", "BLOCK": "21135", "PARCEL": "5", "DUNAM": "2.81", "LANDUSE": "דרך", "PARKINGN": "6", "FLOORS": "1", "BUSS_N": "0", "BUSDROP_N": "0", "BUSSD_N": "5", "TIFULLN": "6", "NIGHTP_N": "0", "RAVKAVN": "0", "CALP_AREA": "0.75", "PINUYY": "0", "COMMENTS": " ", "SOURCE": " ", "D_UPDATE": "", "YEARMONTH": "202605", "OPENYEAR": "לא ידוע", "T_TYPE": "מסוף תפעולי", "TRAVELERS": "כן", "CLOSEYEAR": "פתוח", "PARK_RIDE": "כן", "DRIVERSR": "לא קיים", "TOILET": " ", "SIZERANK": "קטן", "COMMERCIAL": "לא", "STATUS": "קיים", "MATAN": "רכבת כבדה", "ECharge_N": " ", "KISSNRIDE": " ", "BIC_PARK": " ", "BUSPARKN": " ", "MAAVAR": "לא", "OWN": "רמ\"\"י", "Shape_Length": "456.12382118734075", "Shape_Area": "2812.7181761821107" }, "geometry": { "type": "Point", "coordinates": [ 35.29856, 32.92378 ] } },
{ "type": "Feature", "properties": { "OID": "-1", "MAKAT": "750006", "NAME": "תחנה מרכזית ישנה כרמיאל", "DISTRICT": "צפון", "AUTHORITY": "כרמיאל", "AUTHCODE": "1139", "X": "228361.66", "Y": "758679.51", "ADDRESS": " ", "BLOCK": "21135", "PARCEL": "11, 13", "DUNAM": "5.54", "LANDUSE": " ", "PARKINGN": "30", "FLOORS": "1", "BUSS_N": "0", "BUSDROP_N": "1", "BUSSD_N": "3", "TIFULLN": "30", "NIGHTP_N": "30", "RAVKAVN": "2", "CALP_AREA": "3.75", "PINUYY": "0", "COMMENTS": " ", "SOURCE": " ", "D_UPDATE": "", "YEARMONTH": "202605", "OPENYEAR": "לא ידוע", "T_TYPE": "מסוף תפעולי משולב עם חניון לילה", "TRAVELERS": "כן", "CLOSEYEAR": "פתוח", "PARK_RIDE": "כן", "DRIVERSR": "קיים", "TOILET": " ", "SIZERANK": "בינוני", "COMMERCIAL": "לא", "STATUS": "קיים", "MATAN": "רכבת כבדה", "ECharge_N": " ", "KISSNRIDE": " ", "BIC_PARK": " ", "BUSPARKN": " ", "MAAVAR": "לא", "OWN": " ", "Shape_Length": "376.7756751185872", "Shape_Area": "5539.612288316575" }, "geometry": { "type": "Point", "coordinates": [ 35.29965, 32.923 ] } },
{ "type": "Feature", "properties": { "OID": "-1", "MAKAT": "750037", "NAME": "חניון אגד כרמיאל", "DISTRICT": "צפון", "AUTHORITY": "כרמיאל", "AUTHCODE": "1139", "X": "230141.57", "Y": "758395.24", "ADDRESS": "הנפח 6", "BLOCK": "19160", "PARCEL": "72, 73", "DUNAM": "11.58", "LANDUSE": " ", "PARKINGN": "64", "FLOORS": "1", "BUSS_N": "1", "BUSDROP_N": "1", "BUSSD_N": "0", "TIFULLN": "64", "NIGHTP_N": "64", "RAVKAVN": "0", "CALP_AREA": "8.0", "PINUYY": "0", "COMMENTS": " ", "SOURCE": " ", "D_UPDATE": "", "YEARMONTH": "202605", "OPENYEAR": "לא ידוע", "T_TYPE": "מסוף תפעולי משולב עם חניון לילה", "TRAVELERS": "כן", "CLOSEYEAR": "פתוח", "PARK_RIDE": "לא", "DRIVERSR": "קיים", "TOILET": " ", "SIZERANK": "בינוני", "COMMERCIAL": "לא", "STATUS": "קיים", "MATAN": " ", "ECharge_N": " ", "KISSNRIDE": " ", "BIC_PARK": " ", "BUSPARKN": " ", "MAAVAR": "לא", "OWN": " ", "Shape_Length": "566.5004011689816", "Shape_Area": "11572.541389259231" }, "geometry": { "type": "Point", "coordinates": [ 35.31868, 32.92042 ] } },
{ "type": "Feature", "properties": { "OID": "-1", "MAKAT": "750010", "NAME": "חניון לילה מעיליא", "DISTRICT": "צפון", "AUTHORITY": "מעיליא", "AUTHCODE": "0518", "X": "225034.3", "Y": "769768.01", "ADDRESS": " ", "BLOCK": "18633", "PARCEL": "40", "DUNAM": "3.97", "LANDUSE": " ", "PARKINGN": "40", "FLOORS": "1", "BUSS_N": "0", "BUSDROP_N": "0", "BUSSD_N": "0", "TIFULLN": "40", "NIGHTP_N": "40", "RAVKAVN": "0", "CALP_AREA": "5.0", "PINUYY": "0", "COMMENTS": " ", "SOURCE": " ", "D_UPDATE": "", "YEARMONTH": "202605", "OPENYEAR": "לא ידוע", "T_TYPE": "מסוף תפעולי משולב עם חניון לילה", "TRAVELERS": "לא", "CLOSEYEAR": "פתוח", "PARK_RIDE": "לא", "DRIVERSR": "קיים", "TOILET": " ", "SIZERANK": "קטן", "COMMERCIAL": "לא", "STATUS": "קיים", "MATAN": " ", "ECharge_N": " ", "KISSNRIDE": " ", "BIC_PARK": " ", "BUSPARKN": "40", "MAAVAR": "לא", "OWN": " ", "Shape_Length": "283.60078084859106", "Shape_Area": "3970.2627763319047" }, "geometry": { "type": "Point", "coordinates": [ 35.26414, 33.023 ] } },
{ "type": "Feature", "properties": { "OID": "-1", "MAKAT": "750022", "NAME": "מסוף רכבת בית שאן", "DISTRICT": "צפון", "AUTHORITY": "עמק המעיינות", "AUTHCODE": "5507", "X": "246199.86", "Y": "713499.6", "ADDRESS": " ", "BLOCK": "22864", "PARCEL": "64", "DUNAM": "1.88", "LANDUSE": "מסילת ברזל", "PARKINGN": "10", "FLOORS": "1", "BUSS_N": "3", "BUSDROP_N": "2", "BUSSD_N": "0", "TIFULLN": "10", "NIGHTP_N": "0", "RAVKAVN": "0", "CALP_AREA": "1.25", "PINUYY": "0", "COMMENTS": " ", "SOURCE": " ", "D_UPDATE": "", "YEARMONTH": "202605", "OPENYEAR": "לא ידוע", "T_TYPE": "מסוף תפעולי", "TRAVELERS": "כן", "CLOSEYEAR": "פתוח", "PARK_RIDE": "כן", "DRIVERSR": "לא קיים", "TOILET": " ", "SIZERANK": "קטן", "COMMERCIAL": "לא", "STATUS": "קיים", "MATAN": "רכבת כבדה", "ECharge_N": " ", "KISSNRIDE": " ", "BIC_PARK": " ", "BUSPARKN": " ", "MAAVAR": "לא", "OWN": "רמ\"\"י", "Shape_Length": "204.51468107480383", "Shape_Area": "1875.0518129818843" }, "geometry": { "type": "Point", "coordinates": [ 35.48906, 32.51532 ] } },
{ "type": "Feature", "properties": { "OID": "-1", "MAKAT": "750009", "NAME": "חניון לילה מע'אר", "DISTRICT": "צפון", "AUTHORITY": "מע'אר", "AUTHCODE": "0481", "X": "239676.55", "Y": "754439.3", "ADDRESS": " ", "BLOCK": "15578", "PARCEL": "38, 57", "DUNAM": "3.91", "LANDUSE": " ", "PARKINGN": "60", "FLOORS": "1", "BUSS_N": "0", "BUSDROP_N": "0", "BUSSD_N": "0", "TIFULLN": "60", "NIGHTP_N": "60", "RAVKAVN": "0", "CALP_AREA": "7.5", "PINUYY": "0", "COMMENTS": " ", "SOURCE": " ", "D_UPDATE": "", "YEARMONTH": "202605", "OPENYEAR": "לא ידוע", "T_TYPE": "מסוף תפעולי משולב עם חניון לילה", "TRAVELERS": "לא", "CLOSEYEAR": "פתוח", "PARK_RIDE": "לא", "DRIVERSR": "לא קיים", "TOILET": " ", "SIZERANK": "קטן", "COMMERCIAL": "לא", "STATUS": "קיים", "MATAN": " ", "ECharge_N": " ", "KISSNRIDE": " ", "BIC_PARK": " ", "BUSPARKN": "60", "MAAVAR": "לא", "OWN": " ", "Shape_Length": "275.82761887233994", "Shape_Area": "3905.967960019498" }, "geometry": { "type": "Point", "coordinates": [ 35.42052, 32.88461 ] } },
{ "type": "Feature", "properties": { "OID": "-1", "MAKAT": "750041", "NAME": "חניון צפת", "DISTRICT": "צפון", "AUTHORITY": "צפת", "AUTHCODE": "8000", "X": "245509.96", "Y": "763193.8", "ADDRESS": " ", "BLOCK": "13603", "PARCEL": "111", "DUNAM": "5.29", "LANDUSE": " ", "PARKINGN": "43", "FLOORS": "1", "BUSS_N": "0", "BUSDROP_N": "0", "BUSSD_N": "0", "TIFULLN": "0", "NIGHTP_N": "43", "RAVKAVN": "0", "CALP_AREA": "5.38", "PINUYY": "0", "COMMENTS": " ", "SOURCE": " ", "D_UPDATE": "", "YEARMONTH": "202605", "OPENYEAR": "לא ידוע", "T_TYPE": "חניון לילה", "TRAVELERS": "לא", "CLOSEYEAR": "פתוח", "PARK_RIDE": "לא", "DRIVERSR": "קיים", "TOILET": "לא", "SIZERANK": "בינוני", "COMMERCIAL": "לא", "STATUS": "קיים", "MATAN": " ", "ECharge_N": " ", "KISSNRIDE": " ", "BIC_PARK": " ", "BUSPARKN": " ", "MAAVAR": "לא", "OWN": " ", "Shape_Length": "300.9034068397854", "Shape_Area": "5291.222081048534" }, "geometry": { "type": "Point", "coordinates": [ 35.48311, 32.96343 ] } },
{ "type": "Feature", "properties": { "OID": "-1", "MAKAT": "750337", "NAME": "חניון אזו\"\"ת חדש צפת", "DISTRICT": "צפון", "AUTHORITY": "צפת", "AUTHCODE": "8000", "X": "245525.59", "Y": "763292.43", "ADDRESS": " ", "BLOCK": "13603", "PARCEL": "17, 18, 19, 20, 21, 50, 51", "DUNAM": "5.23", "LANDUSE": "תעשייה ומלאכה", "PARKINGN": "-1", "FLOORS": "1", "BUSS_N": "0", "BUSDROP_N": "0", "BUSSD_N": "0", "TIFULLN": "0", "NIGHTP_N": "-1", "RAVKAVN": "0", "CALP_AREA": "-0.13", "PINUYY": "0", "COMMENTS": " ", "SOURCE": "אסטרטגית", "D_UPDATE": "2025-12-12 00:00:00", "YEARMONTH": "202605", "OPENYEAR": "2025", "T_TYPE": "חניון לילה", "TRAVELERS": "לא", "CLOSEYEAR": "פתוח", "PARK_RIDE": "לא", "DRIVERSR": " ", "TOILET": "לא", "SIZERANK": "בינוני", "COMMERCIAL": "לא", "STATUS": "קיים", "MATAN": " ", "ECharge_N": " ", "KISSNRIDE": " ", "BIC_PARK": " ", "BUSPARKN": " ", "MAAVAR": "לא", "OWN": "רמ\"\"י", "Shape_Length": "293.41318777692436", "Shape_Area": "5229.24317530219" }, "geometry": { "type": "Point", "coordinates": [ 35.48328, 32.96432 ] } },
{ "type": "Feature", "properties": { "OID": "-1", "MAKAT": "750029", "NAME": "תחנה מרכזית צפת", "DISTRICT": "צפון", "AUTHORITY": "צפת", "AUTHCODE": "8000", "X": "246828.21", "Y": "763941.43", "ADDRESS": " ", "BLOCK": "13052, 14627", "PARCEL": "47, 48, 55, 69", "DUNAM": "8.54", "LANDUSE": "מוסדות ציבור", "PARKINGN": "50", "FLOORS": "1", "BUSS_N": "6", "BUSDROP_N": "2", "BUSSD_N": "0", "TIFULLN": "50", "NIGHTP_N": "50", "RAVKAVN": "3", "CALP_AREA": "6.25", "PINUYY": "0", "COMMENTS": " ", "SOURCE": " ", "D_UPDATE": "", "YEARMONTH": "202605", "OPENYEAR": "לא ידוע", "T_TYPE": "מסוף תפעולי משולב עם חניון לילה", "TRAVELERS": "כן", "CLOSEYEAR": "פתוח", "PARK_RIDE": "לא", "DRIVERSR": "קיים", "TOILET": " ", "SIZERANK": "בינוני", "COMMERCIAL": "כן", "STATUS": "קיים", "MATAN": " ", "ECharge_N": " ", "KISSNRIDE": " ", "BIC_PARK": " ", "BUSPARKN": " ", "MAAVAR": "לא", "OWN": "לא ידוע", "Shape_Length": "477.7985778643374", "Shape_Area": "8533.465431562265" }, "geometry": { "type": "Point", "coordinates": [ 35.49723, 32.97014 ] } },
{ "type": "Feature", "properties": { "OID": "-1", "MAKAT": "750003", "NAME": "תחנה מרכזית טבריה", "DISTRICT": "צפון", "AUTHORITY": "טבריה", "AUTHCODE": "6700", "X": "250575.29", "Y": "743658.72", "ADDRESS": "ביבאס 9, הירדן 30", "BLOCK": "15013", "PARCEL": "2, 5, 6, 7, 16, 17", "DUNAM": "13.61", "LANDUSE": "עירוני מעורב", "PARKINGN": "60", "FLOORS": "1", "BUSS_N": "14", "BUSDROP_N": "1", "BUSSD_N": "0", "TIFULLN": "60", "NIGHTP_N": "60", "RAVKAVN": "3", "CALP_AREA": "7.5", "PINUYY": "0", "COMMENTS": " ", "SOURCE": " ", "D_UPDATE": "", "YEARMONTH": "202605", "OPENYEAR": "לא ידוע", "T_TYPE": "מסוף תפעולי משולב עם חניון לילה", "TRAVELERS": "כן", "CLOSEYEAR": "פתוח", "PARK_RIDE": "כן", "DRIVERSR": "קיים", "TOILET": " ", "SIZERANK": "בינוני", "COMMERCIAL": "כן", "STATUS": "קיים", "MATAN": " ", "ECharge_N": " ", "KISSNRIDE": " ", "BIC_PARK": " ", "BUSPARKN": " ", "MAAVAR": "לא", "OWN": "פרטי", "Shape_Length": "539.4149909114121", "Shape_Area": "13601.896252956905" }, "geometry": { "type": "Point", "coordinates": [ 35.53663, 32.78715 ] } },
{ "type": "Feature", "properties": { "OID": "-1", "MAKAT": "750002", "NAME": "תחנה מרכזית חצור הגלילית", "DISTRICT": "צפון", "AUTHORITY": "חצור הגלילית", "AUTHCODE": "2034", "X": "252331.95", "Y": "765129.52", "ADDRESS": " ", "BLOCK": "13947", "PARCEL": "23", "DUNAM": "8.28", "LANDUSE": "מרכז תחבורה", "PARKINGN": "10", "FLOORS": "1", "BUSS_N": "6", "BUSDROP_N": "2", "BUSSD_N": "0", "TIFULLN": "10", "NIGHTP_N": "0", "RAVKAVN": "1", "CALP_AREA": "1.25", "PINUYY": "0", "COMMENTS": " ", "SOURCE": "מעורב", "D_UPDATE": "2025-04-12 00:00:00", "YEARMONTH": "202605", "OPENYEAR": "לא ידוע", "T_TYPE": "מסוף תפעולי", "TRAVELERS": "כן", "CLOSEYEAR": "פתוח", "PARK_RIDE": "כן", "DRIVERSR": "קיים", "TOILET": "כן", "SIZERANK": "בינוני", "COMMERCIAL": "כן", "STATUS": "קיים", "MATAN": " ", "ECharge_N": " ", "KISSNRIDE": " ", "BIC_PARK": " ", "BUSPARKN": "10", "MAAVAR": "לא", "OWN": "פרטי", "Shape_Length": "379.35324161418225", "Shape_Area": "8272.996736372974" }, "geometry": { "type": "Point", "coordinates": [ 35.55615, 32.9807 ] } },
{ "type": "Feature", "properties": { "OID": "-1", "MAKAT": "750040", "NAME": "מסוף שלומי", "DISTRICT": "צפון", "AUTHORITY": "שלומי", "AUTHCODE": "0812", "X": "213745.61", "Y": "775622.24", "ADDRESS": " ", "BLOCK": "18317", "PARCEL": "36", "DUNAM": "1.19", "LANDUSE": "מסוף תחבורתי", "PARKINGN": "3", "FLOORS": "1", "BUSS_N": "0", "BUSDROP_N": "0", "BUSSD_N": "3", "TIFULLN": "3", "NIGHTP_N": "0", "RAVKAVN": "1", "CALP_AREA": "0.38", "PINUYY": "0", "COMMENTS": " ", "SOURCE": " ", "D_UPDATE": "", "YEARMONTH": "202605", "OPENYEAR": "לא ידוע", "T_TYPE": "מסוף תפעולי", "TRAVELERS": "כן", "CLOSEYEAR": "פתוח", "PARK_RIDE": "כן", "DRIVERSR": "לא קיים", "TOILET": " ", "SIZERANK": "קטן", "COMMERCIAL": "כן", "STATUS": "קיים", "MATAN": " ", "ECharge_N": " ", "KISSNRIDE": " ", "BIC_PARK": " ", "BUSPARKN": " ", "MAAVAR": "לא", "OWN": "רמ\"\"י", "Shape_Length": "149.20755976779694", "Shape_Area": "1187.120198265156" }, "geometry": { "type": "Point", "coordinates": [ 35.14328, 33.07579 ] } },
{ "type": "Feature", "properties": { "OID": "-1", "MAKAT": "750032", "NAME": "תחנה מרכזית קריית שמונה", "DISTRICT": "צפון", "AUTHORITY": "קרית שמונה", "AUTHCODE": "2800", "X": "253479.17", "Y": "790509.87", "ADDRESS": "הרב עובדיה יוסף 1, תל חי 96, טשרניחובסקי 1", "BLOCK": "13109", "PARCEL": "56", "DUNAM": "13.61", "LANDUSE": "מגורים, שירותים ומסחר", "PARKINGN": "50", "FLOORS": "1", "BUSS_N": "7", "BUSDROP_N": "2", "BUSSD_N": "0", "TIFULLN": "50", "NIGHTP_N": "50", "RAVKAVN": "0", "CALP_AREA": "6.25", "PINUYY": "0", "COMMENTS": " ", "SOURCE": " ", "D_UPDATE": "", "YEARMONTH": "202605", "OPENYEAR": "לא ידוע", "T_TYPE": "מסוף תפעולי משולב עם חניון לילה", "TRAVELERS": "כן", "CLOSEYEAR": "פתוח", "PARK_RIDE": "כן", "DRIVERSR": "קיים", "TOILET": " ", "SIZERANK": "בינוני", "COMMERCIAL": "כן", "STATUS": "קיים", "MATAN": " ", "ECharge_N": " ", "KISSNRIDE": " ", "BIC_PARK": " ", "BUSPARKN": " ", "MAAVAR": "לא", "OWN": "רמ\"\"י", "Shape_Length": "533.6367415220326", "Shape_Area": "13602.307859121152" }, "geometry": { "type": "Point", "coordinates": [ 35.56936, 33.2095 ] } },
{ "type": "Feature", "properties": { "OID": "-1", "MAKAT": "750035", "NAME": "חניון מטיילי קרית שמונה", "DISTRICT": "צפון", "AUTHORITY": "קרית שמונה", "AUTHCODE": "2800", "X": "255199.83", "Y": "791728.38", "ADDRESS": " ", "BLOCK": "13185", "PARCEL": "18", "DUNAM": "10.24", "LANDUSE": " ", "PARKINGN": "5", "FLOORS": "1", "BUSS_N": "0", "BUSDROP_N": "0", "BUSSD_N": "0", "TIFULLN": "0", "NIGHTP_N": "5", "RAVKAVN": "0", "CALP_AREA": "0.63", "PINUYY": "0", "COMMENTS": " ", "SOURCE": " ", "D_UPDATE": "", "YEARMONTH": "202605", "OPENYEAR": "לא ידוע", "T_TYPE": "חניון לילה", "TRAVELERS": "לא", "CLOSEYEAR": "פתוח", "PARK_RIDE": "לא", "DRIVERSR": "קיים", "TOILET": "לא", "SIZERANK": "בינוני", "COMMERCIAL": "לא", "STATUS": "קיים", "MATAN": " ", "ECharge_N": " ", "KISSNRIDE": " ", "BIC_PARK": " ", "BUSPARKN": " ", "MAAVAR": "לא", "OWN": " ", "Shape_Length": "434.7690412120121", "Shape_Area": "10232.854109449238" }, "geometry": { "type": "Point", "coordinates": [ 35.58787, 33.22043 ] } },
{ "type": "Feature", "properties": { "OID": "-1", "MAKAT": "750031", "NAME": "חניון לילה חוצות הגולן, קצרין", "DISTRICT": "צפון", "AUTHORITY": "קצרין", "AUTHCODE": "4100", "X": "266516.41", "Y": "765950.98", "ADDRESS": " ", "BLOCK": "201092", "PARCEL": "65", "DUNAM": "1.66", "LANDUSE": " ", "PARKINGN": "20", "FLOORS": "1", "BUSS_N": "0", "BUSDROP_N": "0", "BUSSD_N": "0", "TIFULLN": "20", "NIGHTP_N": "20", "RAVKAVN": "0", "CALP_AREA": "2.5", "PINUYY": "0", "COMMENTS": " ", "SOURCE": " ", "D_UPDATE": "", "YEARMONTH": "202605", "OPENYEAR": "לא ידוע", "T_TYPE": "מסוף תפעולי משולב עם חניון לילה", "TRAVELERS": "לא", "CLOSEYEAR": "פתוח", "PARK_RIDE": "לא", "DRIVERSR": "קיים", "TOILET": " ", "SIZERANK": "קטן", "COMMERCIAL": "לא", "STATUS": "קיים", "MATAN": " ", "ECharge_N": " ", "KISSNRIDE": " ", "BIC_PARK": " ", "BUSPARKN": "20", "MAAVAR": "לא", "OWN": " ", "Shape_Length": "169.18883727057204", "Shape_Area": "1656.5650236881122" }, "geometry": { "type": "Point", "coordinates": [ 35.70793, 32.98758 ] } },
{ "type": "Feature", "properties": { "OID": "-1", "MAKAT": "750030", "NAME": "חניון צנובר", "DISTRICT": "צפון", "AUTHORITY": "גולן", "AUTHCODE": "4025", "X": "264520.71", "Y": "768811.87", "ADDRESS": " ", "BLOCK": "201000", "PARCEL": "126", "DUNAM": "2.85", "LANDUSE": "חניון", "PARKINGN": "20", "FLOORS": "1", "BUSS_N": "0", "BUSDROP_N": "0", "BUSSD_N": "0", "TIFULLN": "20", "NIGHTP_N": "20", "RAVKAVN": "0", "CALP_AREA": "2.5", "PINUYY": "0", "COMMENTS": " ", "SOURCE": " ", "D_UPDATE": "", "YEARMONTH": "202605", "OPENYEAR": "לא ידוע", "T_TYPE": "מסוף תפעולי משולב עם חניון לילה", "TRAVELERS": "לא", "CLOSEYEAR": "פתוח", "PARK_RIDE": "לא", "DRIVERSR": "קיים", "TOILET": " ", "SIZERANK": "קטן", "COMMERCIAL": "לא", "STATUS": "קיים", "MATAN": " ", "ECharge_N": " ", "KISSNRIDE": " ", "BIC_PARK": " ", "BUSPARKN": " ", "MAAVAR": "לא", "OWN": "רמ\"\"י", "Shape_Length": "275.0057407993003", "Shape_Area": "2849.966169749371" }, "geometry": { "type": "Point", "coordinates": [ 35.68672, 33.01346 ] } },
{ "type": "Feature", "properties": { "OID": "-1", "MAKAT": "710031", "NAME": "מסוף מ.א אשכול", "DISTRICT": "דרום", "AUTHORITY": "אשכול", "AUTHCODE": "240P", "X": "145924.62", "Y": "579215.98", "ADDRESS": " ", "BLOCK": "100319", "PARCEL": "8", "DUNAM": "3.33", "LANDUSE": "דרך מוצעת, מסחר", "PARKINGN": "14", "FLOORS": "1", "BUSS_N": "12", "BUSDROP_N": "2", "BUSSD_N": "0", "TIFULLN": "14", "NIGHTP_N": "0", "RAVKAVN": "1", "CALP_AREA": "1.75", "PINUYY": "0", "COMMENTS": " ", "SOURCE": "סקר", "D_UPDATE": "2026-08-02 00:00:00", "YEARMONTH": "202605", "OPENYEAR": "לא ידוע", "T_TYPE": "מסוף תפעולי", "TRAVELERS": "כן", "CLOSEYEAR": "פתוח", "PARK_RIDE": "כן", "DRIVERSR": "קיים", "TOILET": "כן", "SIZERANK": "קטן", "COMMERCIAL": "לא", "STATUS": "קיים", "MATAN": " ", "ECharge_N": " ", "KISSNRIDE": "13", "BIC_PARK": " ", "BUSPARKN": " ", "MAAVAR": "לא", "OWN": "רמ\"\"י", "Shape_Length": "296.7477371051435", "Shape_Area": "3325.469171761263" }, "geometry": { "type": "Point", "coordinates": [ 34.43208, 31.30232 ] } },
{ "type": "Feature", "properties": { "OID": "-1", "MAKAT": "710034", "NAME": "תחנת רכבת נתיבות", "DISTRICT": "דרום", "AUTHORITY": "נתיבות", "AUTHCODE": "0246", "X": "159373.05", "Y": "591162.9", "ADDRESS": " ", "BLOCK": "100285, 101151", "PARCEL": "25 / 2", "DUNAM": "4.0", "LANDUSE": "שטח למסילת ברזל", "PARKINGN": "6", "FLOORS": "1", "BUSS_N": "0", "BUSDROP_N": "1", "BUSSD_N": "4", "TIFULLN": "6", "NIGHTP_N": "0", "RAVKAVN": "0", "CALP_AREA": "0.75", "PINUYY": "0", "COMMENTS": "שרותים ציבוריים בתחנת רכבת", "SOURCE": "סקר", "D_UPDATE": "2026-01-22 00:00:00", "YEARMONTH": "202605", "OPENYEAR": "לא ידוע", "T_TYPE": "מסוף תפעולי", "TRAVELERS": "כן", "CLOSEYEAR": "פתוח", "PARK_RIDE": "כן", "DRIVERSR": "קיים", "TOILET": "כן", "SIZERANK": "קטן", "COMMERCIAL": "לא", "STATUS": "קיים", "MATAN": "רכבת כבדה", "ECharge_N": " ", "KISSNRIDE": "14", "BIC_PARK": "8", "BUSPARKN": "6", "MAAVAR": "לא", "OWN": "רמ\"\"י", "Shape_Length": "299.1366126016544", "Shape_Area": "3993.0848433457827" }, "geometry": { "type": "Point", "coordinates": [ 34.57261, 31.41084 ] } },
{ "type": "Feature", "properties": { "OID": "-1", "MAKAT": "710044", "NAME": "חניון השוק העירוני", "DISTRICT": "דרום", "AUTHORITY": "נתיבות", "AUTHCODE": "0246", "X": "160407.86", "Y": "591202.35", "ADDRESS": " ", "BLOCK": "100279", "PARCEL": "135", "DUNAM": "3.76", "LANDUSE": " ", "PARKINGN": "40", "FLOORS": "1", "BUSS_N": "0", "BUSDROP_N": "0", "BUSSD_N": "0", "TIFULLN": "40", "NIGHTP_N": "40", "RAVKAVN": "0", "CALP_AREA": "5.0", "PINUYY": "0", "COMMENTS": " ", "SOURCE": " ", "D_UPDATE": "", "YEARMONTH": "202605", "OPENYEAR": "לא ידוע", "T_TYPE": "מסוף תפעולי משולב עם חניון לילה", "TRAVELERS": "כן", "CLOSEYEAR": "פתוח", "PARK_RIDE": "לא", "DRIVERSR": "קיים", "TOILET": " ", "SIZERANK": "קטן", "COMMERCIAL": "לא", "STATUS": "קיים", "MATAN": " ", "ECharge_N": " ", "KISSNRIDE": " ", "BIC_PARK": " ", "BUSPARKN": " ", "MAAVAR": "לא", "OWN": " ", "Shape_Length": "253.41529556561252", "Shape_Area": "3758.0547085936073" }, "geometry": { "type": "Point", "coordinates": [ 34.58349, 31.41125 ] } },
{ "type": "Feature", "properties": { "OID": "-1", "MAKAT": "710003", "NAME": "תחנה מרכזית אילת חדשה", "DISTRICT": "דרום", "AUTHORITY": "אילת", "AUTHCODE": "2600", "X": "195146.74", "Y": "385500.55", "ADDRESS": " ", "BLOCK": "40002", "PARCEL": "80", "DUNAM": "6.26", "LANDUSE": " ", "PARKINGN": "23", "FLOORS": "1", "BUSS_N": "10", "BUSDROP_N": "1", "BUSSD_N": "0", "TIFULLN": "23", "NIGHTP_N": "0", "RAVKAVN": "-1", "CALP_AREA": "2.88", "PINUYY": "0", "COMMENTS": " ", "SOURCE": "תכנית", "D_UPDATE": "2026-05-13 00:00:00", "YEARMONTH": "202605", "OPENYEAR": "2026", "T_TYPE": "מסוף תפעולי", "TRAVELERS": "כן", "CLOSEYEAR": "פתוח", "PARK_RIDE": "כן", "DRIVERSR": "קיים", "TOILET": "כן", "SIZERANK": "בינוני", "COMMERCIAL": "כן", "STATUS": "בהקמה", "MATAN": " ", "ECharge_N": " ", "KISSNRIDE": " ", "BIC_PARK": " ", "BUSPARKN": "23", "MAAVAR": "לא", "OWN": " ", "Shape_Length": "369.5054536988407", "Shape_Area": "6248.4180193912125" }, "geometry": { "type": "Point", "coordinates": [ 34.9536, 29.55704 ] } },
{ "type": "Feature", "properties": { "OID": "-1", "MAKAT": "710004", "NAME": "מסוף נמל תעופה רמון", "DISTRICT": "דרום", "AUTHORITY": "אילת", "AUTHCODE": "2600", "X": "200269.69", "Y": "404279.1", "ADDRESS": " ", "BLOCK": "39244", "PARCEL": "5", "DUNAM": "3.36", "LANDUSE": "שטח לפיתוח אווירי", "PARKINGN": "8", "FLOORS": "1", "BUSS_N": "10", "BUSDROP_N": "1", "BUSSD_N": "0", "TIFULLN": "8", "NIGHTP_N": "0", "RAVKAVN": "0", "CALP_AREA": "1.0", "PINUYY": "0", "COMMENTS": " ", "SOURCE": " ", "D_UPDATE": "", "YEARMONTH": "202605", "OPENYEAR": "לא ידוע", "T_TYPE": "מסוף תפעולי", "TRAVELERS": "כן", "CLOSEYEAR": "פתוח", "PARK_RIDE": "כן", "DRIVERSR": "קיים", "TOILET": " ", "SIZERANK": "קטן", "COMMERCIAL": "לא", "STATUS": "קיים", "MATAN": " ", "ECharge_N": " ", "KISSNRIDE": " ", "BIC_PARK": " ", "BUSPARKN": " ", "MAAVAR": "לא", "OWN": "רמ\"\"י", "Shape_Length": "407.79536561910976", "Shape_Area": "3360.688401532975" }, "geometry": { "type": "Point", "coordinates": [ 35.00613, 29.72653 ] } },
{ "type": "Feature", "properties": { "OID": "-1", "MAKAT": "710052", "NAME": "מסוף אזור תעשיה שקד", "DISTRICT": "דרום", "AUTHORITY": "אופקים", "AUTHCODE": "0031", "X": "163032.21", "Y": "578359.31", "ADDRESS": " ", "BLOCK": "39669", "PARCEL": "120, 147", "DUNAM": "0.93", "LANDUSE": " ", "PARKINGN": "6", "FLOORS": "1", "BUSS_N": "0", "BUSDROP_N": "0", "BUSSD_N": "0", "TIFULLN": "6", "NIGHTP_N": "0", "RAVKAVN": "0", "CALP_AREA": "0.75", "PINUYY": "0", "COMMENTS": " ", "SOURCE": "דן בדרום + משה דודק", "D_UPDATE": "2026-01-26 00:00:00", "YEARMONTH": "202605", "OPENYEAR": "2025", "T_TYPE": "מסוף תפעולי", "TRAVELERS": "לא", "CLOSEYEAR": "פתוח", "PARK_RIDE": "לא", "DRIVERSR": "קיים", "TOILET": "לא", "SIZERANK": "קטן", "COMMERCIAL": "לא", "STATUS": "קיים", "MATAN": " ", "ECharge_N": " ", "KISSNRIDE": " ", "BIC_PARK": " ", "BUSPARKN": "6", "MAAVAR": "לא", "OWN": " ", "Shape_Length": "124.83325655210635", "Shape_Area": "931.3477329762607" }, "geometry": { "type": "Point", "coordinates": [ 34.61181, 31.29555 ] } },
{ "type": "Feature", "properties": { "OID": "-1", "MAKAT": "710000", "NAME": "חניון לילה אופקים", "DISTRICT": "דרום", "AUTHORITY": "אופקים", "AUTHCODE": "0031", "X": "164134.33", "Y": "581318.96", "ADDRESS": " ", "BLOCK": "39605", "PARCEL": "9", "DUNAM": "16.42", "LANDUSE": " ", "PARKINGN": "100", "FLOORS": "1", "BUSS_N": "0", "BUSDROP_N": "0", "BUSSD_N": "0", "TIFULLN": "100", "NIGHTP_N": "100", "RAVKAVN": "0", "CALP_AREA": "12.5", "PINUYY": "0", "COMMENTS": " ", "SOURCE": " ", "D_UPDATE": "", "YEARMONTH": "202605", "OPENYEAR": "לא ידוע", "T_TYPE": "מסוף תפעולי משולב עם חניון לילה", "TRAVELERS": "לא", "CLOSEYEAR": "פתוח", "PARK_RIDE": "לא", "DRIVERSR": "קיים", "TOILET": " ", "SIZERANK": "גדול", "COMMERCIAL": "לא", "STATUS": "קיים", "MATAN": " ", "ECharge_N": " ", "KISSNRIDE": " ", "BIC_PARK": " ", "BUSPARKN": "100", "MAAVAR": "לא", "OWN": " ", "Shape_Length": "501.06103595704286", "Shape_Area": "16406.212922220333" }, "geometry": { "type": "Point", "coordinates": [ 34.62323, 31.3223 ] } },
{ "type": "Feature", "properties": { "OID": "-1", "MAKAT": "710002", "NAME": "מסוף רכבת אופקים", "DISTRICT": "דרום", "AUTHORITY": "אופקים", "AUTHCODE": "0031", "X": "165072.06", "Y": "581254.62", "ADDRESS": " ", "BLOCK": "101155", "PARCEL": "1", "DUNAM": "4.97", "LANDUSE": "מרכז תחבורה", "PARKINGN": "12", "FLOORS": "1", "BUSS_N": "4", "BUSDROP_N": "1", "BUSSD_N": "0", "TIFULLN": "12", "NIGHTP_N": "0", "RAVKAVN": "0", "CALP_AREA": "1.5", "PINUYY": "0", "COMMENTS": " ", "SOURCE": "סקר", "D_UPDATE": "2026-08-02 00:00:00", "YEARMONTH": "202605", "OPENYEAR": "לא ידוע", "T_TYPE": "מסוף תפעולי", "TRAVELERS": "כן", "CLOSEYEAR": "פתוח", "PARK_RIDE": "כן", "DRIVERSR": "קיים", "TOILET": "כן", "SIZERANK": "קטן", "COMMERCIAL": "לא", "STATUS": "קיים", "MATAN": "רכבת כבדה", "ECharge_N": " ", "KISSNRIDE": "10", "BIC_PARK": "28", "BUSPARKN": " ", "MAAVAR": "לא", "OWN": "לא ידוע", "Shape_Length": "332.2140489189275", "Shape_Area": "4969.605390847155" }, "geometry": { "type": "Point", "coordinates": [ 34.63308, 31.32176 ] } },
{ "type": "Feature", "properties": { "OID": "-1", "MAKAT": "710018", "NAME": "מסוף חצרים", "DISTRICT": "דרום", "AUTHORITY": "באר שבע", "AUTHCODE": "9000", "X": "176322.35", "Y": "572402.93", "ADDRESS": " ", "BLOCK": "38770", "PARCEL": "1", "DUNAM": "4.62", "LANDUSE": "בית עלמין, אזור מלאכה, שצ\"פ", "PARKINGN": "30", "FLOORS": "1", "BUSS_N": "1", "BUSDROP_N": "1", "BUSSD_N": "0", "TIFULLN": "30", "NIGHTP_N": "0", "RAVKAVN": "0", "CALP_AREA": "3.75", "PINUYY": "0", "COMMENTS": " ", "SOURCE": "תצ\"א, סימפלקס, רישוי", "D_UPDATE": "2025-04-12 00:00:00", "YEARMONTH": "202605", "OPENYEAR": "לא ידוע", "T_TYPE": "מסוף תפעולי", "TRAVELERS": "לא", "CLOSEYEAR": "פתוח", "PARK_RIDE": "כן", "DRIVERSR": "קיים", "TOILET": "כן", "SIZERANK": "קטן", "COMMERCIAL": "לא", "STATUS": "קיים", "MATAN": " ", "ECharge_N": " ", "KISSNRIDE": " ", "BIC_PARK": " ", "BUSPARKN": "23", "MAAVAR": "לא", "OWN": "רמ\"\"י", "Shape_Length": "382.0565687157889", "Shape_Area": "4618.18283897538" }, "geometry": { "type": "Point", "coordinates": [ 34.75165, 31.2424 ] } },
{ "type": "Feature", "properties": { "OID": "-1", "MAKAT": "710017", "NAME": "מסוף י\"\"א", "DISTRICT": "דרום", "AUTHORITY": "באר שבע", "AUTHCODE": "9000", "X": "177488.26", "Y": "574465.19", "ADDRESS": "אצ\"\"ל 49", "BLOCK": "38130", "PARCEL": "183, 184", "DUNAM": "4.1", "LANDUSE": "דרך מתוכננת", "PARKINGN": "20", "FLOORS": "1", "BUSS_N": "2", "BUSDROP_N": "1", "BUSSD_N": "0", "TIFULLN": "20", "NIGHTP_N": "0", "RAVKAVN": "1", "CALP_AREA": "2.5", "PINUYY": "0", "COMMENTS": "כמות חניה מוערך", "SOURCE": "סקר", "D_UPDATE": "2026-09-02 00:00:00", "YEARMONTH": "202605", "OPENYEAR": "לא ידוע", "T_TYPE": "מסוף תפעולי", "TRAVELERS": "כן", "CLOSEYEAR": "פתוח", "PARK_RIDE": "לא", "DRIVERSR": "קיים", "TOILET": "לא", "SIZERANK": "קטן", "COMMERCIAL": "לא", "STATUS": "קיים", "MATAN": " ", "ECharge_N": " ", "KISSNRIDE": " ", "BIC_PARK": " ", "BUSPARKN": " ", "MAAVAR": "לא", "OWN": "רמ\"\"י", "Shape_Length": "275.5368317397703", "Shape_Area": "4094.780744696093" }, "geometry": { "type": "Point", "coordinates": [ 34.76381, 31.26104 ] } },
{ "type": "Feature", "properties": { "OID": "-1", "MAKAT": "710023", "NAME": "מסוף נחל בקע", "DISTRICT": "דרום", "AUTHORITY": "באר שבע", "AUTHCODE": "9000", "X": "178800.81", "Y": "570514.67", "ADDRESS": " ", "BLOCK": "38311", "PARCEL": "5", "DUNAM": "0.57", "LANDUSE": " ", "PARKINGN": "3", "FLOORS": "1", "BUSS_N": "0", "BUSDROP_N": "0", "BUSSD_N": "1", "TIFULLN": "3", "NIGHTP_N": "0", "RAVKAVN": "0", "CALP_AREA": "0.38", "PINUYY": "0", "COMMENTS": " ", "SOURCE": " ", "D_UPDATE": "", "YEARMONTH": "202605", "OPENYEAR": "לא ידוע", "T_TYPE": "מסוף תפעולי", "TRAVELERS": "כן", "CLOSEYEAR": "פתוח", "PARK_RIDE": "לא", "DRIVERSR": "קיים", "TOILET": " ", "SIZERANK": "קטן", "COMMERCIAL": "לא", "STATUS": "קיים", "MATAN": " ", "ECharge_N": " ", "KISSNRIDE": " ", "BIC_PARK": " ", "BUSPARKN": " ", "MAAVAR": "לא", "OWN": " ", "Shape_Length": "176.15150321790992", "Shape_Area": "567.13351480367" }, "geometry": { "type": "Point", "coordinates": [ 34.77775, 31.22546 ] } },
{ "type": "Feature", "properties": { "OID": "-1", "MAKAT": "710016", "NAME": "חניון ומסוף עירוני באר שבע", "DISTRICT": "דרום", "AUTHORITY": "באר שבע", "AUTHCODE": "9000", "X": "180732.39", "Y": "572304.58", "ADDRESS": "דוד חכם 50, חנקין 2", "BLOCK": "38013", "PARCEL": "22, 23, 27", "DUNAM": "16.36", "LANDUSE": "דרך מאושרת, שטח למרכז תחבורה, דרך לביטול, שטח לתכנון בעתיד, שטח אחסנה ושירותי מסחר", "PARKINGN": "65", "FLOORS": "1", "BUSS_N": "20", "BUSDROP_N": "5", "BUSSD_N": "2", "TIFULLN": "65", "NIGHTP_N": "65", "RAVKAVN": "7", "CALP_AREA": "8.13", "PINUYY": "0", "COMMENTS": "שירותים ברכבת/בתחנה מרכזית", "SOURCE": "סקר", "D_UPDATE": "2026-09-02 00:00:00", "YEARMONTH": "202605", "OPENYEAR": "לא ידוע", "T_TYPE": "מסוף תפעולי משולב עם חניון לילה", "TRAVELERS": "כן", "CLOSEYEAR": "פתוח", "PARK_RIDE": "כן", "DRIVERSR": "קיים", "TOILET": "כן", "SIZERANK": "גדול", "COMMERCIAL": "כן", "STATUS": "קיים", "MATAN": "רכבת כבדה", "ECharge_N": " ", "KISSNRIDE": " ", "BIC_PARK": " ", "BUSPARKN": "65", "MAAVAR": "לא", "OWN": "מעורב", "Shape_Length": "825.1135846568886", "Shape_Area": "16345.270886645047" }, "geometry": { "type": "Point", "coordinates": [ 34.79795, 31.24167 ] } },
{ "type": "Feature", "properties": { "OID": "-1", "MAKAT": "710021", "NAME": "תחנה מרכזית באר שבע", "DISTRICT": "דרום", "AUTHORITY": "באר שבע", "AUTHCODE": "9000", "X": "180613.61", "Y": "572410.35", "ADDRESS": "שמריהו לוין 4, יצחק בן צבי 4, חנקין 3, חנקין 5", "BLOCK": "38013", "PARCEL": "15", "DUNAM": "28.36", "LANDUSE": " ", "PARKINGN": "100", "FLOORS": "1", "BUSS_N": "23", "BUSDROP_N": "1", "BUSSD_N": "0", "TIFULLN": "100", "NIGHTP_N": "75", "RAVKAVN": "7", "CALP_AREA": "12.5", "PINUYY": "0", "COMMENTS": " ", "SOURCE": "סקר", "D_UPDATE": "2026-09-02 00:00:00", "YEARMONTH": "202605", "OPENYEAR": "לא ידוע", "T_TYPE": "מסוף תפעולי משולב עם חניון לילה", "TRAVELERS": "כן", "CLOSEYEAR": "פתוח", "PARK_RIDE": "כן", "DRIVERSR": "קיים", "TOILET": "כן", "SIZERANK": "גדול", "COMMERCIAL": "כן", "STATUS": "קיים", "MATAN": "רכבת כבדה", "ECharge_N": " ", "KISSNRIDE": "15", "BIC_PARK": " ", "BUSPARKN": "75", "MAAVAR": "לא", "OWN": " ", "Shape_Length": "661.9073323306658", "Shape_Area": "28337.628334637375" }, "geometry": { "type": "Point", "coordinates": [ 34.7967, 31.24262 ] } },
{ "type": "Feature", "properties": { "OID": "-1", "MAKAT": "710024", "NAME": "אצטדיון טרנר באר שבע", "DISTRICT": "דרום", "AUTHORITY": "באר שבע", "AUTHCODE": "9000", "X": "179147.32", "Y": "575819.05", "ADDRESS": " ", "BLOCK": "38613", "PARCEL": "3", "DUNAM": "7.56", "LANDUSE": " ", "PARKINGN": "15", "FLOORS": "1", "BUSS_N": "1", "BUSDROP_N": "1", "BUSSD_N": "0", "TIFULLN": "15", "NIGHTP_N": "0", "RAVKAVN": "0", "CALP_AREA": "1.88", "PINUYY": "0", "COMMENTS": " ", "SOURCE": "סקר", "D_UPDATE": "2026-09-02 00:00:00", "YEARMONTH": "202605", "OPENYEAR": "לא ידוע", "T_TYPE": "מסוף תפעולי", "TRAVELERS": "כן", "CLOSEYEAR": "פתוח", "PARK_RIDE": "כן", "DRIVERSR": "קיים", "TOILET": "לא", "SIZERANK": "בינוני", "COMMERCIAL": "לא", "STATUS": "קיים", "MATAN": " ", "ECharge_N": " ", "KISSNRIDE": " ", "BIC_PARK": " ", "BUSPARKN": " ", "MAAVAR": "לא", "OWN": " ", "Shape_Length": "695.2884237000758", "Shape_Area": "7554.804669629811" }, "geometry": { "type": "Point", "coordinates": [ 34.78117, 31.27331 ] } },
{ "type": "Feature", "properties": { "OID": "-1", "MAKAT": "710019", "NAME": "חניון עמק שרה - אגד", "DISTRICT": "דרום", "AUTHORITY": "באר שבע", "AUTHCODE": "9000", "X": "181705.0", "Y": "569238.51", "ADDRESS": "ד\"ר פליקס זנדמן 24, הברזל 1", "BLOCK": "38475", "PARCEL": "2", "DUNAM": "19.89", "LANDUSE": "תעשיה", "PARKINGN": "120", "FLOORS": "1", "BUSS_N": "0", "BUSDROP_N": "0", "BUSSD_N": "0", "TIFULLN": "120", "NIGHTP_N": "120", "RAVKAVN": "0", "CALP_AREA": "15.0", "PINUYY": "0", "COMMENTS": " ", "SOURCE": "תצ\"\"א סימפלקס", "D_UPDATE": "2025-04-12 00:00:00", "YEARMONTH": "202605", "OPENYEAR": "לא ידוע", "T_TYPE": "מסוף תפעולי משולב עם חניון לילה", "TRAVELERS": "לא", "CLOSEYEAR": "פתוח", "PARK_RIDE": "לא", "DRIVERSR": "קיים", "TOILET": "כן", "SIZERANK": "גדול", "COMMERCIAL": "לא", "STATUS": "קיים", "MATAN": " ", "ECharge_N": " ", "KISSNRIDE": " ", "BIC_PARK": " ", "BUSPARKN": "120", "MAAVAR": "לא", "OWN": "רמ\"\"י", "Shape_Length": "603.8831816692444", "Shape_Area": "19876.699399785633" }, "geometry": { "type": "Point", "coordinates": [ 34.80827, 31.21405 ] } },
{ "type": "Feature", "properties": { "OID": "-1", "MAKAT": "710053", "NAME": "חניון עמק שדה - דן בדרום", "DISTRICT": "דרום", "AUTHORITY": "באר שבע", "AUTHCODE": "9000", "X": "181581.58", "Y": "570055.12", "ADDRESS": "הבונים 58", "BLOCK": "38466", "PARCEL": "10", "DUNAM": "21.64", "LANDUSE": " ", "PARKINGN": "142", "FLOORS": "1", "BUSS_N": "0", "BUSDROP_N": "0", "BUSSD_N": "0", "TIFULLN": "142", "NIGHTP_N": "142", "RAVKAVN": "0", "CALP_AREA": "17.75", "PINUYY": "0", "COMMENTS": " ", "SOURCE": "דן בדרום", "D_UPDATE": "2026-01-26 00:00:00", "YEARMONTH": "202605", "OPENYEAR": "2022", "T_TYPE": "מסוף תפעולי משולב עם חניון לילה", "TRAVELERS": "לא", "CLOSEYEAR": "פתוח", "PARK_RIDE": "לא", "DRIVERSR": "קיים", "TOILET": "לא", "SIZERANK": "גדול", "COMMERCIAL": "לא", "STATUS": "קיים", "MATAN": " ", "ECharge_N": " ", "KISSNRIDE": " ", "BIC_PARK": " ", "BUSPARKN": "142", "MAAVAR": "לא", "OWN": " ", "Shape_Length": "583.5021871480791", "Shape_Area": "21618.288043247816" }, "geometry": { "type": "Point", "coordinates": [ 34.80695, 31.22141 ] } },
{ "type": "Feature", "properties": { "OID": "-1", "MAKAT": "710049", "NAME": "חניון עמק שרה - מטרופולין", "DISTRICT": "דרום", "AUTHORITY": "באר שבע", "AUTHCODE": "9000", "X": "182654.47", "Y": "570453.35", "ADDRESS": "צאלים 48", "BLOCK": "38440", "PARCEL": "11", "DUNAM": "8.63", "LANDUSE": " ", "PARKINGN": "70", "FLOORS": "1", "BUSS_N": "0", "BUSDROP_N": "0", "BUSSD_N": "0", "TIFULLN": "0", "NIGHTP_N": "70", "RAVKAVN": "0", "CALP_AREA": "8.75", "PINUYY": "0", "COMMENTS": " ", "SOURCE": "משה דודק + מטרופולין", "D_UPDATE": "2026-01-02 00:00:00", "YEARMONTH": "202605", "OPENYEAR": "לא ידוע", "T_TYPE": "חניון לילה", "TRAVELERS": "לא", "CLOSEYEAR": "פתוח", "PARK_RIDE": "לא", "DRIVERSR": "לא קיים", "TOILET": "לא", "SIZERANK": "בינוני", "COMMERCIAL": "לא", "STATUS": "קיים", "MATAN": " ", "ECharge_N": " ", "KISSNRIDE": " ", "BIC_PARK": " ", "BUSPARKN": " ", "MAAVAR": "לא", "OWN": " ", "Shape_Length": "366.95686507172866", "Shape_Area": "8625.570348493406" }, "geometry": { "type": "Point", "coordinates": [ 34.81819, 31.22503 ] } },
{ "type": "Feature", "properties": { "OID": "-1", "MAKAT": "710025", "NAME": "מתח\"\"מ באר שבע צפון", "DISTRICT": "דרום", "AUTHORITY": "באר שבע", "AUTHCODE": "9000", "X": "181809.21", "Y": "574490.27", "ADDRESS": " ", "BLOCK": "38126", "PARCEL": "20, 31", "DUNAM": "5.52", "LANDUSE": "מסילת ברזל", "PARKINGN": "4", "FLOORS": "1", "BUSS_N": "0", "BUSDROP_N": "0", "BUSSD_N": "2", "TIFULLN": "4", "NIGHTP_N": "0", "RAVKAVN": "0", "CALP_AREA": "0.5", "PINUYY": "0", "COMMENTS": "שרותיך בתוך תחנת רכבת", "SOURCE": "סקר", "D_UPDATE": "2026-09-02 00:00:00", "YEARMONTH": "202605", "OPENYEAR": "לא ידוע", "T_TYPE": "מסוף תפעולי", "TRAVELERS": "כן", "CLOSEYEAR": "פתוח", "PARK_RIDE": "כן", "DRIVERSR": "לא קיים", "TOILET": "כן", "SIZERANK": "בינוני", "COMMERCIAL": "לא", "STATUS": "קיים", "MATAN": "רכבת כבדה", "ECharge_N": " ", "KISSNRIDE": "18", "BIC_PARK": "24", "BUSPARKN": "4", "MAAVAR": "לא", "OWN": "רמ\"\"י", "Shape_Length": "391.97928133155426", "Shape_Area": "5515.3875414038175" }, "geometry": { "type": "Point", "coordinates": [ 34.80917, 31.26142 ] } },
{ "type": "Feature", "properties": { "OID": "-1", "MAKAT": "710022", "NAME": "מסוף רמות", "DISTRICT": "דרום", "AUTHORITY": "באר שבע", "AUTHCODE": "9000", "X": "183029.05", "Y": "576555.38", "ADDRESS": "צה\"\"ל 19", "BLOCK": "38246", "PARCEL": "43", "DUNAM": "2.05", "LANDUSE": "שצ\"פ, מבנה ציבור", "PARKINGN": "10", "FLOORS": "1", "BUSS_N": "0", "BUSDROP_N": "0", "BUSSD_N": "1", "TIFULLN": "10", "NIGHTP_N": "0", "RAVKAVN": "0", "CALP_AREA": "1.25", "PINUYY": "0", "COMMENTS": " ", "SOURCE": "סקר", "D_UPDATE": "2026-09-02 00:00:00", "YEARMONTH": "202605", "OPENYEAR": "לא ידוע", "T_TYPE": "מסוף תפעולי", "TRAVELERS": "כן", "CLOSEYEAR": "פתוח", "PARK_RIDE": "לא", "DRIVERSR": "קיים", "TOILET": "לא", "SIZERANK": "קטן", "COMMERCIAL": "לא", "STATUS": "קיים", "MATAN": " ", "ECharge_N": " ", "KISSNRIDE": " ", "BIC_PARK": " ", "BUSPARKN": "5", "MAAVAR": "לא", "OWN": "רמ\"\"י", "Shape_Length": "196.2547479247758", "Shape_Area": "2043.4020503992392" }, "geometry": { "type": "Point", "coordinates": [ 34.8219, 31.28008 ] } },
{ "type": "Feature", "properties": { "OID": "-1", "MAKAT": "710042", "NAME": "חניון לילה רהט", "DISTRICT": "דרום", "AUTHORITY": "רהט", "AUTHCODE": "1161", "X": "179055.67", "Y": "587772.15", "ADDRESS": "אל-ח'זאן 6", "BLOCK": "100226, 100226", "PARCEL": "1 / 11", "DUNAM": "9.2", "LANDUSE": "מע\"\"ר", "PARKINGN": "70", "FLOORS": "1", "BUSS_N": "0", "BUSDROP_N": "0", "BUSSD_N": "0", "TIFULLN": "70", "NIGHTP_N": "70", "RAVKAVN": "0", "CALP_AREA": "8.75", "PINUYY": "0", "COMMENTS": " ", "SOURCE": " ", "D_UPDATE": "", "YEARMONTH": "202605", "OPENYEAR": "לא ידוע", "T_TYPE": "מסוף תפעולי משולב עם חניון לילה", "TRAVELERS": "לא", "CLOSEYEAR": "פתוח", "PARK_RIDE": "לא", "DRIVERSR": "קיים", "TOILET": " ", "SIZERANK": "בינוני", "COMMERCIAL": "לא", "STATUS": "קיים", "MATAN": " ", "ECharge_N": " ", "KISSNRIDE": " ", "BIC_PARK": " ", "BUSPARKN": "70", "MAAVAR": "לא", "OWN": "רמ\"\"י", "Shape_Length": "401.7226051078287", "Shape_Area": "9192.260132957676" }, "geometry": { "type": "Point", "coordinates": [ 34.77972, 31.38111 ] } },
{ "type": "Feature", "properties": { "OID": "-1", "MAKAT": "710030", "NAME": "מסוף רכבת להבים", "DISTRICT": "דרום", "AUTHORITY": "להבים", "AUTHCODE": "1271", "X": "180875.78", "Y": "586424.62", "ADDRESS": " ", "BLOCK": "400547", "PARCEL": "43, 55, 158, 159", "DUNAM": "3.86", "LANDUSE": "דרך", "PARKINGN": "10", "FLOORS": "1", "BUSS_N": "8", "BUSDROP_N": "0", "BUSSD_N": "1", "TIFULLN": "10", "NIGHTP_N": "0", "RAVKAVN": "0", "CALP_AREA": "1.25", "PINUYY": "0", "COMMENTS": "שרותים בתוך תחנת רכבת", "SOURCE": "סקר", "D_UPDATE": "2026-09-02 00:00:00", "YEARMONTH": "202605", "OPENYEAR": "לא ידוע", "T_TYPE": "מסוף תפעולי", "TRAVELERS": "כן", "CLOSEYEAR": "פתוח", "PARK_RIDE": "כן", "DRIVERSR": "לא קיים", "TOILET": "כן", "SIZERANK": "קטן", "COMMERCIAL": "לא", "STATUS": "קיים", "MATAN": "רכבת כבדה", "ECharge_N": " ", "KISSNRIDE": " ", "BIC_PARK": "45", "BUSPARKN": " ", "MAAVAR": "לא", "OWN": "רמ\"\"י", "Shape_Length": "359.5946468757113", "Shape_Area": "3857.1513655040712" }, "geometry": { "type": "Point", "coordinates": [ 34.79891, 31.36902 ] } },
{ "type": "Feature", "properties": { "OID": "-1", "MAKAT": "710029", "NAME": "חניון ירוחם", "DISTRICT": "דרום", "AUTHORITY": "ירוחם", "AUTHCODE": "0831", "X": "193941.49", "Y": "544162.65", "ADDRESS": " ", "BLOCK": "39912", "PARCEL": "5", "DUNAM": "33.57", "LANDUSE": " ", "PARKINGN": "200", "FLOORS": "1", "BUSS_N": "0", "BUSDROP_N": "0", "BUSSD_N": "0", "TIFULLN": "50", "NIGHTP_N": "200", "RAVKAVN": "0", "CALP_AREA": "25.0", "PINUYY": "0", "COMMENTS": " ", "SOURCE": "כמות חניות מקור מפעי", "D_UPDATE": "2025-06-23 00:00:00", "YEARMONTH": "202605", "OPENYEAR": "לא ידוע", "T_TYPE": "מסוף תפעולי משולב עם חניון לילה", "TRAVELERS": "לא", "CLOSEYEAR": "פתוח", "PARK_RIDE": "לא", "DRIVERSR": "קיים", "TOILET": " ", "SIZERANK": "גדול", "COMMERCIAL": "לא", "STATUS": "קיים", "MATAN": " ", "ECharge_N": " ", "KISSNRIDE": " ", "BIC_PARK": " ", "BUSPARKN": " ", "MAAVAR": "לא", "OWN": "-1", "Shape_Length": "750.0875189066741", "Shape_Area": "33540.8920017005" }, "geometry": { "type": "Point", "coordinates": [ 34.93732, 30.98821 ] } },
{ "type": "Feature", "properties": { "OID": "-1", "MAKAT": "710026", "NAME": "חניון לילה דימונה", "DISTRICT": "דרום", "AUTHORITY": "דימונה", "AUTHCODE": "2200", "X": "201403.43", "Y": "552160.74", "ADDRESS": " ", "BLOCK": "39931", "PARCEL": "6", "DUNAM": "19.17", "LANDUSE": " ", "PARKINGN": "98", "FLOORS": "1", "BUSS_N": "0", "BUSDROP_N": "0", "BUSSD_N": "0", "TIFULLN": "98", "NIGHTP_N": "98", "RAVKAVN": "0", "CALP_AREA": "12.25", "PINUYY": "0", "COMMENTS": " ", "SOURCE": " ", "D_UPDATE": "", "YEARMONTH": "202605", "OPENYEAR": "לא ידוע", "T_TYPE": "מסוף תפעולי משולב עם חניון לילה", "TRAVELERS": "לא", "CLOSEYEAR": "פתוח", "PARK_RIDE": "לא", "DRIVERSR": "קיים", "TOILET": " ", "SIZERANK": "גדול", "COMMERCIAL": "לא", "STATUS": "קיים", "MATAN": " ", "ECharge_N": " ", "KISSNRIDE": " ", "BIC_PARK": " ", "BUSPARKN": "98", "MAAVAR": "לא", "OWN": " ", "Shape_Length": "620.6562546601882", "Shape_Area": "19152.611883482667" }, "geometry": { "type": "Point", "coordinates": [ 35.0153, 31.06049 ] } },
{ "type": "Feature", "properties": { "OID": "-1", "MAKAT": "710027", "NAME": "תחנת רכבת דימונה", "DISTRICT": "דרום", "AUTHORITY": "דימונה", "AUTHCODE": "2200", "X": "201138.9", "Y": "553116.92", "ADDRESS": " ", "BLOCK": " ", "PARCEL": " ", "DUNAM": "0.48", "LANDUSE": " ", "PARKINGN": "1", "FLOORS": "1", "BUSS_N": "0", "BUSDROP_N": "0", "BUSSD_N": "1", "TIFULLN": "1", "NIGHTP_N": "0", "RAVKAVN": "0", "CALP_AREA": "0.13", "PINUYY": "0", "COMMENTS": " ", "SOURCE": " ", "D_UPDATE": "", "YEARMONTH": "202605", "OPENYEAR": "לא ידוע", "T_TYPE": "מסוף תפעולי", "TRAVELERS": "כן", "CLOSEYEAR": "פתוח", "PARK_RIDE": "כן", "DRIVERSR": "לא קיים", "TOILET": " ", "SIZERANK": "קטן", "COMMERCIAL": "לא", "STATUS": "קיים", "MATAN": "רכבת כבדה", "ECharge_N": " ", "KISSNRIDE": " ", "BIC_PARK": " ", "BUSPARKN": " ", "MAAVAR": "לא", "OWN": " ", "Shape_Length": "117.94648801456339", "Shape_Area": "477.7309899217246" }, "geometry": { "type": "Point", "coordinates": [ 35.01251, 31.06911 ] } },
{ "type": "Feature", "properties": { "OID": "-1", "MAKAT": "710050", "NAME": "מסוף השחר", "DISTRICT": "דרום", "AUTHORITY": "דימונה", "AUTHCODE": "2200", "X": "205089.0", "Y": "552678.06", "ADDRESS": " ", "BLOCK": "39867", "PARCEL": "74", "DUNAM": "0.44", "LANDUSE": " ", "PARKINGN": "10", "FLOORS": "1", "BUSS_N": "1", "BUSDROP_N": "1", "BUSSD_N": "0", "TIFULLN": "10", "NIGHTP_N": "0", "RAVKAVN": "0", "CALP_AREA": "1.25", "PINUYY": "0", "COMMENTS": " ", "SOURCE": " ", "D_UPDATE": "", "YEARMONTH": "202605", "OPENYEAR": "לא ידוע", "T_TYPE": "מסוף תפעולי", "TRAVELERS": "כן", "CLOSEYEAR": "פתוח", "PARK_RIDE": "לא", "DRIVERSR": "קיים", "TOILET": " ", "SIZERANK": "קטן", "COMMERCIAL": "לא", "STATUS": "קיים", "MATAN": " ", "ECharge_N": " ", "KISSNRIDE": " ", "BIC_PARK": " ", "BUSPARKN": " ", "MAAVAR": "לא", "OWN": " ", "Shape_Length": "90.30155205186723", "Shape_Area": "435.54613393332005" }, "geometry": { "type": "Point", "coordinates": [ 35.0539, 31.06521 ] } },
{ "type": "Feature", "properties": { "OID": "-1", "MAKAT": "710037", "NAME": "חניון לילה ערערה בנגב", "DISTRICT": "דרום", "AUTHORITY": "ערערה בנגב", "AUTHCODE": "1192", "X": "203873.87", "Y": "563521.91", "ADDRESS": " ", "BLOCK": " ", "PARCEL": " ", "DUNAM": "0.53", "LANDUSE": " ", "PARKINGN": "8", "FLOORS": "1", "BUSS_N": "0", "BUSDROP_N": "0", "BUSSD_N": "0", "TIFULLN": "0", "NIGHTP_N": "8", "RAVKAVN": "0", "CALP_AREA": "1.0", "PINUYY": "0", "COMMENTS": " ", "SOURCE": " ", "D_UPDATE": "", "YEARMONTH": "202605", "OPENYEAR": "לא ידוע", "T_TYPE": "חניון לילה", "TRAVELERS": "לא", "CLOSEYEAR": "פתוח", "PARK_RIDE": "לא", "DRIVERSR": "לא קיים", "TOILET": "לא", "SIZERANK": "קטן", "COMMERCIAL": "לא", "STATUS": "קיים", "MATAN": " ", "ECharge_N": " ", "KISSNRIDE": " ", "BIC_PARK": " ", "BUSPARKN": " ", "MAAVAR": "לא", "OWN": " ", "Shape_Length": "103.56493192492394", "Shape_Area": "526.4710796086364" }, "geometry": { "type": "Point", "coordinates": [ 35.041, 31.16299 ] } },
{ "type": "Feature", "properties": { "OID": "-1", "MAKAT": "710045", "NAME": "תיכון מיתרים", "DISTRICT": "דרום", "AUTHORITY": "מיתר", "AUTHCODE": "1268", "X": "193211.04", "Y": "581604.43", "ADDRESS": " ", "BLOCK": "100001", "PARCEL": "40", "DUNAM": "3.26", "LANDUSE": "מבנים ומסודות ציבור", "PARKINGN": "10", "FLOORS": "1", "BUSS_N": "8", "BUSDROP_N": "1", "BUSSD_N": "0", "TIFULLN": "10", "NIGHTP_N": "0", "RAVKAVN": "0", "CALP_AREA": "1.25", "PINUYY": "0", "COMMENTS": " ", "SOURCE": "סקר", "D_UPDATE": "2026-09-02 00:00:00", "YEARMONTH": "202605", "OPENYEAR": "לא ידוע", "T_TYPE": "מסוף תפעולי", "TRAVELERS": "כן", "CLOSEYEAR": "פתוח", "PARK_RIDE": "כן", "DRIVERSR": "קיים", "TOILET": "לא", "SIZERANK": "קטן", "COMMERCIAL": "לא", "STATUS": "קיים", "MATAN": " ", "ECharge_N": " ", "KISSNRIDE": " ", "BIC_PARK": " ", "BUSPARKN": " ", "MAAVAR": "לא", "OWN": "רמ\"\"י", "Shape_Length": "270.8688392126343", "Shape_Area": "3254.613964073493" }, "geometry": { "type": "Point", "coordinates": [ 34.92869, 31.32589 ] } },
{ "type": "Feature", "properties": { "OID": "-1", "MAKAT": "760013", "NAME": "הר חברון", "DISTRICT": "איו\"\"ש", "AUTHORITY": "אזור תעסוקה מיתרים", "AUTHCODE": "1794", "X": "200678.77", "Y": "586962.78", "ADDRESS": " ", "BLOCK": " ", "PARCEL": " ", "DUNAM": "2.54", "LANDUSE": " ", "PARKINGN": "3", "FLOORS": "1", "BUSS_N": "0", "BUSDROP_N": "0", "BUSSD_N": "1", "TIFULLN": "3", "NIGHTP_N": "0", "RAVKAVN": "0", "CALP_AREA": "0.38", "PINUYY": "0", "COMMENTS": " ", "SOURCE": " ", "D_UPDATE": "", "YEARMONTH": "202605", "OPENYEAR": "לא ידוע", "T_TYPE": "מסוף תפעולי", "TRAVELERS": "כן", "CLOSEYEAR": "פתוח", "PARK_RIDE": "כן", "DRIVERSR": "לא קיים", "TOILET": " ", "SIZERANK": "קטן", "COMMERCIAL": "לא", "STATUS": "קיים", "MATAN": " ", "ECharge_N": " ", "KISSNRIDE": " ", "BIC_PARK": " ", "BUSPARKN": " ", "MAAVAR": "לא", "OWN": " ", "Shape_Length": "232.7009303516177", "Shape_Area": "2541.1909274964673" }, "geometry": { "type": "Point", "coordinates": [ 35.00705, 31.37436 ] } },
{ "type": "Feature", "properties": { "OID": "-1", "MAKAT": "710035", "NAME": "חניון לילה ערד", "DISTRICT": "דרום", "AUTHORITY": "ערד", "AUTHCODE": "2560", "X": "219550.26", "Y": "572922.49", "ADDRESS": "מכונה 5, תעשייה 43", "BLOCK": "38205, 100255", "PARCEL": "13", "DUNAM": "7.1", "LANDUSE": "שטח ציבורי פתוח", "PARKINGN": "42", "FLOORS": "1", "BUSS_N": "0", "BUSDROP_N": "0", "BUSSD_N": "0", "TIFULLN": "42", "NIGHTP_N": "42", "RAVKAVN": "0", "CALP_AREA": "5.25", "PINUYY": "0", "COMMENTS": " ", "SOURCE": " ", "D_UPDATE": "", "YEARMONTH": "202605", "OPENYEAR": "לא ידוע", "T_TYPE": "מסוף תפעולי משולב עם חניון לילה", "TRAVELERS": "לא", "CLOSEYEAR": "פתוח", "PARK_RIDE": "לא", "DRIVERSR": "קיים", "TOILET": " ", "SIZERANK": "בינוני", "COMMERCIAL": "לא", "STATUS": "קיים", "MATAN": " ", "ECharge_N": " ", "KISSNRIDE": " ", "BIC_PARK": " ", "BUSPARKN": "42", "MAAVAR": "לא", "OWN": "רמ\"\"י", "Shape_Length": "335.41407955292925", "Shape_Area": "7095.433493163526" }, "geometry": { "type": "Point", "coordinates": [ 35.20543, 31.24788 ] } },
{ "type": "Feature", "properties": { "OID": "-1", "MAKAT": "710036", "NAME": "תחנה מרכזית ערד", "DISTRICT": "דרום", "AUTHORITY": "ערד", "AUTHCODE": "2560", "X": "220148.33", "Y": "573828.68", "ADDRESS": " ", "BLOCK": "38217", "PARCEL": "31", "DUNAM": "3.58", "LANDUSE": " ", "PARKINGN": "20", "FLOORS": "1", "BUSS_N": "5", "BUSDROP_N": "1", "BUSSD_N": "0", "TIFULLN": "20", "NIGHTP_N": "20", "RAVKAVN": "1", "CALP_AREA": "2.5", "PINUYY": "0", "COMMENTS": " ", "SOURCE": "סקר", "D_UPDATE": "2026-09-02 00:00:00", "YEARMONTH": "202605", "OPENYEAR": "לא ידוע", "T_TYPE": "מסוף תפעולי משולב עם חניון לילה", "TRAVELERS": "כן", "CLOSEYEAR": "פתוח", "PARK_RIDE": "כן", "DRIVERSR": "קיים", "TOILET": "כן", "SIZERANK": "קטן", "COMMERCIAL": "כן", "STATUS": "קיים", "MATAN": " ", "ECharge_N": " ", "KISSNRIDE": " ", "BIC_PARK": "25", "BUSPARKN": " ", "MAAVAR": "לא", "OWN": " ", "Shape_Length": "304.10336804975015", "Shape_Area": "3578.6195217291497" }, "geometry": { "type": "Point", "coordinates": [ 35.21171, 31.25606 ] } },
{ "type": "Feature", "properties": { "OID": "-1", "MAKAT": "710033", "NAME": "מסוף רכבת שדרות", "DISTRICT": "דרום", "AUTHORITY": "שער הנגב", "AUTHCODE": "0348", "X": "160831.65", "Y": "602847.18", "ADDRESS": " ", "BLOCK": "600", "PARCEL": "54", "DUNAM": "4.01", "LANDUSE": "מגורים תעסוקה ותחבורה", "PARKINGN": "12", "FLOORS": "1", "BUSS_N": "3", "BUSDROP_N": "1", "BUSSD_N": "2", "TIFULLN": "12", "NIGHTP_N": "0", "RAVKAVN": "0", "CALP_AREA": "1.5", "PINUYY": "0", "COMMENTS": " ", "SOURCE": "סקר", "D_UPDATE": "2026-01-22 00:00:00", "YEARMONTH": "202605", "OPENYEAR": "לא ידוע", "T_TYPE": "מסוף תפעולי", "TRAVELERS": "כן", "CLOSEYEAR": "פתוח", "PARK_RIDE": "כן", "DRIVERSR": "לא קיים", "TOILET": "כן", "SIZERANK": "קטן", "COMMERCIAL": "לא", "STATUS": "קיים", "MATAN": "רכבת כבדה", "ECharge_N": " ", "KISSNRIDE": "4", "BIC_PARK": "9", "BUSPARKN": "12", "MAAVAR": "לא", "OWN": "רמ\"\"י", "Shape_Length": "235.35182228807597", "Shape_Area": "4009.6390231073574" }, "geometry": { "type": "Point", "coordinates": [ 34.58726, 31.51628 ] } },
{ "type": "Feature", "properties": { "OID": "-1", "MAKAT": "710043", "NAME": "חניון מסיעי שדרות", "DISTRICT": "דרום", "AUTHORITY": "שדרות", "AUTHCODE": "1031", "X": "162330.21", "Y": "603290.25", "ADDRESS": " ", "BLOCK": "1886", "PARCEL": "47, 49", "DUNAM": "1.62", "LANDUSE": " ", "PARKINGN": "20", "FLOORS": "1", "BUSS_N": "0", "BUSDROP_N": "0", "BUSSD_N": "0", "TIFULLN": "20", "NIGHTP_N": "20", "RAVKAVN": "0", "CALP_AREA": "2.5", "PINUYY": "0", "COMMENTS": " ", "SOURCE": " ", "D_UPDATE": "", "YEARMONTH": "202605", "OPENYEAR": "לא ידוע", "T_TYPE": "מסוף תפעולי משולב עם חניון לילה", "TRAVELERS": "לא", "CLOSEYEAR": "פתוח", "PARK_RIDE": "לא", "DRIVERSR": "קיים", "TOILET": " ", "SIZERANK": "קטן", "COMMERCIAL": "לא", "STATUS": "קיים", "MATAN": " ", "ECharge_N": " ", "KISSNRIDE": " ", "BIC_PARK": " ", "BUSPARKN": " ", "MAAVAR": "לא", "OWN": " ", "Shape_Length": "202.47835014228747", "Shape_Area": "1620.8893763300587" }, "geometry": { "type": "Point", "coordinates": [ 34.60301, 31.52036 ] } },
{ "type": "Feature", "properties": { "OID": "-1", "MAKAT": "710295", "NAME": "מסוף דרומי שמשון", "DISTRICT": "דרום", "AUTHORITY": "אשקלון", "AUTHCODE": "7100", "X": "157781.94", "Y": "617236.71", "ADDRESS": " ", "BLOCK": "1729", "PARCEL": "22, 48", "DUNAM": "2.13", "LANDUSE": "קרקע חקלאית", "PARKINGN": "15", "FLOORS": "1", "BUSS_N": "0", "BUSDROP_N": "0", "BUSSD_N": "0", "TIFULLN": "0", "NIGHTP_N": "0", "RAVKAVN": "0", "CALP_AREA": "1.88", "PINUYY": "0", "COMMENTS": " ", "SOURCE": "מעורב", "D_UPDATE": "2025-06-17 00:00:00", "YEARMONTH": "202605", "OPENYEAR": "לא ידוע", "T_TYPE": "מסוף תפעולי", "TRAVELERS": "לא", "CLOSEYEAR": "פתוח", "PARK_RIDE": "לא", "DRIVERSR": "קיים", "TOILET": "לא", "SIZERANK": "קטן", "COMMERCIAL": "לא", "STATUS": "קיים", "MATAN": " ", "ECharge_N": " ", "KISSNRIDE": " ", "BIC_PARK": " ", "BUSPARKN": "15", "MAAVAR": "לא", "OWN": "רמ\"\"י", "Shape_Length": "193.31917167868437", "Shape_Area": "2131.7334176429226" }, "geometry": { "type": "Point", "coordinates": [ 34.55426, 31.64589 ] } },
{ "type": "Feature", "properties": { "OID": "-1", "MAKAT": "710013", "NAME": "תחנה מרכזית אשקלון", "DISTRICT": "דרום", "AUTHORITY": "אשקלון", "AUTHCODE": "7100", "X": "158961.01", "Y": "619271.1", "ADDRESS": "קיבוץ גלויות 1", "BLOCK": "1931", "PARCEL": "76", "DUNAM": "16.94", "LANDUSE": "שצ\"פ, עירוני ראשי, דרך מוצעת, דרך מאושרת", "PARKINGN": "70", "FLOORS": "1", "BUSS_N": "17", "BUSDROP_N": "1", "BUSSD_N": "0", "TIFULLN": "70", "NIGHTP_N": "70", "RAVKAVN": "4", "CALP_AREA": "8.75", "PINUYY": "0", "COMMENTS": " ", "SOURCE": "סקר", "D_UPDATE": "2026-01-25 00:00:00", "YEARMONTH": "202605", "OPENYEAR": "1965", "T_TYPE": "מסוף תפעולי משולב עם חניון לילה", "TRAVELERS": "כן", "CLOSEYEAR": "פתוח", "PARK_RIDE": "כן", "DRIVERSR": "קיים", "TOILET": "כן", "SIZERANK": "גדול", "COMMERCIAL": "כן", "STATUS": "קיים", "MATAN": " ", "ECharge_N": " ", "KISSNRIDE": " ", "BIC_PARK": " ", "BUSPARKN": "70", "MAAVAR": "לא", "OWN": "רמ\"\"י", "Shape_Length": "515.8004048269888", "Shape_Area": "16931.81565350467" }, "geometry": { "type": "Point", "coordinates": [ 34.56656, 31.6643 ] } },
{ "type": "Feature", "properties": { "OID": "-1", "MAKAT": "710014", "NAME": "מסוף רמז אשקלון", "DISTRICT": "דרום", "AUTHORITY": "אשקלון", "AUTHCODE": "7100", "X": "160684.87", "Y": "619587.27", "ADDRESS": " ", "BLOCK": "1234", "PARCEL": "43, 81", "DUNAM": "2.45", "LANDUSE": " ", "PARKINGN": "15", "FLOORS": "1", "BUSS_N": "2", "BUSDROP_N": "0", "BUSSD_N": "3", "TIFULLN": "15", "NIGHTP_N": "0", "RAVKAVN": "0", "CALP_AREA": "1.88", "PINUYY": "0", "COMMENTS": " ", "SOURCE": "סקר", "D_UPDATE": "2026-01-22 00:00:00", "YEARMONTH": "202605", "OPENYEAR": "לא ידוע", "T_TYPE": "מסוף תפעולי", "TRAVELERS": "כן", "CLOSEYEAR": "פתוח", "PARK_RIDE": "כן", "DRIVERSR": "קיים", "TOILET": "לא", "SIZERANK": "קטן", "COMMERCIAL": "לא", "STATUS": "קיים", "MATAN": " ", "ECharge_N": " ", "KISSNRIDE": " ", "BIC_PARK": " ", "BUSPARKN": "11", "MAAVAR": "לא", "OWN": " ", "Shape_Length": "193.76390325773465", "Shape_Area": "2444.640392120352" }, "geometry": { "type": "Point", "coordinates": [ 34.58472, 31.66724 ] } },
{ "type": "Feature", "properties": { "OID": "-1", "MAKAT": "710046", "NAME": "מסוף רמז חדש", "DISTRICT": "דרום", "AUTHORITY": "אשקלון", "AUTHCODE": "7100", "X": "160574.86", "Y": "619771.09", "ADDRESS": " ", "BLOCK": "1234", "PARCEL": "31, 67, 69", "DUNAM": "4.46", "LANDUSE": "חניה ציבורית", "PARKINGN": "10", "FLOORS": "1", "BUSS_N": "6", "BUSDROP_N": "2", "BUSSD_N": "0", "TIFULLN": "6", "NIGHTP_N": "0", "RAVKAVN": "0", "CALP_AREA": "1.25", "PINUYY": "0", "COMMENTS": " ", "SOURCE": "מעורב", "D_UPDATE": "2025-08-24 00:00:00", "YEARMONTH": "202605", "OPENYEAR": "2025", "T_TYPE": "מסוף תפעולי", "TRAVELERS": "כן", "CLOSEYEAR": "פתוח", "PARK_RIDE": "כן", "DRIVERSR": "קיים", "TOILET": " ", "SIZERANK": "קטן", "COMMERCIAL": "לא", "STATUS": "בהקמה", "MATAN": " ", "ECharge_N": " ", "KISSNRIDE": " ", "BIC_PARK": " ", "BUSPARKN": "6", "MAAVAR": "לא", "OWN": "רמ\"\"י", "Shape_Length": "350.04013014262597", "Shape_Area": "4459.888661040497" }, "geometry": { "type": "Point", "coordinates": [ 34.58355, 31.66889 ] } },
{ "type": "Feature", "properties": { "OID": "-1", "MAKAT": "710012", "NAME": "חניון אלדן אשקלון", "DISTRICT": "דרום", "AUTHORITY": "אשקלון", "AUTHCODE": "7100", "X": "162423.89", "Y": "620232.66", "ADDRESS": " ", "BLOCK": "1195", "PARCEL": "57", "DUNAM": "6.73", "LANDUSE": " ", "PARKINGN": "70", "FLOORS": "1", "BUSS_N": "0", "BUSDROP_N": "0", "BUSSD_N": "0", "TIFULLN": "0", "NIGHTP_N": "70", "RAVKAVN": "0", "CALP_AREA": "8.75", "PINUYY": "0", "COMMENTS": " ", "SOURCE": " ", "D_UPDATE": "", "YEARMONTH": "202605", "OPENYEAR": "לא ידוע", "T_TYPE": "חניון לילה", "TRAVELERS": "לא", "CLOSEYEAR": "פתוח", "PARK_RIDE": "לא", "DRIVERSR": "קיים", "TOILET": "לא", "SIZERANK": "בינוני", "COMMERCIAL": "לא", "STATUS": "קיים", "MATAN": " ", "ECharge_N": " ", "KISSNRIDE": " ", "BIC_PARK": " ", "BUSPARKN": " ", "MAAVAR": "לא", "OWN": " ", "Shape_Length": "375.5803821794246", "Shape_Area": "6724.519720478955" }, "geometry": { "type": "Point", "coordinates": [ 34.60302, 31.67315 ] } },
{ "type": "Feature", "properties": { "OID": "-1", "MAKAT": "710011", "NAME": "מסוף רכבת אשקלון", "DISTRICT": "דרום", "AUTHORITY": "אשקלון", "AUTHCODE": "7100", "X": "162618.47", "Y": "620693.77", "ADDRESS": " ", "BLOCK": "1222", "PARCEL": "74", "DUNAM": "3.25", "LANDUSE": " ", "PARKINGN": "10", "FLOORS": "1", "BUSS_N": "5", "BUSDROP_N": "1", "BUSSD_N": "0", "TIFULLN": "10", "NIGHTP_N": "0", "RAVKAVN": "0", "CALP_AREA": "1.25", "PINUYY": "0", "COMMENTS": "שרותים ציבוריים בתחנת רכבת", "SOURCE": " ", "D_UPDATE": "2026-01-22 00:00:00", "YEARMONTH": "202605", "OPENYEAR": "לא ידוע", "T_TYPE": "מסוף תפעולי", "TRAVELERS": "כן", "CLOSEYEAR": "פתוח", "PARK_RIDE": "כן", "DRIVERSR": "לא קיים", "TOILET": "כן", "SIZERANK": "קטן", "COMMERCIAL": "לא", "STATUS": "קיים", "MATAN": "רכבת כבדה", "ECharge_N": " ", "KISSNRIDE": " ", "BIC_PARK": " ", "BUSPARKN": "5", "MAAVAR": "לא", "OWN": " ", "Shape_Length": "241.07927003963988", "Shape_Area": "3243.771491983147" }, "geometry": { "type": "Point", "coordinates": [ 34.60504, 31.67732 ] } },
{ "type": "Feature", "properties": { "OID": "-1", "MAKAT": "710312", "NAME": "מסוף שער העיר", "DISTRICT": "דרום", "AUTHORITY": "קרית גת", "AUTHCODE": "2630", "X": "177614.15", "Y": "614410.16", "ADDRESS": " ", "BLOCK": "2867", "PARCEL": "65,69", "DUNAM": "1.7", "LANDUSE": "מרכז תחבורה", "PARKINGN": "6", "FLOORS": "1", "BUSS_N": "1", "BUSDROP_N": "1", "BUSSD_N": "0", "TIFULLN": "6", "NIGHTP_N": "0", "RAVKAVN": "0", "CALP_AREA": "0.75", "PINUYY": "0", "COMMENTS": " ", "SOURCE": "סקר", "D_UPDATE": "2026-01-22 00:00:00", "YEARMONTH": "202605", "OPENYEAR": "2025", "T_TYPE": "מסוף תפעולי", "TRAVELERS": "כן", "CLOSEYEAR": "פתוח", "PARK_RIDE": "לא", "DRIVERSR": "לא קיים", "TOILET": "לא", "SIZERANK": "קטן", "COMMERCIAL": "לא", "STATUS": "קיים", "MATAN": " ", "ECharge_N": " ", "KISSNRIDE": " ", "BIC_PARK": " ", "BUSPARKN": "6", "MAAVAR": "לא", "OWN": "רמ\"\"י", "Shape_Length": "171.5513127459432", "Shape_Area": "1699.8840532953059" }, "geometry": { "type": "Point", "coordinates": [ 34.76344, 31.62129 ] } },
{ "type": "Feature", "properties": { "OID": "-1", "MAKAT": "710054", "NAME": "חניון אזור תעשיה קרית גת", "DISTRICT": "דרום", "AUTHORITY": "קרית גת", "AUTHCODE": "2630", "X": "179222.59", "Y": "610839.65", "ADDRESS": " ", "BLOCK": "3216", "PARCEL": "24", "DUNAM": "4.93", "LANDUSE": " ", "PARKINGN": "35", "FLOORS": "1", "BUSS_N": "0", "BUSDROP_N": "0", "BUSSD_N": "0", "TIFULLN": "0", "NIGHTP_N": "35", "RAVKAVN": "0", "CALP_AREA": "4.38", "PINUYY": "0", "COMMENTS": " ", "SOURCE": "דן בדרום", "D_UPDATE": "2026-01-26 00:00:00", "YEARMONTH": "202605", "OPENYEAR": "2025", "T_TYPE": "חניון לילה", "TRAVELERS": "לא", "CLOSEYEAR": "פתוח", "PARK_RIDE": "לא", "DRIVERSR": "קיים", "TOILET": "לא", "SIZERANK": "קטן", "COMMERCIAL": "לא", "STATUS": "קיים", "MATAN": " ", "ECharge_N": " ", "KISSNRIDE": " ", "BIC_PARK": " ", "BUSPARKN": " ", "MAAVAR": "לא", "OWN": " ", "Shape_Length": "282.25121931492214", "Shape_Area": "4923.696710535299" }, "geometry": { "type": "Point", "coordinates": [ 34.78054, 31.58915 ] } },
{ "type": "Feature", "properties": { "OID": "-1", "MAKAT": "710041", "NAME": "תחנת רכבת קרית גת", "DISTRICT": "דרום", "AUTHORITY": "קרית גת", "AUTHCODE": "2630", "X": "178944.61", "Y": "612425.15", "ADDRESS": " ", "BLOCK": "1906", "PARCEL": "110, 109", "DUNAM": "2.06", "LANDUSE": "מסילת רכבת", "PARKINGN": "3", "FLOORS": "1", "BUSS_N": "2", "BUSDROP_N": "1", "BUSSD_N": "0", "TIFULLN": "3", "NIGHTP_N": "0", "RAVKAVN": "0", "CALP_AREA": "0.38", "PINUYY": "0", "COMMENTS": " ", "SOURCE": "סקר", "D_UPDATE": "2026-01-22 00:00:00", "YEARMONTH": "202605", "OPENYEAR": "לא ידוע", "T_TYPE": "מסוף תפעולי", "TRAVELERS": "כן", "CLOSEYEAR": "פתוח", "PARK_RIDE": "כן", "DRIVERSR": "לא קיים", "TOILET": "כן", "SIZERANK": "קטן", "COMMERCIAL": "לא", "STATUS": "קיים", "MATAN": "רכבת כבדה", "ECharge_N": " ", "KISSNRIDE": "4", "BIC_PARK": " ", "BUSPARKN": " ", "MAAVAR": "לא", "OWN": "רמ\"\"י", "Shape_Length": "333.53638463993326", "Shape_Area": "2054.0126452878767" }, "geometry": { "type": "Point", "coordinates": [ 34.77755, 31.60344 ] } },
{ "type": "Feature", "properties": { "OID": "-1", "MAKAT": "710039", "NAME": "תחנה מרכזית קריית גת", "DISTRICT": "דרום", "AUTHORITY": "קרית גת", "AUTHCODE": "2630", "X": "178257.38", "Y": "613055.9", "ADDRESS": "הרימון 68, העצמאות 49", "BLOCK": "1902, 1909", "PARCEL": "11, 79", "DUNAM": "6.74", "LANDUSE": " ", "PARKINGN": "23", "FLOORS": "1", "BUSS_N": "5", "BUSDROP_N": "1", "BUSSD_N": "1", "TIFULLN": "23", "NIGHTP_N": "23", "RAVKAVN": "3", "CALP_AREA": "2.88", "PINUYY": "0", "COMMENTS": " ", "SOURCE": "סקר", "D_UPDATE": "2026-01-22 00:00:00", "YEARMONTH": "202605", "OPENYEAR": "לא ידוע", "T_TYPE": "מסוף תפעולי משולב עם חניון לילה", "TRAVELERS": "כן", "CLOSEYEAR": "פתוח", "PARK_RIDE": "כן", "DRIVERSR": "קיים", "TOILET": "כן", "SIZERANK": "בינוני", "COMMERCIAL": "כן", "STATUS": "קיים", "MATAN": " ", "ECharge_N": " ", "KISSNRIDE": " ", "BIC_PARK": " ", "BUSPARKN": "23", "MAAVAR": "לא", "OWN": " ", "Shape_Length": "343.2486250183023", "Shape_Area": "6736.781342026382" }, "geometry": { "type": "Point", "coordinates": [ 34.77028, 31.6091 ] } },
{ "type": "Feature", "properties": { "OID": "-1", "MAKAT": "710010", "NAME": "חוף ריביירה", "DISTRICT": "דרום", "AUTHORITY": "אשדוד", "AUTHCODE": "0070", "X": "164154.68", "Y": "631280.05", "ADDRESS": " ", "BLOCK": "2003", "PARCEL": "3", "DUNAM": "2.79", "LANDUSE": "דרך/כביש/חניה, שצ\"פ", "PARKINGN": "13", "FLOORS": "1", "BUSS_N": "0", "BUSDROP_N": "0", "BUSSD_N": "0", "TIFULLN": "13", "NIGHTP_N": "0", "RAVKAVN": "0", "CALP_AREA": "1.63", "PINUYY": "0", "COMMENTS": " ", "SOURCE": "מעורב", "D_UPDATE": "2025-05-21 00:00:00", "YEARMONTH": "202605", "OPENYEAR": "לא ידוע", "T_TYPE": "מסוף תפעולי", "TRAVELERS": "לא", "CLOSEYEAR": "פתוח", "PARK_RIDE": "לא", "DRIVERSR": "קיים", "TOILET": "לא", "SIZERANK": "קטן", "COMMERCIAL": "לא", "STATUS": "קיים", "MATAN": " ", "ECharge_N": " ", "KISSNRIDE": " ", "BIC_PARK": " ", "BUSPARKN": "13", "MAAVAR": "לא", "OWN": "רמ\"\"י", "Shape_Length": "314.71220175310526", "Shape_Area": "2793.0896790131933" }, "geometry": { "type": "Point", "coordinates": [ 34.62064, 31.77286 ] } },
{ "type": "Feature", "properties": { "OID": "-1", "MAKAT": "710051", "NAME": "ביג אשדוד", "DISTRICT": "דרום", "AUTHORITY": "אשדוד", "AUTHCODE": "0070", "X": "168311.19", "Y": "631489.43", "ADDRESS": " ", "BLOCK": "180, 181", "PARCEL": "10, 11, 12, 14, 15, 16, 21, 23, 24, 25, 26", "DUNAM": "9.25", "LANDUSE": "מרכז תחבורה", "PARKINGN": "42", "FLOORS": "1", "BUSS_N": "13", "BUSDROP_N": "1", "BUSSD_N": "0", "TIFULLN": "42", "NIGHTP_N": "31", "RAVKAVN": "11", "CALP_AREA": "5.25", "PINUYY": "0", "COMMENTS": " ", "SOURCE": "סקר", "D_UPDATE": "2026-01-25 00:00:00", "YEARMONTH": "202605", "OPENYEAR": "2022", "T_TYPE": "מסוף תפעולי משולב עם חניון לילה", "TRAVELERS": "כן", "CLOSEYEAR": "פתוח", "PARK_RIDE": "כן", "DRIVERSR": "קיים", "TOILET": "כן", "SIZERANK": "בינוני", "COMMERCIAL": "כן", "STATUS": "קיים", "MATAN": "רכבת כבדה", "ECharge_N": "16", "KISSNRIDE": " ", "BIC_PARK": " ", "BUSPARKN": "31", "MAAVAR": "לא", "OWN": "רמ\"\"י", "Shape_Length": "413.767786789692", "Shape_Area": "9239.22519669248" }, "geometry": { "type": "Point", "coordinates": [ 34.66451, 31.77494 ] } },
{ "type": "Feature", "properties": { "OID": "-1", "MAKAT": "710008", "NAME": "תחנת רכבת אשדוד", "DISTRICT": "דרום", "AUTHORITY": "אשדוד", "AUTHCODE": "0070", "X": "168454.43", "Y": "631472.75", "ADDRESS": " ", "BLOCK": "180", "PARCEL": "10,11, 97, 100", "DUNAM": "3.76", "LANDUSE": " ", "PARKINGN": "8", "FLOORS": "1", "BUSS_N": "5", "BUSDROP_N": "1", "BUSSD_N": "0", "TIFULLN": "8", "NIGHTP_N": "0", "RAVKAVN": "0", "CALP_AREA": "1.0", "PINUYY": "0", "COMMENTS": "שירותים בתחנת רכבת, בנוסף תחנת הורדה נמצאת לפני המ", "SOURCE": "סקר", "D_UPDATE": "2026-01-25 00:00:00", "YEARMONTH": "202605", "OPENYEAR": "2003", "T_TYPE": "מסוף תפעולי", "TRAVELERS": "כן", "CLOSEYEAR": "פתוח", "PARK_RIDE": "כן", "DRIVERSR": "לא קיים", "TOILET": "כן", "SIZERANK": "קטן", "COMMERCIAL": "לא", "STATUS": "קיים", "MATAN": "רכבת כבדה", "ECharge_N": " ", "KISSNRIDE": "6", "BIC_PARK": "36", "BUSPARKN": "6", "MAAVAR": "לא", "OWN": " ", "Shape_Length": "344.76189682973035", "Shape_Area": "3752.729590875511" }, "geometry": { "type": "Point", "coordinates": [ 34.66602, 31.7748 ] } },
{ "type": "Feature", "properties": { "OID": "-1", "MAKAT": "710005", "NAME": "חניון עד הלום", "DISTRICT": "דרום", "AUTHORITY": "אשדוד", "AUTHCODE": "0070", "X": "168394.41", "Y": "632052.22", "ADDRESS": " ", "BLOCK": "181, 182", "PARCEL": "2, 3, 64 / 36, 39, 105", "DUNAM": "19.97", "LANDUSE": " ", "PARKINGN": "150", "FLOORS": "1", "BUSS_N": "0", "BUSDROP_N": "0", "BUSSD_N": "0", "TIFULLN": "150", "NIGHTP_N": "150", "RAVKAVN": "0", "CALP_AREA": "18.75", "PINUYY": "0", "COMMENTS": " ", "SOURCE": " ", "D_UPDATE": "", "YEARMONTH": "202605", "OPENYEAR": "לא ידוע", "T_TYPE": "מסוף תפעולי משולב עם חניון לילה", "TRAVELERS": "לא", "CLOSEYEAR": "פתוח", "PARK_RIDE": "כן", "DRIVERSR": "קיים", "TOILET": " ", "SIZERANK": "גדול", "COMMERCIAL": "לא", "STATUS": "קיים", "MATAN": " ", "ECharge_N": " ", "KISSNRIDE": " ", "BIC_PARK": " ", "BUSPARKN": " ", "MAAVAR": "לא", "OWN": " ", "Shape_Length": "618.6774570475694", "Shape_Area": "19951.733131243356" }, "geometry": { "type": "Point", "coordinates": [ 34.66536, 31.78002 ] } },
{ "type": "Feature", "properties": { "OID": "-1", "MAKAT": "710006", "NAME": "תחנה מרכזית אשדוד", "DISTRICT": "דרום", "AUTHORITY": "אשדוד", "AUTHCODE": "0070", "X": "165954.12", "Y": "633268.88", "ADDRESS": " ", "BLOCK": "2072", "PARCEL": "69, 70", "DUNAM": "26.08", "LANDUSE": "מרכז תחבורה, דרך מאושרת", "PARKINGN": "48", "FLOORS": "1", "BUSS_N": "13", "BUSDROP_N": "0", "BUSSD_N": "2", "TIFULLN": "48", "NIGHTP_N": "48", "RAVKAVN": "2", "CALP_AREA": "6.0", "PINUYY": "0", "COMMENTS": " ", "SOURCE": "סקר", "D_UPDATE": "2026-01-25 00:00:00", "YEARMONTH": "202605", "OPENYEAR": "1994", "T_TYPE": "מסוף תפעולי משולב עם חניון לילה", "TRAVELERS": "כן", "CLOSEYEAR": "פתוח", "PARK_RIDE": "כן", "DRIVERSR": "קיים", "TOILET": "כן", "SIZERANK": "גדול", "COMMERCIAL": "כן", "STATUS": "קיים", "MATAN": "BRT", "ECharge_N": " ", "KISSNRIDE": " ", "BIC_PARK": " ", "BUSPARKN": "48", "MAAVAR": "לא", "OWN": "רמ\"\"י", "Shape_Length": "705.7264541516665", "Shape_Area": "26061.80013837323" }, "geometry": { "type": "Point", "coordinates": [ 34.63953, 31.79088 ] } },
{ "type": "Feature", "properties": { "OID": "-1", "MAKAT": "710009", "NAME": "מסוף בני ברית", "DISTRICT": "דרום", "AUTHORITY": "אשדוד", "AUTHCODE": "0070", "X": "167811.74", "Y": "634764.26", "ADDRESS": " ", "BLOCK": "2065", "PARCEL": "32, 37", "DUNAM": "3.45", "LANDUSE": "מרכז תחבורה", "PARKINGN": "21", "FLOORS": "1", "BUSS_N": "2", "BUSDROP_N": "0", "BUSSD_N": "1", "TIFULLN": "21", "NIGHTP_N": "0", "RAVKAVN": "3", "CALP_AREA": "2.63", "PINUYY": "0", "COMMENTS": "עמדות רב קו לא פעילות", "SOURCE": "סקר", "D_UPDATE": "2026-01-25 00:00:00", "YEARMONTH": "202605", "OPENYEAR": "2022", "T_TYPE": "מסוף תפעולי", "TRAVELERS": "כן", "CLOSEYEAR": "פתוח", "PARK_RIDE": "כן", "DRIVERSR": "לא קיים", "TOILET": "לא", "SIZERANK": "קטן", "COMMERCIAL": "לא", "STATUS": "קיים", "MATAN": " ", "ECharge_N": " ", "KISSNRIDE": " ", "BIC_PARK": "30", "BUSPARKN": "14", "MAAVAR": "לא", "OWN": "מעורב", "Shape_Length": "231.3368667561927", "Shape_Area": "3443.508730650132" }, "geometry": { "type": "Point", "coordinates": [ 34.65906, 31.80445 ] } },
{ "type": "Feature", "properties": { "OID": "-1", "MAKAT": "710048", "NAME": "מסוף חצות אשדוד", "DISTRICT": "דרום", "AUTHORITY": "חצור אשדוד", "AUTHCODE": "0406", "X": "173650.1", "Y": "631541.24", "ADDRESS": " ", "BLOCK": "2756", "PARCEL": "2", "DUNAM": "1.56", "LANDUSE": " ", "PARKINGN": "0", "FLOORS": "1", "BUSS_N": "3", "BUSDROP_N": "1", "BUSSD_N": "0", "TIFULLN": "0", "NIGHTP_N": "0", "RAVKAVN": "0", "CALP_AREA": "0.0", "PINUYY": "0", "COMMENTS": " ", "SOURCE": "תצ\"\"א + ממונה + מפעיל", "D_UPDATE": "2026-01-13 00:00:00", "YEARMONTH": "202605", "OPENYEAR": "2026", "T_TYPE": "מסוף תפעולי", "TRAVELERS": "כן", "CLOSEYEAR": "פתוח", "PARK_RIDE": "לא", "DRIVERSR": "לא קיים", "TOILET": "לא", "SIZERANK": "קטן", "COMMERCIAL": "לא", "STATUS": "קיים", "MATAN": " ", "ECharge_N": " ", "KISSNRIDE": " ", "BIC_PARK": " ", "BUSPARKN": " ", "MAAVAR": "לא", "OWN": " ", "Shape_Length": "244.40657086431253", "Shape_Area": "1554.6297363861015" }, "geometry": { "type": "Point", "coordinates": [ 34.72087, 31.77564 ] } },
{ "type": "Feature", "properties": { "OID": "-1", "MAKAT": "710007", "NAME": "ההשכלה", "DISTRICT": "דרום", "AUTHORITY": "אשדוד", "AUTHCODE": "0070", "X": "171052.82", "Y": "638106.42", "ADDRESS": " ", "BLOCK": "2803", "PARCEL": "30", "DUNAM": "10.08", "LANDUSE": "שטח למבני ציבור", "PARKINGN": "150", "FLOORS": "1", "BUSS_N": "0", "BUSDROP_N": "0", "BUSSD_N": "0", "TIFULLN": "0", "NIGHTP_N": "150", "RAVKAVN": "0", "CALP_AREA": "18.75", "PINUYY": "0", "COMMENTS": " ", "SOURCE": " ", "D_UPDATE": "", "YEARMONTH": "202605", "OPENYEAR": "לא ידוע", "T_TYPE": "חניון לילה", "TRAVELERS": "לא", "CLOSEYEAR": "פתוח", "PARK_RIDE": "לא", "DRIVERSR": "לא קיים", "TOILET": "לא", "SIZERANK": "בינוני", "COMMERCIAL": "לא", "STATUS": "קיים", "MATAN": " ", "ECharge_N": " ", "KISSNRIDE": " ", "BIC_PARK": " ", "BUSPARKN": " ", "MAAVAR": "לא", "OWN": "רשות מקומית", "Shape_Length": "463.29492141678253", "Shape_Area": "10072.08699637237" }, "geometry": { "type": "Point", "coordinates": [ 34.69312, 31.83473 ] } },
{ "type": "Feature", "properties": { "OID": "-1", "MAKAT": "730009", "NAME": "תחנת רכבת יבנה מערב", "DISTRICT": "מרכז", "AUTHORITY": "יבנה", "AUTHCODE": "2660", "X": "174697.37", "Y": "644282.37", "ADDRESS": " ", "BLOCK": "4919", "PARCEL": "29", "DUNAM": "2.04", "LANDUSE": " ", "PARKINGN": "16", "FLOORS": "1", "BUSS_N": "0", "BUSDROP_N": "0", "BUSSD_N": "3", "TIFULLN": "16", "NIGHTP_N": "0", "RAVKAVN": "0", "CALP_AREA": "2.0", "PINUYY": "0", "COMMENTS": " ", "SOURCE": "סקר", "D_UPDATE": "2026-01-13 00:00:00", "YEARMONTH": "202605", "OPENYEAR": "לא ידוע", "T_TYPE": "מסוף תפעולי", "TRAVELERS": "כן", "CLOSEYEAR": "פתוח", "PARK_RIDE": "כן", "DRIVERSR": "לא קיים", "TOILET": "כן", "SIZERANK": "קטן", "COMMERCIAL": "לא", "STATUS": "קיים", "MATAN": "רכבת כבדה", "ECharge_N": " ", "KISSNRIDE": " ", "BIC_PARK": "36", "BUSPARKN": "16", "MAAVAR": "לא", "OWN": " ", "Shape_Length": "199.74267079278317", "Shape_Area": "2034.2147306089125" }, "geometry": { "type": "Point", "coordinates": [ 34.73134, 31.89058 ] } },
{ "type": "Feature", "properties": { "OID": "-1", "MAKAT": "730007", "NAME": "מתנ\"\"ח יבנה", "DISTRICT": "מרכז", "AUTHORITY": "יבנה", "AUTHCODE": "2660", "X": "174745.74", "Y": "644244.79", "ADDRESS": " ", "BLOCK": "4919, 5738", "PARCEL": "18, 21, 26, 29  / 6, 7", "DUNAM": "8.04", "LANDUSE": "מרכז תחבורה", "PARKINGN": "8", "FLOORS": "1", "BUSS_N": "4", "BUSDROP_N": "1", "BUSSD_N": "0", "TIFULLN": "8", "NIGHTP_N": "0", "RAVKAVN": "1", "CALP_AREA": "1.0", "PINUYY": "0", "COMMENTS": " ", "SOURCE": "סקר", "D_UPDATE": "2026-05-13 00:00:00", "YEARMONTH": "202605", "OPENYEAR": "לא ידוע", "T_TYPE": "מסוף תפעולי", "TRAVELERS": "כן", "CLOSEYEAR": "פתוח", "PARK_RIDE": "כן", "DRIVERSR": "קיים", "TOILET": "כן", "SIZERANK": "בינוני", "COMMERCIAL": "כן", "STATUS": "קיים", "MATAN": "רכבת כבדה", "ECharge_N": " ", "KISSNRIDE": " ", "BIC_PARK": " ", "BUSPARKN": " ", "MAAVAR": "לא", "OWN": "רמ\"\"י", "Shape_Length": "369.1127806390309", "Shape_Area": "8036.4973398641805" }, "geometry": { "type": "Point", "coordinates": [ 34.73185, 31.89024 ] } },
{ "type": "Feature", "properties": { "OID": "-1", "MAKAT": "710047", "NAME": "חניון קרית מלאכי", "DISTRICT": "דרום", "AUTHORITY": "קרית מלאכי", "AUTHCODE": "1761", "X": "176567.84", "Y": "625823.21", "ADDRESS": " ", "BLOCK": "2475", "PARCEL": "33", "DUNAM": "1.55", "LANDUSE": " ", "PARKINGN": "16", "FLOORS": "1", "BUSS_N": "0", "BUSDROP_N": "0", "BUSSD_N": "0", "TIFULLN": "16", "NIGHTP_N": "16", "RAVKAVN": "0", "CALP_AREA": "2.0", "PINUYY": "0", "COMMENTS": " ", "SOURCE": " ", "D_UPDATE": "", "YEARMONTH": "202605", "OPENYEAR": "לא ידוע", "T_TYPE": "מסוף תפעולי משולב עם חניון לילה", "TRAVELERS": "לא", "CLOSEYEAR": "פתוח", "PARK_RIDE": "לא", "DRIVERSR": "קיים", "TOILET": " ", "SIZERANK": "קטן", "COMMERCIAL": "לא", "STATUS": "קיים", "MATAN": " ", "ECharge_N": " ", "KISSNRIDE": " ", "BIC_PARK": " ", "BUSPARKN": " ", "MAAVAR": "לא", "OWN": " ", "Shape_Length": "192.19208637267323", "Shape_Area": "1551.7616827212735" }, "geometry": { "type": "Point", "coordinates": [ 34.75192, 31.72418 ] } },
{ "type": "Feature", "properties": { "OID": "-1", "MAKAT": "710015", "NAME": "מסוף קסטינה", "DISTRICT": "דרום", "AUTHORITY": "באר טוביה", "AUTHCODE": "1761", "X": "176974.87", "Y": "626616.91", "ADDRESS": " ", "BLOCK": "301", "PARCEL": "157,12,14", "DUNAM": "2.43", "LANDUSE": "שירותי דרך", "PARKINGN": "0", "FLOORS": "1", "BUSS_N": "0", "BUSDROP_N": "1", "BUSSD_N": "5", "TIFULLN": "0", "NIGHTP_N": "0", "RAVKAVN": "1", "CALP_AREA": "0.0", "PINUYY": "0", "COMMENTS": " ", "SOURCE": "סקר + שיחה עם מנהל ה", "D_UPDATE": "2026-01-22 00:00:00", "YEARMONTH": "202605", "OPENYEAR": "לא ידוע", "T_TYPE": "מסוף תפעולי", "TRAVELERS": "כן", "CLOSEYEAR": "פתוח", "PARK_RIDE": "כן", "DRIVERSR": "לא קיים", "TOILET": "כן", "SIZERANK": "קטן", "COMMERCIAL": "כן", "STATUS": "קיים", "MATAN": " ", "ECharge_N": " ", "KISSNRIDE": " ", "BIC_PARK": " ", "BUSPARKN": " ", "MAAVAR": "לא", "OWN": "מדינה ורשות מקומית", "Shape_Length": "244.67045405246714", "Shape_Area": "2430.758311452532" }, "geometry": { "type": "Point", "coordinates": [ 34.75618, 31.73136 ] } },
{ "type": "Feature", "properties": { "OID": "-1", "MAKAT": "730001", "NAME": "תחנה מרכזית גדרה", "DISTRICT": "מרכז", "AUTHORITY": "גדרה", "AUTHCODE": "2550", "X": "178442.75", "Y": "635948.85", "ADDRESS": "הביל\"ויים 2, הביל\"ויים 4", "BLOCK": "3876", "PARCEL": "46, 47", "DUNAM": "1.9", "LANDUSE": " ", "PARKINGN": "10", "FLOORS": "1", "BUSS_N": "0", "BUSDROP_N": "0", "BUSSD_N": "3", "TIFULLN": "10", "NIGHTP_N": "0", "RAVKAVN": "1", "CALP_AREA": "1.25", "PINUYY": "0", "COMMENTS": " ", "SOURCE": " ", "D_UPDATE": "", "YEARMONTH": "202605", "OPENYEAR": "לא ידוע", "T_TYPE": "מסוף תפעולי", "TRAVELERS": "כן", "CLOSEYEAR": "פתוח", "PARK_RIDE": "לא", "DRIVERSR": "לא קיים", "TOILET": " ", "SIZERANK": "קטן", "COMMERCIAL": "כן", "STATUS": "קיים", "MATAN": " ", "ECharge_N": " ", "KISSNRIDE": " ", "BIC_PARK": " ", "BUSPARKN": " ", "MAAVAR": "לא", "OWN": " ", "Shape_Length": "181.72117390655546", "Shape_Area": "1896.2106356734928" }, "geometry": { "type": "Point", "coordinates": [ 34.77128, 31.81557 ] } },
{ "type": "Feature", "properties": { "OID": "-1", "MAKAT": "710028", "NAME": "מסוף תחנת רכבת מלאכי-יואב", "DISTRICT": "דרום", "AUTHORITY": "יואב", "AUTHCODE": "5535", "X": "183212.41", "Y": "628260.03", "ADDRESS": " ", "BLOCK": "2698", "PARCEL": "26", "DUNAM": "2.26", "LANDUSE": "מסילת ברזל", "PARKINGN": "4", "FLOORS": "1", "BUSS_N": "2", "BUSDROP_N": "1", "BUSSD_N": "0", "TIFULLN": "4", "NIGHTP_N": "0", "RAVKAVN": "0", "CALP_AREA": "0.5", "PINUYY": "0", "COMMENTS": "מבנה נהגים ושרותים ציבוריים בתוך תחנת רכבת", "SOURCE": "סיור", "D_UPDATE": "2026-01-22 00:00:00", "YEARMONTH": "202605", "OPENYEAR": "לא ידוע", "T_TYPE": "מסוף תפעולי", "TRAVELERS": "כן", "CLOSEYEAR": "פתוח", "PARK_RIDE": "כן", "DRIVERSR": "קיים", "TOILET": "כן", "SIZERANK": "קטן", "COMMERCIAL": "לא", "STATUS": "קיים", "MATAN": "רכבת כבדה", "ECharge_N": " ", "KISSNRIDE": "11", "BIC_PARK": " ", "BUSPARKN": " ", "MAAVAR": "לא", "OWN": "רמ\"\"י", "Shape_Length": "182.9679838278135", "Shape_Area": "2262.026162006993" }, "geometry": { "type": "Point", "coordinates": [ 34.82193, 31.74639 ] } },
{ "type": "Feature", "properties": { "OID": "-1", "MAKAT": "730020", "NAME": "תחנת רכבת מזכרת בתיה", "DISTRICT": "מרכז", "AUTHORITY": "מזכרת בתיה", "AUTHCODE": "0028", "X": "186443.38", "Y": "638813.94", "ADDRESS": " ", "BLOCK": "3889", "PARCEL": "73", "DUNAM": "2.11", "LANDUSE": "חניון", "PARKINGN": "7", "FLOORS": "1", "BUSS_N": "3", "BUSDROP_N": "1", "BUSSD_N": "0", "TIFULLN": "7", "NIGHTP_N": "0", "RAVKAVN": "0", "CALP_AREA": "0.88", "PINUYY": "0", "COMMENTS": " ", "SOURCE": "סקר", "D_UPDATE": "2026-01-13 00:00:00", "YEARMONTH": "202605", "OPENYEAR": "לא ידוע", "T_TYPE": "מסוף תפעולי", "TRAVELERS": "כן", "CLOSEYEAR": "פתוח", "PARK_RIDE": "כן", "DRIVERSR": "קיים", "TOILET": "כן", "SIZERANK": "קטן", "COMMERCIAL": "לא", "STATUS": "קיים", "MATAN": "רכבת כבדה", "ECharge_N": " ", "KISSNRIDE": " ", "BIC_PARK": "42", "BUSPARKN": "4", "MAAVAR": "לא", "OWN": "פרטי", "Shape_Length": "207.55528196530054", "Shape_Area": "2105.856830480847" }, "geometry": { "type": "Point", "coordinates": [ 34.85568, 31.84166 ] } },
{ "type": "Feature", "properties": { "OID": "-1", "MAKAT": "730008", "NAME": "תחנת רכבת יבנה מזרח", "DISTRICT": "מרכז", "AUTHORITY": "יבנה", "AUTHCODE": "2660", "X": "175876.48", "Y": "641119.83", "ADDRESS": " ", "BLOCK": "3530", "PARCEL": "9, 132, 134, 136, 173", "DUNAM": "2.71", "LANDUSE": "תחנת תחבורה ציבורית", "PARKINGN": "5", "FLOORS": "1", "BUSS_N": "0", "BUSDROP_N": "0", "BUSSD_N": "2", "TIFULLN": "5", "NIGHTP_N": "0", "RAVKAVN": "0", "CALP_AREA": "0.63", "PINUYY": "0", "COMMENTS": " ", "SOURCE": "תצ\"\"א + סקר", "D_UPDATE": "2026-01-14 00:00:00", "YEARMONTH": "202605", "OPENYEAR": "לא ידוע", "T_TYPE": "מסוף תפעולי", "TRAVELERS": "כן", "CLOSEYEAR": "פתוח", "PARK_RIDE": "כן", "DRIVERSR": "לא קיים", "TOILET": "כן", "SIZERANK": "קטן", "COMMERCIAL": "לא", "STATUS": "קיים", "MATAN": "רכבת כבדה", "ECharge_N": " ", "KISSNRIDE": "11", "BIC_PARK": "20", "BUSPARKN": "5", "MAAVAR": "לא", "OWN": "רמ\"\"י", "Shape_Length": "214.06674797383175", "Shape_Area": "2703.6809413686474" }, "geometry": { "type": "Point", "coordinates": [ 34.74394, 31.8621 ] } },
{ "type": "Feature", "properties": { "OID": "-1", "MAKAT": "730006", "NAME": "חניון לילה יבנה", "DISTRICT": "מרכז", "AUTHORITY": "יבנה", "AUTHCODE": "2660", "X": "175224.62", "Y": "644630.82", "ADDRESS": " ", "BLOCK": "5403", "PARCEL": "11", "DUNAM": "4.06", "LANDUSE": " ", "PARKINGN": "50", "FLOORS": "1", "BUSS_N": "0", "BUSDROP_N": "0", "BUSSD_N": "0", "TIFULLN": "0", "NIGHTP_N": "50", "RAVKAVN": "0", "CALP_AREA": "6.25", "PINUYY": "0", "COMMENTS": " ", "SOURCE": "מפעיל", "D_UPDATE": "2025-06-22 00:00:00", "YEARMONTH": "202605", "OPENYEAR": "לא ידוע", "T_TYPE": "חניון לילה", "TRAVELERS": "לא", "CLOSEYEAR": "פתוח", "PARK_RIDE": "לא", "DRIVERSR": "לא קיים", "TOILET": "לא", "SIZERANK": "קטן", "COMMERCIAL": "לא", "STATUS": "קיים", "MATAN": " ", "ECharge_N": " ", "KISSNRIDE": " ", "BIC_PARK": " ", "BUSPARKN": " ", "MAAVAR": "לא", "OWN": " ", "Shape_Length": "280.87213213282075", "Shape_Area": "4052.8891736567125" }, "geometry": { "type": "Point", "coordinates": [ 34.73689, 31.89374 ] } },
{ "type": "Feature", "properties": { "OID": "-1", "MAKAT": "760004", "NAME": "מסוף גוש עציון", "DISTRICT": "איו\"\"ש", "AUTHORITY": "גוש עציון", "AUTHCODE": "3561", "X": "214335.49", "Y": "616675.87", "ADDRESS": " ", "BLOCK": " ", "PARCEL": " ", "DUNAM": "16.09", "LANDUSE": " ", "PARKINGN": "40", "FLOORS": "1", "BUSS_N": "0", "BUSDROP_N": "0", "BUSSD_N": "0", "TIFULLN": "40", "NIGHTP_N": "40", "RAVKAVN": "0", "CALP_AREA": "5.0", "PINUYY": "0", "COMMENTS": " ", "SOURCE": " ", "D_UPDATE": "", "YEARMONTH": "202605", "OPENYEAR": "2021", "T_TYPE": "מסוף תפעולי משולב עם חניון לילה", "TRAVELERS": "לא", "CLOSEYEAR": "פתוח", "PARK_RIDE": "לא", "DRIVERSR": "קיים", "TOILET": " ", "SIZERANK": "גדול", "COMMERCIAL": "לא", "STATUS": "קיים", "MATAN": " ", "ECharge_N": " ", "KISSNRIDE": " ", "BIC_PARK": " ", "BUSPARKN": " ", "MAAVAR": "לא", "OWN": "מדינה (יו\"\"ש)", "Shape_Length": "518.9202443003987", "Shape_Area": "16074.094162873213" }, "geometry": { "type": "Point", "coordinates": [ 35.15046, 31.64248 ] } },
{ "type": "Feature", "properties": { "OID": "-1", "MAKAT": "700029", "NAME": "מסוף חומת שמואל ירושלים", "DISTRICT": "ירושלים", "AUTHORITY": "ירושלים", "AUTHCODE": "3000", "X": "220967.52", "Y": "625158.02", "ADDRESS": " ", "BLOCK": "29936", "PARCEL": "119", "DUNAM": "2.47", "LANDUSE": " ", "PARKINGN": "13", "FLOORS": "1", "BUSS_N": "0", "BUSDROP_N": "0", "BUSSD_N": "0", "TIFULLN": "13", "NIGHTP_N": "0", "RAVKAVN": "0", "CALP_AREA": "1.63", "PINUYY": "0", "COMMENTS": " ", "SOURCE": " ", "D_UPDATE": "", "YEARMONTH": "202605", "OPENYEAR": "2021", "T_TYPE": "מסוף תפעולי", "TRAVELERS": "לא", "CLOSEYEAR": "פתוח", "PARK_RIDE": "לא", "DRIVERSR": "לא קיים", "TOILET": " ", "SIZERANK": "קטן", "COMMERCIAL": "לא", "STATUS": "קיים", "MATAN": " ", "ECharge_N": " ", "KISSNRIDE": " ", "BIC_PARK": " ", "BUSPARKN": " ", "MAAVAR": "לא", "OWN": "רמ\"\"י", "Shape_Length": "194.6739649254692", "Shape_Area": "2471.257755368017" }, "geometry": { "type": "Point", "coordinates": [ 35.22038, 31.71899 ] } },
{ "type": "Feature", "properties": { "OID": "-1", "MAKAT": "700000", "NAME": "צומת אורה", "DISTRICT": "ירושלים", "AUTHORITY": "מטה יהודה", "AUTHCODE": "0780", "X": "215211.98", "Y": "629359.08", "ADDRESS": " ", "BLOCK": "29946, 31320", "PARCEL": "2,9,15,31", "DUNAM": "1.96", "LANDUSE": " ", "PARKINGN": "12", "FLOORS": "1", "BUSS_N": "1", "BUSDROP_N": "3", "BUSSD_N": "0", "TIFULLN": "12", "NIGHTP_N": "0", "RAVKAVN": "0", "CALP_AREA": "1.5", "PINUYY": "0", "COMMENTS": " ", "SOURCE": "סקר", "D_UPDATE": "2026-04-30 00:00:00", "YEARMONTH": "202605", "OPENYEAR": "2024", "T_TYPE": "מסוף תפעולי", "TRAVELERS": "כן", "CLOSEYEAR": "פתוח", "PARK_RIDE": "כן", "DRIVERSR": "לא קיים", "TOILET": "לא", "SIZERANK": "קטן", "COMMERCIAL": "לא", "STATUS": "קיים", "MATAN": "רק\"\"ל", "ECharge_N": " ", "KISSNRIDE": " ", "BIC_PARK": " ", "BUSPARKN": "6", "MAAVAR": "לא", "OWN": " ", "Shape_Length": "288.4742711036223", "Shape_Area": "1953.8171067799303" }, "geometry": { "type": "Point", "coordinates": [ 35.15964, 31.75687 ] } },
{ "type": "Feature", "properties": { "OID": "-1", "MAKAT": "700022", "NAME": "מסוף גבעת משואה ירושלים", "DISTRICT": "ירושלים", "AUTHORITY": "ירושלים", "AUTHCODE": "3000", "X": "216015.68", "Y": "628797.48", "ADDRESS": "דולצ'ין 3", "BLOCK": "30423, 30424", "PARCEL": "17", "DUNAM": "1.92", "LANDUSE": " ", "PARKINGN": "9", "FLOORS": "1", "BUSS_N": "0", "BUSDROP_N": "0", "BUSSD_N": "0", "TIFULLN": "9", "NIGHTP_N": "9", "RAVKAVN": "0", "CALP_AREA": "1.13", "PINUYY": "0", "COMMENTS": " ", "SOURCE": " ", "D_UPDATE": "", "YEARMONTH": "202605", "OPENYEAR": "2021", "T_TYPE": "מסוף תפעולי משולב עם חניון לילה", "TRAVELERS": "לא", "CLOSEYEAR": "פתוח", "PARK_RIDE": "לא", "DRIVERSR": "קיים", "TOILET": " ", "SIZERANK": "קטן", "COMMERCIAL": "לא", "STATUS": "קיים", "MATAN": " ", "ECharge_N": " ", "KISSNRIDE": " ", "BIC_PARK": " ", "BUSPARKN": " ", "MAAVAR": "לא", "OWN": "רמ\"\"י", "Shape_Length": "179.33804759866555", "Shape_Area": "1918.6635295177032" }, "geometry": { "type": "Point", "coordinates": [ 35.16813, 31.7518 ] } },
{ "type": "Feature", "properties": { "OID": "-1", "MAKAT": "700023", "NAME": "מסוף גילה ירושלים", "DISTRICT": "ירושלים", "AUTHORITY": "ירושלים", "AUTHCODE": "3000", "X": "217258.47", "Y": "627456.22", "ADDRESS": " ", "BLOCK": "30962", "PARCEL": "80, 82, 96, 98, 99", "DUNAM": "4.44", "LANDUSE": " ", "PARKINGN": "10", "FLOORS": "1", "BUSS_N": "0", "BUSDROP_N": "0", "BUSSD_N": "0", "TIFULLN": "10", "NIGHTP_N": "10", "RAVKAVN": "0", "CALP_AREA": "1.25", "PINUYY": "0", "COMMENTS": " ", "SOURCE": " ", "D_UPDATE": "", "YEARMONTH": "202605", "OPENYEAR": "2021", "T_TYPE": "מסוף תפעולי משולב עם חניון לילה", "TRAVELERS": "לא", "CLOSEYEAR": "פתוח", "PARK_RIDE": "לא", "DRIVERSR": "קיים", "TOILET": " ", "SIZERANK": "קטן", "COMMERCIAL": "לא", "STATUS": "קיים", "MATAN": " ", "ECharge_N": " ", "KISSNRIDE": " ", "BIC_PARK": " ", "BUSPARKN": " ", "MAAVAR": "לא", "OWN": "רמ\"\"י", "Shape_Length": "268.89961377259175", "Shape_Area": "4439.627457786647" }, "geometry": { "type": "Point", "coordinates": [ 35.18125, 31.73971 ] } },
{ "type": "Feature", "properties": { "OID": "-1", "MAKAT": "700031", "NAME": "תחנת רכבת מלחה", "DISTRICT": "ירושלים", "AUTHORITY": "ירושלים", "AUTHCODE": "3000", "X": "217941.84", "Y": "628391.84", "ADDRESS": " ", "BLOCK": "30429, 30459", "PARCEL": "4,9,25,28,31,36", "DUNAM": "17.63", "LANDUSE": " ", "PARKINGN": "68", "FLOORS": "1", "BUSS_N": "1", "BUSDROP_N": "1", "BUSSD_N": "0", "TIFULLN": "68", "NIGHTP_N": "68", "RAVKAVN": "0", "CALP_AREA": "8.5", "PINUYY": "0", "COMMENTS": " ", "SOURCE": "סקר", "D_UPDATE": "2026-04-30 00:00:00", "YEARMONTH": "202605", "OPENYEAR": "2024", "T_TYPE": "מסוף תפעולי משולב עם חניון לילה", "TRAVELERS": "לא", "CLOSEYEAR": "פתוח", "PARK_RIDE": "לא", "DRIVERSR": "קיים", "TOILET": "לא", "SIZERANK": "גדול", "COMMERCIAL": "לא", "STATUS": "קיים", "MATAN": "רכבת כבדה", "ECharge_N": " ", "KISSNRIDE": " ", "BIC_PARK": " ", "BUSPARKN": "68", "MAAVAR": "לא", "OWN": "רמ\"\"י", "Shape_Length": "701.4358806231124", "Shape_Area": "17620.870363374393" }, "geometry": { "type": "Point", "coordinates": [ 35.18846, 31.74815 ] } },
{ "type": "Feature", "properties": { "OID": "-1", "MAKAT": "700053", "NAME": "שטרן", "DISTRICT": "ירושלים", "AUTHORITY": "ירושלים", "AUTHCODE": "3000", "X": "217303.52", "Y": "629397.55", "ADDRESS": " ", "BLOCK": "30455", "PARCEL": "159", "DUNAM": "1.93", "LANDUSE": " ", "PARKINGN": "8", "FLOORS": "1", "BUSS_N": "0", "BUSDROP_N": "0", "BUSSD_N": "0", "TIFULLN": "8", "NIGHTP_N": "0", "RAVKAVN": "0", "CALP_AREA": "1.0", "PINUYY": "0", "COMMENTS": " ", "SOURCE": " ", "D_UPDATE": "", "YEARMONTH": "202605", "OPENYEAR": "2021", "T_TYPE": "מסוף תפעולי", "TRAVELERS": "לא", "CLOSEYEAR": "פתוח", "PARK_RIDE": "לא", "DRIVERSR": "קיים", "TOILET": " ", "SIZERANK": "קטן", "COMMERCIAL": "לא", "STATUS": "קיים", "MATAN": " ", "ECharge_N": " ", "KISSNRIDE": " ", "BIC_PARK": " ", "BUSPARKN": " ", "MAAVAR": "לא", "OWN": " ", "Shape_Length": "214.79474532315808", "Shape_Area": "1925.0754172513307" }, "geometry": { "type": "Point", "coordinates": [ 35.18172, 31.75722 ] } },
{ "type": "Feature", "properties": { "OID": "-1", "MAKAT": "700035", "NAME": "מסוף קדיש לוז", "DISTRICT": "ירושלים", "AUTHORITY": "ירושלים", "AUTHCODE": "3000", "X": "217440.8", "Y": "629856.91", "ADDRESS": " ", "BLOCK": "30191, 30570", "PARCEL": "40 / 81", "DUNAM": "0.82", "LANDUSE": " ", "PARKINGN": "7", "FLOORS": "1", "BUSS_N": "0", "BUSDROP_N": "0", "BUSSD_N": "2", "TIFULLN": "7", "NIGHTP_N": "0", "RAVKAVN": "0", "CALP_AREA": "0.88", "PINUYY": "0", "COMMENTS": "חדר נהגים מעל המסוף, מרחק קצר", "SOURCE": "סקר", "D_UPDATE": "2026-04-30 00:00:00", "YEARMONTH": "202605", "OPENYEAR": "2024", "T_TYPE": "מסוף תפעולי", "TRAVELERS": "כן", "CLOSEYEAR": "פתוח", "PARK_RIDE": "לא", "DRIVERSR": "קיים", "TOILET": "לא", "SIZERANK": "קטן", "COMMERCIAL": "לא", "STATUS": "קיים", "MATAN": " ", "ECharge_N": " ", "KISSNRIDE": " ", "BIC_PARK": " ", "BUSPARKN": " ", "MAAVAR": "לא", "OWN": " ", "Shape_Length": "171.4194939062595", "Shape_Area": "824.1446315505716" }, "geometry": { "type": "Point", "coordinates": [ 35.18317, 31.76136 ] } },
{ "type": "Feature", "properties": { "OID": "-1", "MAKAT": "700215", "NAME": "מסוף המגרסה", "DISTRICT": "ירושלים", "AUTHORITY": "מבשרת ציון", "AUTHCODE": "1015", "X": "213217.6", "Y": "632849.83", "ADDRESS": " ", "BLOCK": "29956", "PARCEL": "48", "DUNAM": "1.23", "LANDUSE": " ", "PARKINGN": "4", "FLOORS": "1", "BUSS_N": "0", "BUSDROP_N": "0", "BUSSD_N": "0", "TIFULLN": "4", "NIGHTP_N": "0", "RAVKAVN": "0", "CALP_AREA": "0.5", "PINUYY": "0", "COMMENTS": " ", "SOURCE": " ", "D_UPDATE": "", "YEARMONTH": "202605", "OPENYEAR": "2024", "T_TYPE": "מסוף תפעולי", "TRAVELERS": "לא", "CLOSEYEAR": "פתוח", "PARK_RIDE": "לא", "DRIVERSR": "קיים", "TOILET": " ", "SIZERANK": "קטן", "COMMERCIAL": "לא", "STATUS": "קיים", "MATAN": " ", "ECharge_N": " ", "KISSNRIDE": " ", "BIC_PARK": " ", "BUSPARKN": " ", "MAAVAR": "לא", "OWN": "רמ\"\"י", "Shape_Length": "149.1876780291627", "Shape_Area": "1228.1934517652403" }, "geometry": { "type": "Point", "coordinates": [ 35.13857, 31.78834 ] } },
{ "type": "Feature", "properties": { "OID": "-1", "MAKAT": "700015", "NAME": "מסוף הר נוף דרומי", "DISTRICT": "ירושלים", "AUTHORITY": "ירושלים", "AUTHCODE": "3000", "X": "217150.79", "Y": "632631.17", "ADDRESS": " ", "BLOCK": "30332", "PARCEL": "25", "DUNAM": "2.46", "LANDUSE": " ", "PARKINGN": "20", "FLOORS": "1", "BUSS_N": "0", "BUSDROP_N": "0", "BUSSD_N": "0", "TIFULLN": "20", "NIGHTP_N": "20", "RAVKAVN": "0", "CALP_AREA": "2.5", "PINUYY": "0", "COMMENTS": " ", "SOURCE": " ", "D_UPDATE": "2025-06-24 00:00:00", "YEARMONTH": "202605", "OPENYEAR": "2021", "T_TYPE": "מסוף תפעולי משולב עם חניון לילה", "TRAVELERS": "לא", "CLOSEYEAR": "פתוח", "PARK_RIDE": "לא", "DRIVERSR": "קיים", "TOILET": " ", "SIZERANK": "קטן", "COMMERCIAL": "לא", "STATUS": "קיים", "MATAN": " ", "ECharge_N": " ", "KISSNRIDE": " ", "BIC_PARK": " ", "BUSPARKN": "20", "MAAVAR": "לא", "OWN": "פרטי", "Shape_Length": "209.2664482097771", "Shape_Area": "2455.3276409491796" }, "geometry": { "type": "Point", "coordinates": [ 35.1801, 31.78638 ] } },
{ "type": "Feature", "properties": { "OID": "-1", "MAKAT": "700018", "NAME": "הר נוף-בית הדפוס צפוני", "DISTRICT": "ירושלים", "AUTHORITY": "ירושלים", "AUTHCODE": "3000", "X": "217163.3", "Y": "632692.05", "ADDRESS": " ", "BLOCK": "30332", "PARCEL": "36, 52", "DUNAM": "2.49", "LANDUSE": " ", "PARKINGN": "24", "FLOORS": "1", "BUSS_N": "0", "BUSDROP_N": "0", "BUSSD_N": "0", "TIFULLN": "24", "NIGHTP_N": "0", "RAVKAVN": "0", "CALP_AREA": "3.0", "PINUYY": "0", "COMMENTS": " ", "SOURCE": " ", "D_UPDATE": "2025-06-24 00:00:00", "YEARMONTH": "202605", "OPENYEAR": "2021", "T_TYPE": "מסוף תפעולי", "TRAVELERS": "לא", "CLOSEYEAR": "פתוח", "PARK_RIDE": "לא", "DRIVERSR": "לא קיים", "TOILET": " ", "SIZERANK": "קטן", "COMMERCIAL": "לא", "STATUS": "קיים", "MATAN": " ", "ECharge_N": " ", "KISSNRIDE": " ", "BIC_PARK": " ", "BUSPARKN": "24", "MAAVAR": "לא", "OWN": " ", "Shape_Length": "210.36906696749173", "Shape_Area": "2485.0383348640867" }, "geometry": { "type": "Point", "coordinates": [ 35.18023, 31.78693 ] } },
{ "type": "Feature", "properties": { "OID": "-1", "MAKAT": "700014", "NAME": "חניון הר המנוחות", "DISTRICT": "ירושלים", "AUTHORITY": "ירושלים", "AUTHCODE": "3000", "X": "217473.04", "Y": "633783.63", "ADDRESS": " ", "BLOCK": "30186, 30227, 30254", "PARCEL": "75", "DUNAM": "16.81", "LANDUSE": " ", "PARKINGN": "80", "FLOORS": "1", "BUSS_N": "0", "BUSDROP_N": "0", "BUSSD_N": "0", "TIFULLN": "65", "NIGHTP_N": "80", "RAVKAVN": "0", "CALP_AREA": "10.0", "PINUYY": "0", "COMMENTS": " ", "SOURCE": " ", "D_UPDATE": "2025-06-24 00:00:00", "YEARMONTH": "202605", "OPENYEAR": "2021", "T_TYPE": "מסוף תפעולי משולב עם חניון לילה", "TRAVELERS": "לא", "CLOSEYEAR": "פתוח", "PARK_RIDE": "לא", "DRIVERSR": "קיים", "TOILET": " ", "SIZERANK": "גדול", "COMMERCIAL": "לא", "STATUS": "קיים", "MATAN": " ", "ECharge_N": " ", "KISSNRIDE": " ", "BIC_PARK": " ", "BUSPARKN": "65", "MAAVAR": "לא", "OWN": "פרטי", "Shape_Length": "588.9027597488612", "Shape_Area": "16801.869671185603" }, "geometry": { "type": "Point", "coordinates": [ 35.1835, 31.79677 ] } },
{ "type": "Feature", "properties": { "OID": "-1", "MAKAT": "700052", "NAME": "רמות אצ\"\"ג", "DISTRICT": "ירושלים", "AUTHORITY": "ירושלים", "AUTHCODE": "3000", "X": "217895.46", "Y": "637039.45", "ADDRESS": " ", "BLOCK": "30732", "PARCEL": "196, 201", "DUNAM": "2.48", "LANDUSE": " ", "PARKINGN": "12", "FLOORS": "1", "BUSS_N": "1", "BUSDROP_N": "1", "BUSSD_N": "0", "TIFULLN": "12", "NIGHTP_N": "0", "RAVKAVN": "0", "CALP_AREA": "1.5", "PINUYY": "0", "COMMENTS": " ", "SOURCE": "תצ\"\"א", "D_UPDATE": "2026-01-15 00:00:00", "YEARMONTH": "202605", "OPENYEAR": "2025", "T_TYPE": "מסוף תפעולי", "TRAVELERS": "כן", "CLOSEYEAR": "פתוח", "PARK_RIDE": "לא", "DRIVERSR": "קיים", "TOILET": "לא", "SIZERANK": "קטן", "COMMERCIAL": "לא", "STATUS": "קיים", "MATAN": " ", "ECharge_N": " ", "KISSNRIDE": " ", "BIC_PARK": " ", "BUSPARKN": "12", "MAAVAR": "כן", "OWN": "רשות מקומית", "Shape_Length": "211.2170021413554", "Shape_Area": "2481.492106738894" }, "geometry": { "type": "Point", "coordinates": [ 35.18795, 31.82614 ] } },
{ "type": "Feature", "properties": { "OID": "-1", "MAKAT": "700218", "NAME": "מחסום 300 זמני", "DISTRICT": "ירושלים", "AUTHORITY": "ירושלים", "AUTHCODE": "3000", "X": "219610.24", "Y": "626133.14", "ADDRESS": " ", "BLOCK": " ", "PARCEL": " ", "DUNAM": "10.5", "LANDUSE": " ", "PARKINGN": "80", "FLOORS": "1", "BUSS_N": "0", "BUSDROP_N": "0", "BUSSD_N": "0", "TIFULLN": "80", "NIGHTP_N": "80", "RAVKAVN": "0", "CALP_AREA": "10.0", "PINUYY": "0", "COMMENTS": " ", "SOURCE": "תכנית אסטרטגית + תצ\"\"", "D_UPDATE": "2026-05-14 00:00:00", "YEARMONTH": "202605", "OPENYEAR": "2022", "T_TYPE": "מסוף תפעולי משולב עם חניון לילה", "TRAVELERS": "לא", "CLOSEYEAR": "פתוח", "PARK_RIDE": "לא", "DRIVERSR": "קיים", "TOILET": "לא", "SIZERANK": "בינוני", "COMMERCIAL": "לא", "STATUS": "קיים", "MATAN": " ", "ECharge_N": " ", "KISSNRIDE": " ", "BIC_PARK": " ", "BUSPARKN": "80", "MAAVAR": "כן", "OWN": "לא ידוע", "Shape_Length": "533.4010247536679", "Shape_Area": "10491.680233169142" }, "geometry": { "type": "Point", "coordinates": [ 35.20606, 31.72778 ] } },
{ "type": "Feature", "properties": { "OID": "-1", "MAKAT": "700025", "NAME": "חניון תלפיות", "DISTRICT": "ירושלים", "AUTHORITY": "ירושלים", "AUTHCODE": "3000", "X": "220257.69", "Y": "627949.98", "ADDRESS": "בית לחם 1", "BLOCK": "30128, 30286", "PARCEL": "5", "DUNAM": "65.07", "LANDUSE": " ", "PARKINGN": "300", "FLOORS": "1", "BUSS_N": "0", "BUSDROP_N": "0", "BUSSD_N": "0", "TIFULLN": "300", "NIGHTP_N": "300", "RAVKAVN": "0", "CALP_AREA": "37.5", "PINUYY": "0", "COMMENTS": " ", "SOURCE": "צתא\"\"ל", "D_UPDATE": "2026-09-02 00:00:00", "YEARMONTH": "202605", "OPENYEAR": "2021", "T_TYPE": "מסוף תפעולי משולב עם חניון לילה", "TRAVELERS": "לא", "CLOSEYEAR": "פתוח", "PARK_RIDE": "לא", "DRIVERSR": "קיים", "TOILET": "לא", "SIZERANK": "גדול", "COMMERCIAL": "לא", "STATUS": "קיים", "MATAN": " ", "ECharge_N": "10", "KISSNRIDE": " ", "BIC_PARK": " ", "BUSPARKN": "300", "MAAVAR": "לא", "OWN": "פרטי", "Shape_Length": "1025.887544947941", "Shape_Area": "65026.025178034084" }, "geometry": { "type": "Point", "coordinates": [ 35.2129, 31.74417 ] } },
{ "type": "Feature", "properties": { "OID": "-1", "MAKAT": "700034", "NAME": "מסוף רמת בית הכרם", "DISTRICT": "ירושלים", "AUTHORITY": "ירושלים", "AUTHCODE": "3000", "X": "218486.63", "Y": "630917.13", "ADDRESS": " ", "BLOCK": "30337", "PARCEL": "188, 273, 277", "DUNAM": "0.78", "LANDUSE": " ", "PARKINGN": "5", "FLOORS": "1", "BUSS_N": "0", "BUSDROP_N": "0", "BUSSD_N": "1", "TIFULLN": "5", "NIGHTP_N": "0", "RAVKAVN": "0", "CALP_AREA": "0.63", "PINUYY": "0", "COMMENTS": " ", "SOURCE": "סקר", "D_UPDATE": "2026-04-30 00:00:00", "YEARMONTH": "202605", "OPENYEAR": "2021", "T_TYPE": "מסוף תפעולי", "TRAVELERS": "כן", "CLOSEYEAR": "פתוח", "PARK_RIDE": "כן", "DRIVERSR": "קיים", "TOILET": "לא", "SIZERANK": "קטן", "COMMERCIAL": "לא", "STATUS": "קיים", "MATAN": " ", "ECharge_N": " ", "KISSNRIDE": " ", "BIC_PARK": " ", "BUSPARKN": " ", "MAAVAR": "לא", "OWN": " ", "Shape_Length": "189.0872557795743", "Shape_Area": "783.7410063936333" }, "geometry": { "type": "Point", "coordinates": [ 35.1942, 31.77092 ] } },
{ "type": "Feature", "properties": { "OID": "-1", "MAKAT": "700020", "NAME": "חניון ביטוח לאומי", "DISTRICT": "ירושלים", "AUTHORITY": "ירושלים", "AUTHCODE": "3000", "X": "219169.67", "Y": "632383.64", "ADDRESS": " ", "BLOCK": "30156", "PARCEL": "240, 241", "DUNAM": "10.47", "LANDUSE": " ", "PARKINGN": "95", "FLOORS": "1", "BUSS_N": "0", "BUSDROP_N": "0", "BUSSD_N": "0", "TIFULLN": "86", "NIGHTP_N": "95", "RAVKAVN": "0", "CALP_AREA": "11.88", "PINUYY": "0", "COMMENTS": " ", "SOURCE": " ", "D_UPDATE": "2025-06-24 00:00:00", "YEARMONTH": "202605", "OPENYEAR": "2021", "T_TYPE": "מסוף תפעולי משולב עם חניון לילה", "TRAVELERS": "לא", "CLOSEYEAR": "פתוח", "PARK_RIDE": "לא", "DRIVERSR": "קיים", "TOILET": " ", "SIZERANK": "בינוני", "COMMERCIAL": "לא", "STATUS": "קיים", "MATAN": " ", "ECharge_N": " ", "KISSNRIDE": " ", "BIC_PARK": " ", "BUSPARKN": "86", "MAAVAR": "לא", "OWN": "רמ\"\"י", "Shape_Length": "419.0783060373777", "Shape_Area": "10463.851307110754" }, "geometry": { "type": "Point", "coordinates": [ 35.20141, 31.78415 ] } },
{ "type": "Feature", "properties": { "OID": "-1", "MAKAT": "700042", "NAME": "ממילא-קרתא", "DISTRICT": "ירושלים", "AUTHORITY": "ירושלים", "AUTHCODE": "3000", "X": "221407.26", "Y": "631638.88", "ADDRESS": " ", "BLOCK": "30831", "PARCEL": "9, 21", "DUNAM": "0.17", "LANDUSE": " ", "PARKINGN": "4", "FLOORS": "1", "BUSS_N": "0", "BUSDROP_N": "0", "BUSSD_N": "0", "TIFULLN": "4", "NIGHTP_N": "0", "RAVKAVN": "0", "CALP_AREA": "0.5", "PINUYY": "0", "COMMENTS": " ", "SOURCE": " ", "D_UPDATE": "", "YEARMONTH": "202605", "OPENYEAR": "לא ידוע", "T_TYPE": "מסוף תפעולי", "TRAVELERS": "לא", "CLOSEYEAR": "פתוח", "PARK_RIDE": "לא", "DRIVERSR": "לא קיים", "TOILET": " ", "SIZERANK": "קטן", "COMMERCIAL": "לא", "STATUS": "קיים", "MATAN": " ", "ECharge_N": " ", "KISSNRIDE": " ", "BIC_PARK": " ", "BUSPARKN": " ", "MAAVAR": "לא", "OWN": " ", "Shape_Length": "59.537307517588445", "Shape_Area": "165.4870920886484" }, "geometry": { "type": "Point", "coordinates": [ 35.22504, 31.77743 ] } },
{ "type": "Feature", "properties": { "OID": "-1", "MAKAT": "700033", "NAME": "מסוף תלפיות מזרח", "DISTRICT": "ירושלים", "AUTHORITY": "ירושלים", "AUTHCODE": "3000", "X": "221653.97", "Y": "628611.7", "ADDRESS": " ", "BLOCK": "30696", "PARCEL": "22, 25", "DUNAM": "1.99", "LANDUSE": " ", "PARKINGN": "15", "FLOORS": "1", "BUSS_N": "0", "BUSDROP_N": "0", "BUSSD_N": "0", "TIFULLN": "15", "NIGHTP_N": "0", "RAVKAVN": "0", "CALP_AREA": "1.88", "PINUYY": "0", "COMMENTS": " ", "SOURCE": "סקר", "D_UPDATE": "2026-04-30 00:00:00", "YEARMONTH": "202605", "OPENYEAR": "2021", "T_TYPE": "מסוף תפעולי", "TRAVELERS": "כן", "CLOSEYEAR": "פתוח", "PARK_RIDE": "לא", "DRIVERSR": "קיים", "TOILET": "לא", "SIZERANK": "קטן", "COMMERCIAL": "לא", "STATUS": "קיים", "MATAN": " ", "ECharge_N": " ", "KISSNRIDE": " ", "BIC_PARK": " ", "BUSPARKN": " ", "MAAVAR": "לא", "OWN": "מדינה ורשות מקומית", "Shape_Length": "182.2999701740638", "Shape_Area": "1991.4797131215491" }, "geometry": { "type": "Point", "coordinates": [ 35.22763, 31.75013 ] } },
{ "type": "Feature", "properties": { "OID": "-1", "MAKAT": "700037", "NAME": "מסוף הנביאים", "DISTRICT": "ירושלים", "AUTHORITY": "ירושלים", "AUTHCODE": "3000", "X": "221762.45", "Y": "632133.72", "ADDRESS": " ", "BLOCK": " ", "PARCEL": " ", "DUNAM": "1.94", "LANDUSE": " ", "PARKINGN": "10", "FLOORS": "1", "BUSS_N": "7", "BUSDROP_N": "1", "BUSSD_N": "0", "TIFULLN": "10", "NIGHTP_N": "10", "RAVKAVN": "0", "CALP_AREA": "1.25", "PINUYY": "0", "COMMENTS": " ", "SOURCE": " ", "D_UPDATE": "", "YEARMONTH": "202605", "OPENYEAR": "2021", "T_TYPE": "מסוף תפעולי משולב עם חניון לילה", "TRAVELERS": "כן", "CLOSEYEAR": "פתוח", "PARK_RIDE": "כן", "DRIVERSR": "לא קיים", "TOILET": " ", "SIZERANK": "קטן", "COMMERCIAL": "לא", "STATUS": "קיים", "MATAN": "רק\"\"ל", "ECharge_N": " ", "KISSNRIDE": " ", "BIC_PARK": " ", "BUSPARKN": " ", "MAAVAR": "לא", "OWN": " ", "Shape_Length": "187.5792702149142", "Shape_Area": "1935.8489116861047" }, "geometry": { "type": "Point", "coordinates": [ 35.22879, 31.78189 ] } },
{ "type": "Feature", "properties": { "OID": "-1", "MAKAT": "700036", "NAME": "מסוף דרך שכם ירושלים", "DISTRICT": "ירושלים", "AUTHORITY": "ירושלים", "AUTHCODE": "3000", "X": "221762.69", "Y": "632351.38", "ADDRESS": " ", "BLOCK": " ", "PARCEL": " ", "DUNAM": "2.47", "LANDUSE": " ", "PARKINGN": "14", "FLOORS": "1", "BUSS_N": "9", "BUSDROP_N": "0", "BUSSD_N": "0", "TIFULLN": "14", "NIGHTP_N": "0", "RAVKAVN": "0", "CALP_AREA": "1.75", "PINUYY": "0", "COMMENTS": " ", "SOURCE": " ", "D_UPDATE": "", "YEARMONTH": "202605", "OPENYEAR": "2021", "T_TYPE": "מסוף תפעולי", "TRAVELERS": "כן", "CLOSEYEAR": "פתוח", "PARK_RIDE": "כן", "DRIVERSR": "קיים", "TOILET": " ", "SIZERANK": "קטן", "COMMERCIAL": "כן", "STATUS": "קיים", "MATAN": " ", "ECharge_N": " ", "KISSNRIDE": " ", "BIC_PARK": " ", "BUSPARKN": " ", "MAAVAR": "לא", "OWN": "פרטי", "Shape_Length": "205.13037009593177", "Shape_Area": "2467.463172570556" }, "geometry": { "type": "Point", "coordinates": [ 35.22879, 31.78386 ] } },
{ "type": "Feature", "properties": { "OID": "-1", "MAKAT": "700030", "NAME": "מסוף סולטן סולימאן", "DISTRICT": "ירושלים", "AUTHORITY": "ירושלים", "AUTHCODE": "3000", "X": "222001.1", "Y": "632282.24", "ADDRESS": "סולטאן סולימאן 17", "BLOCK": " ", "PARCEL": " ", "DUNAM": "5.37", "LANDUSE": " ", "PARKINGN": "27", "FLOORS": "1", "BUSS_N": "8", "BUSDROP_N": "2", "BUSSD_N": "0", "TIFULLN": "27", "NIGHTP_N": "27", "RAVKAVN": "0", "CALP_AREA": "3.38", "PINUYY": "0", "COMMENTS": " ", "SOURCE": " ", "D_UPDATE": "", "YEARMONTH": "202605", "OPENYEAR": "2021", "T_TYPE": "מסוף תפעולי משולב עם חניון לילה", "TRAVELERS": "כן", "CLOSEYEAR": "פתוח", "PARK_RIDE": "כן", "DRIVERSR": "קיים", "TOILET": " ", "SIZERANK": "בינוני", "COMMERCIAL": "כן", "STATUS": "קיים", "MATAN": " ", "ECharge_N": " ", "KISSNRIDE": " ", "BIC_PARK": " ", "BUSPARKN": " ", "MAAVAR": "לא", "OWN": " ", "Shape_Length": "290.8152891091766", "Shape_Area": "5368.318408662235" }, "geometry": { "type": "Point", "coordinates": [ 35.23131, 31.78323 ] } },
{ "type": "Feature", "properties": { "OID": "-1", "MAKAT": "700032", "NAME": "תחנה מרכזית ירושלים", "DISTRICT": "ירושלים", "AUTHORITY": "ירושלים", "AUTHCODE": "3000", "X": "219336.38", "Y": "632936.72", "ADDRESS": "יפו 226, יפו 224", "BLOCK": "30075", "PARCEL": "160", "DUNAM": "10.25", "LANDUSE": " ", "PARKINGN": "80", "FLOORS": "10", "BUSS_N": "27", "BUSDROP_N": "1", "BUSSD_N": "3", "TIFULLN": "80", "NIGHTP_N": "80", "RAVKAVN": "14", "CALP_AREA": "10.0", "PINUYY": "0", "COMMENTS": " ", "SOURCE": "סקר", "D_UPDATE": "2026-04-30 00:00:00", "YEARMONTH": "202605", "OPENYEAR": "2021", "T_TYPE": "מסוף תפעולי משולב עם חניון לילה", "TRAVELERS": "כן", "CLOSEYEAR": "פתוח", "PARK_RIDE": "כן", "DRIVERSR": "קיים", "TOILET": "כן", "SIZERANK": "בינוני", "COMMERCIAL": "כן", "STATUS": "קיים", "MATAN": "משולב", "ECharge_N": " ", "KISSNRIDE": " ", "BIC_PARK": " ", "BUSPARKN": "80", "MAAVAR": "לא", "OWN": "פרטי", "Shape_Length": "417.7062135176579", "Shape_Area": "10245.446646830564" }, "geometry": { "type": "Point", "coordinates": [ 35.20317, 31.78914 ] } },
{ "type": "Feature", "properties": { "OID": "-1", "MAKAT": "700024", "NAME": "בית החייל", "DISTRICT": "ירושלים", "AUTHORITY": "ירושלים", "AUTHCODE": "3000", "X": "219687.76", "Y": "632557.61", "ADDRESS": " ", "BLOCK": "30864", "PARCEL": "22, 38", "DUNAM": "4.14", "LANDUSE": " ", "PARKINGN": "29", "FLOORS": "1", "BUSS_N": "0", "BUSDROP_N": "0", "BUSSD_N": "0", "TIFULLN": "29", "NIGHTP_N": "29", "RAVKAVN": "0", "CALP_AREA": "3.63", "PINUYY": "0", "COMMENTS": " ", "SOURCE": " ", "D_UPDATE": "", "YEARMONTH": "202605", "OPENYEAR": "2021", "T_TYPE": "מסוף תפעולי משולב עם חניון לילה", "TRAVELERS": "לא", "CLOSEYEAR": "פתוח", "PARK_RIDE": "לא", "DRIVERSR": "קיים", "TOILET": " ", "SIZERANK": "קטן", "COMMERCIAL": "לא", "STATUS": "קיים", "MATAN": " ", "ECharge_N": " ", "KISSNRIDE": " ", "BIC_PARK": " ", "BUSPARKN": " ", "MAAVAR": "לא", "OWN": "רמ\"\"י", "Shape_Length": "287.13786314888085", "Shape_Area": "4138.300781175194" }, "geometry": { "type": "Point", "coordinates": [ 35.20688, 31.78572 ] } },
{ "type": "Feature", "properties": { "OID": "-1", "MAKAT": "700011", "NAME": "4/9 צפוני", "DISTRICT": "ירושלים", "AUTHORITY": "ירושלים", "AUTHCODE": "3000", "X": "219539.72", "Y": "635224.59", "ADDRESS": " ", "BLOCK": "31270", "PARCEL": "45, 63", "DUNAM": "13.06", "LANDUSE": " ", "PARKINGN": "85", "FLOORS": "1", "BUSS_N": "0", "BUSDROP_N": "0", "BUSSD_N": "0", "TIFULLN": "85", "NIGHTP_N": "85", "RAVKAVN": "0", "CALP_AREA": "10.63", "PINUYY": "0", "COMMENTS": " ", "SOURCE": " ", "D_UPDATE": "2025-04-06 00:00:00", "YEARMONTH": "202605", "OPENYEAR": "2022", "T_TYPE": "מסוף תפעולי משולב עם חניון לילה", "TRAVELERS": "לא", "CLOSEYEAR": "פתוח", "PARK_RIDE": "לא", "DRIVERSR": "קיים", "TOILET": " ", "SIZERANK": "בינוני", "COMMERCIAL": "לא", "STATUS": "קיים", "MATAN": " ", "ECharge_N": " ", "KISSNRIDE": " ", "BIC_PARK": " ", "BUSPARKN": "85", "MAAVAR": "לא", "OWN": "רמ\"\"י", "Shape_Length": "607.8076825267719", "Shape_Area": "13045.795680164436" }, "geometry": { "type": "Point", "coordinates": [ 35.20532, 31.80977 ] } },
{ "type": "Feature", "properties": { "OID": "-1", "MAKAT": "700224", "NAME": "מתחמ הארזים", "DISTRICT": "ירושלים", "AUTHORITY": "ירושלים", "AUTHCODE": "3000", "X": "219598.43", "Y": "635084.65", "ADDRESS": " ", "BLOCK": "30243, 31270", "PARCEL": "203 / 43, 44, 47, 56, 57, 62", "DUNAM": "30.67", "LANDUSE": " ", "PARKINGN": "215", "FLOORS": "1", "BUSS_N": "13", "BUSDROP_N": "1", "BUSSD_N": "0", "TIFULLN": "215", "NIGHTP_N": "215", "RAVKAVN": "3", "CALP_AREA": "26.88", "PINUYY": "0", "COMMENTS": " ", "SOURCE": "סקר", "D_UPDATE": "2026-04-30 00:00:00", "YEARMONTH": "202605", "OPENYEAR": "2021", "T_TYPE": "מסוף תפעולי משולב עם חניון לילה", "TRAVELERS": "כן", "CLOSEYEAR": "פתוח", "PARK_RIDE": "לא", "DRIVERSR": "קיים", "TOILET": "כן", "SIZERANK": "גדול", "COMMERCIAL": "כן", "STATUS": "קיים", "MATAN": " ", "ECharge_N": "209", "KISSNRIDE": " ", "BIC_PARK": " ", "BUSPARKN": "215", "MAAVAR": "לא", "OWN": "רמ\"\"י", "Shape_Length": "858.7390575941955", "Shape_Area": "30644.72184887782" }, "geometry": { "type": "Point", "coordinates": [ 35.20594, 31.80851 ] } },
{ "type": "Feature", "properties": { "OID": "-1", "MAKAT": "700028", "NAME": "מסוף הר חוצבים", "DISTRICT": "ירושלים", "AUTHORITY": "ירושלים", "AUTHCODE": "3000", "X": "220245.51", "Y": "634172.99", "ADDRESS": " ", "BLOCK": "30241", "PARCEL": "266,267,269,270", "DUNAM": "2.36", "LANDUSE": " ", "PARKINGN": "12", "FLOORS": "1", "BUSS_N": "1", "BUSDROP_N": "0", "BUSSD_N": "0", "TIFULLN": "12", "NIGHTP_N": "0", "RAVKAVN": "0", "CALP_AREA": "1.5", "PINUYY": "0", "COMMENTS": " ", "SOURCE": "סקר", "D_UPDATE": "2026-04-30 00:00:00", "YEARMONTH": "202605", "OPENYEAR": "2021", "T_TYPE": "מסוף תפעולי", "TRAVELERS": "כן", "CLOSEYEAR": "פתוח", "PARK_RIDE": "כן", "DRIVERSR": "קיים", "TOILET": "לא", "SIZERANK": "קטן", "COMMERCIAL": "לא", "STATUS": "קיים", "MATAN": " ", "ECharge_N": " ", "KISSNRIDE": " ", "BIC_PARK": " ", "BUSPARKN": " ", "MAAVAR": "לא", "OWN": " ", "Shape_Length": "212.0351437207729", "Shape_Area": "2360.4220454880206" }, "geometry": { "type": "Point", "coordinates": [ 35.21277, 31.80029 ] } },
{ "type": "Feature", "properties": { "OID": "-1", "MAKAT": "700225", "NAME": "מסוף הרטום שלב א", "DISTRICT": "ירושלים", "AUTHORITY": "ירושלים", "AUTHCODE": "3000", "X": "220393.99", "Y": "634189.19", "ADDRESS": " ", "BLOCK": "30761", "PARCEL": "31", "DUNAM": "2.2", "LANDUSE": " ", "PARKINGN": "22", "FLOORS": "1", "BUSS_N": "0", "BUSDROP_N": "0", "BUSSD_N": "0", "TIFULLN": "22", "NIGHTP_N": "0", "RAVKAVN": "0", "CALP_AREA": "2.75", "PINUYY": "0", "COMMENTS": " ", "SOURCE": "ממונה - אוריאל צ'סטר", "D_UPDATE": "2026-05-13 00:00:00", "YEARMONTH": "202605", "OPENYEAR": "2024", "T_TYPE": "מסוף תפעולי", "TRAVELERS": "לא", "CLOSEYEAR": "פתוח", "PARK_RIDE": "כן", "DRIVERSR": "קיים", "TOILET": "לא", "SIZERANK": "קטן", "COMMERCIAL": "לא", "STATUS": "קיים", "MATAN": "רק\"\"ל", "ECharge_N": " ", "KISSNRIDE": " ", "BIC_PARK": " ", "BUSPARKN": "22", "MAAVAR": "לא", "OWN": "רשות מקומית", "Shape_Length": "198.9604662985805", "Shape_Area": "2200.5403548316312" }, "geometry": { "type": "Point", "coordinates": [ 35.21434, 31.80043 ] } },
{ "type": "Feature", "properties": { "OID": "-1", "MAKAT": "700012", "NAME": "רמות מירסקי", "DISTRICT": "ירושלים", "AUTHORITY": "ירושלים", "AUTHCODE": "3000", "X": "218692.18", "Y": "636622.43", "ADDRESS": " ", "BLOCK": "30617, 30728", "PARCEL": "265, 266 / 46, 47", "DUNAM": "2.73", "LANDUSE": " ", "PARKINGN": "17", "FLOORS": "1", "BUSS_N": "0", "BUSDROP_N": "0", "BUSSD_N": "0", "TIFULLN": "17", "NIGHTP_N": "0", "RAVKAVN": "0", "CALP_AREA": "2.13", "PINUYY": "0", "COMMENTS": " ", "SOURCE": "מעורב", "D_UPDATE": "2025-06-24 00:00:00", "YEARMONTH": "202605", "OPENYEAR": "2021", "T_TYPE": "מסוף תפעולי", "TRAVELERS": "לא", "CLOSEYEAR": "פתוח", "PARK_RIDE": "לא", "DRIVERSR": "קיים", "TOILET": " ", "SIZERANK": "קטן", "COMMERCIAL": "לא", "STATUS": "קיים", "MATAN": " ", "ECharge_N": " ", "KISSNRIDE": " ", "BIC_PARK": " ", "BUSPARKN": "17", "MAAVAR": "לא", "OWN": " ", "Shape_Length": "220.7958313633075", "Shape_Area": "2732.379469539371" }, "geometry": { "type": "Point", "coordinates": [ 35.19637, 31.82238 ] } },
{ "type": "Feature", "properties": { "OID": "-1", "MAKAT": "700026", "NAME": "מסוף גבעת התחמושת", "DISTRICT": "ירושלים", "AUTHORITY": "ירושלים", "AUTHCODE": "3000", "X": "222025.97", "Y": "634005.61", "ADDRESS": " ", "BLOCK": " ", "PARCEL": " ", "DUNAM": "6.75", "LANDUSE": " ", "PARKINGN": "38", "FLOORS": "1", "BUSS_N": "3", "BUSDROP_N": "0", "BUSSD_N": "1", "TIFULLN": "38", "NIGHTP_N": "38", "RAVKAVN": "6", "CALP_AREA": "4.75", "PINUYY": "0", "COMMENTS": " ", "SOURCE": "סקר", "D_UPDATE": "2026-04-30 00:00:00", "YEARMONTH": "202605", "OPENYEAR": "2021", "T_TYPE": "מסוף תפעולי משולב עם חניון לילה", "TRAVELERS": "כן", "CLOSEYEAR": "פתוח", "PARK_RIDE": "כן", "DRIVERSR": "קיים", "TOILET": "לא", "SIZERANK": "בינוני", "COMMERCIAL": "לא", "STATUS": "קיים", "MATAN": "רק\"\"ל", "ECharge_N": " ", "KISSNRIDE": " ", "BIC_PARK": " ", "BUSPARKN": "38", "MAAVAR": "לא", "OWN": " ", "Shape_Length": "553.6908025006346", "Shape_Area": "6746.116779351777" }, "geometry": { "type": "Point", "coordinates": [ 35.23158, 31.79877 ] } },
{ "type": "Feature", "properties": { "OID": "-1", "MAKAT": "700039", "NAME": "מסוף רמת שלמה", "DISTRICT": "ירושלים", "AUTHORITY": "ירושלים", "AUTHCODE": "3000", "X": "221559.0", "Y": "635007.68", "ADDRESS": " ", "BLOCK": "30561, 31351", "PARCEL": "7", "DUNAM": "2.95", "LANDUSE": " ", "PARKINGN": "12", "FLOORS": "1", "BUSS_N": "1", "BUSDROP_N": "1", "BUSSD_N": "0", "TIFULLN": "12", "NIGHTP_N": "0", "RAVKAVN": "0", "CALP_AREA": "1.5", "PINUYY": "0", "COMMENTS": " ", "SOURCE": "סקר", "D_UPDATE": "2026-04-30 00:00:00", "YEARMONTH": "202605", "OPENYEAR": "2021", "T_TYPE": "מסוף תפעולי", "TRAVELERS": "כן", "CLOSEYEAR": "פתוח", "PARK_RIDE": "לא", "DRIVERSR": "קיים", "TOILET": "לא", "SIZERANK": "קטן", "COMMERCIAL": "לא", "STATUS": "קיים", "MATAN": " ", "ECharge_N": " ", "KISSNRIDE": " ", "BIC_PARK": " ", "BUSPARKN": " ", "MAAVAR": "לא", "OWN": "רמ\"\"י", "Shape_Length": "240.92178416905475", "Shape_Area": "2948.2061477349107" }, "geometry": { "type": "Point", "coordinates": [ 35.22665, 31.80781 ] } },
{ "type": "Feature", "properties": { "OID": "-1", "MAKAT": "700041", "NAME": "בר כוכבא", "DISTRICT": "ירושלים", "AUTHORITY": "ירושלים", "AUTHCODE": "3000", "X": "222605.54", "Y": "634952.83", "ADDRESS": " ", "BLOCK": "31382, 31478, 31479", "PARCEL": "2 / 9 / 5", "DUNAM": "1.66", "LANDUSE": " ", "PARKINGN": "10", "FLOORS": "1", "BUSS_N": "1", "BUSDROP_N": "0", "BUSSD_N": "0", "TIFULLN": "10", "NIGHTP_N": "0", "RAVKAVN": "0", "CALP_AREA": "1.25", "PINUYY": "0", "COMMENTS": " ", "SOURCE": "סקר", "D_UPDATE": "2026-04-30 00:00:00", "YEARMONTH": "202605", "OPENYEAR": "2021", "T_TYPE": "מסוף תפעולי", "TRAVELERS": "כן", "CLOSEYEAR": "פתוח", "PARK_RIDE": "כן", "DRIVERSR": "קיים", "TOILET": "לא", "SIZERANK": "קטן", "COMMERCIAL": "לא", "STATUS": "קיים", "MATAN": " ", "ECharge_N": " ", "KISSNRIDE": " ", "BIC_PARK": " ", "BUSPARKN": " ", "MAAVAR": "לא", "OWN": " ", "Shape_Length": "160.14780887917112", "Shape_Area": "1657.7048701724793" }, "geometry": { "type": "Point", "coordinates": [ 35.2377, 31.80732 ] } },
{ "type": "Feature", "properties": { "OID": "-1", "MAKAT": "700027", "NAME": "מסוף הר הצופים ירושלים", "DISTRICT": "ירושלים", "AUTHORITY": "ירושלים", "AUTHCODE": "3000", "X": "223461.22", "Y": "633075.63", "ADDRESS": " ", "BLOCK": "30529", "PARCEL": "33", "DUNAM": "3.28", "LANDUSE": " ", "PARKINGN": "22", "FLOORS": "1", "BUSS_N": "0", "BUSDROP_N": "0", "BUSSD_N": "0", "TIFULLN": "22", "NIGHTP_N": "22", "RAVKAVN": "0", "CALP_AREA": "2.75", "PINUYY": "0", "COMMENTS": " ", "SOURCE": " ", "D_UPDATE": "", "YEARMONTH": "202605", "OPENYEAR": "2021", "T_TYPE": "מסוף תפעולי משולב עם חניון לילה", "TRAVELERS": "לא", "CLOSEYEAR": "פתוח", "PARK_RIDE": "לא", "DRIVERSR": "קיים", "TOILET": " ", "SIZERANK": "קטן", "COMMERCIAL": "לא", "STATUS": "קיים", "MATAN": " ", "ECharge_N": " ", "KISSNRIDE": " ", "BIC_PARK": " ", "BUSPARKN": " ", "MAAVAR": "לא", "OWN": "פרטי", "Shape_Length": "226.86289751254492", "Shape_Area": "3277.948393371791" }, "geometry": { "type": "Point", "coordinates": [ 35.24673, 31.79038 ] } },
{ "type": "Feature", "properties": { "OID": "-1", "MAKAT": "700227", "NAME": "עיסאוויה", "DISTRICT": "ירושלים", "AUTHORITY": "ירושלים", "AUTHCODE": "3000", "X": "224151.79", "Y": "633805.31", "ADDRESS": "אל-בוסתאן 44", "BLOCK": " ", "PARCEL": " ", "DUNAM": "2.24", "LANDUSE": " ", "PARKINGN": "8", "FLOORS": "1", "BUSS_N": "0", "BUSDROP_N": "0", "BUSSD_N": "0", "TIFULLN": "8", "NIGHTP_N": "0", "RAVKAVN": "0", "CALP_AREA": "1.0", "PINUYY": "0", "COMMENTS": " ", "SOURCE": " ", "D_UPDATE": "", "YEARMONTH": "202605", "OPENYEAR": "2021", "T_TYPE": "מסוף תפעולי", "TRAVELERS": "לא", "CLOSEYEAR": "פתוח", "PARK_RIDE": "לא", "DRIVERSR": "קיים", "TOILET": " ", "SIZERANK": "קטן", "COMMERCIAL": "לא", "STATUS": "קיים", "MATAN": " ", "ECharge_N": " ", "KISSNRIDE": " ", "BIC_PARK": " ", "BUSPARKN": " ", "MAAVAR": "לא", "OWN": "לא ידוע", "Shape_Length": "190.1653280502972", "Shape_Area": "2242.426918721709" }, "geometry": { "type": "Point", "coordinates": [ 35.25402, 31.79696 ] } },
{ "type": "Feature", "properties": { "OID": "-1", "MAKAT": "700009", "NAME": "מסוף פסגת זאב מזרח", "DISTRICT": "ירושלים", "AUTHORITY": "ירושלים", "AUTHCODE": "3000", "X": "223447.0", "Y": "636097.77", "ADDRESS": " ", "BLOCK": "30688", "PARCEL": "64", "DUNAM": "2.14", "LANDUSE": " ", "PARKINGN": "12", "FLOORS": "1", "BUSS_N": "0", "BUSDROP_N": "0", "BUSSD_N": "0", "TIFULLN": "12", "NIGHTP_N": "0", "RAVKAVN": "0", "CALP_AREA": "1.5", "PINUYY": "0", "COMMENTS": " ", "SOURCE": "סקר", "D_UPDATE": "2026-04-30 00:00:00", "YEARMONTH": "202605", "OPENYEAR": "2021", "T_TYPE": "מסוף תפעולי", "TRAVELERS": "כן", "CLOSEYEAR": "פתוח", "PARK_RIDE": "לא", "DRIVERSR": "קיים", "TOILET": "לא", "SIZERANK": "קטן", "COMMERCIAL": "לא", "STATUS": "קיים", "MATAN": " ", "ECharge_N": " ", "KISSNRIDE": " ", "BIC_PARK": " ", "BUSPARKN": "9", "MAAVAR": "לא", "OWN": " ", "Shape_Length": "207.17468007329336", "Shape_Area": "2137.1032088197117" }, "geometry": { "type": "Point", "coordinates": [ 35.24659, 31.81764 ] } },
{ "type": "Feature", "properties": { "OID": "-1", "MAKAT": "700054", "NAME": "רק\"\"ל בית חנינא", "DISTRICT": "ירושלים", "AUTHORITY": "ירושלים", "AUTHCODE": "3000", "X": "221785.78", "Y": "636320.48", "ADDRESS": " ", "BLOCK": " ", "PARCEL": " ", "DUNAM": "1.02", "LANDUSE": " ", "PARKINGN": "5", "FLOORS": "1", "BUSS_N": "0", "BUSDROP_N": "0", "BUSSD_N": "1", "TIFULLN": "5", "NIGHTP_N": "0", "RAVKAVN": "0", "CALP_AREA": "0.63", "PINUYY": "0", "COMMENTS": "עמדות טעינת רב קו - ברכבת קלה הסמוכה", "SOURCE": "סקר", "D_UPDATE": "2026-04-30 00:00:00", "YEARMONTH": "202605", "OPENYEAR": "2025", "T_TYPE": "מסוף תפעולי", "TRAVELERS": "כן", "CLOSEYEAR": "פתוח", "PARK_RIDE": "כן", "DRIVERSR": "לא קיים", "TOILET": "לא", "SIZERANK": "קטן", "COMMERCIAL": "לא", "STATUS": "קיים", "MATAN": "רק\"\"ל", "ECharge_N": "4", "KISSNRIDE": " ", "BIC_PARK": " ", "BUSPARKN": " ", "MAAVAR": "לא", "OWN": " ", "Shape_Length": "229.3293195549017", "Shape_Area": "1015.0044281062678" }, "geometry": { "type": "Point", "coordinates": [ 35.22904, 31.81965 ] } },
{ "type": "Feature", "properties": { "OID": "-1", "MAKAT": "700010", "NAME": "מסוף פסגת זאב מרכז", "DISTRICT": "ירושלים", "AUTHORITY": "ירושלים", "AUTHCODE": "3000", "X": "223033.88", "Y": "637853.37", "ADDRESS": " ", "BLOCK": "31304", "PARCEL": "178", "DUNAM": "2.52", "LANDUSE": " ", "PARKINGN": "15", "FLOORS": "1", "BUSS_N": "0", "BUSDROP_N": "0", "BUSSD_N": "0", "TIFULLN": "15", "NIGHTP_N": "0", "RAVKAVN": "0", "CALP_AREA": "1.88", "PINUYY": "0", "COMMENTS": " ", "SOURCE": " ", "D_UPDATE": "2025-06-24 00:00:00", "YEARMONTH": "202605", "OPENYEAR": "2021", "T_TYPE": "מסוף תפעולי", "TRAVELERS": "לא", "CLOSEYEAR": "פתוח", "PARK_RIDE": "לא", "DRIVERSR": "קיים", "TOILET": " ", "SIZERANK": "קטן", "COMMERCIAL": "לא", "STATUS": "קיים", "MATAN": " ", "ECharge_N": " ", "KISSNRIDE": " ", "BIC_PARK": " ", "BUSPARKN": " ", "MAAVAR": "לא", "OWN": " ", "Shape_Length": "241.39143927118798", "Shape_Area": "2520.8227957243234" }, "geometry": { "type": "Point", "coordinates": [ 35.24223, 31.83347 ] } },
{ "type": "Feature", "properties": { "OID": "-1", "MAKAT": "700040", "NAME": "נווה יעקב הרב פרדס", "DISTRICT": "ירושלים", "AUTHORITY": "ירושלים", "AUTHCODE": "3000", "X": "222893.46", "Y": "639104.77", "ADDRESS": " ", "BLOCK": "30645", "PARCEL": "69", "DUNAM": "0.48", "LANDUSE": " ", "PARKINGN": "2", "FLOORS": "1", "BUSS_N": "0", "BUSDROP_N": "0", "BUSSD_N": "0", "TIFULLN": "2", "NIGHTP_N": "0", "RAVKAVN": "0", "CALP_AREA": "0.25", "PINUYY": "0", "COMMENTS": " ", "SOURCE": " ", "D_UPDATE": "", "YEARMONTH": "202605", "OPENYEAR": "2021", "T_TYPE": "מסוף תפעולי", "TRAVELERS": "לא", "CLOSEYEAR": "פתוח", "PARK_RIDE": "לא", "DRIVERSR": "קיים", "TOILET": " ", "SIZERANK": "קטן", "COMMERCIAL": "לא", "STATUS": "קיים", "MATAN": " ", "ECharge_N": " ", "KISSNRIDE": " ", "BIC_PARK": " ", "BUSPARKN": " ", "MAAVAR": "כן", "OWN": " ", "Shape_Length": "163.1108757377823", "Shape_Area": "477.3204869018822" }, "geometry": { "type": "Point", "coordinates": [ 35.24075, 31.84476 ] } },
{ "type": "Feature", "properties": { "OID": "-1", "MAKAT": "700049", "NAME": "וינוגרד", "DISTRICT": "ירושלים", "AUTHORITY": "ירושלים", "AUTHCODE": "3000", "X": "223479.44", "Y": "638427.47", "ADDRESS": " ", "BLOCK": "30644", "PARCEL": "122", "DUNAM": "1.69", "LANDUSE": " ", "PARKINGN": "8", "FLOORS": "1", "BUSS_N": "0", "BUSDROP_N": "0", "BUSSD_N": "0", "TIFULLN": "8", "NIGHTP_N": "0", "RAVKAVN": "0", "CALP_AREA": "1.0", "PINUYY": "0", "COMMENTS": " ", "SOURCE": " ", "D_UPDATE": "", "YEARMONTH": "202605", "OPENYEAR": "2021", "T_TYPE": "מסוף תפעולי", "TRAVELERS": "לא", "CLOSEYEAR": "פתוח", "PARK_RIDE": "לא", "DRIVERSR": "קיים", "TOILET": " ", "SIZERANK": "קטן", "COMMERCIAL": "לא", "STATUS": "קיים", "MATAN": " ", "ECharge_N": " ", "KISSNRIDE": " ", "BIC_PARK": " ", "BUSPARKN": " ", "MAAVAR": "לא", "OWN": " ", "Shape_Length": "185.20859018161462", "Shape_Area": "1686.446124709856" }, "geometry": { "type": "Point", "coordinates": [ 35.24694, 31.83865 ] } },
{ "type": "Feature", "properties": { "OID": "-1", "MAKAT": "760003", "NAME": "מסוף פרחי הבר", "DISTRICT": "איו\"\"ש", "AUTHORITY": "גבעת זאב", "AUTHCODE": "3730", "X": "215062.69", "Y": "641215.55", "ADDRESS": " ", "BLOCK": " ", "PARCEL": " ", "DUNAM": "1.4", "LANDUSE": " ", "PARKINGN": "12", "FLOORS": "1", "BUSS_N": "0", "BUSDROP_N": "0", "BUSSD_N": "0", "TIFULLN": "12", "NIGHTP_N": "0", "RAVKAVN": "0", "CALP_AREA": "1.5", "PINUYY": "0", "COMMENTS": " ", "SOURCE": " ", "D_UPDATE": "", "YEARMONTH": "202605", "OPENYEAR": "2021", "T_TYPE": "מסוף תפעולי", "TRAVELERS": "לא", "CLOSEYEAR": "פתוח", "PARK_RIDE": "לא", "DRIVERSR": "לא קיים", "TOILET": " ", "SIZERANK": "קטן", "COMMERCIAL": "לא", "STATUS": "קיים", "MATAN": " ", "ECharge_N": " ", "KISSNRIDE": " ", "BIC_PARK": " ", "BUSPARKN": " ", "MAAVAR": "לא", "OWN": "לא ידוע", "Shape_Length": "156.46843346278263", "Shape_Area": "1403.2035041302927" }, "geometry": { "type": "Point", "coordinates": [ 35.15801, 31.86379 ] } },
{ "type": "Feature", "properties": { "OID": "-1", "MAKAT": "700013", "NAME": "חניון עטרות ירושלים- מערבי", "DISTRICT": "ירושלים", "AUTHORITY": "ירושלים", "AUTHCODE": "3000", "X": "220548.38", "Y": "640577.59", "ADDRESS": "היצירה 11, מפעלות 11", "BLOCK": "29510", "PARCEL": "164, 165", "DUNAM": "9.97", "LANDUSE": " ", "PARKINGN": "40", "FLOORS": "1", "BUSS_N": "0", "BUSDROP_N": "0", "BUSSD_N": "0", "TIFULLN": "40", "NIGHTP_N": "40", "RAVKAVN": "0", "CALP_AREA": "5.0", "PINUYY": "0", "COMMENTS": " ", "SOURCE": " ", "D_UPDATE": "2025-06-24 00:00:00", "YEARMONTH": "202605", "OPENYEAR": "2021", "T_TYPE": "מסוף תפעולי משולב עם חניון לילה", "TRAVELERS": "לא", "CLOSEYEAR": "פתוח", "PARK_RIDE": "לא", "DRIVERSR": "קיים", "TOILET": " ", "SIZERANK": "בינוני", "COMMERCIAL": "לא", "STATUS": "קיים", "MATAN": " ", "ECharge_N": " ", "KISSNRIDE": " ", "BIC_PARK": " ", "BUSPARKN": "40", "MAAVAR": "לא", "OWN": " ", "Shape_Length": "381.9584413723673", "Shape_Area": "9958.632695287914" }, "geometry": { "type": "Point", "coordinates": [ 35.21598, 31.85805 ] } },
{ "type": "Feature", "properties": { "OID": "-1", "MAKAT": "700008", "NAME": "חניון עטרות ירושלים -מזרחי", "DISTRICT": "ירושלים", "AUTHORITY": "ירושלים", "AUTHCODE": "3000", "X": "220978.54", "Y": "640462.99", "ADDRESS": " ", "BLOCK": "29668", "PARCEL": "4", "DUNAM": "14.02", "LANDUSE": " ", "PARKINGN": "120", "FLOORS": "1", "BUSS_N": "0", "BUSDROP_N": "0", "BUSSD_N": "0", "TIFULLN": "120", "NIGHTP_N": "120", "RAVKAVN": "0", "CALP_AREA": "15.0", "PINUYY": "0", "COMMENTS": " ", "SOURCE": "צתא\"\"ל", "D_UPDATE": "2025-06-30 00:00:00", "YEARMONTH": "202605", "OPENYEAR": "2021", "T_TYPE": "מסוף תפעולי משולב עם חניון לילה", "TRAVELERS": "לא", "CLOSEYEAR": "פתוח", "PARK_RIDE": "לא", "DRIVERSR": "קיים", "TOILET": " ", "SIZERANK": "בינוני", "COMMERCIAL": "לא", "STATUS": "קיים", "MATAN": " ", "ECharge_N": " ", "KISSNRIDE": " ", "BIC_PARK": " ", "BUSPARKN": "90", "MAAVAR": "לא", "OWN": "פרטי נצב\"\"א", "Shape_Length": "588.7345407494437", "Shape_Area": "14007.028422502566" }, "geometry": { "type": "Point", "coordinates": [ 35.22052, 31.85701 ] } },
{ "type": "Feature", "properties": { "OID": "-1", "MAKAT": "700229", "NAME": "שדה תעופה עטרות", "DISTRICT": "ירושלים", "AUTHORITY": "ירושלים", "AUTHCODE": "3000", "X": "221314.38", "Y": "641221.72", "ADDRESS": " ", "BLOCK": "29511", "PARCEL": "22, 23, 32, 33, 34, 35, 36, 37, 38, 96, 98", "DUNAM": "71.88", "LANDUSE": " ", "PARKINGN": "440", "FLOORS": "1", "BUSS_N": "0", "BUSDROP_N": "0", "BUSSD_N": "0", "TIFULLN": "440", "NIGHTP_N": "440", "RAVKAVN": "0", "CALP_AREA": "55.0", "PINUYY": "0", "COMMENTS": " ", "SOURCE": " ", "D_UPDATE": "", "YEARMONTH": "202605", "OPENYEAR": "2021", "T_TYPE": "מסוף תפעולי משולב עם חניון לילה", "TRAVELERS": "לא", "CLOSEYEAR": "פתוח", "PARK_RIDE": "לא", "DRIVERSR": "קיים", "TOILET": " ", "SIZERANK": "גדול", "COMMERCIAL": "לא", "STATUS": "קיים", "MATAN": " ", "ECharge_N": " ", "KISSNRIDE": " ", "BIC_PARK": " ", "BUSPARKN": " ", "MAAVAR": "כן", "OWN": "רמ\"\"י", "Shape_Length": "1260.5294012934776", "Shape_Area": "71822.9220163539" }, "geometry": { "type": "Point", "coordinates": [ 35.22407, 31.86385 ] } },
{ "type": "Feature", "properties": { "OID": "-1", "MAKAT": "700038", "NAME": "מסוף קלנדיה", "DISTRICT": "ירושלים", "AUTHORITY": "ירושלים", "AUTHCODE": "3000", "X": "221610.88", "Y": "641135.17", "ADDRESS": " ", "BLOCK": "29511, 30631, 31390", "PARCEL": "38, 39 / 1", "DUNAM": "3.94", "LANDUSE": " ", "PARKINGN": "15", "FLOORS": "1", "BUSS_N": "6", "BUSDROP_N": "1", "BUSSD_N": "0", "TIFULLN": "15", "NIGHTP_N": "15", "RAVKAVN": "0", "CALP_AREA": "1.88", "PINUYY": "0", "COMMENTS": " ", "SOURCE": " ", "D_UPDATE": "", "YEARMONTH": "202605", "OPENYEAR": "2021", "T_TYPE": "מסוף תפעולי משולב עם חניון לילה", "TRAVELERS": "כן", "CLOSEYEAR": "פתוח", "PARK_RIDE": "לא", "DRIVERSR": "קיים", "TOILET": " ", "SIZERANK": "קטן", "COMMERCIAL": "לא", "STATUS": "קיים", "MATAN": " ", "ECharge_N": " ", "KISSNRIDE": " ", "BIC_PARK": " ", "BUSPARKN": " ", "MAAVAR": "כן", "OWN": "רמ\"\"י", "Shape_Length": "240.8631139338917", "Shape_Area": "3939.8109500415403" }, "geometry": { "type": "Point", "coordinates": [ 35.22721, 31.86307 ] } },
{ "type": "Feature", "properties": { "OID": "-1", "MAKAT": "760009", "NAME": "מסוף מעלה אדומים", "DISTRICT": "איו\"\"ש", "AUTHORITY": "מעלה אדומים", "AUTHCODE": "3616", "X": "227787.68", "Y": "630494.49", "ADDRESS": " ", "BLOCK": " ", "PARCEL": " ", "DUNAM": "1.71", "LANDUSE": " ", "PARKINGN": "20", "FLOORS": "1", "BUSS_N": "0", "BUSDROP_N": "0", "BUSSD_N": "0", "TIFULLN": "20", "NIGHTP_N": "0", "RAVKAVN": "0", "CALP_AREA": "2.5", "PINUYY": "0", "COMMENTS": " ", "SOURCE": " ", "D_UPDATE": "", "YEARMONTH": "202605", "OPENYEAR": "2021", "T_TYPE": "מסוף תפעולי", "TRAVELERS": "לא", "CLOSEYEAR": "פתוח", "PARK_RIDE": "לא", "DRIVERSR": "קיים", "TOILET": " ", "SIZERANK": "קטן", "COMMERCIAL": "לא", "STATUS": "קיים", "MATAN": " ", "ECharge_N": " ", "KISSNRIDE": " ", "BIC_PARK": " ", "BUSPARKN": " ", "MAAVAR": "לא", "OWN": "לא ידוע", "Shape_Length": "209.52012174751167", "Shape_Area": "1711.5327943028801" }, "geometry": { "type": "Point", "coordinates": [ 35.29239, 31.76708 ] } },
{ "type": "Feature", "properties": { "OID": "-1", "MAKAT": "760008", "NAME": "חניון לילה מישור אדומים", "DISTRICT": "איו\"\"ש", "AUTHORITY": "מעלה אדומים", "AUTHCODE": "3616", "X": "230978.45", "Y": "633827.71", "ADDRESS": "אוגדה 43", "BLOCK": " ", "PARCEL": " ", "DUNAM": "13.74", "LANDUSE": " ", "PARKINGN": "98", "FLOORS": "1", "BUSS_N": "0", "BUSDROP_N": "0", "BUSSD_N": "0", "TIFULLN": "98", "NIGHTP_N": "98", "RAVKAVN": "0", "CALP_AREA": "12.25", "PINUYY": "0", "COMMENTS": " ", "SOURCE": " ", "D_UPDATE": "", "YEARMONTH": "202605", "OPENYEAR": "2021", "T_TYPE": "מסוף תפעולי משולב עם חניון לילה", "TRAVELERS": "לא", "CLOSEYEAR": "פתוח", "PARK_RIDE": "לא", "DRIVERSR": "קיים", "TOILET": " ", "SIZERANK": "בינוני", "COMMERCIAL": "לא", "STATUS": "קיים", "MATAN": " ", "ECharge_N": " ", "KISSNRIDE": " ", "BIC_PARK": " ", "BUSPARKN": "98", "MAAVAR": "לא", "OWN": "לא ידוע", "Shape_Length": "463.04968609279035", "Shape_Area": "13726.381003415423" }, "geometry": { "type": "Point", "coordinates": [ 35.32611, 31.79712 ] } },
{ "type": "Feature", "properties": { "OID": "-1", "MAKAT": "760006", "NAME": "מסוף שער בנימין", "DISTRICT": "איו\"\"ש", "AUTHORITY": "מטה בנימין", "AUTHCODE": "3763", "X": "224906.02", "Y": "641375.99", "ADDRESS": " ", "BLOCK": " ", "PARCEL": " ", "DUNAM": "5.49", "LANDUSE": " ", "PARKINGN": "8", "FLOORS": "1", "BUSS_N": "0", "BUSDROP_N": "0", "BUSSD_N": "0", "TIFULLN": "8", "NIGHTP_N": "8", "RAVKAVN": "0", "CALP_AREA": "1.0", "PINUYY": "0", "COMMENTS": " ", "SOURCE": " ", "D_UPDATE": "", "YEARMONTH": "202605", "OPENYEAR": "2022", "T_TYPE": "מסוף תפעולי משולב עם חניון לילה", "TRAVELERS": "לא", "CLOSEYEAR": "פתוח", "PARK_RIDE": "לא", "DRIVERSR": "קיים", "TOILET": " ", "SIZERANK": "בינוני", "COMMERCIAL": "לא", "STATUS": "קיים", "MATAN": " ", "ECharge_N": " ", "KISSNRIDE": " ", "BIC_PARK": " ", "BUSPARKN": " ", "MAAVAR": "לא", "OWN": "מדינה (יו\"\"ש)", "Shape_Length": "315.28914597980486", "Shape_Area": "5487.444906433777" }, "geometry": { "type": "Point", "coordinates": [ 35.26203, 31.86523 ] } },
{ "type": "Feature", "properties": { "OID": "-1", "MAKAT": "760214", "NAME": "חניון שער בנימין", "DISTRICT": "איו\"\"ש", "AUTHORITY": "מטה בנימין", "AUTHCODE": "3763", "X": "225222.46", "Y": "641392.58", "ADDRESS": " ", "BLOCK": " ", "PARCEL": " ", "DUNAM": "15.17", "LANDUSE": " ", "PARKINGN": "70", "FLOORS": "1", "BUSS_N": "0", "BUSDROP_N": "0", "BUSSD_N": "0", "TIFULLN": "70", "NIGHTP_N": "70", "RAVKAVN": "0", "CALP_AREA": "8.75", "PINUYY": "0", "COMMENTS": " ", "SOURCE": " ", "D_UPDATE": "", "YEARMONTH": "202605", "OPENYEAR": "2025", "T_TYPE": "מסוף תפעולי משולב עם חניון לילה", "TRAVELERS": "לא", "CLOSEYEAR": "פתוח", "PARK_RIDE": "לא", "DRIVERSR": "קיים", "TOILET": " ", "SIZERANK": "גדול", "COMMERCIAL": "לא", "STATUS": "קיים", "MATAN": " ", "ECharge_N": " ", "KISSNRIDE": " ", "BIC_PARK": " ", "BUSPARKN": " ", "MAAVAR": "לא", "OWN": "מדינה (יו\"\"ש)", "Shape_Length": "536.808440182168", "Shape_Area": "15160.818163927719" }, "geometry": { "type": "Point", "coordinates": [ 35.26537, 31.86538 ] } },
{ "type": "Feature", "properties": { "OID": "-1", "MAKAT": "760216", "NAME": "אוניברסיטת אריאל", "DISTRICT": "איו\"\"ש", "AUTHORITY": "שומרון", "AUTHCODE": "MR72", "X": "220088.57", "Y": "667547.99", "ADDRESS": " ", "BLOCK": " ", "PARCEL": " ", "DUNAM": "17.01", "LANDUSE": " ", "PARKINGN": "8", "FLOORS": "1", "BUSS_N": "0", "BUSDROP_N": "0", "BUSSD_N": "0", "TIFULLN": "8", "NIGHTP_N": "0", "RAVKAVN": "0", "CALP_AREA": "1.0", "PINUYY": "0", "COMMENTS": " ", "SOURCE": " ", "D_UPDATE": "", "YEARMONTH": "202605", "OPENYEAR": "2024", "T_TYPE": "מסוף תפעולי", "TRAVELERS": "לא", "CLOSEYEAR": "פתוח", "PARK_RIDE": "לא", "DRIVERSR": "קיים", "TOILET": " ", "SIZERANK": "גדול", "COMMERCIAL": "לא", "STATUS": "קיים", "MATAN": " ", "ECharge_N": " ", "KISSNRIDE": " ", "BIC_PARK": " ", "BUSPARKN": " ", "MAAVAR": "לא", "OWN": "לא ידוע", "Shape_Length": "551.9583456669222", "Shape_Area": "16996.07574383337" }, "geometry": { "type": "Point", "coordinates": [ 35.21114, 32.10127 ] } },
{ "type": "Feature", "properties": { "OID": "-1", "MAKAT": "760000", "NAME": "חניון לילה אריאל", "DISTRICT": "איו\"\"ש", "AUTHORITY": "אריאל", "AUTHCODE": "3570", "X": "220065.98", "Y": "668110.3", "ADDRESS": " ", "BLOCK": " ", "PARCEL": " ", "DUNAM": "9.54", "LANDUSE": " ", "PARKINGN": "48", "FLOORS": "1", "BUSS_N": "0", "BUSDROP_N": "0", "BUSSD_N": "0", "TIFULLN": "67", "NIGHTP_N": "67", "RAVKAVN": "0", "CALP_AREA": "6.0", "PINUYY": "0", "COMMENTS": " ", "SOURCE": " ", "D_UPDATE": "", "YEARMONTH": "202605", "OPENYEAR": "2021", "T_TYPE": "מסוף תפעולי משולב עם חניון לילה", "TRAVELERS": "לא", "CLOSEYEAR": "פתוח", "PARK_RIDE": "לא", "DRIVERSR": "קיים", "TOILET": " ", "SIZERANK": "בינוני", "COMMERCIAL": "לא", "STATUS": "קיים", "MATAN": " ", "ECharge_N": " ", "KISSNRIDE": " ", "BIC_PARK": " ", "BUSPARKN": "67", "MAAVAR": "לא", "OWN": " ", "Shape_Length": "537.5519669516278", "Shape_Area": "9535.448239435476" }, "geometry": { "type": "Point", "coordinates": [ 35.2109, 32.10634 ] } },
{ "type": "Feature", "properties": { "OID": "-1", "MAKAT": "760217", "NAME": "רחלים", "DISTRICT": "איו\"\"ש", "AUTHORITY": "שומרון", "AUTHCODE": "MR72", "X": "223067.84", "Y": "667168.46", "ADDRESS": " ", "BLOCK": " ", "PARCEL": " ", "DUNAM": "52.31", "LANDUSE": " ", "PARKINGN": "255", "FLOORS": "1", "BUSS_N": "0", "BUSDROP_N": "0", "BUSSD_N": "0", "TIFULLN": "255", "NIGHTP_N": "255", "RAVKAVN": "0", "CALP_AREA": "31.88", "PINUYY": "0", "COMMENTS": " ", "SOURCE": " ", "D_UPDATE": "", "YEARMONTH": "202605", "OPENYEAR": "2024", "T_TYPE": "מסוף תפעולי משולב עם חניון לילה", "TRAVELERS": "לא", "CLOSEYEAR": "פתוח", "PARK_RIDE": "לא", "DRIVERSR": "קיים", "TOILET": " ", "SIZERANK": "גדול", "COMMERCIAL": "לא", "STATUS": "קיים", "MATAN": " ", "ECharge_N": " ", "KISSNRIDE": " ", "BIC_PARK": " ", "BUSPARKN": " ", "MAAVAR": "לא", "OWN": "מדינה (יו\"\"ש)", "Shape_Length": "1726.3740283483817", "Shape_Area": "52270.92303325719" }, "geometry": { "type": "Point", "coordinates": [ 35.2427, 32.09784 ] } },
{ "type": "Feature", "properties": { "OID": "-1", "MAKAT": "750000", "NAME": "תחנה מרכזית בית שאן", "DISTRICT": "צפון", "AUTHORITY": "בית שאן", "AUTHCODE": "9200", "X": "247780.03", "Y": "711601.03", "ADDRESS": " ", "BLOCK": "22876, 22877", "PARCEL": "44-47, 142, 149 / 9-11, 42, 50", "DUNAM": "3.27", "LANDUSE": "קרקע מעורב מרכז תיירות , חנייה מגוננת, מרכז תחבורה", "PARKINGN": "12", "FLOORS": "1", "BUSS_N": "6", "BUSDROP_N": "1", "BUSSD_N": "0", "TIFULLN": "12", "NIGHTP_N": "12", "RAVKAVN": "1", "CALP_AREA": "1.5", "PINUYY": "0", "COMMENTS": " ", "SOURCE": " ", "D_UPDATE": "", "YEARMONTH": "202605", "OPENYEAR": "לא ידוע", "T_TYPE": "מסוף תפעולי משולב עם חניון לילה", "TRAVELERS": "כן", "CLOSEYEAR": "פתוח", "PARK_RIDE": "לא", "DRIVERSR": "קיים", "TOILET": " ", "SIZERANK": "קטן", "COMMERCIAL": "לא", "STATUS": "קיים", "MATAN": " ", "ECharge_N": " ", "KISSNRIDE": " ", "BIC_PARK": " ", "BUSPARKN": " ", "MAAVAR": "לא", "OWN": "רמ\"\"י", "Shape_Length": "213.1315328447554", "Shape_Area": "3267.0300686200776" }, "geometry": { "type": "Point", "coordinates": [ 35.50582, 32.49816 ] } },
{ "type": "Feature", "properties": { "OID": "-1", "MAKAT": "740005", "NAME": "מרכז מיר\"\"ב", "DISTRICT": "חיפה", "AUTHORITY": "חוף הכרמל", "AUTHCODE": "1715", "X": "196943.22", "Y": "728075.4", "ADDRESS": " ", "BLOCK": "12005", "PARCEL": "85,86", "DUNAM": "1.64", "LANDUSE": "שטח חקלאי, מבני ציבור", "PARKINGN": "8", "FLOORS": "1", "BUSS_N": "0", "BUSDROP_N": "0", "BUSSD_N": "8", "TIFULLN": "8", "NIGHTP_N": "0", "RAVKAVN": "0", "CALP_AREA": "1.0", "PINUYY": "0", "COMMENTS": "שירותים ציבורים במבנה הסמוך", "SOURCE": "סקר", "D_UPDATE": "2026-02-22 00:00:00", "YEARMONTH": "202605", "OPENYEAR": "לא ידוע", "T_TYPE": "חניון לילה", "TRAVELERS": "כן", "CLOSEYEAR": "פתוח", "PARK_RIDE": "כן", "DRIVERSR": "קיים", "TOILET": "כן", "SIZERANK": "קטן", "COMMERCIAL": "לא", "STATUS": "קיים", "MATAN": " ", "ECharge_N": " ", "KISSNRIDE": " ", "BIC_PARK": " ", "BUSPARKN": " ", "MAAVAR": "לא", "OWN": "רמ\"\"י", "Shape_Length": "262.5078118781248", "Shape_Area": "1641.1479010732812" }, "geometry": { "type": "Point", "coordinates": [ 34.96449, 32.64685 ] } },
{ "type": "Feature", "properties": { "OID": "-1", "MAKAT": "750036", "NAME": "מסוף שער הגיא", "DISTRICT": "צפון", "AUTHORITY": "יקנעם עילית", "AUTHCODE": "0240", "X": "207850.73", "Y": "726842.3", "ADDRESS": " ", "BLOCK": "12741", "PARCEL": "98", "DUNAM": "0.71", "LANDUSE": " ", "PARKINGN": "4", "FLOORS": "1", "BUSS_N": "0", "BUSDROP_N": "0", "BUSSD_N": "0", "TIFULLN": "4", "NIGHTP_N": "0", "RAVKAVN": "0", "CALP_AREA": "0.5", "PINUYY": "0", "COMMENTS": " ", "SOURCE": "סקר", "D_UPDATE": "2026-02-22 00:00:00", "YEARMONTH": "202605", "OPENYEAR": "לא ידוע", "T_TYPE": "מסוף תפעולי", "TRAVELERS": "כן", "CLOSEYEAR": "פתוח", "PARK_RIDE": "כן", "DRIVERSR": "קיים", "TOILET": "לא", "SIZERANK": "קטן", "COMMERCIAL": "לא", "STATUS": "קיים", "MATAN": " ", "ECharge_N": " ", "KISSNRIDE": " ", "BIC_PARK": " ", "BUSPARKN": " ", "MAAVAR": "לא", "OWN": " ", "Shape_Length": "135.0567440205998", "Shape_Area": "708.6574505035725" }, "geometry": { "type": "Point", "coordinates": [ 35.08076, 32.6359 ] } },
{ "type": "Feature", "properties": { "OID": "-1", "MAKAT": "740013", "NAME": "מסוף אוניברסיטת חיפה", "DISTRICT": "חיפה", "AUTHORITY": "נשר", "AUTHCODE": "2500", "X": "202427.49", "Y": "740389.29", "ADDRESS": " ", "BLOCK": "11882", "PARCEL": "38, 39, 40, 97", "DUNAM": "2.6", "LANDUSE": "מבנים ומוסדות ציבור לחינוך", "PARKINGN": "15", "FLOORS": "1", "BUSS_N": "0", "BUSDROP_N": "0", "BUSSD_N": "0", "TIFULLN": "15", "NIGHTP_N": "0", "RAVKAVN": "0", "CALP_AREA": "1.88", "PINUYY": "0", "COMMENTS": " ", "SOURCE": "סקר", "D_UPDATE": "2026-02-22 00:00:00", "YEARMONTH": "202605", "OPENYEAR": "לא ידוע", "T_TYPE": "מסוף תפעולי משולב עם חניון לילה", "TRAVELERS": "לא", "CLOSEYEAR": "פתוח", "PARK_RIDE": "כן", "DRIVERSR": "קיים", "TOILET": "לא", "SIZERANK": "קטן", "COMMERCIAL": "לא", "STATUS": "קיים", "MATAN": " ", "ECharge_N": " ", "KISSNRIDE": " ", "BIC_PARK": " ", "BUSPARKN": "15", "MAAVAR": "לא", "OWN": "מעורב", "Shape_Length": "204.73261159588492", "Shape_Area": "2603.4318343614814" }, "geometry": { "type": "Point", "coordinates": [ 35.02272, 32.75798 ] } },
{ "type": "Feature", "properties": { "OID": "-1", "MAKAT": "740014", "NAME": "חניון לילה עספיא", "DISTRICT": "חיפה", "AUTHORITY": "עספיא", "AUTHCODE": "0534", "X": "205761.73", "Y": "734633.57", "ADDRESS": "אבא חושי 17", "BLOCK": "17134", "PARCEL": "57", "DUNAM": "2.89", "LANDUSE": " ", "PARKINGN": "11", "FLOORS": "1", "BUSS_N": "0", "BUSDROP_N": "0", "BUSSD_N": "0", "TIFULLN": "11", "NIGHTP_N": "11", "RAVKAVN": "0", "CALP_AREA": "1.38", "PINUYY": "0", "COMMENTS": " ", "SOURCE": " ", "D_UPDATE": "", "YEARMONTH": "202605", "OPENYEAR": "לא ידוע", "T_TYPE": "מסוף תפעולי משולב עם חניון לילה", "TRAVELERS": "לא", "CLOSEYEAR": "פתוח", "PARK_RIDE": "לא", "DRIVERSR": "קיים", "TOILET": " ", "SIZERANK": "קטן", "COMMERCIAL": "לא", "STATUS": "קיים", "MATAN": " ", "ECharge_N": " ", "KISSNRIDE": " ", "BIC_PARK": " ", "BUSPARKN": "11", "MAAVAR": "לא", "OWN": " ", "Shape_Length": "244.90474462914332", "Shape_Area": "2889.0514312932587" }, "geometry": { "type": "Point", "coordinates": [ 35.05839, 32.70613 ] } },
{ "type": "Feature", "properties": { "OID": "-1", "MAKAT": "750004", "NAME": "מסוף יקנעם", "DISTRICT": "צפון", "AUTHORITY": "יקנעם עילית", "AUTHCODE": "0240", "X": "210053.91", "Y": "729395.64", "ADDRESS": " ", "BLOCK": "11098, 11495", "PARCEL": "381 / 128, 188", "DUNAM": "1.82", "LANDUSE": " ", "PARKINGN": "20", "FLOORS": "1", "BUSS_N": "3", "BUSDROP_N": "2", "BUSSD_N": "0", "TIFULLN": "20", "NIGHTP_N": "0", "RAVKAVN": "1", "CALP_AREA": "2.5", "PINUYY": "0", "COMMENTS": "המסוף מחולק לשני חלקים, שרותים + אזורי מסחר בקניון", "SOURCE": "סקר", "D_UPDATE": "2026-02-22 00:00:00", "YEARMONTH": "202605", "OPENYEAR": "לא ידוע", "T_TYPE": "מסוף תפעולי", "TRAVELERS": "כן", "CLOSEYEAR": "פתוח", "PARK_RIDE": "כן", "DRIVERSR": "קיים", "TOILET": "כן", "SIZERANK": "קטן", "COMMERCIAL": "כן", "STATUS": "קיים", "MATAN": " ", "ECharge_N": " ", "KISSNRIDE": " ", "BIC_PARK": " ", "BUSPARKN": "8", "MAAVAR": "לא", "OWN": " ", "Shape_Length": "314.24762238175117", "Shape_Area": "1822.445154053287" }, "geometry": { "type": "Point", "coordinates": [ 35.10422, 32.65894 ] } },
{ "type": "Feature", "properties": { "OID": "-1", "MAKAT": "750023", "NAME": "מסוף רכבת כפר יהושע", "DISTRICT": "צפון", "AUTHORITY": "עמק יזרעאל", "AUTHCODE": "5509", "X": "212147.17", "Y": "731847.29", "ADDRESS": " ", "BLOCK": "12716", "PARCEL": "58", "DUNAM": "5.12", "LANDUSE": "מסילת ברזל קיימת/ מוצעת", "PARKINGN": "8", "FLOORS": "1", "BUSS_N": "3", "BUSDROP_N": "1", "BUSSD_N": "0", "TIFULLN": "8", "NIGHTP_N": "0", "RAVKAVN": "0", "CALP_AREA": "1.0", "PINUYY": "0", "COMMENTS": "שירותים בתחנת רכבת", "SOURCE": "סקר", "D_UPDATE": "2026-02-22 00:00:00", "YEARMONTH": "202605", "OPENYEAR": "לא ידוע", "T_TYPE": "מסוף תפעולי", "TRAVELERS": "כן", "CLOSEYEAR": "פתוח", "PARK_RIDE": "כן", "DRIVERSR": "לא קיים", "TOILET": "כן", "SIZERANK": "בינוני", "COMMERCIAL": "לא", "STATUS": "קיים", "MATAN": "רכבת כבדה", "ECharge_N": " ", "KISSNRIDE": "8", "BIC_PARK": "20", "BUSPARKN": " ", "MAAVAR": "לא", "OWN": "רמ\"\"י", "Shape_Length": "341.64146839638573", "Shape_Area": "5117.400070296157" }, "geometry": { "type": "Point", "coordinates": [ 35.12651, 32.68107 ] } },
{ "type": "Feature", "properties": { "OID": "-1", "MAKAT": "740001", "NAME": "חניון לילה ג'למה", "DISTRICT": "חיפה", "AUTHORITY": "זבולון", "AUTHCODE": "5512", "X": "208827.93", "Y": "737029.35", "ADDRESS": " ", "BLOCK": "17172", "PARCEL": "68, 87, 97", "DUNAM": "6.27", "LANDUSE": " ", "PARKINGN": "100", "FLOORS": "1", "BUSS_N": "0", "BUSDROP_N": "0", "BUSSD_N": "0", "TIFULLN": "100", "NIGHTP_N": "100", "RAVKAVN": "0", "CALP_AREA": "12.5", "PINUYY": "0", "COMMENTS": " ", "SOURCE": " ", "D_UPDATE": "", "YEARMONTH": "202605", "OPENYEAR": "לא ידוע", "T_TYPE": "מסוף תפעולי משולב עם חניון לילה", "TRAVELERS": "לא", "CLOSEYEAR": "פתוח", "PARK_RIDE": "לא", "DRIVERSR": "קיים", "TOILET": " ", "SIZERANK": "בינוני", "COMMERCIAL": "לא", "STATUS": "קיים", "MATAN": " ", "ECharge_N": " ", "KISSNRIDE": " ", "BIC_PARK": " ", "BUSPARKN": "100", "MAAVAR": "לא", "OWN": " ", "Shape_Length": "326.66742128762036", "Shape_Area": "6263.227132841707" }, "geometry": { "type": "Point", "coordinates": [ 35.09106, 32.72777 ] } },
{ "type": "Feature", "properties": { "OID": "-1", "MAKAT": "740012", "NAME": "מסוף יגור", "DISTRICT": "חיפה", "AUTHORITY": "זבולון", "AUTHCODE": "0096", "X": "206864.97", "Y": "739350.81", "ADDRESS": " ", "BLOCK": "11358", "PARCEL": "20", "DUNAM": "4.49", "LANDUSE": "חניון / דרך מאושרת", "PARKINGN": "20", "FLOORS": "1", "BUSS_N": "0", "BUSDROP_N": "0", "BUSSD_N": "0", "TIFULLN": "20", "NIGHTP_N": "0", "RAVKAVN": "0", "CALP_AREA": "2.5", "PINUYY": "0", "COMMENTS": " ", "SOURCE": "סופרבוס", "D_UPDATE": "2025-06-19 00:00:00", "YEARMONTH": "202605", "OPENYEAR": "לא ידוע", "T_TYPE": "מסוף תפעולי", "TRAVELERS": "לא", "CLOSEYEAR": "פתוח", "PARK_RIDE": "כן", "DRIVERSR": "קיים", "TOILET": "לא", "SIZERANK": "קטן", "COMMERCIAL": "לא", "STATUS": "קיים", "MATAN": "BRT", "ECharge_N": " ", "KISSNRIDE": " ", "BIC_PARK": " ", "BUSPARKN": "20", "MAAVAR": "לא", "OWN": "רמ\"\"י", "Shape_Length": "329.84506325103945", "Shape_Area": "4483.49999300244" }, "geometry": { "type": "Point", "coordinates": [ 35.07009, 32.74868 ] } },
{ "type": "Feature", "properties": { "OID": "-1", "MAKAT": "740008", "NAME": "תחנה מרכזית חוף הכרמל חיפה", "DISTRICT": "חיפה", "AUTHORITY": "חיפה", "AUTHCODE": "4000", "X": "196474.07", "Y": "744347.68", "ADDRESS": "אנדרה סחרוב 16, מאיר זורע 1, אנדרה סחרוב 16", "BLOCK": "10737", "PARCEL": "61", "DUNAM": "46.02", "LANDUSE": "מסחר ותעסוקה ותחבורה, דרך מאושרת, דרך מוצעת דרך ו\\או טיפול נופי, מסילה מאושרת, שצ\"פ", "PARKINGN": "104", "FLOORS": "1", "BUSS_N": "18", "BUSDROP_N": "2", "BUSSD_N": "0", "TIFULLN": "104", "NIGHTP_N": "104", "RAVKAVN": "4", "CALP_AREA": "13.0", "PINUYY": "0", "COMMENTS": " ", "SOURCE": "סקר", "D_UPDATE": "2026-02-22 00:00:00", "YEARMONTH": "202605", "OPENYEAR": "2003", "T_TYPE": "מסוף תפעולי משולב עם חניון לילה", "TRAVELERS": "כן", "CLOSEYEAR": "פתוח", "PARK_RIDE": "כן", "DRIVERSR": "קיים", "TOILET": "כן", "SIZERANK": "גדול", "COMMERCIAL": "כן", "STATUS": "קיים", "MATAN": "רכבת כבדה", "ECharge_N": "44", "KISSNRIDE": " ", "BIC_PARK": " ", "BUSPARKN": "92", "MAAVAR": "לא", "OWN": "מעורב", "Shape_Length": "1101.8330668811982", "Shape_Area": "46000.88601285282" }, "geometry": { "type": "Point", "coordinates": [ 34.95909, 32.79357 ] } },
{ "type": "Feature", "properties": { "OID": "-1", "MAKAT": "740009", "NAME": "רכבת בת גלים", "DISTRICT": "חיפה", "AUTHORITY": "חיפה", "AUTHCODE": "4000", "X": "198851.77", "Y": "748398.26", "ADDRESS": "עליית הנוער 1", "BLOCK": "10919", "PARCEL": "47, 48, 53, 58", "DUNAM": "3.4", "LANDUSE": "מסילת ברזל", "PARKINGN": "15", "FLOORS": "1", "BUSS_N": "0", "BUSDROP_N": "0", "BUSSD_N": "0", "TIFULLN": "15", "NIGHTP_N": "0", "RAVKAVN": "0", "CALP_AREA": "1.88", "PINUYY": "0", "COMMENTS": " ", "SOURCE": "מעורב", "D_UPDATE": "2025-12-12 00:00:00", "YEARMONTH": "202605", "OPENYEAR": "לא ידוע", "T_TYPE": "מסוף תפעולי", "TRAVELERS": "כן", "CLOSEYEAR": "פתוח", "PARK_RIDE": "כן", "DRIVERSR": "קיים", "TOILET": " ", "SIZERANK": "קטן", "COMMERCIAL": "לא", "STATUS": "קיים", "MATAN": "רכבת כבדה", "ECharge_N": " ", "KISSNRIDE": " ", "BIC_PARK": " ", "BUSPARKN": "15", "MAAVAR": "לא", "OWN": "מעורב", "Shape_Length": "270.42044267549215", "Shape_Area": "3395.4474156644487" }, "geometry": { "type": "Point", "coordinates": [ 34.98438, 32.83014 ] } },
{ "type": "Feature", "properties": { "OID": "-1", "MAKAT": "720007", "NAME": "מסוף כורזין גבעתיים", "DISTRICT": "תל אביב", "AUTHORITY": "גבעתיים", "AUTHCODE": "6300", "X": "182830.22", "Y": "663034.32", "ADDRESS": " ", "BLOCK": "6156", "PARCEL": "490", "DUNAM": "0.46", "LANDUSE": "שצ\"\"פ", "PARKINGN": "5", "FLOORS": "1", "BUSS_N": "0", "BUSDROP_N": "0", "BUSSD_N": "2", "TIFULLN": "5", "NIGHTP_N": "0", "RAVKAVN": "0", "CALP_AREA": "0.63", "PINUYY": "0", "COMMENTS": " ", "SOURCE": " ", "D_UPDATE": "", "YEARMONTH": "202605", "OPENYEAR": "לא ידוע", "T_TYPE": "מסוף תפעולי", "TRAVELERS": "כן", "CLOSEYEAR": "פתוח", "PARK_RIDE": "לא", "DRIVERSR": "לא קיים", "TOILET": " ", "SIZERANK": "קטן", "COMMERCIAL": "כן", "STATUS": "קיים", "MATAN": " ", "ECharge_N": " ", "KISSNRIDE": " ", "BIC_PARK": " ", "BUSPARKN": " ", "MAAVAR": "לא", "OWN": "רמ\"\"י", "Shape_Length": "171.61838100798167", "Shape_Area": "456.0738426832451" }, "geometry": { "type": "Point", "coordinates": [ 34.81659, 32.05997 ] } },
{ "type": "Feature", "properties": { "OID": "-1", "MAKAT": "720029", "NAME": "מסוף מערבי רכבת אוניברסיטה תל אביב", "DISTRICT": "תל אביב", "AUTHORITY": "תל אביב יפו", "AUTHCODE": "5000", "X": "181667.52", "Y": "668008.19", "ADDRESS": " ", "BLOCK": "6647", "PARCEL": "91", "DUNAM": "3.97", "LANDUSE": "דרך מוצעת או הרחבה", "PARKINGN": "16", "FLOORS": "1", "BUSS_N": "3", "BUSDROP_N": "1", "BUSSD_N": "2", "TIFULLN": "16", "NIGHTP_N": "0", "RAVKAVN": "0", "CALP_AREA": "2.0", "PINUYY": "0", "COMMENTS": " ", "SOURCE": "מעורב", "D_UPDATE": "2025-06-23 00:00:00", "YEARMONTH": "202605", "OPENYEAR": "לא ידוע", "T_TYPE": "מסוף תפעולי", "TRAVELERS": "כן", "CLOSEYEAR": "פתוח", "PARK_RIDE": "כן", "DRIVERSR": "קיים", "TOILET": " ", "SIZERANK": "קטן", "COMMERCIAL": "לא", "STATUS": "קיים", "MATAN": "רכבת כבדה", "ECharge_N": " ", "KISSNRIDE": " ", "BIC_PARK": " ", "BUSPARKN": "16", "MAAVAR": "לא", "OWN": "רשות מקומית", "Shape_Length": "279.209611717002", "Shape_Area": "3966.2932706832144" }, "geometry": { "type": "Point", "coordinates": [ 34.80408, 32.10479 ] } },
{ "type": "Feature", "properties": { "OID": "-1", "MAKAT": "720017", "NAME": "מסוף קניון איילון", "DISTRICT": "תל אביב", "AUTHORITY": "רמת גן", "AUTHCODE": "8600", "X": "183672.62", "Y": "667338.9", "ADDRESS": " ", "BLOCK": "6643", "PARCEL": "120", "DUNAM": "3.2", "LANDUSE": "דרך קיימת", "PARKINGN": "12", "FLOORS": "1", "BUSS_N": "3", "BUSDROP_N": "1", "BUSSD_N": "0", "TIFULLN": "12", "NIGHTP_N": "0", "RAVKAVN": "0", "CALP_AREA": "1.5", "PINUYY": "0", "COMMENTS": " ", "SOURCE": "סקר", "D_UPDATE": "2026-04-19 00:00:00", "YEARMONTH": "202605", "OPENYEAR": "לא ידוע", "T_TYPE": "מסוף תפעולי", "TRAVELERS": "כן", "CLOSEYEAR": "פתוח", "PARK_RIDE": "כן", "DRIVERSR": "קיים", "TOILET": "לא", "SIZERANK": "קטן", "COMMERCIAL": "לא", "STATUS": "קיים", "MATAN": " ", "ECharge_N": " ", "KISSNRIDE": " ", "BIC_PARK": " ", "BUSPARKN": " ", "MAAVAR": "לא", "OWN": "רמ\"\"י", "Shape_Length": "254.95745464094858", "Shape_Area": "3195.5835562930242" }, "geometry": { "type": "Point", "coordinates": [ 34.82535, 32.09882 ] } },
{ "type": "Feature", "properties": { "OID": "-1", "MAKAT": "720015", "NAME": "חניון עשר טחנות רמת גן", "DISTRICT": "תל אביב", "AUTHORITY": "רמת גן", "AUTHCODE": "8600", "X": "183779.59", "Y": "667908.29", "ADDRESS": "ששת הימים 233", "BLOCK": "6643", "PARCEL": "2, 30, 35, 38, 41, 46", "DUNAM": "20.12", "LANDUSE": "חנייה", "PARKINGN": "150", "FLOORS": "1", "BUSS_N": "0", "BUSDROP_N": "0", "BUSSD_N": "0", "TIFULLN": "150", "NIGHTP_N": "150", "RAVKAVN": "0", "CALP_AREA": "18.75", "PINUYY": "0", "COMMENTS": "לבדוק האם משמש גם כחניון לילה", "SOURCE": " ", "D_UPDATE": "", "YEARMONTH": "202605", "OPENYEAR": "לא ידוע", "T_TYPE": "מסוף תפעולי משולב עם חניון לילה", "TRAVELERS": "לא", "CLOSEYEAR": "פתוח", "PARK_RIDE": "כן", "DRIVERSR": "לא קיים", "TOILET": " ", "SIZERANK": "גדול", "COMMERCIAL": "לא", "STATUS": "קיים", "MATAN": " ", "ECharge_N": " ", "KISSNRIDE": " ", "BIC_PARK": " ", "BUSPARKN": "150", "MAAVAR": "לא", "OWN": "רמ\"\"י", "Shape_Length": "605.1844193751061", "Shape_Area": "20104.198015445643" }, "geometry": { "type": "Point", "coordinates": [ 34.82646, 32.10395 ] } },
{ "type": "Feature", "properties": { "OID": "-1", "MAKAT": "720003", "NAME": "חניון מבצע קדש", "DISTRICT": "תל אביב", "AUTHORITY": "בני ברק", "AUTHCODE": "6100", "X": "184013.61", "Y": "667590.76", "ADDRESS": " ", "BLOCK": "6643", "PARCEL": "84", "DUNAM": "5.64", "LANDUSE": "דרכים קיימות  ,דרכים מוצעות , שטח משולב לרצועת דרך", "PARKINGN": "35", "FLOORS": "1", "BUSS_N": "0", "BUSDROP_N": "0", "BUSSD_N": "0", "TIFULLN": "35", "NIGHTP_N": "35", "RAVKAVN": "0", "CALP_AREA": "4.38", "PINUYY": "0", "COMMENTS": " ", "SOURCE": " ", "D_UPDATE": "", "YEARMONTH": "202605", "OPENYEAR": "לא ידוע", "T_TYPE": "מסוף תפעולי משולב עם חניון לילה", "TRAVELERS": "לא", "CLOSEYEAR": "פתוח", "PARK_RIDE": "כן", "DRIVERSR": "קיים", "TOILET": " ", "SIZERANK": "בינוני", "COMMERCIAL": "לא", "STATUS": "קיים", "MATAN": " ", "ECharge_N": " ", "KISSNRIDE": " ", "BIC_PARK": " ", "BUSPARKN": " ", "MAAVAR": "לא", "OWN": "רמ\"\"י ורשות מקומית", "Shape_Length": "318.51400047593177", "Shape_Area": "5631.326435547917" }, "geometry": { "type": "Point", "coordinates": [ 34.82895, 32.1011 ] } },
{ "type": "Feature", "properties": { "OID": "-1", "MAKAT": "730069", "NAME": "רמי לוי", "DISTRICT": "תל אביב", "AUTHORITY": "בני ברק", "AUTHCODE": "6100", "X": "184044.86", "Y": "667675.26", "ADDRESS": "מבצע קדש 68", "BLOCK": "6643", "PARCEL": "84", "DUNAM": "15.86", "LANDUSE": " ", "PARKINGN": "110", "FLOORS": "1", "BUSS_N": "0", "BUSDROP_N": "0", "BUSSD_N": "0", "TIFULLN": "0", "NIGHTP_N": "110", "RAVKAVN": "0", "CALP_AREA": "13.75", "PINUYY": "0", "COMMENTS": " ", "SOURCE": "מעורב", "D_UPDATE": "2026-12-01 00:00:00", "YEARMONTH": "202605", "OPENYEAR": "לא ידוע", "T_TYPE": "חניון לילה", "TRAVELERS": "לא", "CLOSEYEAR": "פתוח", "PARK_RIDE": "כן", "DRIVERSR": "לא קיים", "TOILET": "לא", "SIZERANK": "גדול", "COMMERCIAL": "לא", "STATUS": "קיים", "MATAN": " ", "ECharge_N": " ", "KISSNRIDE": " ", "BIC_PARK": " ", "BUSPARKN": " ", "MAAVAR": "לא", "OWN": " ", "Shape_Length": "505.9188104007019", "Shape_Area": "15852.035969016393" }, "geometry": { "type": "Point", "coordinates": [ 34.82928, 32.10186 ] } },
{ "type": "Feature", "properties": { "OID": "-1", "MAKAT": "720028", "NAME": "חניון לילה שיכון דן תל אביב", "DISTRICT": "תל אביב", "AUTHORITY": "תל אביב יפו", "AUTHCODE": "5000", "X": "184021.59", "Y": "668335.26", "ADDRESS": "ראול ולנברג 1", "BLOCK": "6637, 6638", "PARCEL": "632-639, 651, 654, 849, 852 / 98", "DUNAM": "28.88", "LANDUSE": " ", "PARKINGN": "220", "FLOORS": "1", "BUSS_N": "0", "BUSDROP_N": "0", "BUSSD_N": "0", "TIFULLN": "0", "NIGHTP_N": "220", "RAVKAVN": "0", "CALP_AREA": "27.5", "PINUYY": "0", "COMMENTS": " ", "SOURCE": " ", "D_UPDATE": "", "YEARMONTH": "202605", "OPENYEAR": "לא ידוע", "T_TYPE": "חניון לילה", "TRAVELERS": "לא", "CLOSEYEAR": "פתוח", "PARK_RIDE": "לא", "DRIVERSR": "קיים", "TOILET": "לא", "SIZERANK": "גדול", "COMMERCIAL": "לא", "STATUS": "קיים", "MATAN": " ", "ECharge_N": " ", "KISSNRIDE": " ", "BIC_PARK": " ", "BUSPARKN": " ", "MAAVAR": "לא", "OWN": " ", "Shape_Length": "715.0126600736405", "Shape_Area": "28863.934975004846" }, "geometry": { "type": "Point", "coordinates": [ 34.82901, 32.10781 ] } },
{ "type": "Feature", "properties": { "OID": "-1", "MAKAT": "720018", "NAME": "מסוף אלוף שדה רמת גן", "DISTRICT": "תל אביב", "AUTHORITY": "רמת גן", "AUTHCODE": "8600", "X": "184464.73", "Y": "662469.23", "ADDRESS": " ", "BLOCK": "6177", "PARCEL": "336", "DUNAM": "3.92", "LANDUSE": "דרך", "PARKINGN": "5", "FLOORS": "1", "BUSS_N": "0", "BUSDROP_N": "0", "BUSSD_N": "15", "TIFULLN": "5", "NIGHTP_N": "0", "RAVKAVN": "0", "CALP_AREA": "0.63", "PINUYY": "0", "COMMENTS": " ", "SOURCE": "סקר", "D_UPDATE": "2026-04-19 00:00:00", "YEARMONTH": "202605", "OPENYEAR": "לא ידוע", "T_TYPE": "מסוף תפעולי", "TRAVELERS": "כן", "CLOSEYEAR": "פתוח", "PARK_RIDE": "לא", "DRIVERSR": "קיים", "TOILET": "לא", "SIZERANK": "קטן", "COMMERCIAL": "לא", "STATUS": "קיים", "MATAN": " ", "ECharge_N": " ", "KISSNRIDE": " ", "BIC_PARK": " ", "BUSPARKN": " ", "MAAVAR": "לא", "OWN": "רמ\"\"י", "Shape_Length": "291.96998828773604", "Shape_Area": "3920.0027240116688" }, "geometry": { "type": "Point", "coordinates": [ 34.83392, 32.05493 ] } },
{ "type": "Feature", "properties": { "OID": "-1", "MAKAT": "720016", "NAME": "מסוף עמידר", "DISTRICT": "תל אביב", "AUTHORITY": "רמת גן", "AUTHCODE": "8600", "X": "184938.02", "Y": "664068.66", "ADDRESS": " ", "BLOCK": "6187", "PARCEL": "430", "DUNAM": "1.52", "LANDUSE": "דרך וחניה לאזור מסחרי", "PARKINGN": "15", "FLOORS": "1", "BUSS_N": "0", "BUSDROP_N": "1", "BUSSD_N": "2", "TIFULLN": "15", "NIGHTP_N": "0", "RAVKAVN": "0", "CALP_AREA": "1.88", "PINUYY": "0", "COMMENTS": "מסוף פעיל - כמות חנויות מוערכת", "SOURCE": "סקר", "D_UPDATE": "2026-04-19 00:00:00", "YEARMONTH": "202605", "OPENYEAR": "לא ידוע", "T_TYPE": "מסוף תפעולי", "TRAVELERS": "כן", "CLOSEYEAR": "פתוח", "PARK_RIDE": "לא", "DRIVERSR": "קיים", "TOILET": "לא", "SIZERANK": "קטן", "COMMERCIAL": "כן", "STATUS": "קיים", "MATAN": " ", "ECharge_N": " ", "KISSNRIDE": " ", "BIC_PARK": " ", "BUSPARKN": " ", "MAAVAR": "לא", "OWN": "רשות מקומית", "Shape_Length": "172.77576932243375", "Shape_Area": "1518.9706509833018" }, "geometry": { "type": "Point", "coordinates": [ 34.83887, 32.06936 ] } },
{ "type": "Feature", "properties": { "OID": "-1", "MAKAT": "720019", "NAME": "מסוף אהרון קציר- בי\"\"ח תל השומר", "DISTRICT": "תל אביב", "AUTHORITY": "רמת גן", "AUTHCODE": "8600", "X": "185965.56", "Y": "662065.53", "ADDRESS": "אוריאל פרץ 4", "BLOCK": "6235", "PARCEL": "905, 920, 929, 944", "DUNAM": "5.12", "LANDUSE": " ", "PARKINGN": "17", "FLOORS": "1", "BUSS_N": "2", "BUSDROP_N": "2", "BUSSD_N": "6", "TIFULLN": "17", "NIGHTP_N": "17", "RAVKAVN": "0", "CALP_AREA": "2.13", "PINUYY": "0", "COMMENTS": "לברר האם עדיין קיים", "SOURCE": " ", "D_UPDATE": "", "YEARMONTH": "202605", "OPENYEAR": "לא ידוע", "T_TYPE": "מסוף תפעולי משולב עם חניון לילה", "TRAVELERS": "כן", "CLOSEYEAR": "פתוח", "PARK_RIDE": "לא", "DRIVERSR": "לא קיים", "TOILET": " ", "SIZERANK": "בינוני", "COMMERCIAL": "כן", "STATUS": "קיים", "MATAN": " ", "ECharge_N": " ", "KISSNRIDE": " ", "BIC_PARK": " ", "BUSPARKN": " ", "MAAVAR": "לא", "OWN": " ", "Shape_Length": "290.1169066070171", "Shape_Area": "5114.858634352122" }, "geometry": { "type": "Point", "coordinates": [ 34.84982, 32.05133 ] } },
{ "type": "Feature", "properties": { "OID": "-1", "MAKAT": "730031", "NAME": "חניון פפריקה פתח תקווה", "DISTRICT": "מרכז", "AUTHORITY": "פתח תקווה", "AUTHCODE": "7900", "X": "186817.06", "Y": "666153.08", "ADDRESS": "שחם 24", "BLOCK": "6393", "PARCEL": "238", "DUNAM": "6.45", "LANDUSE": " ", "PARKINGN": "76", "FLOORS": "1", "BUSS_N": "0", "BUSDROP_N": "0", "BUSSD_N": "0", "TIFULLN": "0", "NIGHTP_N": "76", "RAVKAVN": "0", "CALP_AREA": "9.5", "PINUYY": "0", "COMMENTS": " ", "SOURCE": " ", "D_UPDATE": "", "YEARMONTH": "202605", "OPENYEAR": "לא ידוע", "T_TYPE": "חניון לילה", "TRAVELERS": "לא", "CLOSEYEAR": "פתוח", "PARK_RIDE": "לא", "DRIVERSR": "לא קיים", "TOILET": "לא", "SIZERANK": "בינוני", "COMMERCIAL": "לא", "STATUS": "קיים", "MATAN": " ", "ECharge_N": " ", "KISSNRIDE": " ", "BIC_PARK": " ", "BUSPARKN": " ", "MAAVAR": "לא", "OWN": " ", "Shape_Length": "320.3797835464233", "Shape_Area": "6448.260839060281" }, "geometry": { "type": "Point", "coordinates": [ 34.8587, 32.08822 ] } },
{ "type": "Feature", "properties": { "OID": "-1", "MAKAT": "730032", "NAME": "חניון לילה מטלון", "DISTRICT": "מרכז", "AUTHORITY": "פתח תקווה", "AUTHCODE": "7900", "X": "186962.19", "Y": "666250.87", "ADDRESS": "שחם 7, יצחק רבין 8", "BLOCK": "6393", "PARCEL": "183", "DUNAM": "13.41", "LANDUSE": " ", "PARKINGN": "76", "FLOORS": "1", "BUSS_N": "0", "BUSDROP_N": "0", "BUSSD_N": "0", "TIFULLN": "0", "NIGHTP_N": "76", "RAVKAVN": "0", "CALP_AREA": "9.5", "PINUYY": "0", "COMMENTS": " ", "SOURCE": " ", "D_UPDATE": "", "YEARMONTH": "202605", "OPENYEAR": "לא ידוע", "T_TYPE": "חניון לילה", "TRAVELERS": "לא", "CLOSEYEAR": "פתוח", "PARK_RIDE": "לא", "DRIVERSR": "לא קיים", "TOILET": "לא", "SIZERANK": "בינוני", "COMMERCIAL": "לא", "STATUS": "קיים", "MATAN": " ", "ECharge_N": " ", "KISSNRIDE": " ", "BIC_PARK": " ", "BUSPARKN": " ", "MAAVAR": "לא", "OWN": " ", "Shape_Length": "463.1801111290068", "Shape_Area": "13400.63989599468" }, "geometry": { "type": "Point", "coordinates": [ 34.86023, 32.0891 ] } },
{ "type": "Feature", "properties": { "OID": "-1", "MAKAT": "730030", "NAME": "מסוף אבנת", "DISTRICT": "מרכז", "AUTHORITY": "פתח תקווה", "AUTHCODE": "7900", "X": "187421.46", "Y": "666576.65", "ADDRESS": " ", "BLOCK": "6365", "PARCEL": "134,136,139", "DUNAM": "4.62", "LANDUSE": "מרכז תחבורה, דרך", "PARKINGN": "17", "FLOORS": "1", "BUSS_N": "7", "BUSDROP_N": "0", "BUSSD_N": "0", "TIFULLN": "17", "NIGHTP_N": "0", "RAVKAVN": "0", "CALP_AREA": "2.13", "PINUYY": "0", "COMMENTS": " ", "SOURCE": "סקר", "D_UPDATE": "2026-04-19 00:00:00", "YEARMONTH": "202605", "OPENYEAR": "לא ידוע", "T_TYPE": "מסוף תפעולי", "TRAVELERS": "כן", "CLOSEYEAR": "פתוח", "PARK_RIDE": "כן", "DRIVERSR": "קיים", "TOILET": "לא", "SIZERANK": "קטן", "COMMERCIAL": "כן", "STATUS": "קיים", "MATAN": "רק\"\"ל", "ECharge_N": " ", "KISSNRIDE": " ", "BIC_PARK": " ", "BUSPARKN": " ", "MAAVAR": "לא", "OWN": "רשות מקומית", "Shape_Length": "278.228783540205", "Shape_Area": "4618.129037125652" }, "geometry": { "type": "Point", "coordinates": [ 34.86509, 32.09205 ] } },
{ "type": "Feature", "properties": { "OID": "-1", "MAKAT": "730028", "NAME": "מסוף החרש פתח תקווה", "DISTRICT": "מרכז", "AUTHORITY": "פתח תקווה", "AUTHCODE": "7900", "X": "186202.2", "Y": "667104.31", "ADDRESS": " ", "BLOCK": "6640", "PARCEL": "159", "DUNAM": "17.86", "LANDUSE": " ", "PARKINGN": "150", "FLOORS": "1", "BUSS_N": "0", "BUSDROP_N": "0", "BUSSD_N": "0", "TIFULLN": "150", "NIGHTP_N": "150", "RAVKAVN": "0", "CALP_AREA": "18.75", "PINUYY": "0", "COMMENTS": " ", "SOURCE": " ", "D_UPDATE": "", "YEARMONTH": "202605", "OPENYEAR": "לא ידוע", "T_TYPE": "מסוף תפעולי משולב עם חניון לילה", "TRAVELERS": "לא", "CLOSEYEAR": "פתוח", "PARK_RIDE": "לא", "DRIVERSR": "קיים", "TOILET": " ", "SIZERANK": "גדול", "COMMERCIAL": "לא", "STATUS": "קיים", "MATAN": " ", "ECharge_N": " ", "KISSNRIDE": " ", "BIC_PARK": " ", "BUSPARKN": " ", "MAAVAR": "לא", "OWN": " ", "Shape_Length": "534.6430284178454", "Shape_Area": "17853.282803850772" }, "geometry": { "type": "Point", "coordinates": [ 34.85215, 32.09678 ] } },
{ "type": "Feature", "properties": { "OID": "-1", "MAKAT": "730034", "NAME": "תחנת רכבת קרית אריה", "DISTRICT": "מרכז", "AUTHORITY": "פתח תקווה", "AUTHCODE": "7900", "X": "187415.67", "Y": "668183.26", "ADDRESS": " ", "BLOCK": "6358, 6364", "PARCEL": "221 / 219", "DUNAM": "4.63", "LANDUSE": "מסילת רכבת קיימת, מסילת רכבת מוצעת\\שטח תחנה מוצעת, חקלאות", "PARKINGN": "33", "FLOORS": "1", "BUSS_N": "4", "BUSDROP_N": "0", "BUSSD_N": "0", "TIFULLN": "33", "NIGHTP_N": "0", "RAVKAVN": "0", "CALP_AREA": "4.13", "PINUYY": "0", "COMMENTS": "שירותים בתחנת רכבת", "SOURCE": "סקר", "D_UPDATE": "2026-04-19 00:00:00", "YEARMONTH": "202605", "OPENYEAR": "לא ידוע", "T_TYPE": "מסוף תפעולי", "TRAVELERS": "כן", "CLOSEYEAR": "פתוח", "PARK_RIDE": "כן", "DRIVERSR": "קיים", "TOILET": "כן", "SIZERANK": "קטן", "COMMERCIAL": "לא", "STATUS": "קיים", "MATAN": "משולב", "ECharge_N": " ", "KISSNRIDE": " ", "BIC_PARK": "40", "BUSPARKN": " ", "MAAVAR": "לא", "OWN": "רמ\"\"י ורשות מקומית", "Shape_Length": "509.72758230759314", "Shape_Area": "4631.993499371866" }, "geometry": { "type": "Point", "coordinates": [ 34.86497, 32.10654 ] } },
{ "type": "Feature", "properties": { "OID": "-1", "MAKAT": "730275", "NAME": "חניון גיבורי מערכות ישראל", "DISTRICT": "מרכז", "AUTHORITY": "פתח תקווה", "AUTHCODE": "7900", "X": "187437.96", "Y": "668487.03", "ADDRESS": " ", "BLOCK": "6345, 6358, 6569", "PARCEL": "18, 19, 20 / 41, 42, 45 / 39", "DUNAM": "43.9", "LANDUSE": "דרך, חניה", "PARKINGN": "-1", "FLOORS": "1", "BUSS_N": "0", "BUSDROP_N": "0", "BUSSD_N": "0", "TIFULLN": "-1", "NIGHTP_N": "-1", "RAVKAVN": "0", "CALP_AREA": "-0.13", "PINUYY": "0", "COMMENTS": " ", "SOURCE": "תכנית אסטרטגית", "D_UPDATE": "2026-05-13 00:00:00", "YEARMONTH": "202605", "OPENYEAR": "2026", "T_TYPE": "", "TRAVELERS": "לא", "CLOSEYEAR": "פתוח", "PARK_RIDE": "לא", "DRIVERSR": " ", "TOILET": "לא", "SIZERANK": "גדול", "COMMERCIAL": "לא", "STATUS": "בהקמה", "MATAN": " ", "ECharge_N": " ", "KISSNRIDE": " ", "BIC_PARK": " ", "BUSPARKN": " ", "MAAVAR": "לא", "OWN": "רמ\"\"י", "Shape_Length": "974.1608025051071", "Shape_Area": "43873.61976619911" }, "geometry": { "type": "Point", "coordinates": [ 34.8652, 32.10928 ] } },
{ "type": "Feature", "properties": { "OID": "-1", "MAKAT": "720024", "NAME": "מסוף אזורי חן תל אביב", "DISTRICT": "תל אביב", "AUTHORITY": "תל אביב יפו", "AUTHCODE": "5000", "X": "180572.67", "Y": "670660.21", "ADDRESS": " ", "BLOCK": "6620, 6632", "PARCEL": "32 / 174, 175, 176, 447, 194, 195", "DUNAM": "1.68", "LANDUSE": " ", "PARKINGN": "10", "FLOORS": "1", "BUSS_N": "0", "BUSDROP_N": "0", "BUSSD_N": "1", "TIFULLN": "10", "NIGHTP_N": "0", "RAVKAVN": "0", "CALP_AREA": "1.25", "PINUYY": "0", "COMMENTS": " ", "SOURCE": "מעורב", "D_UPDATE": "2025-06-22 00:00:00", "YEARMONTH": "202605", "OPENYEAR": "לא ידוע", "T_TYPE": "מסוף תפעולי", "TRAVELERS": "כן", "CLOSEYEAR": "פתוח", "PARK_RIDE": "לא", "DRIVERSR": "לא קיים", "TOILET": " ", "SIZERANK": "קטן", "COMMERCIAL": "לא", "STATUS": "קיים", "MATAN": " ", "ECharge_N": " ", "KISSNRIDE": " ", "BIC_PARK": " ", "BUSPARKN": " ", "MAAVAR": "לא", "OWN": " ", "Shape_Length": "185.31559328353572", "Shape_Area": "1677.7305451547143" }, "geometry": { "type": "Point", "coordinates": [ 34.79237, 32.12866 ] } },
{ "type": "Feature", "properties": { "OID": "-1", "MAKAT": "720032", "NAME": "מסוף מכללת לוינסקי תל אביב", "DISTRICT": "תל אביב", "AUTHORITY": "תל אביב יפו", "AUTHCODE": "5000", "X": "181093.33", "Y": "671570.87", "ADDRESS": " ", "BLOCK": "6620", "PARCEL": "42", "DUNAM": "3.27", "LANDUSE": "דרך מאושרת", "PARKINGN": "12", "FLOORS": "1", "BUSS_N": "1", "BUSDROP_N": "1", "BUSSD_N": "0", "TIFULLN": "12", "NIGHTP_N": "0", "RAVKAVN": "0", "CALP_AREA": "1.5", "PINUYY": "0", "COMMENTS": " ", "SOURCE": "סקר", "D_UPDATE": "2026-04-19 00:00:00", "YEARMONTH": "202605", "OPENYEAR": "לא ידוע", "T_TYPE": "מסוף תפעולי", "TRAVELERS": "כן", "CLOSEYEAR": "פתוח", "PARK_RIDE": "כן", "DRIVERSR": "קיים", "TOILET": "לא", "SIZERANK": "קטן", "COMMERCIAL": "לא", "STATUS": "קיים", "MATAN": " ", "ECharge_N": " ", "KISSNRIDE": " ", "BIC_PARK": "23", "BUSPARKN": " ", "MAAVAR": "לא", "OWN": "מעורב", "Shape_Length": "284.05585735391435", "Shape_Area": "3265.906672588174" }, "geometry": { "type": "Point", "coordinates": [ 34.79786, 32.13689 ] } },
{ "type": "Feature", "properties": { "OID": "-1", "MAKAT": "720025", "NAME": "מסוף קלצ'קין אוניברסיטת תל אביב", "DISTRICT": "תל אביב", "AUTHORITY": "תל אביב יפו", "AUTHCODE": "5000", "X": "181634.55", "Y": "669342.56", "ADDRESS": " ", "BLOCK": "6629", "PARCEL": "228, 229", "DUNAM": "3.67", "LANDUSE": "מסוף תח\"צ, בנייני ציבור", "PARKINGN": "18", "FLOORS": "1", "BUSS_N": "1", "BUSDROP_N": "1", "BUSSD_N": "0", "TIFULLN": "18", "NIGHTP_N": "0", "RAVKAVN": "0", "CALP_AREA": "2.25", "PINUYY": "0", "COMMENTS": " ", "SOURCE": "מעורב", "D_UPDATE": "2026-12-01 00:00:00", "YEARMONTH": "202605", "OPENYEAR": "לא ידוע", "T_TYPE": "מסוף תפעולי", "TRAVELERS": "כן", "CLOSEYEAR": "7900", "PARK_RIDE": "כן", "DRIVERSR": "קיים", "TOILET": "כן", "SIZERANK": "קטן", "COMMERCIAL": "לא", "STATUS": "קיים", "MATAN": " ", "ECharge_N": " ", "KISSNRIDE": " ", "BIC_PARK": " ", "BUSPARKN": "11", "MAAVAR": "לא", "OWN": "רשות מקומית", "Shape_Length": "255.54504032371923", "Shape_Area": "3671.9610762067537" }, "geometry": { "type": "Point", "coordinates": [ 34.80368, 32.11682 ] } },
{ "type": "Feature", "properties": { "OID": "-1", "MAKAT": "720008", "NAME": "חניון עירוני משולב הרצליה", "DISTRICT": "תל אביב", "AUTHORITY": "הרצליה", "AUTHCODE": "6400", "X": "183290.84", "Y": "674551.03", "ADDRESS": " ", "BLOCK": "6523", "PARCEL": "92", "DUNAM": "15.0", "LANDUSE": "מסוף", "PARKINGN": "80", "FLOORS": "1", "BUSS_N": "0", "BUSDROP_N": "0", "BUSSD_N": "0", "TIFULLN": "0", "NIGHTP_N": "80", "RAVKAVN": "0", "CALP_AREA": "10.0", "PINUYY": "0", "COMMENTS": " ", "SOURCE": " ", "D_UPDATE": "", "YEARMONTH": "202605", "OPENYEAR": "לא ידוע", "T_TYPE": "חניון לילה", "TRAVELERS": "לא", "CLOSEYEAR": "פתוח", "PARK_RIDE": "כן", "DRIVERSR": "קיים", "TOILET": "לא", "SIZERANK": "גדול", "COMMERCIAL": "לא", "STATUS": "קיים", "MATAN": " ", "ECharge_N": " ", "KISSNRIDE": " ", "BIC_PARK": " ", "BUSPARKN": " ", "MAAVAR": "לא", "OWN": "מעורב", "Shape_Length": "572.3490448116963", "Shape_Area": "14992.668766751007" }, "geometry": { "type": "Point", "coordinates": [ 34.82103, 32.16384 ] } },
{ "type": "Feature", "properties": { "OID": "-1", "MAKAT": "720030", "NAME": "מסוף עתידים תל אביב", "DISTRICT": "תל אביב", "AUTHORITY": "תל אביב יפו", "AUTHCODE": "5000", "X": "185427.54", "Y": "668924.05", "ADDRESS": " ", "BLOCK": "6338", "PARCEL": "56,57,120,122,128", "DUNAM": "5.05", "LANDUSE": " ", "PARKINGN": "8", "FLOORS": "1", "BUSS_N": "1", "BUSDROP_N": "1", "BUSSD_N": "1", "TIFULLN": "8", "NIGHTP_N": "0", "RAVKAVN": "0", "CALP_AREA": "1.0", "PINUYY": "0", "COMMENTS": " ", "SOURCE": "סקר", "D_UPDATE": "2026-04-19 00:00:00", "YEARMONTH": "202605", "OPENYEAR": "לא ידוע", "T_TYPE": "מסוף תפעולי", "TRAVELERS": "כן", "CLOSEYEAR": "פתוח", "PARK_RIDE": "כן", "DRIVERSR": "קיים", "TOILET": "לא", "SIZERANK": "בינוני", "COMMERCIAL": "לא", "STATUS": "קיים", "MATAN": " ", "ECharge_N": " ", "KISSNRIDE": " ", "BIC_PARK": " ", "BUSPARKN": " ", "MAAVAR": "לא", "OWN": " ", "Shape_Length": "502.45711945013835", "Shape_Area": "5042.646594932681" }, "geometry": { "type": "Point", "coordinates": [ 34.84388, 32.11316 ] } },
{ "type": "Feature", "properties": { "OID": "-1", "MAKAT": "720020", "NAME": "מסוף קדמה רמת השרון", "DISTRICT": "תל אביב", "AUTHORITY": "רמת השרון", "AUTHCODE": "2650", "X": "186974.77", "Y": "670740.27", "ADDRESS": " ", "BLOCK": "6547", "PARCEL": "199", "DUNAM": "1.25", "LANDUSE": "תעשייה ותעסוקה", "PARKINGN": "8", "FLOORS": "1", "BUSS_N": "0", "BUSDROP_N": "0", "BUSSD_N": "1", "TIFULLN": "8", "NIGHTP_N": "0", "RAVKAVN": "0", "CALP_AREA": "1.0", "PINUYY": "0", "COMMENTS": " ", "SOURCE": "מעוקב", "D_UPDATE": "2025-06-22 00:00:00", "YEARMONTH": "202605", "OPENYEAR": "לא ידוע", "T_TYPE": "מסוף תפעולי", "TRAVELERS": "כן", "CLOSEYEAR": "פתוח", "PARK_RIDE": "לא", "DRIVERSR": "קיים", "TOILET": " ", "SIZERANK": "קטן", "COMMERCIAL": "לא", "STATUS": "קיים", "MATAN": " ", "ECharge_N": " ", "KISSNRIDE": " ", "BIC_PARK": " ", "BUSPARKN": " ", "MAAVAR": "לא", "OWN": "רמ\"\"י", "Shape_Length": "139.53009613029448", "Shape_Area": "1246.4598210079828" }, "geometry": { "type": "Point", "coordinates": [ 34.86022, 32.12959 ] } },
{ "type": "Feature", "properties": { "OID": "-1", "MAKAT": "730050", "NAME": "מסוף לב הפארק רעננה", "DISTRICT": "מרכז", "AUTHORITY": "רעננה", "AUTHCODE": "8700", "X": "185649.01", "Y": "677622.71", "ADDRESS": " ", "BLOCK": "7650", "PARCEL": "305, 312", "DUNAM": "0.76", "LANDUSE": " ", "PARKINGN": "5", "FLOORS": "1", "BUSS_N": "0", "BUSDROP_N": "0", "BUSSD_N": "2", "TIFULLN": "5", "NIGHTP_N": "0", "RAVKAVN": "0", "CALP_AREA": "0.63", "PINUYY": "0", "COMMENTS": " ", "SOURCE": " ", "D_UPDATE": "", "YEARMONTH": "202605", "OPENYEAR": "לא ידוע", "T_TYPE": "מסוף תפעולי", "TRAVELERS": "כן", "CLOSEYEAR": "פתוח", "PARK_RIDE": "כן", "DRIVERSR": "קיים", "TOILET": " ", "SIZERANK": "קטן", "COMMERCIAL": "לא", "STATUS": "קיים", "MATAN": " ", "ECharge_N": " ", "KISSNRIDE": " ", "BIC_PARK": " ", "BUSPARKN": " ", "MAAVAR": "לא", "OWN": " ", "Shape_Length": "237.01088879297242", "Shape_Area": "762.4312821826136" }, "geometry": { "type": "Point", "coordinates": [ 34.84592, 32.19161 ] } },
{ "type": "Feature", "properties": { "OID": "-1", "MAKAT": "730048", "NAME": "מסוף רכבת רעננה מערב", "DISTRICT": "מרכז", "AUTHORITY": "רעננה", "AUTHCODE": "8700", "X": "186041.63", "Y": "676437.85", "ADDRESS": " ", "BLOCK": "6663, 7650", "PARCEL": "349, 417 / 416", "DUNAM": "1.52", "LANDUSE": "חניונים, הנחיות מיוחדות, דרך מוצעת או הרחבה, מגבלות בניה ופיתוח ב", "PARKINGN": "8", "FLOORS": "1", "BUSS_N": "3", "BUSDROP_N": "1", "BUSSD_N": "0", "TIFULLN": "8", "NIGHTP_N": "0", "RAVKAVN": "0", "CALP_AREA": "1.0", "PINUYY": "0", "COMMENTS": " ", "SOURCE": "סקר", "D_UPDATE": "2026-02-22 00:00:00", "YEARMONTH": "202605", "OPENYEAR": "לא ידוע", "T_TYPE": "מסוף תפעולי", "TRAVELERS": "כן", "CLOSEYEAR": "פתוח", "PARK_RIDE": "כן", "DRIVERSR": "לא קיים", "TOILET": "כן", "SIZERANK": "קטן", "COMMERCIAL": "לא", "STATUS": "קיים", "MATAN": "רכבת כבדה", "ECharge_N": " ", "KISSNRIDE": "4", "BIC_PARK": "32", "BUSPARKN": "4", "MAAVAR": "לא", "OWN": "רמ\"\"י", "Shape_Length": "267.85151619172086", "Shape_Area": "1521.4043760649056" }, "geometry": { "type": "Point", "coordinates": [ 34.85013, 32.18094 ] } },
{ "type": "Feature", "properties": { "OID": "-1", "MAKAT": "730071", "NAME": "החוף הירוק", "DISTRICT": "מרכז", "AUTHORITY": "נתניה", "AUTHCODE": "7400", "X": "184795.26", "Y": "686534.37", "ADDRESS": " ", "BLOCK": "9046", "PARCEL": "30, 47", "DUNAM": "1.87", "LANDUSE": " ", "PARKINGN": "15", "FLOORS": "1", "BUSS_N": "0", "BUSDROP_N": "0", "BUSSD_N": "0", "TIFULLN": "15", "NIGHTP_N": "0", "RAVKAVN": "0", "CALP_AREA": "1.88", "PINUYY": "0", "COMMENTS": " ", "SOURCE": "מעורב", "D_UPDATE": "2025-08-24 00:00:00", "YEARMONTH": "202605", "OPENYEAR": "לא ידוע", "T_TYPE": "מסוף תפעולי", "TRAVELERS": "לא", "CLOSEYEAR": "פתוח", "PARK_RIDE": "לא", "DRIVERSR": "קיים", "TOILET": " ", "SIZERANK": "קטן", "COMMERCIAL": "לא", "STATUS": "קיים", "MATAN": " ", "ECharge_N": " ", "KISSNRIDE": " ", "BIC_PARK": " ", "BUSPARKN": "15", "MAAVAR": "לא", "OWN": " ", "Shape_Length": "177.22553168489065", "Shape_Area": "1870.8179319921828" }, "geometry": { "type": "Point", "coordinates": [ 34.83655, 32.27195 ] } },
{ "type": "Feature", "properties": { "OID": "-1", "MAKAT": "730005", "NAME": "תחנת רכבת בית יהושע", "DISTRICT": "מרכז", "AUTHORITY": "חוף השרון", "AUTHCODE": "5519", "X": "186998.29", "Y": "685473.99", "ADDRESS": " ", "BLOCK": "7957", "PARCEL": "9,50", "DUNAM": "1.56", "LANDUSE": "מסילה מאושרת", "PARKINGN": "8", "FLOORS": "1", "BUSS_N": "0", "BUSDROP_N": "0", "BUSSD_N": "3", "TIFULLN": "8", "NIGHTP_N": "0", "RAVKAVN": "0", "CALP_AREA": "1.0", "PINUYY": "0", "COMMENTS": " ", "SOURCE": "סקר", "D_UPDATE": "2026-09-02 00:00:00", "YEARMONTH": "202605", "OPENYEAR": "לא ידוע", "T_TYPE": "מסוף תפעולי", "TRAVELERS": "כן", "CLOSEYEAR": "פתוח", "PARK_RIDE": "כן", "DRIVERSR": "לא קיים", "TOILET": "כן", "SIZERANK": "קטן", "COMMERCIAL": "לא", "STATUS": "קיים", "MATAN": "רכבת כבדה", "ECharge_N": " ", "KISSNRIDE": "6", "BIC_PARK": "6", "BUSPARKN": " ", "MAAVAR": "לא", "OWN": "רמ\"\"י", "Shape_Length": "330.8836403863294", "Shape_Area": "1558.263256887979" }, "geometry": { "type": "Point", "coordinates": [ 34.85997, 32.26245 ] } },
{ "type": "Feature", "properties": { "OID": "-1", "MAKAT": "730025", "NAME": "יד חרוצים נתניה", "DISTRICT": "מרכז", "AUTHORITY": "נתניה", "AUTHCODE": "7400", "X": "187380.41", "Y": "687174.33", "ADDRESS": "יד חרוצים 1", "BLOCK": "7947, 7962", "PARCEL": "8", "DUNAM": "14.47", "LANDUSE": "שטח לתכנון בעתיד הכולל יעוד למרכז תחבורה , מבנים ומוסדות ציבור,דרך מוצעת", "PARKINGN": "135", "FLOORS": "1", "BUSS_N": "1", "BUSDROP_N": "2", "BUSSD_N": "0", "TIFULLN": "135", "NIGHTP_N": "135", "RAVKAVN": "0", "CALP_AREA": "16.88", "PINUYY": "0", "COMMENTS": " ", "SOURCE": "סקר", "D_UPDATE": "2026-09-02 00:00:00", "YEARMONTH": "202605", "OPENYEAR": "לא ידוע", "T_TYPE": "מסוף תפעולי משולב עם חניון לילה", "TRAVELERS": "כן", "CLOSEYEAR": "פתוח", "PARK_RIDE": "כן", "DRIVERSR": "קיים", "TOILET": "לא", "SIZERANK": "בינוני", "COMMERCIAL": "לא", "STATUS": "קיים", "MATAN": "רכבת כבדה", "ECharge_N": "78", "KISSNRIDE": " ", "BIC_PARK": " ", "BUSPARKN": "135", "MAAVAR": "לא", "OWN": "רמ\"\"י", "Shape_Length": "496.76911591677674", "Shape_Area": "14465.610656257633" }, "geometry": { "type": "Point", "coordinates": [ 34.86396, 32.2778 ] } },
{ "type": "Feature", "properties": { "OID": "-1", "MAKAT": "730026", "NAME": "תחנת רכבת קרית ספיר", "DISTRICT": "מרכז", "AUTHORITY": "נתניה", "AUTHCODE": "7400", "X": "187427.81", "Y": "687443.65", "ADDRESS": " ", "BLOCK": "7961", "PARCEL": "67", "DUNAM": "2.52", "LANDUSE": "מרכז תחבורה/מבנים ומוסדות ציבור", "PARKINGN": "10", "FLOORS": "1", "BUSS_N": "1", "BUSDROP_N": "0", "BUSSD_N": "1", "TIFULLN": "10", "NIGHTP_N": "0", "RAVKAVN": "0", "CALP_AREA": "1.25", "PINUYY": "0", "COMMENTS": " ", "SOURCE": "סקר", "D_UPDATE": "2026-09-02 00:00:00", "YEARMONTH": "202605", "OPENYEAR": "לא ידוע", "T_TYPE": "מסוף תפעולי", "TRAVELERS": "כן", "CLOSEYEAR": "פתוח", "PARK_RIDE": "כן", "DRIVERSR": "לא קיים", "TOILET": "כן", "SIZERANK": "קטן", "COMMERCIAL": "לא", "STATUS": "קיים", "MATAN": "רכבת כבדה", "ECharge_N": " ", "KISSNRIDE": " ", "BIC_PARK": "14", "BUSPARKN": "10", "MAAVAR": "לא", "OWN": "רמ\"\"י", "Shape_Length": "264.9950610820398", "Shape_Area": "2520.780774703733" }, "geometry": { "type": "Point", "coordinates": [ 34.86446, 32.28023 ] } },
{ "type": "Feature", "properties": { "OID": "-1", "MAKAT": "730022", "NAME": "תחנה מרכזית נתניה", "DISTRICT": "מרכז", "AUTHORITY": "נתניה", "AUTHCODE": "7400", "X": "186906.38", "Y": "692634.87", "ADDRESS": "אלון צבי 1, בנימין 7, בנימין 7, בנימין 5, בנימין 5, אלון צבי 7", "BLOCK": "8265", "PARCEL": "54, 150-157, 162, 166, 175", "DUNAM": "11.4", "LANDUSE": "תחנת אוטובוס", "PARKINGN": "42", "FLOORS": "1", "BUSS_N": "20", "BUSDROP_N": "1", "BUSSD_N": "0", "TIFULLN": "42", "NIGHTP_N": "42", "RAVKAVN": "5", "CALP_AREA": "5.25", "PINUYY": "0", "COMMENTS": " ", "SOURCE": "סקר", "D_UPDATE": "2026-09-02 00:00:00", "YEARMONTH": "202605", "OPENYEAR": "לא ידוע", "T_TYPE": "מסוף תפעולי משולב עם חניון לילה", "TRAVELERS": "כן", "CLOSEYEAR": "פתוח", "PARK_RIDE": "לא", "DRIVERSR": "קיים", "TOILET": "כן", "SIZERANK": "בינוני", "COMMERCIAL": "כן", "STATUS": "קיים", "MATAN": " ", "ECharge_N": " ", "KISSNRIDE": " ", "BIC_PARK": " ", "BUSPARKN": "42", "MAAVAR": "לא", "OWN": "פרטי", "Shape_Length": "446.7040782895983", "Shape_Area": "11391.111684614514" }, "geometry": { "type": "Point", "coordinates": [ 34.85874, 32.32702 ] } },
{ "type": "Feature", "properties": { "OID": "-1", "MAKAT": "730024", "NAME": "עין התכלת", "DISTRICT": "מרכז", "AUTHORITY": "נתניה", "AUTHCODE": "7400", "X": "186667.16", "Y": "695362.13", "ADDRESS": " ", "BLOCK": "8322", "PARCEL": "145,378,381", "DUNAM": "0.97", "LANDUSE": " ", "PARKINGN": "9", "FLOORS": "1", "BUSS_N": "1", "BUSDROP_N": "0", "BUSSD_N": "0", "TIFULLN": "9", "NIGHTP_N": "0", "RAVKAVN": "0", "CALP_AREA": "1.13", "PINUYY": "0", "COMMENTS": " ", "SOURCE": "סקר", "D_UPDATE": "2026-09-02 00:00:00", "YEARMONTH": "202605", "OPENYEAR": "לא ידוע", "T_TYPE": "מסוף תפעולי", "TRAVELERS": "לא", "CLOSEYEAR": "פתוח", "PARK_RIDE": "לא", "DRIVERSR": "קיים", "TOILET": "לא", "SIZERANK": "קטן", "COMMERCIAL": "לא", "STATUS": "קיים", "MATAN": " ", "ECharge_N": " ", "KISSNRIDE": " ", "BIC_PARK": " ", "BUSPARKN": "9", "MAAVAR": "לא", "OWN": " ", "Shape_Length": "149.26719286131026", "Shape_Area": "968.975929948099" }, "geometry": { "type": "Point", "coordinates": [ 34.85611, 32.35161 ] } },
{ "type": "Feature", "properties": { "OID": "-1", "MAKAT": "730010", "NAME": "מסוף יהוד", "DISTRICT": "מרכז", "AUTHORITY": "יהוד מונוסון", "AUTHCODE": "9400", "X": "189838.67", "Y": "659373.2", "ADDRESS": " ", "BLOCK": "6696", "PARCEL": "122", "DUNAM": "1.58", "LANDUSE": "מלאכה אחסנה ושצ\"\"פ", "PARKINGN": "12", "FLOORS": "1", "BUSS_N": "1", "BUSDROP_N": "1", "BUSSD_N": "0", "TIFULLN": "12", "NIGHTP_N": "0", "RAVKAVN": "0", "CALP_AREA": "1.5", "PINUYY": "0", "COMMENTS": " ", "SOURCE": "סקר", "D_UPDATE": "2026-02-22 00:00:00", "YEARMONTH": "202605", "OPENYEAR": "לא ידוע", "T_TYPE": "מסוף תפעולי", "TRAVELERS": "כן", "CLOSEYEAR": "פתוח", "PARK_RIDE": "כן", "DRIVERSR": "קיים", "TOILET": "לא", "SIZERANK": "קטן", "COMMERCIAL": "לא", "STATUS": "קיים", "MATAN": " ", "ECharge_N": " ", "KISSNRIDE": " ", "BIC_PARK": " ", "BUSPARKN": "9", "MAAVAR": "לא", "OWN": "רמ\"\"י", "Shape_Length": "178.70025509164932", "Shape_Area": "1581.366059860725" }, "geometry": { "type": "Point", "coordinates": [ 34.89092, 32.02716 ] } },
{ "type": "Feature", "properties": { "OID": "-1", "MAKAT": "730027", "NAME": "מסוף בית רבקה פתח תקווה", "DISTRICT": "מרכז", "AUTHORITY": "פתח תקווה", "AUTHCODE": "7900", "X": "190016.76", "Y": "664371.16", "ADDRESS": " ", "BLOCK": "6388", "PARCEL": "667", "DUNAM": "0.8", "LANDUSE": " ", "PARKINGN": "8", "FLOORS": "1", "BUSS_N": "0", "BUSDROP_N": "0", "BUSSD_N": "2", "TIFULLN": "8", "NIGHTP_N": "0", "RAVKAVN": "0", "CALP_AREA": "1.0", "PINUYY": "0", "COMMENTS": " ", "SOURCE": "סקר", "D_UPDATE": "2026-04-19 00:00:00", "YEARMONTH": "202605", "OPENYEAR": "לא ידוע", "T_TYPE": "מסוף תפעולי", "TRAVELERS": "כן", "CLOSEYEAR": "פתוח", "PARK_RIDE": "לא", "DRIVERSR": "קיים", "TOILET": "לא", "SIZERANK": "קטן", "COMMERCIAL": "לא", "STATUS": "קיים", "MATAN": " ", "ECharge_N": " ", "KISSNRIDE": " ", "BIC_PARK": " ", "BUSPARKN": " ", "MAAVAR": "לא", "OWN": " ", "Shape_Length": "134.3673027241845", "Shape_Area": "796.2684794944824" }, "geometry": { "type": "Point", "coordinates": [ 34.89265, 32.07224 ] } },
{ "type": "Feature", "properties": { "OID": "-1", "MAKAT": "730029", "NAME": "תחנה מרכזית פתח תקווה", "DISTRICT": "מרכז", "AUTHORITY": "פתח תקווה", "AUTHCODE": "7900", "X": "189460.7", "Y": "666926.05", "ADDRESS": " ", "BLOCK": "6361", "PARCEL": "217, 218, 219, 220, 221, 222, 223, 240, 241, 242, 243, 244, 245, 246, 247, 248, 323", "DUNAM": "12.86", "LANDUSE": "מסוף תחבורה", "PARKINGN": "60", "FLOORS": "1", "BUSS_N": "3", "BUSDROP_N": "1", "BUSSD_N": "0", "TIFULLN": "60", "NIGHTP_N": "60", "RAVKAVN": "0", "CALP_AREA": "7.5", "PINUYY": "0", "COMMENTS": " ", "SOURCE": "סקר", "D_UPDATE": "2026-04-19 00:00:00", "YEARMONTH": "202605", "OPENYEAR": "1957", "T_TYPE": "מסוף תפעולי משולב עם חניון לילה", "TRAVELERS": "כן", "CLOSEYEAR": "פתוח", "PARK_RIDE": "לא", "DRIVERSR": "קיים", "TOILET": "כן", "SIZERANK": "בינוני", "COMMERCIAL": "לא", "STATUS": "קיים", "MATAN": "רק\"\"ל", "ECharge_N": " ", "KISSNRIDE": " ", "BIC_PARK": " ", "BUSPARKN": "60", "MAAVAR": "לא", "OWN": "רשות מקומית", "Shape_Length": "463.96644413360946", "Shape_Area": "12846.702725069135" }, "geometry": { "type": "Point", "coordinates": [ 34.88668, 32.09526 ] } },
{ "type": "Feature", "properties": { "OID": "-1", "MAKAT": "730033", "NAME": "מסוף ארנס פתח תקווה", "DISTRICT": "מרכז", "AUTHORITY": "פתח תקווה", "AUTHCODE": "7900", "X": "189289.01", "Y": "667186.71", "ADDRESS": "אבשלום גיסין 5, אבשלום גיסין 3", "BLOCK": "6361", "PARCEL": "391", "DUNAM": "7.2", "LANDUSE": " ", "PARKINGN": "60", "FLOORS": "1", "BUSS_N": "7", "BUSDROP_N": "1", "BUSSD_N": "0", "TIFULLN": "60", "NIGHTP_N": "60", "RAVKAVN": "0", "CALP_AREA": "7.5", "PINUYY": "0", "COMMENTS": " ", "SOURCE": "סקר", "D_UPDATE": "2026-04-19 00:00:00", "YEARMONTH": "202605", "OPENYEAR": "לא ידוע", "T_TYPE": "מסוף תפעולי משולב עם חניון לילה", "TRAVELERS": "כן", "CLOSEYEAR": "פתוח", "PARK_RIDE": "כן", "DRIVERSR": "קיים", "TOILET": "כן", "SIZERANK": "בינוני", "COMMERCIAL": "לא", "STATUS": "קיים", "MATAN": " ", "ECharge_N": "5", "KISSNRIDE": " ", "BIC_PARK": " ", "BUSPARKN": "60", "MAAVAR": "לא", "OWN": " ", "Shape_Length": "337.28456952951757", "Shape_Area": "7195.237021379227" }, "geometry": { "type": "Point", "coordinates": [ 34.88485, 32.09761 ] } },
{ "type": "Feature", "properties": { "OID": "-1", "MAKAT": "730054", "NAME": "מסוף שוהם - אז\"\"ת חבל מודיעין", "DISTRICT": "מרכז", "AUTHORITY": "שוהם", "AUTHCODE": "1304", "X": "196154.03", "Y": "658230.48", "ADDRESS": " ", "BLOCK": "4609", "PARCEL": "53, 54, 55", "DUNAM": "5.55", "LANDUSE": "מבני ציבור, תעסוקה", "PARKINGN": "30", "FLOORS": "1", "BUSS_N": "0", "BUSDROP_N": "0", "BUSSD_N": "0", "TIFULLN": "30", "NIGHTP_N": "0", "RAVKAVN": "0", "CALP_AREA": "3.75", "PINUYY": "0", "COMMENTS": " ", "SOURCE": " ", "D_UPDATE": "", "YEARMONTH": "202605", "OPENYEAR": "לא ידוע", "T_TYPE": "מסוף תפעולי", "TRAVELERS": "לא", "CLOSEYEAR": "פתוח", "PARK_RIDE": "לא", "DRIVERSR": "קיים", "TOILET": " ", "SIZERANK": "בינוני", "COMMERCIAL": "לא", "STATUS": "קיים", "MATAN": " ", "ECharge_N": " ", "KISSNRIDE": " ", "BIC_PARK": " ", "BUSPARKN": " ", "MAAVAR": "לא", "OWN": "רמ\"\"י", "Shape_Length": "317.5083392159843", "Shape_Area": "5539.9059173546475" }, "geometry": { "type": "Point", "coordinates": [ 34.9578, 32.017 ] } },
{ "type": "Feature", "properties": { "OID": "-1", "MAKAT": "730000", "NAME": "חניון אלעד", "DISTRICT": "מרכז", "AUTHORITY": "אלעד", "AUTHCODE": "1309", "X": "197133.68", "Y": "662365.22", "ADDRESS": " ", "BLOCK": "5762", "PARCEL": "20, 59, 63", "DUNAM": "19.48", "LANDUSE": " ", "PARKINGN": "140", "FLOORS": "1", "BUSS_N": "0", "BUSDROP_N": "0", "BUSSD_N": "0", "TIFULLN": "140", "NIGHTP_N": "140", "RAVKAVN": "0", "CALP_AREA": "17.5", "PINUYY": "0", "COMMENTS": " ", "SOURCE": " ", "D_UPDATE": "", "YEARMONTH": "202605", "OPENYEAR": "לא ידוע", "T_TYPE": "מסוף תפעולי משולב עם חניון לילה", "TRAVELERS": "לא", "CLOSEYEAR": "פתוח", "PARK_RIDE": "לא", "DRIVERSR": "קיים", "TOILET": " ", "SIZERANK": "גדול", "COMMERCIAL": "לא", "STATUS": "קיים", "MATAN": " ", "ECharge_N": " ", "KISSNRIDE": " ", "BIC_PARK": " ", "BUSPARKN": " ", "MAAVAR": "לא", "OWN": " ", "Shape_Length": "645.0577348041766", "Shape_Area": "19466.138322153052" }, "geometry": { "type": "Point", "coordinates": [ 34.96807, 32.05431 ] } },
{ "type": "Feature", "properties": { "OID": "-1", "MAKAT": "730288", "NAME": "מסוף אלעד צפון", "DISTRICT": "מרכז", "AUTHORITY": "אלעד", "AUTHCODE": "1309", "X": "196955.3", "Y": "662714.81", "ADDRESS": " ", "BLOCK": "5659, 5663", "PARCEL": "5", "DUNAM": "9.7", "LANDUSE": "מרכז תחבורה", "PARKINGN": "48", "FLOORS": "1", "BUSS_N": "0", "BUSDROP_N": "0", "BUSSD_N": "0", "TIFULLN": "48", "NIGHTP_N": "48", "RAVKAVN": "0", "CALP_AREA": "6.0", "PINUYY": "0", "COMMENTS": " ", "SOURCE": "מעורב", "D_UPDATE": "2026-12-01 00:00:00", "YEARMONTH": "202605", "OPENYEAR": "2025", "T_TYPE": "מסוף תפעולי משולב עם חניון לילה", "TRAVELERS": "לא", "CLOSEYEAR": "פתוח", "PARK_RIDE": "לא", "DRIVERSR": "קיים", "TOILET": "לא", "SIZERANK": "בינוני", "COMMERCIAL": "לא", "STATUS": "קיים", "MATAN": " ", "ECharge_N": " ", "KISSNRIDE": " ", "BIC_PARK": " ", "BUSPARKN": "48", "MAAVAR": "לא", "OWN": "רמ\"\"י", "Shape_Length": "445.5790082530375", "Shape_Area": "9693.928150449696" }, "geometry": { "type": "Point", "coordinates": [ 34.96617, 32.05746 ] } },
{ "type": "Feature", "properties": { "OID": "-1", "MAKAT": "730036", "NAME": "חניון לילה פארק תעשייה אפק", "DISTRICT": "מרכז", "AUTHORITY": "ראש העין", "AUTHCODE": "2640", "X": "196886.15", "Y": "668518.83", "ADDRESS": " ", "BLOCK": "8738", "PARCEL": "15", "DUNAM": "13.38", "LANDUSE": " ", "PARKINGN": "140", "FLOORS": "1", "BUSS_N": "0", "BUSDROP_N": "0", "BUSSD_N": "0", "TIFULLN": "140", "NIGHTP_N": "140", "RAVKAVN": "0", "CALP_AREA": "17.5", "PINUYY": "0", "COMMENTS": " ", "SOURCE": " ", "D_UPDATE": "", "YEARMONTH": "202605", "OPENYEAR": "לא ידוע", "T_TYPE": "מסוף תפעולי משולב עם חניון לילה", "TRAVELERS": "לא", "CLOSEYEAR": "פתוח", "PARK_RIDE": "לא", "DRIVERSR": "קיים", "TOILET": " ", "SIZERANK": "בינוני", "COMMERCIAL": "לא", "STATUS": "קיים", "MATAN": " ", "ECharge_N": " ", "KISSNRIDE": " ", "BIC_PARK": " ", "BUSPARKN": "140", "MAAVAR": "לא", "OWN": " ", "Shape_Length": "617.5606202652466", "Shape_Area": "13375.403072842011" }, "geometry": { "type": "Point", "coordinates": [ 34.9653, 32.1098 ] } },
{ "type": "Feature", "properties": { "OID": "-1", "MAKAT": "730052", "NAME": "מסוף רכבת רעננה דרום", "DISTRICT": "מרכז", "AUTHORITY": "רעננה", "AUTHCODE": "8700", "X": "189559.17", "Y": "675599.81", "ADDRESS": " ", "BLOCK": "6587", "PARCEL": "393, 410, 359", "DUNAM": "2.66", "LANDUSE": "תעסוקה", "PARKINGN": "4", "FLOORS": "1", "BUSS_N": "3", "BUSDROP_N": "1", "BUSSD_N": "0", "TIFULLN": "4", "NIGHTP_N": "0", "RAVKAVN": "0", "CALP_AREA": "0.5", "PINUYY": "0", "COMMENTS": " ", "SOURCE": "סקר", "D_UPDATE": "2026-02-22 00:00:00", "YEARMONTH": "202605", "OPENYEAR": "לא ידוע", "T_TYPE": "מסוף תפעולי", "TRAVELERS": "כן", "CLOSEYEAR": "פתוח", "PARK_RIDE": "כן", "DRIVERSR": "לא קיים", "TOILET": "כן", "SIZERANK": "קטן", "COMMERCIAL": "לא", "STATUS": "קיים", "MATAN": "רכבת כבדה", "ECharge_N": " ", "KISSNRIDE": "4", "BIC_PARK": "51", "BUSPARKN": " ", "MAAVAR": "לא", "OWN": "רשות מקומית", "Shape_Length": "252.69390045045446", "Shape_Area": "2659.590696964581" }, "geometry": { "type": "Point", "coordinates": [ 34.88745, 32.17348 ] } },
{ "type": "Feature", "properties": { "OID": "-1", "MAKAT": "730051", "NAME": "מסוף צומת רעננה", "DISTRICT": "מרכז", "AUTHORITY": "רעננה", "AUTHCODE": "8700", "X": "189841.19", "Y": "675799.81", "ADDRESS": " ", "BLOCK": "6587", "PARCEL": "353,354", "DUNAM": "6.92", "LANDUSE": "מרכז תחבורה, מסחר עילי", "PARKINGN": "53", "FLOORS": "1", "BUSS_N": "9", "BUSDROP_N": "1", "BUSSD_N": "4", "TIFULLN": "53", "NIGHTP_N": "53", "RAVKAVN": "0", "CALP_AREA": "6.63", "PINUYY": "0", "COMMENTS": " ", "SOURCE": "סקר", "D_UPDATE": "2026-02-22 00:00:00", "YEARMONTH": "202605", "OPENYEAR": "לא ידוע", "T_TYPE": "מסוף תפעולי משולב עם חניון לילה", "TRAVELERS": "כן", "CLOSEYEAR": "פתוח", "PARK_RIDE": "לא", "DRIVERSR": "קיים", "TOILET": "כן", "SIZERANK": "בינוני", "COMMERCIAL": "לא", "STATUS": "קיים", "MATAN": " ", "ECharge_N": " ", "KISSNRIDE": " ", "BIC_PARK": " ", "BUSPARKN": "53", "MAAVAR": "לא", "OWN": "פרטי", "Shape_Length": "315.2966023816514", "Shape_Area": "6918.396943407396" }, "geometry": { "type": "Point", "coordinates": [ 34.89044, 32.17529 ] } },
{ "type": "Feature", "properties": { "OID": "-1", "MAKAT": "730002", "NAME": "תחנת רכבת סוקולוב", "DISTRICT": "מרכז", "AUTHORITY": "הוד השרון", "AUTHCODE": "9700", "X": "190937.77", "Y": "675254.06", "ADDRESS": " ", "BLOCK": "6407", "PARCEL": "500, 517, 520, 521, 453, 457", "DUNAM": "2.05", "LANDUSE": "תחנת רכבת", "PARKINGN": "9", "FLOORS": "1", "BUSS_N": "8", "BUSDROP_N": "0", "BUSSD_N": "1", "TIFULLN": "9", "NIGHTP_N": "0", "RAVKAVN": "0", "CALP_AREA": "1.13", "PINUYY": "0", "COMMENTS": "שרותים בתחנת רכבת", "SOURCE": "סקר", "D_UPDATE": "2026-02-22 00:00:00", "YEARMONTH": "202605", "OPENYEAR": "לא ידוע", "T_TYPE": "מסוף תפעולי", "TRAVELERS": "כן", "CLOSEYEAR": "פתוח", "PARK_RIDE": "כן", "DRIVERSR": "לא קיים", "TOILET": "כן", "SIZERANK": "קטן", "COMMERCIAL": "לא", "STATUS": "קיים", "MATAN": "רכבת כבדה", "ECharge_N": " ", "KISSNRIDE": " ", "BIC_PARK": "45", "BUSPARKN": " ", "MAAVAR": "לא", "OWN": "פרטי", "Shape_Length": "212.24421423110485", "Shape_Area": "2052.0824166515567" }, "geometry": { "type": "Point", "coordinates": [ 34.90208, 32.1704 ] } },
{ "type": "Feature", "properties": { "OID": "-1", "MAKAT": "730012", "NAME": "תחנה מרכזית כפר סבא", "DISTRICT": "מרכז", "AUTHORITY": "כפר סבא", "AUTHCODE": "6900", "X": "192149.24", "Y": "675716.25", "ADDRESS": "תל חי 36, העמק 23", "BLOCK": "6436", "PARCEL": "6, 7, 8, 9", "DUNAM": "12.68", "LANDUSE": "מרכז תחבורה", "PARKINGN": "60", "FLOORS": "1", "BUSS_N": "10", "BUSDROP_N": "1", "BUSSD_N": "0", "TIFULLN": "60", "NIGHTP_N": "60", "RAVKAVN": "1", "CALP_AREA": "7.5", "PINUYY": "0", "COMMENTS": " ", "SOURCE": "סקר", "D_UPDATE": "2026-02-22 00:00:00", "YEARMONTH": "202605", "OPENYEAR": "לא ידוע", "T_TYPE": "מסוף תפעולי משולב עם חניון לילה", "TRAVELERS": "כן", "CLOSEYEAR": "פתוח", "PARK_RIDE": "לא", "DRIVERSR": "קיים", "TOILET": "כן", "SIZERANK": "בינוני", "COMMERCIAL": "כן", "STATUS": "קיים", "MATAN": " ", "ECharge_N": " ", "KISSNRIDE": " ", "BIC_PARK": "5", "BUSPARKN": "60", "MAAVAR": "לא", "OWN": "פרטי", "Shape_Length": "447.44557971131036", "Shape_Area": "12667.961046743489" }, "geometry": { "type": "Point", "coordinates": [ 34.91491, 32.1746 ] } },
{ "type": "Feature", "properties": { "OID": "-1", "MAKAT": "730003", "NAME": "תחנת רכבת נורדאו", "DISTRICT": "מרכז", "AUTHORITY": "הוד השרון", "AUTHCODE": "9700", "X": "192391.2", "Y": "674954.55", "ADDRESS": " ", "BLOCK": "6409", "PARCEL": "120", "DUNAM": "1.35", "LANDUSE": "מסילת ברזל מאושרת", "PARKINGN": "2", "FLOORS": "1", "BUSS_N": "0", "BUSDROP_N": "0", "BUSSD_N": "2", "TIFULLN": "2", "NIGHTP_N": "0", "RAVKAVN": "0", "CALP_AREA": "0.25", "PINUYY": "0", "COMMENTS": " ", "SOURCE": "מעורב", "D_UPDATE": "2025-06-22 00:00:00", "YEARMONTH": "202605", "OPENYEAR": "לא ידוע", "T_TYPE": "מסוף תפעולי", "TRAVELERS": "כן", "CLOSEYEAR": "פתוח", "PARK_RIDE": "כן", "DRIVERSR": "לא קיים", "TOILET": " ", "SIZERANK": "קטן", "COMMERCIAL": "לא", "STATUS": "קיים", "MATAN": "רכבת כבדה", "ECharge_N": " ", "KISSNRIDE": " ", "BIC_PARK": " ", "BUSPARKN": " ", "MAAVAR": "לא", "OWN": "רמ\"\"י", "Shape_Length": "166.18503136634286", "Shape_Area": "1348.3175308414916" }, "geometry": { "type": "Point", "coordinates": [ 34.9175, 32.16773 ] } },
{ "type": "Feature", "properties": { "OID": "-1", "MAKAT": "730011", "NAME": "חניון התע\"\"ש כפר סבא", "DISTRICT": "מרכז", "AUTHORITY": "כפר סבא", "AUTHCODE": "6900", "X": "193332.98", "Y": "676149.04", "ADDRESS": " ", "BLOCK": "7606", "PARCEL": "70", "DUNAM": "7.88", "LANDUSE": "חניון", "PARKINGN": "55", "FLOORS": "1", "BUSS_N": "0", "BUSDROP_N": "0", "BUSSD_N": "0", "TIFULLN": "55", "NIGHTP_N": "0", "RAVKAVN": "0", "CALP_AREA": "6.88", "PINUYY": "0", "COMMENTS": " ", "SOURCE": "מעורב", "D_UPDATE": "2025-06-23 00:00:00", "YEARMONTH": "202605", "OPENYEAR": "לא ידוע", "T_TYPE": "מסוף תפעולי", "TRAVELERS": "לא", "CLOSEYEAR": "פתוח", "PARK_RIDE": "לא", "DRIVERSR": "קיים", "TOILET": " ", "SIZERANK": "בינוני", "COMMERCIAL": "לא", "STATUS": "קיים", "MATAN": " ", "ECharge_N": " ", "KISSNRIDE": " ", "BIC_PARK": " ", "BUSPARKN": "55", "MAAVAR": "לא", "OWN": "רשות מקומית", "Shape_Length": "415.8909920938494", "Shape_Area": "7871.828214070984" }, "geometry": { "type": "Point", "coordinates": [ 34.92745, 32.17853 ] } },
{ "type": "Feature", "properties": { "OID": "-1", "MAKAT": "730049", "NAME": "חניון לילה התדהר רעננה", "DISTRICT": "מרכז", "AUTHORITY": "רעננה", "AUTHCODE": "8700", "X": "189210.65", "Y": "678370.05", "ADDRESS": " ", "BLOCK": "7658", "PARCEL": "125, 133, 135", "DUNAM": "18.91", "LANDUSE": "מרכז תחבורה", "PARKINGN": "190", "FLOORS": "1", "BUSS_N": "0", "BUSDROP_N": "0", "BUSSD_N": "0", "TIFULLN": "0", "NIGHTP_N": "190", "RAVKAVN": "0", "CALP_AREA": "23.75", "PINUYY": "0", "COMMENTS": " ", "SOURCE": " ", "D_UPDATE": "", "YEARMONTH": "202605", "OPENYEAR": "לא ידוע", "T_TYPE": "חניון לילה", "TRAVELERS": "לא", "CLOSEYEAR": "פתוח", "PARK_RIDE": "לא", "DRIVERSR": "קיים", "TOILET": "לא", "SIZERANK": "גדול", "COMMERCIAL": "לא", "STATUS": "קיים", "MATAN": " ", "ECharge_N": " ", "KISSNRIDE": " ", "BIC_PARK": " ", "BUSPARKN": " ", "MAAVAR": "לא", "OWN": "פרטי", "Shape_Length": "631.0889652540122", "Shape_Area": "18900.066767965698" }, "geometry": { "type": "Point", "coordinates": [ 34.88367, 32.19845 ] } },
{ "type": "Feature", "properties": { "OID": "-1", "MAKAT": "730037", "NAME": "תחנת רכבת ראש העין צפון", "DISTRICT": "מרכז", "AUTHORITY": "ראש העין", "AUTHCODE": "0870", "X": "194034.11", "Y": "669802.6", "ADDRESS": " ", "BLOCK": "8876", "PARCEL": "38", "DUNAM": "3.6", "LANDUSE": " ", "PARKINGN": "21", "FLOORS": "1", "BUSS_N": "9", "BUSDROP_N": "1", "BUSSD_N": "0", "TIFULLN": "21", "NIGHTP_N": "0", "RAVKAVN": "0", "CALP_AREA": "2.63", "PINUYY": "0", "COMMENTS": " ", "SOURCE": "סקר", "D_UPDATE": "2026-02-22 00:00:00", "YEARMONTH": "202605", "OPENYEAR": "לא ידוע", "T_TYPE": "מסוף תפעולי", "TRAVELERS": "כן", "CLOSEYEAR": "פתוח", "PARK_RIDE": "כן", "DRIVERSR": "לא קיים", "TOILET": "כן", "SIZERANK": "קטן", "COMMERCIAL": "לא", "STATUS": "קיים", "MATAN": "רכבת כבדה", "ECharge_N": " ", "KISSNRIDE": "8", "BIC_PARK": "24", "BUSPARKN": "7", "MAAVAR": "לא", "OWN": "רמ\"\"י", "Shape_Length": "241.7268417848387", "Shape_Area": "3599.6341012450316" }, "geometry": { "type": "Point", "coordinates": [ 34.93505, 32.12131 ] } },
{ "type": "Feature", "properties": { "OID": "-1", "MAKAT": "730297", "NAME": "מסוף עתיר ידע", "DISTRICT": "מרכז", "AUTHORITY": "כפר סבא", "AUTHCODE": "6900", "X": "194252.71", "Y": "674102.08", "ADDRESS": " ", "BLOCK": "9078", "PARCEL": "10", "DUNAM": "4.04", "LANDUSE": "שטח לבנייני ציבור", "PARKINGN": "45", "FLOORS": "1", "BUSS_N": "0", "BUSDROP_N": "0", "BUSSD_N": "0", "TIFULLN": "45", "NIGHTP_N": "0", "RAVKAVN": "0", "CALP_AREA": "5.63", "PINUYY": "0", "COMMENTS": " ", "SOURCE": "מטרופולין", "D_UPDATE": "2025-06-17 00:00:00", "YEARMONTH": "202605", "OPENYEAR": "2025", "T_TYPE": "מסוף תפעולי", "TRAVELERS": "לא", "CLOSEYEAR": "פתוח", "PARK_RIDE": "לא", "DRIVERSR": "לא קיים", "TOILET": "לא", "SIZERANK": "קטן", "COMMERCIAL": "לא", "STATUS": "קיים", "MATAN": " ", "ECharge_N": " ", "KISSNRIDE": " ", "BIC_PARK": " ", "BUSPARKN": " ", "MAAVAR": "לא", "OWN": "רמ\"\"י", "Shape_Length": "250.41940991393545", "Shape_Area": "4037.4672445001456" }, "geometry": { "type": "Point", "coordinates": [ 34.93726, 32.16009 ] } },
{ "type": "Feature", "properties": { "OID": "-1", "MAKAT": "730299", "NAME": "כפר קאסם מזרח", "DISTRICT": "מרכז", "AUTHORITY": "כפר קאסם", "AUTHCODE": "0634", "X": "199046.97", "Y": "669191.9", "ADDRESS": " ", "BLOCK": "8880", "PARCEL": "77, 78", "DUNAM": "2.72", "LANDUSE": "שטח למבני ציבור", "PARKINGN": "15", "FLOORS": "1", "BUSS_N": "5", "BUSDROP_N": "2", "BUSSD_N": "0", "TIFULLN": "15", "NIGHTP_N": "15", "RAVKAVN": "0", "CALP_AREA": "1.88", "PINUYY": "0", "COMMENTS": " ", "SOURCE": " ", "D_UPDATE": "", "YEARMONTH": "202605", "OPENYEAR": "2025", "T_TYPE": "מסוף תפעולי משולב עם חניון לילה", "TRAVELERS": "כן", "CLOSEYEAR": "פתוח", "PARK_RIDE": "לא", "DRIVERSR": "קיים", "TOILET": " ", "SIZERANK": "קטן", "COMMERCIAL": "לא", "STATUS": "קיים", "MATAN": " ", "ECharge_N": " ", "KISSNRIDE": " ", "BIC_PARK": " ", "BUSPARKN": " ", "MAAVAR": "לא", "OWN": "רמ\"\"י", "Shape_Length": "222.27203477655158", "Shape_Area": "2717.0754649065675" }, "geometry": { "type": "Point", "coordinates": [ 34.98818, 32.11591 ] } },
{ "type": "Feature", "properties": { "OID": "-1", "MAKAT": "730013", "NAME": "חניון לילה מנוחה נכונה", "DISTRICT": "מרכז", "AUTHORITY": "כפר סבא", "AUTHCODE": "6900", "X": "195251.78", "Y": "676986.05", "ADDRESS": " ", "BLOCK": "7534", "PARCEL": "70", "DUNAM": "8.47", "LANDUSE": " ", "PARKINGN": "80", "FLOORS": "1", "BUSS_N": "0", "BUSDROP_N": "0", "BUSSD_N": "0", "TIFULLN": "80", "NIGHTP_N": "80", "RAVKAVN": "0", "CALP_AREA": "10.0", "PINUYY": "0", "COMMENTS": " ", "SOURCE": " ", "D_UPDATE": "", "YEARMONTH": "202605", "OPENYEAR": "לא ידוע", "T_TYPE": "מסוף תפעולי משולב עם חניון לילה", "TRAVELERS": "לא", "CLOSEYEAR": "פתוח", "PARK_RIDE": "לא", "DRIVERSR": "קיים", "TOILET": " ", "SIZERANK": "בינוני", "COMMERCIAL": "לא", "STATUS": "קיים", "MATAN": " ", "ECharge_N": " ", "KISSNRIDE": " ", "BIC_PARK": " ", "BUSPARKN": "80", "MAAVAR": "לא", "OWN": " ", "Shape_Length": "385.5783896254094", "Shape_Area": "8466.405390735974" }, "geometry": { "type": "Point", "coordinates": [ 34.94777, 32.18612 ] } },
{ "type": "Feature", "properties": { "OID": "-1", "MAKAT": "730300", "NAME": "כפר סבא מזרח", "DISTRICT": "מרכז", "AUTHORITY": "כפר סבא", "AUTHCODE": "6900", "X": "195712.72", "Y": "676740.77", "ADDRESS": " ", "BLOCK": "7536", "PARCEL": "40, 41, 42, 46, 51, 52, 53, 54, 134, 138, 140, 142, 144, 148", "DUNAM": "30.66", "LANDUSE": "מרכז תחבורה", "PARKINGN": "194", "FLOORS": "1", "BUSS_N": "0", "BUSDROP_N": "0", "BUSSD_N": "0", "TIFULLN": "194", "NIGHTP_N": "194", "RAVKAVN": "0", "CALP_AREA": "24.25", "PINUYY": "0", "COMMENTS": " ", "SOURCE": "תצ\"\"א", "D_UPDATE": "2026-12-01 00:00:00", "YEARMONTH": "202605", "OPENYEAR": "2025", "T_TYPE": "מסוף תפעולי משולב עם חניון לילה", "TRAVELERS": "לא", "CLOSEYEAR": "פתוח", "PARK_RIDE": "לא", "DRIVERSR": "קיים", "TOILET": "לא", "SIZERANK": "גדול", "COMMERCIAL": "לא", "STATUS": "קיים", "MATAN": " ", "ECharge_N": " ", "KISSNRIDE": " ", "BIC_PARK": " ", "BUSPARKN": "194", "MAAVAR": "לא", "OWN": "רמ\"\"י", "Shape_Length": "693.8057983543666", "Shape_Area": "30636.811055261773" }, "geometry": { "type": "Point", "coordinates": [ 34.95267, 32.18392 ] } },
{ "type": "Feature", "properties": { "OID": "-1", "MAKAT": "760011", "NAME": "מסוף אורנית", "DISTRICT": "איו\"\"ש", "AUTHORITY": "שומרון", "AUTHCODE": "3560", "X": "200097.84", "Y": "668251.82", "ADDRESS": " ", "BLOCK": " ", "PARCEL": " ", "DUNAM": "1.68", "LANDUSE": " ", "PARKINGN": "3", "FLOORS": "1", "BUSS_N": "2", "BUSDROP_N": "1", "BUSSD_N": "0", "TIFULLN": "3", "NIGHTP_N": "0", "RAVKAVN": "0", "CALP_AREA": "0.38", "PINUYY": "0", "COMMENTS": " ", "SOURCE": " ", "D_UPDATE": "", "YEARMONTH": "202605", "OPENYEAR": "2021", "T_TYPE": "מסוף תפעולי", "TRAVELERS": "כן", "CLOSEYEAR": "פתוח", "PARK_RIDE": "כן", "DRIVERSR": "לא קיים", "TOILET": " ", "SIZERANK": "קטן", "COMMERCIAL": "לא", "STATUS": "קיים", "MATAN": " ", "ECharge_N": " ", "KISSNRIDE": " ", "BIC_PARK": " ", "BUSPARKN": " ", "MAAVAR": "לא", "OWN": " ", "Shape_Length": "156.04839452156287", "Shape_Area": "1676.3224882887816" }, "geometry": { "type": "Point", "coordinates": [ 34.99934, 32.10745 ] } },
{ "type": "Feature", "properties": { "OID": "-1", "MAKAT": "760014", "NAME": "מסוף פדואל", "DISTRICT": "איו\"\"ש", "AUTHORITY": "שומרון", "AUTHCODE": "MR72", "X": "210123.94", "Y": "666578.93", "ADDRESS": " ", "BLOCK": " ", "PARCEL": " ", "DUNAM": "17.98", "LANDUSE": " ", "PARKINGN": "14", "FLOORS": "1", "BUSS_N": "8", "BUSDROP_N": "1", "BUSSD_N": "0", "TIFULLN": "14", "NIGHTP_N": "0", "RAVKAVN": "0", "CALP_AREA": "1.75", "PINUYY": "0", "COMMENTS": " ", "SOURCE": "מעורב", "D_UPDATE": "2026-05-13 00:00:00", "YEARMONTH": "202605", "OPENYEAR": "2026", "T_TYPE": "מסוף תפעולי", "TRAVELERS": "כן", "CLOSEYEAR": "פתוח", "PARK_RIDE": "כן", "DRIVERSR": "לא קיים", "TOILET": "לא", "SIZERANK": "גדול", "COMMERCIAL": "לא", "STATUS": "קיים", "MATAN": " ", "ECharge_N": "8", "KISSNRIDE": "6", "BIC_PARK": " ", "BUSPARKN": "6", "MAAVAR": "לא", "OWN": " ", "Shape_Length": "740.6172523180869", "Shape_Area": "17965.80496035895" }, "geometry": { "type": "Point", "coordinates": [ 35.10558, 32.09249 ] } },
{ "type": "Feature", "properties": { "OID": "-1", "MAKAT": "730021", "NAME": "חניון לילה נתניה", "DISTRICT": "מרכז", "AUTHORITY": "נתניה", "AUTHCODE": "7400", "X": "187710.23", "Y": "691773.75", "ADDRESS": "הרכבת 8", "BLOCK": "8234, 8237", "PARCEL": "105, 111, 106 / 7, 24, 26", "DUNAM": "41.07", "LANDUSE": "שטח חניון ומוסך", "PARKINGN": "260", "FLOORS": "1", "BUSS_N": "0", "BUSDROP_N": "0", "BUSSD_N": "0", "TIFULLN": "260", "NIGHTP_N": "260", "RAVKAVN": "0", "CALP_AREA": "32.5", "PINUYY": "0", "COMMENTS": " ", "SOURCE": " ", "D_UPDATE": "", "YEARMONTH": "202605", "OPENYEAR": "לא ידוע", "T_TYPE": "מסוף תפעולי משולב עם חניון לילה", "TRAVELERS": "לא", "CLOSEYEAR": "פתוח", "PARK_RIDE": "כן", "DRIVERSR": "קיים", "TOILET": " ", "SIZERANK": "גדול", "COMMERCIAL": "לא", "STATUS": "קיים", "MATAN": " ", "ECharge_N": " ", "KISSNRIDE": " ", "BIC_PARK": " ", "BUSPARKN": "260", "MAAVAR": "לא", "OWN": "רמ\"\"י", "Shape_Length": "866.1134447097511", "Shape_Area": "41042.11915359294" }, "geometry": { "type": "Point", "coordinates": [ 34.86731, 32.31928 ] } },
{ "type": "Feature", "properties": { "OID": "-1", "MAKAT": "730023", "NAME": "חניון לילה/ איזור התעשייה", "DISTRICT": "מרכז", "AUTHORITY": "נתניה", "AUTHCODE": "7400", "X": "188706.49", "Y": "691395.5", "ADDRESS": " ", "BLOCK": "8236", "PARCEL": "178", "DUNAM": "2.72", "LANDUSE": " ", "PARKINGN": "40", "FLOORS": "1", "BUSS_N": "0", "BUSDROP_N": "0", "BUSSD_N": "0", "TIFULLN": "0", "NIGHTP_N": "40", "RAVKAVN": "0", "CALP_AREA": "5.0", "PINUYY": "0", "COMMENTS": " ", "SOURCE": " ", "D_UPDATE": "", "YEARMONTH": "202605", "OPENYEAR": "לא ידוע", "T_TYPE": "חניון לילה", "TRAVELERS": "לא", "CLOSEYEAR": "פתוח", "PARK_RIDE": "לא", "DRIVERSR": "קיים", "TOILET": "לא", "SIZERANK": "קטן", "COMMERCIAL": "לא", "STATUS": "קיים", "MATAN": " ", "ECharge_N": " ", "KISSNRIDE": " ", "BIC_PARK": " ", "BUSPARKN": " ", "MAAVAR": "לא", "OWN": " ", "Shape_Length": "205.21028507278947", "Shape_Area": "2717.8074808722135" }, "geometry": { "type": "Point", "coordinates": [ 34.8779, 32.3159 ] } },
{ "type": "Feature", "properties": { "OID": "-1", "MAKAT": "730070", "NAME": "שי עגנון", "DISTRICT": "מרכז", "AUTHORITY": "נתניה", "AUTHCODE": "7400", "X": "188368.63", "Y": "694268.17", "ADDRESS": " ", "BLOCK": "8229", "PARCEL": "89", "DUNAM": "3.62", "LANDUSE": " ", "PARKINGN": "10", "FLOORS": "1", "BUSS_N": "0", "BUSDROP_N": "0", "BUSSD_N": "0", "TIFULLN": "10", "NIGHTP_N": "0", "RAVKAVN": "0", "CALP_AREA": "1.25", "PINUYY": "0", "COMMENTS": " ", "SOURCE": "סקר", "D_UPDATE": "2026-12-01 00:00:00", "YEARMONTH": "202605", "OPENYEAR": "לא ידוע", "T_TYPE": "מסוף תפעולי", "TRAVELERS": "לא", "CLOSEYEAR": "פתוח", "PARK_RIDE": "לא", "DRIVERSR": "קיים", "TOILET": "לא", "SIZERANK": "קטן", "COMMERCIAL": "לא", "STATUS": "קיים", "MATAN": " ", "ECharge_N": " ", "KISSNRIDE": " ", "BIC_PARK": " ", "BUSPARKN": "10", "MAAVAR": "לא", "OWN": " ", "Shape_Length": "293.88949285885315", "Shape_Area": "3620.7954638091123" }, "geometry": { "type": "Point", "coordinates": [ 34.87422, 32.34179 ] } },
{ "type": "Feature", "properties": { "OID": "-1", "MAKAT": "730035", "NAME": "חניון לילה קלאנסווה", "DISTRICT": "מרכז", "AUTHORITY": "קלנסווה", "AUTHCODE": "0638", "X": "197773.45", "Y": "687947.16", "ADDRESS": " ", "BLOCK": "7863", "PARCEL": "59", "DUNAM": "1.08", "LANDUSE": " ", "PARKINGN": "30", "FLOORS": "1", "BUSS_N": "0", "BUSDROP_N": "0", "BUSSD_N": "0", "TIFULLN": "0", "NIGHTP_N": "30", "RAVKAVN": "0", "CALP_AREA": "3.75", "PINUYY": "0", "COMMENTS": " ", "SOURCE": " ", "D_UPDATE": "", "YEARMONTH": "202605", "OPENYEAR": "לא ידוע", "T_TYPE": "חניון לילה", "TRAVELERS": "לא", "CLOSEYEAR": "פתוח", "PARK_RIDE": "לא", "DRIVERSR": "לא קיים", "TOILET": "לא", "SIZERANK": "קטן", "COMMERCIAL": "לא", "STATUS": "קיים", "MATAN": " ", "ECharge_N": " ", "KISSNRIDE": " ", "BIC_PARK": " ", "BUSPARKN": " ", "MAAVAR": "לא", "OWN": " ", "Shape_Length": "133.092770330459", "Shape_Area": "1076.0621824830719" }, "geometry": { "type": "Point", "coordinates": [ 34.97426, 32.28501 ] } },
{ "type": "Feature", "properties": { "OID": "-1", "MAKAT": "740004", "NAME": "תחנת רכבת חדרה מערב", "DISTRICT": "חיפה", "AUTHORITY": "חדרה", "AUTHCODE": "6500", "X": "190864.97", "Y": "705017.79", "ADDRESS": " ", "BLOCK": "10050, 10571", "PARCEL": "63,67,134", "DUNAM": "2.85", "LANDUSE": " ", "PARKINGN": "9", "FLOORS": "1", "BUSS_N": "8", "BUSDROP_N": "2", "BUSSD_N": "0", "TIFULLN": "9", "NIGHTP_N": "0", "RAVKAVN": "0", "CALP_AREA": "1.13", "PINUYY": "0", "COMMENTS": " ", "SOURCE": "סקר", "D_UPDATE": "2026-02-22 00:00:00", "YEARMONTH": "202605", "OPENYEAR": "לא ידוע", "T_TYPE": "מסוף תפעולי", "TRAVELERS": "כן", "CLOSEYEAR": "פתוח", "PARK_RIDE": "כן", "DRIVERSR": "לא קיים", "TOILET": "כן", "SIZERANK": "קטן", "COMMERCIAL": "לא", "STATUS": "קיים", "MATAN": "רכבת כבדה", "ECharge_N": " ", "KISSNRIDE": "14", "BIC_PARK": "60", "BUSPARKN": "5", "MAAVAR": "לא", "OWN": " ", "Shape_Length": "271.79894725249886", "Shape_Area": "2845.495966318734" }, "geometry": { "type": "Point", "coordinates": [ 34.90041, 32.43879 ] } },
{ "type": "Feature", "properties": { "OID": "-1", "MAKAT": "740003", "NAME": "תחנה מרכזית חדרה", "DISTRICT": "חיפה", "AUTHORITY": "חדרה", "AUTHCODE": "6500", "X": "192123.47", "Y": "704648.32", "ADDRESS": "רמב\"ם 802, רמב\"ם 8", "BLOCK": "10036", "PARCEL": "140, 429", "DUNAM": "17.1", "LANDUSE": " ", "PARKINGN": "70", "FLOORS": "1", "BUSS_N": "14", "BUSDROP_N": "1", "BUSSD_N": "1", "TIFULLN": "70", "NIGHTP_N": "70", "RAVKAVN": "4", "CALP_AREA": "8.75", "PINUYY": "0", "COMMENTS": " ", "SOURCE": "סקר", "D_UPDATE": "2026-09-02 00:00:00", "YEARMONTH": "202605", "OPENYEAR": "לא ידוע", "T_TYPE": "מסוף תפעולי משולב עם חניון לילה", "TRAVELERS": "כן", "CLOSEYEAR": "פתוח", "PARK_RIDE": "כן", "DRIVERSR": "קיים", "TOILET": "כן", "SIZERANK": "גדול", "COMMERCIAL": "כן", "STATUS": "קיים", "MATAN": " ", "ECharge_N": " ", "KISSNRIDE": " ", "BIC_PARK": " ", "BUSPARKN": "70", "MAAVAR": "לא", "OWN": " ", "Shape_Length": "527.4610937609929", "Shape_Area": "17086.00251243026" }, "geometry": { "type": "Point", "coordinates": [ 34.91381, 32.43549 ] } },
{ "type": "Feature", "properties": { "OID": "-1", "MAKAT": "740019", "NAME": "מסוף בית אליעזר", "DISTRICT": "חיפה", "AUTHORITY": "חדרה", "AUTHCODE": "6500", "X": "195615.88", "Y": "702482.02", "ADDRESS": " ", "BLOCK": "7730", "PARCEL": "201", "DUNAM": "0.76", "LANDUSE": " ", "PARKINGN": "7", "FLOORS": "1", "BUSS_N": "0", "BUSDROP_N": "0", "BUSSD_N": "0", "TIFULLN": "7", "NIGHTP_N": "7", "RAVKAVN": "0", "CALP_AREA": "0.88", "PINUYY": "0", "COMMENTS": " ", "SOURCE": " ", "D_UPDATE": "", "YEARMONTH": "202605", "OPENYEAR": "לא ידוע", "T_TYPE": "מסוף תפעולי משולב עם חניון לילה", "TRAVELERS": "לא", "CLOSEYEAR": "פתוח", "PARK_RIDE": "לא", "DRIVERSR": "קיים", "TOILET": " ", "SIZERANK": "קטן", "COMMERCIAL": "לא", "STATUS": "קיים", "MATAN": " ", "ECharge_N": " ", "KISSNRIDE": " ", "BIC_PARK": " ", "BUSPARKN": " ", "MAAVAR": "לא", "OWN": " ", "Shape_Length": "113.81581213383842", "Shape_Area": "764.1523123591813" }, "geometry": { "type": "Point", "coordinates": [ 34.951, 32.41604 ] } },
{ "type": "Feature", "properties": { "OID": "-1", "MAKAT": "740002", "NAME": "חניון לילה חדרה", "DISTRICT": "חיפה", "AUTHORITY": "חדרה", "AUTHCODE": "6500", "X": "194105.67", "Y": "705426.25", "ADDRESS": " ", "BLOCK": "10027", "PARCEL": "67", "DUNAM": "8.87", "LANDUSE": " ", "PARKINGN": "120", "FLOORS": "1", "BUSS_N": "0", "BUSDROP_N": "0", "BUSSD_N": "0", "TIFULLN": "120", "NIGHTP_N": "120", "RAVKAVN": "0", "CALP_AREA": "15.0", "PINUYY": "0", "COMMENTS": " ", "SOURCE": " ", "D_UPDATE": "", "YEARMONTH": "202605", "OPENYEAR": "לא ידוע", "T_TYPE": "מסוף תפעולי משולב עם חניון לילה", "TRAVELERS": "לא", "CLOSEYEAR": "פתוח", "PARK_RIDE": "לא", "DRIVERSR": "קיים", "TOILET": " ", "SIZERANK": "בינוני", "COMMERCIAL": "לא", "STATUS": "קיים", "MATAN": " ", "ECharge_N": " ", "KISSNRIDE": " ", "BIC_PARK": " ", "BUSPARKN": "120", "MAAVAR": "לא", "OWN": " ", "Shape_Length": "363.34023271070356", "Shape_Area": "8859.901639272313" }, "geometry": { "type": "Point", "coordinates": [ 34.93486, 32.44256 ] } },
{ "type": "Feature", "properties": { "OID": "-1", "MAKAT": "740022", "NAME": "מסוף תחנת רכבת קיסריה", "DISTRICT": "חיפה", "AUTHORITY": "קיסריה", "AUTHCODE": "1167", "X": "195895.2", "Y": "710243.9", "ADDRESS": " ", "BLOCK": "10095, 12427", "PARCEL": "41", "DUNAM": "2.78", "LANDUSE": " ", "PARKINGN": "6", "FLOORS": "1", "BUSS_N": "3", "BUSDROP_N": "1", "BUSSD_N": "0", "TIFULLN": "6", "NIGHTP_N": "0", "RAVKAVN": "0", "CALP_AREA": "0.75", "PINUYY": "0", "COMMENTS": "שרותים ציבוריים בתחנת רכבת", "SOURCE": "סקר", "D_UPDATE": "2026-09-02 00:00:00", "YEARMONTH": "202605", "OPENYEAR": "2026", "T_TYPE": "מסוף תפעולי", "TRAVELERS": "כן", "CLOSEYEAR": "פתוח", "PARK_RIDE": "כן", "DRIVERSR": "לא קיים", "TOILET": "כן", "SIZERANK": "קטן", "COMMERCIAL": "לא", "STATUS": "קיים", "MATAN": "רכבת כבדה", "ECharge_N": " ", "KISSNRIDE": " ", "BIC_PARK": "10", "BUSPARKN": " ", "MAAVAR": "לא", "OWN": " ", "Shape_Length": "241.54881481723615", "Shape_Area": "2775.165389361875" }, "geometry": { "type": "Point", "coordinates": [ 34.95377, 32.48604 ] } },
{ "type": "Feature", "properties": { "OID": "-1", "MAKAT": "740017", "NAME": "חניון לילה דרך הים פרדס חנה כרכור", "DISTRICT": "חיפה", "AUTHORITY": "פרדס חנה כרכור", "AUTHCODE": "7800", "X": "196437.37", "Y": "709599.99", "ADDRESS": " ", "BLOCK": "10124", "PARCEL": "33", "DUNAM": "3.03", "LANDUSE": " ", "PARKINGN": "20", "FLOORS": "1", "BUSS_N": "0", "BUSDROP_N": "0", "BUSSD_N": "0", "TIFULLN": "20", "NIGHTP_N": "20", "RAVKAVN": "0", "CALP_AREA": "2.5", "PINUYY": "0", "COMMENTS": " ", "SOURCE": " ", "D_UPDATE": "", "YEARMONTH": "202605", "OPENYEAR": "לא ידוע", "T_TYPE": "מסוף תפעולי משולב עם חניון לילה", "TRAVELERS": "לא", "CLOSEYEAR": "פתוח", "PARK_RIDE": "לא", "DRIVERSR": "קיים", "TOILET": " ", "SIZERANK": "קטן", "COMMERCIAL": "לא", "STATUS": "קיים", "MATAN": " ", "ECharge_N": " ", "KISSNRIDE": " ", "BIC_PARK": " ", "BUSPARKN": "20", "MAAVAR": "לא", "OWN": " ", "Shape_Length": "227.69089351574132", "Shape_Area": "3026.2027805419393" }, "geometry": { "type": "Point", "coordinates": [ 34.95955, 32.48024 ] } },
{ "type": "Feature", "properties": { "OID": "-1", "MAKAT": "740221", "NAME": "מסוף התחבורה חריש", "DISTRICT": "חיפה", "AUTHORITY": "חריש", "AUTHCODE": "1247", "X": "203827.37", "Y": "708577.98", "ADDRESS": "גפן 4", "BLOCK": "9070", "PARCEL": "47", "DUNAM": "5.36", "LANDUSE": "מרכז תחבורה", "PARKINGN": "32", "FLOORS": "1", "BUSS_N": "9", "BUSDROP_N": "1", "BUSSD_N": "0", "TIFULLN": "32", "NIGHTP_N": "32", "RAVKAVN": "0", "CALP_AREA": "4.0", "PINUYY": "0", "COMMENTS": " ", "SOURCE": "סקר", "D_UPDATE": "2026-09-02 00:00:00", "YEARMONTH": "202605", "OPENYEAR": "2025", "T_TYPE": "מסוף תפעולי משולב עם חניון לילה", "TRAVELERS": "כן", "CLOSEYEAR": "פתוח", "PARK_RIDE": "לא", "DRIVERSR": "קיים", "TOILET": "כן", "SIZERANK": "בינוני", "COMMERCIAL": "לא", "STATUS": "קיים", "MATAN": " ", "ECharge_N": "13", "KISSNRIDE": " ", "BIC_PARK": " ", "BUSPARKN": "32", "MAAVAR": "לא", "OWN": "לא ידוע", "Shape_Length": "305.3869812759016", "Shape_Area": "5358.205211264857" }, "geometry": { "type": "Point", "coordinates": [ 35.03819, 32.47115 ] } },
{ "type": "Feature", "properties": { "OID": "-1", "MAKAT": "760010", "NAME": "מסוף קריית ארבע", "DISTRICT": "איו\"\"ש", "AUTHORITY": "קרית ארבע", "AUTHCODE": "3611", "X": "212523.45", "Y": "605644.77", "ADDRESS": " ", "BLOCK": " ", "PARCEL": " ", "DUNAM": "2.51", "LANDUSE": " ", "PARKINGN": "20", "FLOORS": "1", "BUSS_N": "0", "BUSDROP_N": "0", "BUSSD_N": "0", "TIFULLN": "20", "NIGHTP_N": "0", "RAVKAVN": "0", "CALP_AREA": "2.5", "PINUYY": "0", "COMMENTS": " ", "SOURCE": " ", "D_UPDATE": "", "YEARMONTH": "202605", "OPENYEAR": "2021", "T_TYPE": "מסוף תפעולי", "TRAVELERS": "לא", "CLOSEYEAR": "פתוח", "PARK_RIDE": "לא", "DRIVERSR": "לא קיים", "TOILET": " ", "SIZERANK": "קטן", "COMMERCIAL": "לא", "STATUS": "קיים", "MATAN": " ", "ECharge_N": " ", "KISSNRIDE": " ", "BIC_PARK": " ", "BUSPARKN": " ", "MAAVAR": "לא", "OWN": "מדינה (יו\"\"ש)", "Shape_Length": "282.87708076767416", "Shape_Area": "2511.260953454228" }, "geometry": { "type": "Point", "coordinates": [ 35.13143, 31.54298 ] } },
{ "type": "Feature", "properties": { "OID": "-1", "MAKAT": "730043", "NAME": "חניון לילה דרך הים רחובות", "DISTRICT": "מרכז", "AUTHORITY": "רחובות", "AUTHCODE": "8400", "X": "179691.01", "Y": "644374.65", "ADDRESS": " ", "BLOCK": "3651", "PARCEL": "46", "DUNAM": "24.01", "LANDUSE": " ", "PARKINGN": "160", "FLOORS": "1", "BUSS_N": "0", "BUSDROP_N": "0", "BUSSD_N": "0", "TIFULLN": "160", "NIGHTP_N": "160", "RAVKAVN": "0", "CALP_AREA": "20.0", "PINUYY": "0", "COMMENTS": " ", "SOURCE": "סקר", "D_UPDATE": "2026-01-13 00:00:00", "YEARMONTH": "202605", "OPENYEAR": "לא ידוע", "T_TYPE": "מסוף תפעולי משולב עם חניון לילה", "TRAVELERS": "לא", "CLOSEYEAR": "פתוח", "PARK_RIDE": "לא", "DRIVERSR": "קיים", "TOILET": "כן", "SIZERANK": "גדול", "COMMERCIAL": "לא", "STATUS": "קיים", "MATAN": " ", "ECharge_N": "27", "KISSNRIDE": " ", "BIC_PARK": " ", "BUSPARKN": "160", "MAAVAR": "לא", "OWN": " ", "Shape_Length": "770.884066112286", "Shape_Area": "23996.099753457336" }, "geometry": { "type": "Point", "coordinates": [ 34.78411, 31.89159 ] } },
{ "type": "Feature", "properties": { "OID": "-1", "MAKAT": "730042", "NAME": "חנה וסע ראשון לציון", "DISTRICT": "מרכז", "AUTHORITY": "ראשון לציון", "AUTHCODE": "8300", "X": "176563.67", "Y": "653511.51", "ADDRESS": " ", "BLOCK": "3946", "PARCEL": "359, 360", "DUNAM": "10.85", "LANDUSE": "מרכז תחבורה", "PARKINGN": "52", "FLOORS": "1", "BUSS_N": "5", "BUSDROP_N": "1", "BUSSD_N": "0", "TIFULLN": "52", "NIGHTP_N": "52", "RAVKAVN": "0", "CALP_AREA": "6.5", "PINUYY": "0", "COMMENTS": " ", "SOURCE": "סקר", "D_UPDATE": "2026-05-13 00:00:00", "YEARMONTH": "202605", "OPENYEAR": "לא ידוע", "T_TYPE": "מסוף תפעולי משולב עם חניון לילה", "TRAVELERS": "כן", "CLOSEYEAR": "פתוח", "PARK_RIDE": "כן", "DRIVERSR": "קיים", "TOILET": "כן", "SIZERANK": "בינוני", "COMMERCIAL": "לא", "STATUS": "קיים", "MATAN": " ", "ECharge_N": "27", "KISSNRIDE": " ", "BIC_PARK": " ", "BUSPARKN": "52", "MAAVAR": "לא", "OWN": "רמ\"\"י ורשות מקומית", "Shape_Length": "427.3734504139236", "Shape_Area": "10842.660440947304" }, "geometry": { "type": "Point", "coordinates": [ 34.75065, 31.97388 ] } },
{ "type": "Feature", "properties": { "OID": "-1", "MAKAT": "730066", "NAME": "יס פלנט", "DISTRICT": "מרכז", "AUTHORITY": "ראשון לציון", "AUTHCODE": "8300", "X": "176277.88", "Y": "654262.22", "ADDRESS": " ", "BLOCK": "7333", "PARCEL": "1", "DUNAM": "3.07", "LANDUSE": "דרך מוצעת, דרך מאושרת, דרך לביטול, שטח ציבורי פתוח", "PARKINGN": "15", "FLOORS": "1", "BUSS_N": "0", "BUSDROP_N": "0", "BUSSD_N": "2", "TIFULLN": "15", "NIGHTP_N": "0", "RAVKAVN": "0", "CALP_AREA": "1.88", "PINUYY": "0", "COMMENTS": " ", "SOURCE": "סקר + מפעיל", "D_UPDATE": "2026-01-13 00:00:00", "YEARMONTH": "202605", "OPENYEAR": "לא ידוע", "T_TYPE": "מסוף תפעולי", "TRAVELERS": "כן", "CLOSEYEAR": "פתוח", "PARK_RIDE": "כן", "DRIVERSR": "לא קיים", "TOILET": "לא", "SIZERANK": "קטן", "COMMERCIAL": "לא", "STATUS": "קיים", "MATAN": " ", "ECharge_N": " ", "KISSNRIDE": "22", "BIC_PARK": " ", "BUSPARKN": "5", "MAAVAR": "לא", "OWN": "רמ\"\"י ורשות מקומית", "Shape_Length": "444.12603120649663", "Shape_Area": "3067.318888913354" }, "geometry": { "type": "Point", "coordinates": [ 34.7476, 31.98064 ] } },
{ "type": "Feature", "properties": { "OID": "-1", "MAKAT": "730217", "NAME": "מסוף תפעולי שורק", "DISTRICT": "מרכז", "AUTHORITY": "ראשון לציון", "AUTHCODE": "8300", "X": "179052.86", "Y": "651193.84", "ADDRESS": " ", "BLOCK": "5419", "PARCEL": "47, 50", "DUNAM": "15.07", "LANDUSE": "מרכז תחבורה, שצ\"פ", "PARKINGN": "90", "FLOORS": "1", "BUSS_N": "0", "BUSDROP_N": "0", "BUSSD_N": "0", "TIFULLN": "90", "NIGHTP_N": "90", "RAVKAVN": "0", "CALP_AREA": "11.25", "PINUYY": "0", "COMMENTS": " ", "SOURCE": "אגד", "D_UPDATE": "2025-05-29 00:00:00", "YEARMONTH": "202605", "OPENYEAR": "2025", "T_TYPE": "מסוף תפעולי משולב עם חניון לילה", "TRAVELERS": "לא", "CLOSEYEAR": "פתוח", "PARK_RIDE": "לא", "DRIVERSR": "קיים", "TOILET": "לא", "SIZERANK": "גדול", "COMMERCIAL": "לא", "STATUS": "קיים", "MATAN": " ", "ECharge_N": "90", "KISSNRIDE": " ", "BIC_PARK": " ", "BUSPARKN": "90", "MAAVAR": "לא", "OWN": "רשות מקומית", "Shape_Length": "519.5370657251318", "Shape_Area": "15062.610091671406" }, "geometry": { "type": "Point", "coordinates": [ 34.77708, 31.95307 ] } },
{ "type": "Feature", "properties": { "OID": "-1", "MAKAT": "730040", "NAME": "תחנה מרכזית חדשה ראשון לציון", "DISTRICT": "מרכז", "AUTHORITY": "ראשון לציון", "AUTHCODE": "8300", "X": "179857.26", "Y": "652808.36", "ADDRESS": "ההסתדרות 6", "BLOCK": "3946", "PARCEL": "280", "DUNAM": "22.96", "LANDUSE": "מרכז תחבורה", "PARKINGN": "60", "FLOORS": "1", "BUSS_N": "24", "BUSDROP_N": "1", "BUSSD_N": "2", "TIFULLN": "60", "NIGHTP_N": "60", "RAVKAVN": "4", "CALP_AREA": "7.5", "PINUYY": "0", "COMMENTS": " ", "SOURCE": "מעורב", "D_UPDATE": "2026-01-13 00:00:00", "YEARMONTH": "202605", "OPENYEAR": "1998", "T_TYPE": "מסוף תפעולי משולב עם חניון לילה", "TRAVELERS": "כן", "CLOSEYEAR": "פתוח", "PARK_RIDE": "כן", "DRIVERSR": "קיים", "TOILET": "כן", "SIZERANK": "גדול", "COMMERCIAL": "כן", "STATUS": "קיים", "MATAN": " ", "ECharge_N": " ", "KISSNRIDE": " ", "BIC_PARK": " ", "BUSPARKN": "60", "MAAVAR": "לא", "OWN": "רמ\"\"י", "Shape_Length": "723.1217935338557", "Shape_Area": "22944.550774125797" }, "geometry": { "type": "Point", "coordinates": [ 34.78553, 31.96765 ] } },
{ "type": "Feature", "properties": { "OID": "-1", "MAKAT": "730068", "NAME": "חניון מכבי", "DISTRICT": "מרכז", "AUTHORITY": "ראשון לציון", "AUTHCODE": "8300", "X": "180035.4", "Y": "652916.89", "ADDRESS": " ", "BLOCK": "3946", "PARCEL": "256", "DUNAM": "2.99", "LANDUSE": " ", "PARKINGN": "20", "FLOORS": "1", "BUSS_N": "0", "BUSDROP_N": "0", "BUSSD_N": "0", "TIFULLN": "0", "NIGHTP_N": "20", "RAVKAVN": "0", "CALP_AREA": "2.5", "PINUYY": "0", "COMMENTS": " ", "SOURCE": " ", "D_UPDATE": "", "YEARMONTH": "202605", "OPENYEAR": "לא ידוע", "T_TYPE": "חניון לילה", "TRAVELERS": "לא", "CLOSEYEAR": "פתוח", "PARK_RIDE": "כן", "DRIVERSR": "לא קיים", "TOILET": "לא", "SIZERANK": "קטן", "COMMERCIAL": "לא", "STATUS": "קיים", "MATAN": " ", "ECharge_N": " ", "KISSNRIDE": " ", "BIC_PARK": " ", "BUSPARKN": " ", "MAAVAR": "לא", "OWN": " ", "Shape_Length": "334.2445480785865", "Shape_Area": "2986.5986395134596" }, "geometry": { "type": "Point", "coordinates": [ 34.78741, 31.96864 ] } },
{ "type": "Feature", "properties": { "OID": "-1", "MAKAT": "730072", "NAME": "חניון בא.ת קריית עקרון", "DISTRICT": "מרכז", "AUTHORITY": "קרית עקרון", "AUTHCODE": "0469", "X": "182513.16", "Y": "641124.49", "ADDRESS": "בוסי סנט ג'ורג' 9", "BLOCK": "3797", "PARCEL": "222", "DUNAM": "2.86", "LANDUSE": " ", "PARKINGN": "20", "FLOORS": "1", "BUSS_N": "0", "BUSDROP_N": "0", "BUSSD_N": "0", "TIFULLN": "20", "NIGHTP_N": "20", "RAVKAVN": "0", "CALP_AREA": "2.5", "PINUYY": "0", "COMMENTS": " ", "SOURCE": " ", "D_UPDATE": "", "YEARMONTH": "202605", "OPENYEAR": "לא ידוע", "T_TYPE": "מסוף תפעולי משולב עם חניון לילה", "TRAVELERS": "לא", "CLOSEYEAR": "פתוח", "PARK_RIDE": "לא", "DRIVERSR": "לא קיים", "TOILET": " ", "SIZERANK": "קטן", "COMMERCIAL": "לא", "STATUS": "קיים", "MATAN": " ", "ECharge_N": " ", "KISSNRIDE": " ", "BIC_PARK": " ", "BUSPARKN": " ", "MAAVAR": "לא", "OWN": " ", "Shape_Length": "214.31499143427098", "Shape_Area": "2856.4526837014005" }, "geometry": { "type": "Point", "coordinates": [ 34.81407, 31.86238 ] } },
{ "type": "Feature", "properties": { "OID": "-1", "MAKAT": "730044", "NAME": "תחנה מרכזית רחובות", "DISTRICT": "מרכז", "AUTHORITY": "רחובות", "AUTHCODE": "8400", "X": "181905.77", "Y": "644582.3", "ADDRESS": " ", "BLOCK": "3701", "PARCEL": "1", "DUNAM": "11.61", "LANDUSE": "מסחר, תעסוקה ותחבורה, מבנים ומוסדות ציבור", "PARKINGN": "20", "FLOORS": "1", "BUSS_N": "0", "BUSDROP_N": "0", "BUSSD_N": "11", "TIFULLN": "20", "NIGHTP_N": "0", "RAVKAVN": "4", "CALP_AREA": "2.5", "PINUYY": "0", "COMMENTS": " ", "SOURCE": "תצ\"\"א + סקר", "D_UPDATE": "2026-01-16 00:00:00", "YEARMONTH": "202605", "OPENYEAR": "לא ידוע", "T_TYPE": "מסוף תפעולי", "TRAVELERS": "כן", "CLOSEYEAR": "פתוח", "PARK_RIDE": "כן", "DRIVERSR": "קיים", "TOILET": "כן", "SIZERANK": "בינוני", "COMMERCIAL": "כן", "STATUS": "קיים", "MATAN": " ", "ECharge_N": " ", "KISSNRIDE": " ", "BIC_PARK": " ", "BUSPARKN": " ", "MAAVAR": "לא", "OWN": "פרטי", "Shape_Length": "647.3394025618935", "Shape_Area": "11606.463797220753" }, "geometry": { "type": "Point", "coordinates": [ 34.80752, 31.89354 ] } },
{ "type": "Feature", "properties": { "OID": "-1", "MAKAT": "730045", "NAME": "תחנת רכבת רחובות", "DISTRICT": "מרכז", "AUTHORITY": "רחובות", "AUTHCODE": "8400", "X": "181808.78", "Y": "646350.22", "ADDRESS": " ", "BLOCK": "3695", "PARCEL": "214", "DUNAM": "1.99", "LANDUSE": "מרכז תחבורה", "PARKINGN": "10", "FLOORS": "1", "BUSS_N": "5", "BUSDROP_N": "1", "BUSSD_N": "0", "TIFULLN": "10", "NIGHTP_N": "0", "RAVKAVN": "0", "CALP_AREA": "1.25", "PINUYY": "0", "COMMENTS": "שרותים ציבוריים בתחנת רכבת", "SOURCE": "תצ\"\"א + סקר", "D_UPDATE": "2026-01-15 00:00:00", "YEARMONTH": "202605", "OPENYEAR": "לא ידוע", "T_TYPE": "מסוף תפעולי", "TRAVELERS": "כן", "CLOSEYEAR": "פתוח", "PARK_RIDE": "כן", "DRIVERSR": "לא קיים", "TOILET": "כן", "SIZERANK": "קטן", "COMMERCIAL": "לא", "STATUS": "קיים", "MATAN": "רכבת כבדה", "ECharge_N": " ", "KISSNRIDE": " ", "BIC_PARK": " ", "BUSPARKN": " ", "MAAVAR": "לא", "OWN": "רמ\"\"י", "Shape_Length": "187.33844294719765", "Shape_Area": "1985.0500773820079" }, "geometry": { "type": "Point", "coordinates": [ 34.80642, 31.90948 ] } },
{ "type": "Feature", "properties": { "OID": "-1", "MAKAT": "730039", "NAME": "מסוף רכבת הראשונים ראשון לציון", "DISTRICT": "מרכז", "AUTHORITY": "ראשון לציון", "AUTHCODE": "8300", "X": "181614.17", "Y": "650734.16", "ADDRESS": " ", "BLOCK": "3925", "PARCEL": "759, 775, 779, 792", "DUNAM": "6.03", "LANDUSE": "אזור משולב: מסחר, משרדים, אזור חניה לנוסעי רכבתוחניונים תת קרקעים+כניסה/יציאה לחניונים, דרך קיימת", "PARKINGN": "15", "FLOORS": "1", "BUSS_N": "4", "BUSDROP_N": "1", "BUSSD_N": "0", "TIFULLN": "15", "NIGHTP_N": "0", "RAVKAVN": "0", "CALP_AREA": "1.88", "PINUYY": "0", "COMMENTS": "שרותים ציבוריים בקניון", "SOURCE": "תצ\"\"א + סקר", "D_UPDATE": "2026-01-15 00:00:00", "YEARMONTH": "202605", "OPENYEAR": "לא ידוע", "T_TYPE": "מסוף תפעולי", "TRAVELERS": "כן", "CLOSEYEAR": "פתוח", "PARK_RIDE": "כן", "DRIVERSR": "לא קיים", "TOILET": "כן", "SIZERANK": "בינוני", "COMMERCIAL": "כן", "STATUS": "קיים", "MATAN": "רכבת כבדה", "ECharge_N": " ", "KISSNRIDE": " ", "BIC_PARK": " ", "BUSPARKN": "15", "MAAVAR": "לא", "OWN": "רמ\"\"י", "Shape_Length": "516.6716779288439", "Shape_Area": "6023.790206944046" }, "geometry": { "type": "Point", "coordinates": [ 34.80419, 31.94901 ] } },
{ "type": "Feature", "properties": { "OID": "-1", "MAKAT": "730041", "NAME": "מסוף אבי האסירים ראשון לציון", "DISTRICT": "מרכז", "AUTHORITY": "ראשון לציון", "AUTHCODE": "8300", "X": "181642.87", "Y": "651335.74", "ADDRESS": " ", "BLOCK": "3925", "PARCEL": "598", "DUNAM": "1.31", "LANDUSE": " ", "PARKINGN": "8", "FLOORS": "1", "BUSS_N": "0", "BUSDROP_N": "0", "BUSSD_N": "2", "TIFULLN": "8", "NIGHTP_N": "0", "RAVKAVN": "0", "CALP_AREA": "1.0", "PINUYY": "0", "COMMENTS": " ", "SOURCE": "תצ\"\"א + סקר", "D_UPDATE": "2026-01-15 00:00:00", "YEARMONTH": "202605", "OPENYEAR": "לא ידוע", "T_TYPE": "מסוף תפעולי", "TRAVELERS": "כן", "CLOSEYEAR": "פתוח", "PARK_RIDE": "כן", "DRIVERSR": "קיים", "TOILET": "לא", "SIZERANK": "קטן", "COMMERCIAL": "לא", "STATUS": "קיים", "MATAN": " ", "ECharge_N": " ", "KISSNRIDE": " ", "BIC_PARK": " ", "BUSPARKN": " ", "MAAVAR": "לא", "OWN": " ", "Shape_Length": "266.4957316193653", "Shape_Area": "1313.219597766493" }, "geometry": { "type": "Point", "coordinates": [ 34.80447, 31.95444 ] } },
{ "type": "Feature", "properties": { "OID": "-1", "MAKAT": "730074", "NAME": "גן בעברית", "DISTRICT": "מרכז", "AUTHORITY": "ראשון לציון", "AUTHCODE": "8300", "X": "183734.09", "Y": "652560.63", "ADDRESS": " ", "BLOCK": "4237", "PARCEL": "51", "DUNAM": "3.23", "LANDUSE": " ", "PARKINGN": "-1", "FLOORS": "1", "BUSS_N": "0", "BUSDROP_N": "0", "BUSSD_N": "0", "TIFULLN": "-1", "NIGHTP_N": "-1", "RAVKAVN": "0", "CALP_AREA": "-0.13", "PINUYY": "0", "COMMENTS": " ", "SOURCE": "תכנית", "D_UPDATE": "2026-05-14 00:00:00", "YEARMONTH": "202605", "OPENYEAR": "2026", "T_TYPE": "מסוף תפעולי", "TRAVELERS": "לא", "CLOSEYEAR": "פתוח", "PARK_RIDE": "לא", "DRIVERSR": " ", "TOILET": "לא", "SIZERANK": "קטן", "COMMERCIAL": "לא", "STATUS": "בהקמה", "MATAN": " ", "ECharge_N": " ", "KISSNRIDE": " ", "BIC_PARK": " ", "BUSPARKN": " ", "MAAVAR": "לא", "OWN": "רמ\"\"י", "Shape_Length": "247.51321705153276", "Shape_Area": "3229.9034521976632" }, "geometry": { "type": "Point", "coordinates": [ 34.82655, 31.96555 ] } },
{ "type": "Feature", "properties": { "OID": "-1", "MAKAT": "700005", "NAME": "חניון בית חולים בית שמש (זמני)", "DISTRICT": "ירושלים", "AUTHORITY": "בית שמש", "AUTHCODE": "2610", "X": "197909.47", "Y": "623310.06", "ADDRESS": " ", "BLOCK": "34295", "PARCEL": "182", "DUNAM": "11.74", "LANDUSE": " ", "PARKINGN": "130", "FLOORS": "1", "BUSS_N": "0", "BUSDROP_N": "0", "BUSSD_N": "0", "TIFULLN": "130", "NIGHTP_N": "130", "RAVKAVN": "0", "CALP_AREA": "16.25", "PINUYY": "0", "COMMENTS": " ", "SOURCE": " ", "D_UPDATE": "", "YEARMONTH": "202605", "OPENYEAR": "2021", "T_TYPE": "מסוף תפעולי משולב עם חניון לילה", "TRAVELERS": "לא", "CLOSEYEAR": "פתוח", "PARK_RIDE": "לא", "DRIVERSR": "קיים", "TOILET": " ", "SIZERANK": "בינוני", "COMMERCIAL": "לא", "STATUS": "קיים", "MATAN": " ", "ECharge_N": " ", "KISSNRIDE": " ", "BIC_PARK": " ", "BUSPARKN": " ", "MAAVAR": "לא", "OWN": " ", "Shape_Length": "560.3122060119075", "Shape_Area": "11733.979090714645" }, "geometry": { "type": "Point", "coordinates": [ 34.97715, 31.70212 ] } },
{ "type": "Feature", "properties": { "OID": "-1", "MAKAT": "700203", "NAME": "שכונה ה1", "DISTRICT": "ירושלים", "AUTHORITY": "בית שמש", "AUTHCODE": "2610", "X": "200271.46", "Y": "622484.85", "ADDRESS": " ", "BLOCK": "34575", "PARCEL": "56", "DUNAM": "2.52", "LANDUSE": " ", "PARKINGN": "10", "FLOORS": "1", "BUSS_N": "0", "BUSDROP_N": "0", "BUSSD_N": "0", "TIFULLN": "10", "NIGHTP_N": "0", "RAVKAVN": "0", "CALP_AREA": "1.25", "PINUYY": "0", "COMMENTS": " ", "SOURCE": " ", "D_UPDATE": "", "YEARMONTH": "202605", "OPENYEAR": "2023", "T_TYPE": "מסוף תפעולי", "TRAVELERS": "לא", "CLOSEYEAR": "פתוח", "PARK_RIDE": "לא", "DRIVERSR": "לא קיים", "TOILET": " ", "SIZERANK": "קטן", "COMMERCIAL": "לא", "STATUS": "קיים", "MATAN": " ", "ECharge_N": " ", "KISSNRIDE": " ", "BIC_PARK": " ", "BUSPARKN": " ", "MAAVAR": "לא", "OWN": "רשות מקומית", "Shape_Length": "292.3527070202179", "Shape_Area": "2513.083446197747" }, "geometry": { "type": "Point", "coordinates": [ 35.00208, 31.69472 ] } },
{ "type": "Feature", "properties": { "OID": "-1", "MAKAT": "700003", "NAME": "מסוף ג-2", "DISTRICT": "ירושלים", "AUTHORITY": "בית שמש", "AUTHCODE": "2610", "X": "199801.5", "Y": "623478.59", "ADDRESS": " ", "BLOCK": "34516", "PARCEL": "27", "DUNAM": "0.67", "LANDUSE": " ", "PARKINGN": "6", "FLOORS": "1", "BUSS_N": "0", "BUSDROP_N": "0", "BUSSD_N": "0", "TIFULLN": "6", "NIGHTP_N": "0", "RAVKAVN": "0", "CALP_AREA": "0.75", "PINUYY": "0", "COMMENTS": " ", "SOURCE": " ", "D_UPDATE": "", "YEARMONTH": "202605", "OPENYEAR": "2022", "T_TYPE": "מסוף תפעולי", "TRAVELERS": "לא", "CLOSEYEAR": "פתוח", "PARK_RIDE": "כן", "DRIVERSR": "לא קיים", "TOILET": " ", "SIZERANK": "קטן", "COMMERCIAL": "לא", "STATUS": "קיים", "MATAN": " ", "ECharge_N": " ", "KISSNRIDE": " ", "BIC_PARK": " ", "BUSPARKN": " ", "MAAVAR": "לא", "OWN": "רשות מקומית", "Shape_Length": "131.63339225814815", "Shape_Area": "672.179405370876" }, "geometry": { "type": "Point", "coordinates": [ 34.9971, 31.70367 ] } },
{ "type": "Feature", "properties": { "OID": "-1", "MAKAT": "700044", "NAME": "מסוף אליהו הנביא", "DISTRICT": "ירושלים", "AUTHORITY": "בית שמש", "AUTHCODE": "2610", "X": "200048.88", "Y": "623656.75", "ADDRESS": " ", "BLOCK": "34574", "PARCEL": "79", "DUNAM": "2.13", "LANDUSE": " ", "PARKINGN": "10", "FLOORS": "1", "BUSS_N": "1", "BUSDROP_N": "1", "BUSSD_N": "0", "TIFULLN": "10", "NIGHTP_N": "0", "RAVKAVN": "0", "CALP_AREA": "1.25", "PINUYY": "0", "COMMENTS": " ", "SOURCE": " ", "D_UPDATE": "", "YEARMONTH": "202605", "OPENYEAR": "לא ידוע", "T_TYPE": "מסוף תפעולי", "TRAVELERS": "כן", "CLOSEYEAR": "פתוח", "PARK_RIDE": "כן", "DRIVERSR": "קיים", "TOILET": " ", "SIZERANK": "קטן", "COMMERCIAL": "לא", "STATUS": "קיים", "MATAN": " ", "ECharge_N": " ", "KISSNRIDE": " ", "BIC_PARK": " ", "BUSPARKN": " ", "MAAVAR": "לא", "OWN": " ", "Shape_Length": "409.75280552758096", "Shape_Area": "2133.2543928835753" }, "geometry": { "type": "Point", "coordinates": [ 34.99971, 31.70528 ] } },
{ "type": "Feature", "properties": { "OID": "-1", "MAKAT": "760002", "NAME": "חניון הרמז", "DISTRICT": "איו\"\"ש", "AUTHORITY": "ביתר עילית", "AUTHCODE": "3780", "X": "210131.76", "Y": "622471.86", "ADDRESS": "כנסת מרדכי 27, כנסת מרדכי 25", "BLOCK": " ", "PARCEL": " ", "DUNAM": "12.28", "LANDUSE": " ", "PARKINGN": "60", "FLOORS": "1", "BUSS_N": "0", "BUSDROP_N": "0", "BUSSD_N": "0", "TIFULLN": "60", "NIGHTP_N": "60", "RAVKAVN": "0", "CALP_AREA": "7.5", "PINUYY": "0", "COMMENTS": " ", "SOURCE": " ", "D_UPDATE": "", "YEARMONTH": "202605", "OPENYEAR": "2021", "T_TYPE": "מסוף תפעולי משולב עם חניון לילה", "TRAVELERS": "לא", "CLOSEYEAR": "פתוח", "PARK_RIDE": "לא", "DRIVERSR": "קיים", "TOILET": " ", "SIZERANK": "בינוני", "COMMERCIAL": "לא", "STATUS": "קיים", "MATAN": " ", "ECharge_N": " ", "KISSNRIDE": " ", "BIC_PARK": " ", "BUSPARKN": " ", "MAAVAR": "לא", "OWN": "מדינה (יו\"\"ש)", "Shape_Length": "653.2047454808971", "Shape_Area": "12266.149430870784" }, "geometry": { "type": "Point", "coordinates": [ 35.10609, 31.69472 ] } },
{ "type": "Feature", "properties": { "OID": "-1", "MAKAT": "760001", "NAME": "חניון ביתר עילית", "DISTRICT": "איו\"\"ש", "AUTHORITY": "ביתר עילית", "AUTHCODE": "3780", "X": "211653.89", "Y": "623985.24", "ADDRESS": "הרב יצחק רייטפארט 10, הרב יצחק רייטפארט 8, הרב יצחק רייטפארט 6, הרב יצחק רייטפארט 4, הרב יצחק רייטפארט 2", "BLOCK": " ", "PARCEL": " ", "DUNAM": "6.87", "LANDUSE": " ", "PARKINGN": "55", "FLOORS": "1", "BUSS_N": "0", "BUSDROP_N": "0", "BUSSD_N": "0", "TIFULLN": "55", "NIGHTP_N": "55", "RAVKAVN": "0", "CALP_AREA": "6.88", "PINUYY": "0", "COMMENTS": " ", "SOURCE": " ", "D_UPDATE": "", "YEARMONTH": "202605", "OPENYEAR": "2021", "T_TYPE": "מסוף תפעולי משולב עם חניון לילה", "TRAVELERS": "לא", "CLOSEYEAR": "פתוח", "PARK_RIDE": "לא", "DRIVERSR": "קיים", "TOILET": " ", "SIZERANK": "בינוני", "COMMERCIAL": "לא", "STATUS": "קיים", "MATAN": " ", "ECharge_N": " ", "KISSNRIDE": " ", "BIC_PARK": " ", "BUSPARKN": " ", "MAAVAR": "לא", "OWN": "מדינה (יו\"\"ש)", "Shape_Length": "389.8652046283794", "Shape_Area": "6863.858325514432" }, "geometry": { "type": "Point", "coordinates": [ 35.12213, 31.70838 ] } },
{ "type": "Feature", "properties": { "OID": "-1", "MAKAT": "700004", "NAME": "חניון מנועי בית שמש", "DISTRICT": "ירושלים", "AUTHORITY": "בית שמש", "AUTHCODE": "2610", "X": "195649.73", "Y": "627077.1", "ADDRESS": " ", "BLOCK": "5084", "PARCEL": "5", "DUNAM": "58.15", "LANDUSE": " ", "PARKINGN": "475", "FLOORS": "1", "BUSS_N": "0", "BUSDROP_N": "0", "BUSSD_N": "0", "TIFULLN": "0", "NIGHTP_N": "475", "RAVKAVN": "0", "CALP_AREA": "59.38", "PINUYY": "0", "COMMENTS": " ", "SOURCE": " ", "D_UPDATE": "", "YEARMONTH": "202605", "OPENYEAR": "2022", "T_TYPE": "חניון לילה", "TRAVELERS": "לא", "CLOSEYEAR": "פתוח", "PARK_RIDE": "לא", "DRIVERSR": "קיים", "TOILET": "לא", "SIZERANK": "גדול", "COMMERCIAL": "לא", "STATUS": "קיים", "MATAN": " ", "ECharge_N": " ", "KISSNRIDE": " ", "BIC_PARK": " ", "BUSPARKN": " ", "MAAVAR": "לא", "OWN": "רמ\"\"י", "Shape_Length": "1003.1565847954718", "Shape_Area": "58105.523037960425" }, "geometry": { "type": "Point", "coordinates": [ 34.95322, 31.73605 ] } },
{ "type": "Feature", "properties": { "OID": "-1", "MAKAT": "700006", "NAME": "תחנת רכבת בית שמש", "DISTRICT": "ירושלים", "AUTHORITY": "בית שמש", "AUTHCODE": "2610", "X": "198924.63", "Y": "629462.69", "ADDRESS": " ", "BLOCK": "5203, 5236", "PARCEL": "1,11,23", "DUNAM": "5.27", "LANDUSE": " ", "PARKINGN": "20", "FLOORS": "1", "BUSS_N": "5", "BUSDROP_N": "1", "BUSSD_N": "0", "TIFULLN": "20", "NIGHTP_N": "0", "RAVKAVN": "1", "CALP_AREA": "2.5", "PINUYY": "0", "COMMENTS": " ", "SOURCE": "סקר", "D_UPDATE": "2026-04-30 00:00:00", "YEARMONTH": "202605", "OPENYEAR": "2021", "T_TYPE": "מסוף תפעולי", "TRAVELERS": "כן", "CLOSEYEAR": "פתוח", "PARK_RIDE": "כן", "DRIVERSR": "קיים", "TOILET": "לא", "SIZERANK": "בינוני", "COMMERCIAL": "לא", "STATUS": "קיים", "MATAN": "רכבת כבדה", "ECharge_N": " ", "KISSNRIDE": " ", "BIC_PARK": " ", "BUSPARKN": "12", "MAAVAR": "לא", "OWN": "רמ\"\"י", "Shape_Length": "434.4933619369225", "Shape_Area": "5270.698085124031" }, "geometry": { "type": "Point", "coordinates": [ 34.98773, 31.75762 ] } },
{ "type": "Feature", "properties": { "OID": "-1", "MAKAT": "700055", "NAME": "חניון חנה וסע צומת חטיבה שבע", "DISTRICT": "ירושלים", "AUTHORITY": "מטה יהודה", "AUTHCODE": "5526", "X": "197849.15", "Y": "638026.98", "ADDRESS": " ", "BLOCK": "4324", "PARCEL": "123", "DUNAM": "2.49", "LANDUSE": " ", "PARKINGN": "10", "FLOORS": "1", "BUSS_N": "1", "BUSDROP_N": "1", "BUSSD_N": "0", "TIFULLN": "10", "NIGHTP_N": "0", "RAVKAVN": "0", "CALP_AREA": "1.25", "PINUYY": "0", "COMMENTS": " ", "SOURCE": "סקר", "D_UPDATE": "2026-04-19 00:00:00", "YEARMONTH": "202605", "OPENYEAR": "2026", "T_TYPE": "מסוף תפעולי", "TRAVELERS": "כן", "CLOSEYEAR": "פתוח", "PARK_RIDE": "כן", "DRIVERSR": "קיים", "TOILET": "לא", "SIZERANK": "קטן", "COMMERCIAL": "לא", "STATUS": "קיים", "MATAN": " ", "ECharge_N": " ", "KISSNRIDE": " ", "BIC_PARK": " ", "BUSPARKN": "6", "MAAVAR": "כן", "OWN": " ", "Shape_Length": "375.90250480262785", "Shape_Area": "2491.1944105082207" }, "geometry": { "type": "Point", "coordinates": [ 34.97619, 31.83484 ] } },
{ "type": "Feature", "properties": { "OID": "-1", "MAKAT": "730046", "NAME": "תחנה מרכזית רמלה", "DISTRICT": "מרכז", "AUTHORITY": "רמלה", "AUTHCODE": "8500", "X": "188500.55", "Y": "648226.18", "ADDRESS": "הרצל 93", "BLOCK": "5614", "PARCEL": "38, 39", "DUNAM": "12.5", "LANDUSE": "מרכז תחבורה", "PARKINGN": "5", "FLOORS": "1", "BUSS_N": "12", "BUSDROP_N": "1", "BUSSD_N": "0", "TIFULLN": "5", "NIGHTP_N": "0", "RAVKAVN": "2", "CALP_AREA": "0.63", "PINUYY": "0", "COMMENTS": "חניות - בירור עם שי סעדון (אפיקים)", "SOURCE": "תצ\"\"א + סקר + מפעיל", "D_UPDATE": "2026-01-15 00:00:00", "YEARMONTH": "202605", "OPENYEAR": "לא ידוע", "T_TYPE": "מסוף תפעולי", "TRAVELERS": "כן", "CLOSEYEAR": "פתוח", "PARK_RIDE": "כן", "DRIVERSR": "קיים", "TOILET": "כן", "SIZERANK": "בינוני", "COMMERCIAL": "כן", "STATUS": "קיים", "MATAN": "רכבת כבדה", "ECharge_N": " ", "KISSNRIDE": " ", "BIC_PARK": " ", "BUSPARKN": " ", "MAAVAR": "לא", "OWN": "רמ\"\"י ורשות מקומית", "Shape_Length": "456.8370929029092", "Shape_Area": "12496.199728207104" }, "geometry": { "type": "Point", "coordinates": [ 34.87711, 31.9266 ] } },
{ "type": "Feature", "properties": { "OID": "-1", "MAKAT": "730015", "NAME": "תחנת רכבת לוד ישנה", "DISTRICT": "מרכז", "AUTHORITY": "לוד", "AUTHCODE": "7000", "X": "188330.09", "Y": "650197.52", "ADDRESS": " ", "BLOCK": "4026", "PARCEL": "68, 69, 318", "DUNAM": "2.78", "LANDUSE": " ", "PARKINGN": "3", "FLOORS": "1", "BUSS_N": "4", "BUSDROP_N": "1", "BUSSD_N": "0", "TIFULLN": "3", "NIGHTP_N": "0", "RAVKAVN": "0", "CALP_AREA": "0.38", "PINUYY": "0", "COMMENTS": " ", "SOURCE": "תצ\"\"א +סקר", "D_UPDATE": "2026-01-15 00:00:00", "YEARMONTH": "202605", "OPENYEAR": "לא ידוע", "T_TYPE": "מסוף תפעולי", "TRAVELERS": "כן", "CLOSEYEAR": "פתוח", "PARK_RIDE": "לא", "DRIVERSR": "לא קיים", "TOILET": "לא", "SIZERANK": "קטן", "COMMERCIAL": "לא", "STATUS": "קיים", "MATAN": " ", "ECharge_N": " ", "KISSNRIDE": " ", "BIC_PARK": " ", "BUSPARKN": " ", "MAAVAR": "לא", "OWN": " ", "Shape_Length": "289.5086235483175", "Shape_Area": "2780.5040014746223" }, "geometry": { "type": "Point", "coordinates": [ 34.87524, 31.94437 ] } },
{ "type": "Feature", "properties": { "OID": "-1", "MAKAT": "730047", "NAME": "חניון לילה אחיסמך", "DISTRICT": "מרכז", "AUTHORITY": "רמלה", "AUTHCODE": "8500", "X": "190196.16", "Y": "648703.77", "ADDRESS": " ", "BLOCK": "4342", "PARCEL": "32, 115, 131, 132, 136", "DUNAM": "40.26", "LANDUSE": " ", "PARKINGN": "400", "FLOORS": "1", "BUSS_N": "0", "BUSDROP_N": "0", "BUSSD_N": "0", "TIFULLN": "400", "NIGHTP_N": "400", "RAVKAVN": "0", "CALP_AREA": "50.0", "PINUYY": "0", "COMMENTS": " ", "SOURCE": " ", "D_UPDATE": "", "YEARMONTH": "202605", "OPENYEAR": "לא ידוע", "T_TYPE": "מסוף תפעולי משולב עם חניון לילה", "TRAVELERS": "לא", "CLOSEYEAR": "פתוח", "PARK_RIDE": "לא", "DRIVERSR": "קיים", "TOILET": " ", "SIZERANK": "גדול", "COMMERCIAL": "לא", "STATUS": "קיים", "MATAN": " ", "ECharge_N": " ", "KISSNRIDE": " ", "BIC_PARK": " ", "BUSPARKN": "400", "MAAVAR": "לא", "OWN": " ", "Shape_Length": "850.0640639870045", "Shape_Area": "40234.16549531333" }, "geometry": { "type": "Point", "coordinates": [ 34.89502, 31.93095 ] } },
{ "type": "Feature", "properties": { "OID": "-1", "MAKAT": "730016", "NAME": "תחנת רכבת גני אביב", "DISTRICT": "מרכז", "AUTHORITY": "לוד", "AUTHCODE": "7000", "X": "188635.79", "Y": "652676.73", "ADDRESS": " ", "BLOCK": "3969", "PARCEL": "104", "DUNAM": "2.23", "LANDUSE": "תעסוקה ותחבורה", "PARKINGN": "3", "FLOORS": "1", "BUSS_N": "0", "BUSDROP_N": "0", "BUSSD_N": "2", "TIFULLN": "3", "NIGHTP_N": "0", "RAVKAVN": "0", "CALP_AREA": "0.38", "PINUYY": "0", "COMMENTS": "שרותים בתחנת רכבת עצמה", "SOURCE": "תצ\"\"א + סקר", "D_UPDATE": "2026-01-14 00:00:00", "YEARMONTH": "202605", "OPENYEAR": "לא ידוע", "T_TYPE": "מסוף תפעולי", "TRAVELERS": "כן", "CLOSEYEAR": "פתוח", "PARK_RIDE": "כן", "DRIVERSR": "קיים", "TOILET": "כן", "SIZERANK": "קטן", "COMMERCIAL": "לא", "STATUS": "קיים", "MATAN": "רכבת כבדה", "ECharge_N": " ", "KISSNRIDE": " ", "BIC_PARK": " ", "BUSPARKN": "3", "MAAVAR": "לא", "OWN": "רמ\"\"י", "Shape_Length": "211.70860564353626", "Shape_Area": "2230.452981725246" }, "geometry": { "type": "Point", "coordinates": [ 34.8784, 31.96674 ] } },
{ "type": "Feature", "properties": { "OID": "-1", "MAKAT": "730014", "NAME": "תחנה מרכזית לוד", "DISTRICT": "מרכז", "AUTHORITY": "לוד", "AUTHCODE": "7000", "X": "190522.15", "Y": "651515.74", "ADDRESS": "החלוץ 4", "BLOCK": "4548, 5999, 80040", "PARCEL": "13, 14", "DUNAM": "8.36", "LANDUSE": " ", "PARKINGN": "30", "FLOORS": "1", "BUSS_N": "6", "BUSDROP_N": "1", "BUSSD_N": "0", "TIFULLN": "30", "NIGHTP_N": "0", "RAVKAVN": "1", "CALP_AREA": "3.75", "PINUYY": "0", "COMMENTS": "חניה הערכה בלבד כי אין סימון", "SOURCE": "תצ\"\"א + סקר", "D_UPDATE": "2026-01-15 00:00:00", "YEARMONTH": "202605", "OPENYEAR": "לא ידוע", "T_TYPE": "מסוף תפעולי", "TRAVELERS": "כן", "CLOSEYEAR": "פתוח", "PARK_RIDE": "כן", "DRIVERSR": "קיים", "TOILET": "כן", "SIZERANK": "בינוני", "COMMERCIAL": "לא", "STATUS": "קיים", "MATAN": " ", "ECharge_N": " ", "KISSNRIDE": " ", "BIC_PARK": " ", "BUSPARKN": "30", "MAAVAR": "לא", "OWN": " ", "Shape_Length": "379.35151578705774", "Shape_Area": "8356.944850129697" }, "geometry": { "type": "Point", "coordinates": [ 34.89839, 31.95632 ] } },
{ "type": "Feature", "properties": { "OID": "-1", "MAKAT": "730067", "NAME": "מסוף נאות אחיסמך", "DISTRICT": "מרכז", "AUTHORITY": "לוד", "AUTHCODE": "7000", "X": "190829.12", "Y": "649996.15", "ADDRESS": " ", "BLOCK": "5410", "PARCEL": "6", "DUNAM": "4.74", "LANDUSE": " ", "PARKINGN": "5", "FLOORS": "2", "BUSS_N": "4", "BUSDROP_N": "1", "BUSSD_N": "0", "TIFULLN": "5", "NIGHTP_N": "0", "RAVKAVN": "-1", "CALP_AREA": "0.63", "PINUYY": "0", "COMMENTS": " ", "SOURCE": "דוח שמאי", "D_UPDATE": "2026-02-02 00:00:00", "YEARMONTH": "202605", "OPENYEAR": "2026", "T_TYPE": "מסוף תפעולי", "TRAVELERS": "כן", "CLOSEYEAR": "פתוח", "PARK_RIDE": "כן", "DRIVERSR": "קיים", "TOILET": "כן", "SIZERANK": "קטן", "COMMERCIAL": "כן", "STATUS": "בהקמה", "MATAN": " ", "ECharge_N": " ", "KISSNRIDE": " ", "BIC_PARK": " ", "BUSPARKN": "5", "MAAVAR": "לא", "OWN": " ", "Shape_Length": "288.0076546901576", "Shape_Area": "4736.866564283866" }, "geometry": { "type": "Point", "coordinates": [ 34.90168, 31.94262 ] } },
{ "type": "Feature", "properties": { "OID": "-1", "MAKAT": "730017", "NAME": "חניון לילה מודיעין", "DISTRICT": "מרכז", "AUTHORITY": "מודיעין מכבים רעות", "AUTHCODE": "1200", "X": "196404.49", "Y": "644295.98", "ADDRESS": " ", "BLOCK": "5890", "PARCEL": "39", "DUNAM": "16.92", "LANDUSE": "דרך טיפול נופי", "PARKINGN": "170", "FLOORS": "1", "BUSS_N": "0", "BUSDROP_N": "0", "BUSSD_N": "0", "TIFULLN": "125", "NIGHTP_N": "170", "RAVKAVN": "0", "CALP_AREA": "21.25", "PINUYY": "0", "COMMENTS": " ", "SOURCE": "symplex", "D_UPDATE": "2025-06-23 00:00:00", "YEARMONTH": "202605", "OPENYEAR": "2021", "T_TYPE": "מסוף תפעולי משולב עם חניון לילה", "TRAVELERS": "לא", "CLOSEYEAR": "פתוח", "PARK_RIDE": "כן", "DRIVERSR": "קיים", "TOILET": " ", "SIZERANK": "גדול", "COMMERCIAL": "לא", "STATUS": "קיים", "MATAN": " ", "ECharge_N": " ", "KISSNRIDE": " ", "BIC_PARK": " ", "BUSPARKN": "125", "MAAVAR": "לא", "OWN": "רמ\"\"י", "Shape_Length": "705.640710878236", "Shape_Area": "16905.348687794314" }, "geometry": { "type": "Point", "coordinates": [ 34.96078, 31.89135 ] } },
{ "type": "Feature", "properties": { "OID": "-1", "MAKAT": "730019", "NAME": "תחנת רכבת פאתי מודיעין", "DISTRICT": "מרכז", "AUTHORITY": "מודיעין מכבים רעות", "AUTHCODE": "1200", "X": "196466.82", "Y": "644540.78", "ADDRESS": " ", "BLOCK": "5108", "PARCEL": "117", "DUNAM": "0.61", "LANDUSE": " ", "PARKINGN": "3", "FLOORS": "1", "BUSS_N": "0", "BUSDROP_N": "0", "BUSSD_N": "1", "TIFULLN": "3", "NIGHTP_N": "0", "RAVKAVN": "0", "CALP_AREA": "0.38", "PINUYY": "0", "COMMENTS": " ", "SOURCE": "מעורב", "D_UPDATE": "2025-06-23 00:00:00", "YEARMONTH": "202605", "OPENYEAR": "2021", "T_TYPE": "מסוף תפעולי", "TRAVELERS": "כן", "CLOSEYEAR": "פתוח", "PARK_RIDE": "כן", "DRIVERSR": "לא קיים", "TOILET": " ", "SIZERANK": "קטן", "COMMERCIAL": "לא", "STATUS": "קיים", "MATAN": "רכבת כבדה", "ECharge_N": " ", "KISSNRIDE": " ", "BIC_PARK": " ", "BUSPARKN": " ", "MAAVAR": "לא", "OWN": " ", "Shape_Length": "132.52171471005306", "Shape_Area": "614.2228803354732" }, "geometry": { "type": "Point", "coordinates": [ 34.96143, 31.89356 ] } },
{ "type": "Feature", "properties": { "OID": "-1", "MAKAT": "730004", "NAME": "מצפה מודיעין", "DISTRICT": "מרכז", "AUTHORITY": "חבל מודיעין", "AUTHCODE": "5525", "X": "196008.43", "Y": "651033.83", "ADDRESS": " ", "BLOCK": "5558", "PARCEL": "2", "DUNAM": "1.92", "LANDUSE": " ", "PARKINGN": "9", "FLOORS": "1", "BUSS_N": "0", "BUSDROP_N": "0", "BUSSD_N": "8", "TIFULLN": "9", "NIGHTP_N": "0", "RAVKAVN": "1", "CALP_AREA": "1.13", "PINUYY": "0", "COMMENTS": "לבדוק עם המפעיל האם קיים", "SOURCE": " ", "D_UPDATE": "", "YEARMONTH": "202605", "OPENYEAR": "לא ידוע", "T_TYPE": "מסוף תפעולי", "TRAVELERS": "כן", "CLOSEYEAR": "פתוח", "PARK_RIDE": "כן", "DRIVERSR": "לא קיים", "TOILET": " ", "SIZERANK": "קטן", "COMMERCIAL": "לא", "STATUS": "קיים", "MATAN": " ", "ECharge_N": " ", "KISSNRIDE": " ", "BIC_PARK": " ", "BUSPARKN": " ", "MAAVAR": "לא", "OWN": " ", "Shape_Length": "348.5940381313161", "Shape_Area": "1920.1868871500778" }, "geometry": { "type": "Point", "coordinates": [ 34.95643, 31.9521 ] } },
{ "type": "Feature", "properties": { "OID": "-1", "MAKAT": "700002", "NAME": "מסוף דרך החיים", "DISTRICT": "ירושלים", "AUTHORITY": "בית שמש", "AUTHCODE": "2610", "X": "199807.11", "Y": "627852.04", "ADDRESS": "דרך החיים 2", "BLOCK": "5215", "PARCEL": "14", "DUNAM": "3.81", "LANDUSE": " ", "PARKINGN": "28", "FLOORS": "1", "BUSS_N": "0", "BUSDROP_N": "0", "BUSSD_N": "0", "TIFULLN": "28", "NIGHTP_N": "0", "RAVKAVN": "0", "CALP_AREA": "3.5", "PINUYY": "0", "COMMENTS": " ", "SOURCE": "מעורב", "D_UPDATE": "2025-06-24 00:00:00", "YEARMONTH": "202605", "OPENYEAR": "2021", "T_TYPE": "מסוף תפעולי", "TRAVELERS": "לא", "CLOSEYEAR": "פתוח", "PARK_RIDE": "לא", "DRIVERSR": "קיים", "TOILET": " ", "SIZERANK": "קטן", "COMMERCIAL": "לא", "STATUS": "קיים", "MATAN": " ", "ECharge_N": " ", "KISSNRIDE": " ", "BIC_PARK": " ", "BUSPARKN": "28", "MAAVAR": "לא", "OWN": "רמ\"\"י", "Shape_Length": "270.18529026668284", "Shape_Area": "3810.809888332601" }, "geometry": { "type": "Point", "coordinates": [ 34.99708, 31.74311 ] } },
{ "type": "Feature", "properties": { "OID": "-1", "MAKAT": "700007", "NAME": "יוסף קארו", "DISTRICT": "ירושלים", "AUTHORITY": "בית שמש", "AUTHCODE": "2610", "X": "200139.29", "Y": "628081.72", "ADDRESS": " ", "BLOCK": "5230", "PARCEL": "29", "DUNAM": "1.0", "LANDUSE": " ", "PARKINGN": "5", "FLOORS": "1", "BUSS_N": "0", "BUSDROP_N": "0", "BUSSD_N": "0", "TIFULLN": "5", "NIGHTP_N": "0", "RAVKAVN": "0", "CALP_AREA": "0.63", "PINUYY": "0", "COMMENTS": " ", "SOURCE": " ", "D_UPDATE": "", "YEARMONTH": "202605", "OPENYEAR": "2021", "T_TYPE": "מסוף תפעולי", "TRAVELERS": "לא", "CLOSEYEAR": "פתוח", "PARK_RIDE": "לא", "DRIVERSR": "לא קיים", "TOILET": " ", "SIZERANK": "קטן", "COMMERCIAL": "לא", "STATUS": "קיים", "MATAN": " ", "ECharge_N": " ", "KISSNRIDE": " ", "BIC_PARK": " ", "BUSPARKN": " ", "MAAVAR": "לא", "OWN": "רמ\"\"י", "Shape_Length": "202.93919640739415", "Shape_Area": "994.9009942788456" }, "geometry": { "type": "Point", "coordinates": [ 35.00058, 31.74519 ] } },
{ "type": "Feature", "properties": { "OID": "-1", "MAKAT": "730018", "NAME": "תחנה מרכזית מודיעין", "DISTRICT": "מרכז", "AUTHORITY": "מודיעין מכבים רעות", "AUTHCODE": "1200", "X": "200703.67", "Y": "645219.96", "ADDRESS": " ", "BLOCK": "5883", "PARCEL": "9", "DUNAM": "5.1", "LANDUSE": "מרכז תחבורה", "PARKINGN": "28", "FLOORS": "1", "BUSS_N": "9", "BUSDROP_N": "1", "BUSSD_N": "0", "TIFULLN": "28", "NIGHTP_N": "0", "RAVKAVN": "2", "CALP_AREA": "3.5", "PINUYY": "0", "COMMENTS": " ", "SOURCE": "סקר", "D_UPDATE": "2026-05-13 00:00:00", "YEARMONTH": "202605", "OPENYEAR": "2021", "T_TYPE": "מסוף תפעולי", "TRAVELERS": "כן", "CLOSEYEAR": "פתוח", "PARK_RIDE": "כן", "DRIVERSR": "קיים", "TOILET": "כן", "SIZERANK": "בינוני", "COMMERCIAL": "כן", "STATUS": "קיים", "MATAN": "רכבת כבדה", "ECharge_N": " ", "KISSNRIDE": " ", "BIC_PARK": " ", "BUSPARKN": "28", "MAAVAR": "לא", "OWN": "רמ\"\"י", "Shape_Length": "301.04232564229227", "Shape_Area": "5098.2066234341155" }, "geometry": { "type": "Point", "coordinates": [ 35.0062, 31.89976 ] } },
{ "type": "Feature", "properties": { "OID": "-1", "MAKAT": "730065", "NAME": "עירייה מודיעין מכבים רעות", "DISTRICT": "מרכז", "AUTHORITY": "מודיעין מכבים רעות", "AUTHCODE": "1200", "X": "200825.1", "Y": "646240.01", "ADDRESS": " ", "BLOCK": "5640", "PARCEL": "54, 84", "DUNAM": "0.99", "LANDUSE": "שטח למבני ציבור", "PARKINGN": "8", "FLOORS": "1", "BUSS_N": "0", "BUSDROP_N": "0", "BUSSD_N": "1", "TIFULLN": "8", "NIGHTP_N": "0", "RAVKAVN": "0", "CALP_AREA": "1.0", "PINUYY": "0", "COMMENTS": " ", "SOURCE": " ", "D_UPDATE": "", "YEARMONTH": "202605", "OPENYEAR": "לא ידוע", "T_TYPE": "מסוף תפעולי", "TRAVELERS": "כן", "CLOSEYEAR": "פתוח", "PARK_RIDE": "לא", "DRIVERSR": "לא קיים", "TOILET": " ", "SIZERANK": "קטן", "COMMERCIAL": "לא", "STATUS": "קיים", "MATAN": " ", "ECharge_N": " ", "KISSNRIDE": " ", "BIC_PARK": " ", "BUSPARKN": " ", "MAAVAR": "לא", "OWN": "רמ\"\"י", "Shape_Length": "186.86633830314767", "Shape_Area": "991.3680731789386" }, "geometry": { "type": "Point", "coordinates": [ 35.00747, 31.90896 ] } },
{ "type": "Feature", "properties": { "OID": "-1", "MAKAT": "760005", "NAME": "מסוף מודיעין עילית", "DISTRICT": "איו\"\"ש", "AUTHORITY": "מודיעין עילית", "AUTHCODE": "3797", "X": "203649.12", "Y": "649234.06", "ADDRESS": "מסילת ישרים 6, מסילת ישרים 4, מסילת ישרים 2", "BLOCK": " ", "PARCEL": " ", "DUNAM": "4.3", "LANDUSE": " ", "PARKINGN": "14", "FLOORS": "1", "BUSS_N": "13", "BUSDROP_N": "1", "BUSSD_N": "0", "TIFULLN": "14", "NIGHTP_N": "0", "RAVKAVN": "3", "CALP_AREA": "1.75", "PINUYY": "0", "COMMENTS": " ", "SOURCE": " ", "D_UPDATE": "", "YEARMONTH": "202605", "OPENYEAR": "2021", "T_TYPE": "מסוף תפעולי", "TRAVELERS": "כן", "CLOSEYEAR": "פתוח", "PARK_RIDE": "לא", "DRIVERSR": "קיים", "TOILET": " ", "SIZERANK": "קטן", "COMMERCIAL": "לא", "STATUS": "קיים", "MATAN": " ", "ECharge_N": " ", "KISSNRIDE": " ", "BIC_PARK": " ", "BUSPARKN": " ", "MAAVAR": "לא", "OWN": "פרטי", "Shape_Length": "262.0784710923061", "Shape_Area": "4292.299523255712" }, "geometry": { "type": "Point", "coordinates": [ 35.03727, 31.936 ] } },
{ "type": "Feature", "properties": { "OID": "-1", "MAKAT": "760012", "NAME": "אבי עזרי", "DISTRICT": "איו\"\"ש", "AUTHORITY": "מודיעין עילית", "AUTHCODE": "3797", "X": "205193.86", "Y": "647883.63", "ADDRESS": " ", "BLOCK": " ", "PARCEL": " ", "DUNAM": "2.89", "LANDUSE": " ", "PARKINGN": "8", "FLOORS": "1", "BUSS_N": "2", "BUSDROP_N": "2", "BUSSD_N": "0", "TIFULLN": "8", "NIGHTP_N": "0", "RAVKAVN": "0", "CALP_AREA": "1.0", "PINUYY": "0", "COMMENTS": " ", "SOURCE": " ", "D_UPDATE": "", "YEARMONTH": "202605", "OPENYEAR": "לא ידוע", "T_TYPE": "מסוף תפעולי", "TRAVELERS": "כן", "CLOSEYEAR": "פתוח", "PARK_RIDE": "לא", "DRIVERSR": "לא קיים", "TOILET": " ", "SIZERANK": "קטן", "COMMERCIAL": "לא", "STATUS": "קיים", "MATAN": " ", "ECharge_N": " ", "KISSNRIDE": " ", "BIC_PARK": " ", "BUSPARKN": " ", "MAAVAR": "לא", "OWN": "מדינה (יו\"\"ש)", "Shape_Length": "210.06414460785382", "Shape_Area": "2883.203549745311" }, "geometry": { "type": "Point", "coordinates": [ 35.05363, 31.92384 ] } },
{ "type": "Feature", "properties": { "OID": "-1", "MAKAT": "760007", "NAME": "חניון לילה מודיעין עילית", "DISTRICT": "איו\"\"ש", "AUTHORITY": "מטה בנימין", "AUTHCODE": "MR73", "X": "204913.33", "Y": "649323.22", "ADDRESS": " ", "BLOCK": " ", "PARCEL": " ", "DUNAM": "21.52", "LANDUSE": " ", "PARKINGN": "120", "FLOORS": "1", "BUSS_N": "0", "BUSDROP_N": "0", "BUSSD_N": "0", "TIFULLN": "120", "NIGHTP_N": "120", "RAVKAVN": "0", "CALP_AREA": "15.0", "PINUYY": "0", "COMMENTS": " ", "SOURCE": " ", "D_UPDATE": "", "YEARMONTH": "202605", "OPENYEAR": "2023", "T_TYPE": "מסוף תפעולי משולב עם חניון לילה", "TRAVELERS": "לא", "CLOSEYEAR": "פתוח", "PARK_RIDE": "לא", "DRIVERSR": "קיים", "TOILET": " ", "SIZERANK": "גדול", "COMMERCIAL": "לא", "STATUS": "קיים", "MATAN": " ", "ECharge_N": " ", "KISSNRIDE": " ", "BIC_PARK": " ", "BUSPARKN": "120", "MAAVAR": "לא", "OWN": "מעורב", "Shape_Length": "629.6342516523238", "Shape_Area": "21507.165434474424" }, "geometry": { "type": "Point", "coordinates": [ 35.05064, 31.93682 ] } },
{ "type": "Feature", "properties": { "OID": "-1", "MAKAT": "730056", "NAME": "מסוף המרינה בת ים", "DISTRICT": "תל אביב", "AUTHORITY": "בת ים", "AUTHCODE": "6200", "X": "175379.2", "Y": "657385.77", "ADDRESS": " ", "BLOCK": "7121", "PARCEL": "48, 64", "DUNAM": "1.88", "LANDUSE": " ", "PARKINGN": "20", "FLOORS": "1", "BUSS_N": "0", "BUSDROP_N": "0", "BUSSD_N": "2", "TIFULLN": "20", "NIGHTP_N": "0", "RAVKAVN": "0", "CALP_AREA": "2.5", "PINUYY": "0", "COMMENTS": " ", "SOURCE": " ", "D_UPDATE": "", "YEARMONTH": "202605", "OPENYEAR": "לא ידוע", "T_TYPE": "מסוף תפעולי", "TRAVELERS": "לא", "CLOSEYEAR": "פתוח", "PARK_RIDE": "כן", "DRIVERSR": "קיים", "TOILET": " ", "SIZERANK": "קטן", "COMMERCIAL": "לא", "STATUS": "קיים", "MATAN": " ", "ECharge_N": " ", "KISSNRIDE": " ", "BIC_PARK": " ", "BUSPARKN": " ", "MAAVAR": "לא", "OWN": " ", "Shape_Length": "192.001622876293", "Shape_Area": "1878.1267184599822" }, "geometry": { "type": "Point", "coordinates": [ 34.73795, 32.00877 ] } },
{ "type": "Feature", "properties": { "OID": "-1", "MAKAT": "730059", "NAME": "חניון לילה העמל", "DISTRICT": "תל אביב", "AUTHORITY": "בת ים", "AUTHCODE": "6200", "X": "176188.83", "Y": "656998.28", "ADDRESS": "הקוממיות 29, הקוממיות 31", "BLOCK": "7122", "PARCEL": "88", "DUNAM": "19.1", "LANDUSE": " ", "PARKINGN": "100", "FLOORS": "1", "BUSS_N": "0", "BUSDROP_N": "0", "BUSSD_N": "0", "TIFULLN": "0", "NIGHTP_N": "100", "RAVKAVN": "0", "CALP_AREA": "12.5", "PINUYY": "0", "COMMENTS": " ", "SOURCE": " ", "D_UPDATE": "", "YEARMONTH": "202605", "OPENYEAR": "לא ידוע", "T_TYPE": "חניון לילה", "TRAVELERS": "לא", "CLOSEYEAR": "פתוח", "PARK_RIDE": "כן", "DRIVERSR": "קיים", "TOILET": "לא", "SIZERANK": "גדול", "COMMERCIAL": "לא", "STATUS": "קיים", "MATAN": " ", "ECharge_N": " ", "KISSNRIDE": " ", "BIC_PARK": " ", "BUSPARKN": " ", "MAAVAR": "לא", "OWN": " ", "Shape_Length": "554.2406546019012", "Shape_Area": "19087.392415005546" }, "geometry": { "type": "Point", "coordinates": [ 34.74653, 32.0053 ] } },
{ "type": "Feature", "properties": { "OID": "-1", "MAKAT": "730057", "NAME": "מסוף ניסנבוים בת ים", "DISTRICT": "תל אביב", "AUTHORITY": "בת ים", "AUTHCODE": "6200", "X": "176254.12", "Y": "656619.53", "ADDRESS": " ", "BLOCK": "7122", "PARCEL": "134", "DUNAM": "7.01", "LANDUSE": "מרכז תחבורה,דרך", "PARKINGN": "38", "FLOORS": "1", "BUSS_N": "0", "BUSDROP_N": "0", "BUSSD_N": "4", "TIFULLN": "38", "NIGHTP_N": "38", "RAVKAVN": "0", "CALP_AREA": "4.75", "PINUYY": "0", "COMMENTS": " ", "SOURCE": "סקר", "D_UPDATE": "2026-01-13 00:00:00", "YEARMONTH": "202605", "OPENYEAR": "לא ידוע", "T_TYPE": "מסוף תפעולי משולב עם חניון לילה", "TRAVELERS": "כן", "CLOSEYEAR": "פתוח", "PARK_RIDE": "כן", "DRIVERSR": "קיים", "TOILET": "כן", "SIZERANK": "בינוני", "COMMERCIAL": "לא", "STATUS": "קיים", "MATAN": "רק\"\"ל", "ECharge_N": " ", "KISSNRIDE": " ", "BIC_PARK": " ", "BUSPARKN": "38", "MAAVAR": "לא", "OWN": "רמ\"\"י", "Shape_Length": "343.75613890768864", "Shape_Area": "7009.738094107279" }, "geometry": { "type": "Point", "coordinates": [ 34.74724, 32.00189 ] } },
{ "type": "Feature", "properties": { "OID": "-1", "MAKAT": "730064", "NAME": "חניון לילה בן גוריון חולון אגד", "DISTRICT": "מרכז", "AUTHORITY": "חולון", "AUTHCODE": "6600", "X": "177585.67", "Y": "656162.88", "ADDRESS": " ", "BLOCK": "7126, 7177", "PARCEL": "224 / 3, 7", "DUNAM": "31.67", "LANDUSE": " ", "PARKINGN": "220", "FLOORS": "1", "BUSS_N": "0", "BUSDROP_N": "0", "BUSSD_N": "0", "TIFULLN": "220", "NIGHTP_N": "220", "RAVKAVN": "0", "CALP_AREA": "27.5", "PINUYY": "0", "COMMENTS": " ", "SOURCE": "מעורב", "D_UPDATE": "2026-12-01 00:00:00", "YEARMONTH": "202605", "OPENYEAR": "לא ידוע", "T_TYPE": "מסוף תפעולי משולב עם חניון לילה", "TRAVELERS": "לא", "CLOSEYEAR": "פתוח", "PARK_RIDE": "כן", "DRIVERSR": "קיים", "TOILET": "לא", "SIZERANK": "גדול", "COMMERCIAL": "לא", "STATUS": "קיים", "MATAN": " ", "ECharge_N": " ", "KISSNRIDE": " ", "BIC_PARK": " ", "BUSPARKN": "220", "MAAVAR": "לא", "OWN": " ", "Shape_Length": "842.8728462444998", "Shape_Area": "31644.79518991792" }, "geometry": { "type": "Point", "coordinates": [ 34.76135, 31.99782 ] } },
{ "type": "Feature", "properties": { "OID": "-1", "MAKAT": "730061", "NAME": "מסוף בית העלמין בת ים", "DISTRICT": "תל אביב", "AUTHORITY": "בת ים", "AUTHCODE": "6200", "X": "176745.87", "Y": "656662.04", "ADDRESS": " ", "BLOCK": "7124", "PARCEL": "292", "DUNAM": "5.02", "LANDUSE": " ", "PARKINGN": "20", "FLOORS": "1", "BUSS_N": "3", "BUSDROP_N": "1", "BUSSD_N": "0", "TIFULLN": "20", "NIGHTP_N": "7", "RAVKAVN": "0", "CALP_AREA": "2.5", "PINUYY": "0", "COMMENTS": " ", "SOURCE": "תצ\"\"א + סקר", "D_UPDATE": "2026-01-13 00:00:00", "YEARMONTH": "202605", "OPENYEAR": "לא ידוע", "T_TYPE": "מסוף תפעולי משולב עם חניון לילה", "TRAVELERS": "כן", "CLOSEYEAR": "פתוח", "PARK_RIDE": "כן", "DRIVERSR": "קיים", "TOILET": "כן", "SIZERANK": "בינוני", "COMMERCIAL": "לא", "STATUS": "קיים", "MATAN": " ", "ECharge_N": " ", "KISSNRIDE": " ", "BIC_PARK": " ", "BUSPARKN": " ", "MAAVAR": "לא", "OWN": " ", "Shape_Length": "300.4077965611313", "Shape_Area": "5019.825404805271" }, "geometry": { "type": "Point", "coordinates": [ 34.75244, 32.00229 ] } },
{ "type": "Feature", "properties": { "OID": "-1", "MAKAT": "730063", "NAME": "חניון לילה בן גוריון חולון", "DISTRICT": "מרכז", "AUTHORITY": "חולון", "AUTHCODE": "6600", "X": "177634.4", "Y": "656271.35", "ADDRESS": " ", "BLOCK": "7126", "PARCEL": "224", "DUNAM": "25.47", "LANDUSE": " ", "PARKINGN": "300", "FLOORS": "1", "BUSS_N": "0", "BUSDROP_N": "0", "BUSSD_N": "0", "TIFULLN": "330", "NIGHTP_N": "300", "RAVKAVN": "0", "CALP_AREA": "37.5", "PINUYY": "0", "COMMENTS": " ", "SOURCE": "מעורב", "D_UPDATE": "2026-12-01 00:00:00", "YEARMONTH": "202605", "OPENYEAR": "לא ידוע", "T_TYPE": "מסוף תפעולי משולב עם חניון לילה", "TRAVELERS": "לא", "CLOSEYEAR": "פתוח", "PARK_RIDE": "כן", "DRIVERSR": "קיים", "TOILET": "לא", "SIZERANK": "גדול", "COMMERCIAL": "לא", "STATUS": "קיים", "MATAN": " ", "ECharge_N": " ", "KISSNRIDE": " ", "BIC_PARK": " ", "BUSPARKN": "330", "MAAVAR": "לא", "OWN": " ", "Shape_Length": "760.4243848823912", "Shape_Area": "25450.2203677454" }, "geometry": { "type": "Point", "coordinates": [ 34.76186, 31.9988 ] } },
{ "type": "Feature", "properties": { "OID": "-1", "MAKAT": "720022", "NAME": "מסוף בית חולים וולפסון", "DISTRICT": "תל אביב", "AUTHORITY": "תל אביב יפו", "AUTHCODE": "5000", "X": "177683.54", "Y": "660534.14", "ADDRESS": " ", "BLOCK": "6994", "PARCEL": "38", "DUNAM": "3.1", "LANDUSE": "מגרש מיוחד מס 1 ו-2 לחניה ולספורטק", "PARKINGN": "25", "FLOORS": "1", "BUSS_N": "0", "BUSDROP_N": "1", "BUSSD_N": "1", "TIFULLN": "25", "NIGHTP_N": "25", "RAVKAVN": "0", "CALP_AREA": "3.13", "PINUYY": "0", "COMMENTS": " ", "SOURCE": "מעורב", "D_UPDATE": "2026-01-13 00:00:00", "YEARMONTH": "202605", "OPENYEAR": "לא ידוע", "T_TYPE": "מסוף תפעולי משולב עם חניון לילה", "TRAVELERS": "כן", "CLOSEYEAR": "פתוח", "PARK_RIDE": "כן", "DRIVERSR": "קיים", "TOILET": "כן", "SIZERANK": "קטן", "COMMERCIAL": "לא", "STATUS": "קיים", "MATAN": "רכבת כבדה", "ECharge_N": "12", "KISSNRIDE": " ", "BIC_PARK": "9", "BUSPARKN": "25", "MAAVAR": "לא", "OWN": "רמ\"\"י", "Shape_Length": "228.539488546882", "Shape_Area": "3102.1921862085437" }, "geometry": { "type": "Point", "coordinates": [ 34.7622, 32.03725 ] } },
{ "type": "Feature", "properties": { "OID": "-1", "MAKAT": "730038", "NAME": "מסוף קניון הזהב ראשון לציון", "DISTRICT": "מרכז", "AUTHORITY": "ראשון לציון", "AUTHCODE": "8300", "X": "178893.03", "Y": "655154.7", "ADDRESS": " ", "BLOCK": "6825", "PARCEL": "13", "DUNAM": "3.64", "LANDUSE": "תעסוקה", "PARKINGN": "26", "FLOORS": "1", "BUSS_N": "4", "BUSDROP_N": "1", "BUSSD_N": "0", "TIFULLN": "26", "NIGHTP_N": "0", "RAVKAVN": "0", "CALP_AREA": "3.25", "PINUYY": "0", "COMMENTS": " ", "SOURCE": "סקר", "D_UPDATE": "2026-01-13 00:00:00", "YEARMONTH": "202605", "OPENYEAR": "לא ידוע", "T_TYPE": "מסוף תפעולי", "TRAVELERS": "כן", "CLOSEYEAR": "פתוח", "PARK_RIDE": "כן", "DRIVERSR": "קיים", "TOILET": "לא", "SIZERANK": "קטן", "COMMERCIAL": "לא", "STATUS": "קיים", "MATAN": " ", "ECharge_N": " ", "KISSNRIDE": " ", "BIC_PARK": " ", "BUSPARKN": "26", "MAAVAR": "לא", "OWN": "רשות מקומית", "Shape_Length": "231.72064567331185", "Shape_Area": "3635.767648123603" }, "geometry": { "type": "Point", "coordinates": [ 34.77523, 31.98878 ] } },
{ "type": "Feature", "properties": { "OID": "-1", "MAKAT": "720036", "NAME": "חניון הלוחמים", "DISTRICT": "תל אביב", "AUTHORITY": "תל אביב יפו", "AUTHCODE": "5000", "X": "178662.32", "Y": "660205.59", "ADDRESS": " ", "BLOCK": "6989, 7064", "PARCEL": "12, 13, 14, 16, 17, 20, 27 / 6, 7, 8, 22", "DUNAM": "38.14", "LANDUSE": " ", "PARKINGN": "300", "FLOORS": "1", "BUSS_N": "0", "BUSDROP_N": "0", "BUSSD_N": "0", "TIFULLN": "0", "NIGHTP_N": "300", "RAVKAVN": "0", "CALP_AREA": "37.5", "PINUYY": "0", "COMMENTS": " ", "SOURCE": " ", "D_UPDATE": "", "YEARMONTH": "202605", "OPENYEAR": "2024", "T_TYPE": "חניון לילה", "TRAVELERS": "לא", "CLOSEYEAR": "פתוח", "PARK_RIDE": "לא", "DRIVERSR": "לא קיים", "TOILET": "לא", "SIZERANK": "גדול", "COMMERCIAL": "לא", "STATUS": "קיים", "MATAN": " ", "ECharge_N": " ", "KISSNRIDE": " ", "BIC_PARK": " ", "BUSPARKN": " ", "MAAVAR": "לא", "OWN": " ", "Shape_Length": "1338.9965890402598", "Shape_Area": "38111.39844900686" }, "geometry": { "type": "Point", "coordinates": [ 34.77257, 32.03432 ] } },
{ "type": "Feature", "properties": { "OID": "-1", "MAKAT": "730058", "NAME": "חניון תמנע", "DISTRICT": "מרכז", "AUTHORITY": "חולון", "AUTHCODE": "6600", "X": "180922.64", "Y": "659142.33", "ADDRESS": " ", "BLOCK": "6778", "PARCEL": "1, 3", "DUNAM": "65.9", "LANDUSE": "מרכז תחבורה", "PARKINGN": "110", "FLOORS": "1", "BUSS_N": "0", "BUSDROP_N": "0", "BUSSD_N": "0", "TIFULLN": "110", "NIGHTP_N": "110", "RAVKAVN": "0", "CALP_AREA": "13.75", "PINUYY": "0", "COMMENTS": " ", "SOURCE": " ", "D_UPDATE": "", "YEARMONTH": "202605", "OPENYEAR": "לא ידוע", "T_TYPE": "מסוף תפעולי משולב עם חניון לילה", "TRAVELERS": "לא", "CLOSEYEAR": "פתוח", "PARK_RIDE": "לא", "DRIVERSR": "קיים", "TOILET": " ", "SIZERANK": "גדול", "COMMERCIAL": "לא", "STATUS": "קיים", "MATAN": " ", "ECharge_N": " ", "KISSNRIDE": " ", "BIC_PARK": " ", "BUSPARKN": " ", "MAAVAR": "לא", "OWN": "רמ\"\"י", "Shape_Length": "1143.9006109192203", "Shape_Area": "65858.52791877599" }, "geometry": { "type": "Point", "coordinates": [ 34.79654, 32.02481 ] } },
{ "type": "Feature", "properties": { "OID": "-1", "MAKAT": "720021", "NAME": "חניון דרום", "DISTRICT": "תל אביב", "AUTHORITY": "תל אביב יפו", "AUTHCODE": "5000", "X": "179923.31", "Y": "661450.14", "ADDRESS": " ", "BLOCK": "6013", "PARCEL": "10", "DUNAM": "10.11", "LANDUSE": " ", "PARKINGN": "73", "FLOORS": "1", "BUSS_N": "0", "BUSDROP_N": "0", "BUSSD_N": "0", "TIFULLN": "73", "NIGHTP_N": "73", "RAVKAVN": "0", "CALP_AREA": "9.13", "PINUYY": "0", "COMMENTS": " ", "SOURCE": " ", "D_UPDATE": "", "YEARMONTH": "202605", "OPENYEAR": "לא ידוע", "T_TYPE": "מסוף תפעולי משולב עם חניון לילה", "TRAVELERS": "לא", "CLOSEYEAR": "פתוח", "PARK_RIDE": "לא", "DRIVERSR": "קיים", "TOILET": " ", "SIZERANK": "בינוני", "COMMERCIAL": "לא", "STATUS": "קיים", "MATAN": " ", "ECharge_N": " ", "KISSNRIDE": " ", "BIC_PARK": " ", "BUSPARKN": " ", "MAAVAR": "לא", "OWN": " ", "Shape_Length": "378.6876138210714", "Shape_Area": "10101.573329244458" }, "geometry": { "type": "Point", "coordinates": [ 34.78587, 32.04559 ] } },
{ "type": "Feature", "properties": { "OID": "-1", "MAKAT": "720001", "NAME": "חניון חוטר ישי", "DISTRICT": "תל אביב", "AUTHORITY": "אזור", "AUTHCODE": "0565", "X": "180522.72", "Y": "660075.88", "ADDRESS": " ", "BLOCK": "6010", "PARCEL": "77", "DUNAM": "16.59", "LANDUSE": " ", "PARKINGN": "50", "FLOORS": "1", "BUSS_N": "0", "BUSDROP_N": "0", "BUSSD_N": "0", "TIFULLN": "0", "NIGHTP_N": "50", "RAVKAVN": "0", "CALP_AREA": "6.25", "PINUYY": "0", "COMMENTS": " ", "SOURCE": " ", "D_UPDATE": "", "YEARMONTH": "202605", "OPENYEAR": "לא ידוע", "T_TYPE": "חניון לילה", "TRAVELERS": "לא", "CLOSEYEAR": "פתוח", "PARK_RIDE": "לא", "DRIVERSR": "לא קיים", "TOILET": "לא", "SIZERANK": "גדול", "COMMERCIAL": "לא", "STATUS": "קיים", "MATAN": " ", "ECharge_N": " ", "KISSNRIDE": " ", "BIC_PARK": " ", "BUSPARKN": " ", "MAAVAR": "לא", "OWN": " ", "Shape_Length": "580.4307876006184", "Shape_Area": "16576.6384035075" }, "geometry": { "type": "Point", "coordinates": [ 34.79227, 32.03322 ] } },
{ "type": "Feature", "properties": { "OID": "-1", "MAKAT": "720023", "NAME": "מסוף כרמלית תל אביב", "DISTRICT": "תל אביב", "AUTHORITY": "תל אביב יפו", "AUTHCODE": "5000", "X": "178003.66", "Y": "663897.17", "ADDRESS": "כרמלית 15, דניאל 24", "BLOCK": "7002", "PARCEL": "14-18", "DUNAM": "6.85", "LANDUSE": "אזור מעורב תעסוקה ומגורים", "PARKINGN": "48", "FLOORS": "1", "BUSS_N": "0", "BUSDROP_N": "1", "BUSSD_N": "3", "TIFULLN": "48", "NIGHTP_N": "48", "RAVKAVN": "0", "CALP_AREA": "6.0", "PINUYY": "0", "COMMENTS": " ", "SOURCE": "מעורב", "D_UPDATE": "2026-01-13 00:00:00", "YEARMONTH": "202605", "OPENYEAR": "לא ידוע", "T_TYPE": "מסוף תפעולי משולב עם חניון לילה", "TRAVELERS": "כן", "CLOSEYEAR": "פתוח", "PARK_RIDE": "כן", "DRIVERSR": "קיים", "TOILET": "כן", "SIZERANK": "בינוני", "COMMERCIAL": "לא", "STATUS": "קיים", "MATAN": " ", "ECharge_N": "8", "KISSNRIDE": " ", "BIC_PARK": " ", "BUSPARKN": "48", "MAAVAR": "לא", "OWN": "רשות מקומית", "Shape_Length": "335.2408888261776", "Shape_Area": "6840.860917387693" }, "geometry": { "type": "Point", "coordinates": [ 34.76544, 32.06759 ] } },
{ "type": "Feature", "properties": { "OID": "-1", "MAKAT": "730073", "NAME": "מסוף ההגנה", "DISTRICT": "תל אביב", "AUTHORITY": "תל אביב יפו", "AUTHCODE": "5000", "X": "179736.58", "Y": "662444.01", "ADDRESS": "ההגנה 18", "BLOCK": "6977", "PARCEL": "149-154, 160, 164", "DUNAM": "3.36", "LANDUSE": "תעסוקה", "PARKINGN": "6", "FLOORS": "1", "BUSS_N": "2", "BUSDROP_N": "1", "BUSSD_N": "0", "TIFULLN": "6", "NIGHTP_N": "0", "RAVKAVN": "2", "CALP_AREA": "0.75", "PINUYY": "0", "COMMENTS": " ", "SOURCE": "סקר", "D_UPDATE": "2026-01-13 00:00:00", "YEARMONTH": "202605", "OPENYEAR": "2025", "T_TYPE": "מסוף תפעולי", "TRAVELERS": "כן", "CLOSEYEAR": "פתוח", "PARK_RIDE": "לא", "DRIVERSR": "קיים", "TOILET": "כן", "SIZERANK": "קטן", "COMMERCIAL": "לא", "STATUS": "קיים", "MATAN": "רכבת כבדה", "ECharge_N": " ", "KISSNRIDE": " ", "BIC_PARK": " ", "BUSPARKN": "6", "MAAVAR": "לא", "OWN": "מעורב", "Shape_Length": "233.20772812547992", "Shape_Area": "3360.344355140998" }, "geometry": { "type": "Point", "coordinates": [ 34.78385, 32.05454 ] } },
{ "type": "Feature", "properties": { "OID": "-1", "MAKAT": "720033", "NAME": "תחנה מרכזית תל אביב", "DISTRICT": "תל אביב", "AUTHORITY": "תל אביב יפו", "AUTHCODE": "5000", "X": "179330.56", "Y": "662580.56", "ADDRESS": "מנשה בן ישראל 15, לוינסקי 108", "BLOCK": "6946, 7060, 9035", "PARCEL": "57, 58 / 1-9", "DUNAM": "38.73", "LANDUSE": "מגרש מיוחד", "PARKINGN": "170", "FLOORS": "6", "BUSS_N": "62", "BUSDROP_N": "4", "BUSSD_N": "0", "TIFULLN": "170", "NIGHTP_N": "170", "RAVKAVN": "-1", "CALP_AREA": "21.25", "PINUYY": "0", "COMMENTS": " ", "SOURCE": "מעורב", "D_UPDATE": "2026-12-01 00:00:00", "YEARMONTH": "202605", "OPENYEAR": "1993", "T_TYPE": "מסוף תפעולי משולב עם חניון לילה", "TRAVELERS": "כן", "CLOSEYEAR": "פתוח", "PARK_RIDE": "לא", "DRIVERSR": "קיים", "TOILET": "כן", "SIZERANK": "גדול", "COMMERCIAL": "כן", "STATUS": "קיים", "MATAN": "רכבת כבדה", "ECharge_N": " ", "KISSNRIDE": " ", "BIC_PARK": " ", "BUSPARKN": "170", "MAAVAR": "לא", "OWN": "פרטי", "Shape_Length": "987.7014031975482", "Shape_Area": "38707.49841684937" }, "geometry": { "type": "Point", "coordinates": [ 34.77955, 32.05576 ] } },
{ "type": "Feature", "properties": { "OID": "-1", "MAKAT": "720035", "NAME": "מסוף גולדה", "DISTRICT": "תל אביב", "AUTHORITY": "תל אביב יפו", "AUTHCODE": "5000", "X": "179867.64", "Y": "664983.03", "ADDRESS": " ", "BLOCK": "6111", "PARCEL": "827, 832, 858", "DUNAM": "3.35", "LANDUSE": " ", "PARKINGN": "25", "FLOORS": "1", "BUSS_N": "4", "BUSDROP_N": "1", "BUSSD_N": "25", "TIFULLN": "25", "NIGHTP_N": "0", "RAVKAVN": "0", "CALP_AREA": "3.13", "PINUYY": "0", "COMMENTS": " ", "SOURCE": "תכנית + סקר", "D_UPDATE": "2026-05-13 00:00:00", "YEARMONTH": "202605", "OPENYEAR": "2024", "T_TYPE": "מסוף תפעולי", "TRAVELERS": "כן", "CLOSEYEAR": "פתוח", "PARK_RIDE": "לא", "DRIVERSR": "לא קיים", "TOILET": "לא", "SIZERANK": "קטן", "COMMERCIAL": "לא", "STATUS": "קיים", "MATAN": " ", "ECharge_N": " ", "KISSNRIDE": " ", "BIC_PARK": " ", "BUSPARKN": "25", "MAAVAR": "לא", "OWN": " ", "Shape_Length": "267.749522067374", "Shape_Area": "3343.6681940477397" }, "geometry": { "type": "Point", "coordinates": [ 34.78514, 32.07744 ] } },
{ "type": "Feature", "properties": { "OID": "-1", "MAKAT": "720026", "NAME": "מסוף רידינג תל אביב", "DISTRICT": "תל אביב", "AUTHORITY": "תל אביב יפו", "AUTHCODE": "5000", "X": "179321.13", "Y": "667391.98", "ADDRESS": " ", "BLOCK": "6635", "PARCEL": "224, 239-252, 286", "DUNAM": "9.09", "LANDUSE": "מרכז תחבורה", "PARKINGN": "65", "FLOORS": "1", "BUSS_N": "3", "BUSDROP_N": "1", "BUSSD_N": "0", "TIFULLN": "65", "NIGHTP_N": "65", "RAVKAVN": "1", "CALP_AREA": "8.13", "PINUYY": "0", "COMMENTS": " ", "SOURCE": "סקר", "D_UPDATE": "2026-01-13 00:00:00", "YEARMONTH": "202605", "OPENYEAR": "לא ידוע", "T_TYPE": "מסוף תפעולי משולב עם חניון לילה", "TRAVELERS": "כן", "CLOSEYEAR": "פתוח", "PARK_RIDE": "כן", "DRIVERSR": "קיים", "TOILET": "כן", "SIZERANK": "בינוני", "COMMERCIAL": "לא", "STATUS": "קיים", "MATAN": " ", "ECharge_N": " ", "KISSNRIDE": " ", "BIC_PARK": "14", "BUSPARKN": "65", "MAAVAR": "לא", "OWN": "רשות מקומית", "Shape_Length": "376.0995635188557", "Shape_Area": "9086.019129862032" }, "geometry": { "type": "Point", "coordinates": [ 34.77925, 32.09915 ] } },
{ "type": "Feature", "properties": { "OID": "-1", "MAKAT": "720027", "NAME": "מסוף סבידור", "DISTRICT": "תל אביב", "AUTHORITY": "תל אביב יפו", "AUTHCODE": "5000", "X": "180903.5", "Y": "665584.52", "ADDRESS": " ", "BLOCK": "6110", "PARCEL": "319, 320, 322, 323, 326, 623", "DUNAM": "17.03", "LANDUSE": "אזור תעסוקה סמוך למתחם מטרופוליני", "PARKINGN": "66", "FLOORS": "1", "BUSS_N": "15", "BUSDROP_N": "3", "BUSSD_N": "3", "TIFULLN": "66", "NIGHTP_N": "0", "RAVKAVN": "22", "CALP_AREA": "8.25", "PINUYY": "0", "COMMENTS": " ", "SOURCE": "מעורב", "D_UPDATE": "2026-12-01 00:00:00", "YEARMONTH": "202605", "OPENYEAR": "1990", "T_TYPE": "מסוף תפעולי", "TRAVELERS": "כן", "CLOSEYEAR": "פתוח", "PARK_RIDE": "כן", "DRIVERSR": "קיים", "TOILET": "כן", "SIZERANK": "גדול", "COMMERCIAL": "לא", "STATUS": "קיים", "MATAN": "משולב", "ECharge_N": " ", "KISSNRIDE": "36", "BIC_PARK": "90", "BUSPARKN": "66", "MAAVAR": "לא", "OWN": "רמ\"\"י ורשות מקומית", "Shape_Length": "730.4706856297505", "Shape_Area": "17022.5514682327" }, "geometry": { "type": "Point", "coordinates": [ 34.79608, 32.0829 ] } },
{ "type": "Feature", "properties": { "OID": "-1", "MAKAT": "730055", "NAME": "מסוף קריית שרת חולון", "DISTRICT": "מרכז", "AUTHORITY": "חולון", "AUTHCODE": "6600", "X": "181351.03", "Y": "656731.73", "ADDRESS": " ", "BLOCK": "6737, 6802, 7302", "PARCEL": "43, 44, 45, 46, 413, 415, 417, 430, 432, 436 / 8", "DUNAM": "7.33", "LANDUSE": "שטח ציבורי פתוח (תחום חניה ציבורית)", "PARKINGN": "55", "FLOORS": "1", "BUSS_N": "0", "BUSDROP_N": "0", "BUSSD_N": "0", "TIFULLN": "55", "NIGHTP_N": "0", "RAVKAVN": "0", "CALP_AREA": "6.88", "PINUYY": "0", "COMMENTS": " ", "SOURCE": "תצ\"\"א", "D_UPDATE": "2026-12-01 00:00:00", "YEARMONTH": "202605", "OPENYEAR": "לא ידוע", "T_TYPE": "מסוף תפעולי", "TRAVELERS": "לא", "CLOSEYEAR": "פתוח", "PARK_RIDE": "כן", "DRIVERSR": "קיים", "TOILET": "לא", "SIZERANK": "בינוני", "COMMERCIAL": "לא", "STATUS": "קיים", "MATAN": " ", "ECharge_N": " ", "KISSNRIDE": " ", "BIC_PARK": " ", "BUSPARKN": "55", "MAAVAR": "לא", "OWN": "רשות מקומית", "Shape_Length": "393.9615937862145", "Shape_Area": "7326.976383247546" }, "geometry": { "type": "Point", "coordinates": [ 34.80117, 32.00309 ] } },
{ "type": "Feature", "properties": { "OID": "-1", "MAKAT": "730060", "NAME": "חניון המרכבה", "DISTRICT": "מרכז", "AUTHORITY": "חולון", "AUTHCODE": "6600", "X": "181891.55", "Y": "658096.11", "ADDRESS": " ", "BLOCK": "6787", "PARCEL": "20", "DUNAM": "21.0", "LANDUSE": "מתחם תחבורה, דרך מאושרת", "PARKINGN": "330", "FLOORS": "1", "BUSS_N": "0", "BUSDROP_N": "0", "BUSSD_N": "0", "TIFULLN": "330", "NIGHTP_N": "330", "RAVKAVN": "0", "CALP_AREA": "41.25", "PINUYY": "0", "COMMENTS": " ", "SOURCE": "מעורב", "D_UPDATE": "2026-12-01 00:00:00", "YEARMONTH": "202605", "OPENYEAR": "לא ידוע", "T_TYPE": "מסוף תפעולי משולב עם חניון לילה", "TRAVELERS": "לא", "CLOSEYEAR": "פתוח", "PARK_RIDE": "לא", "DRIVERSR": "קיים", "TOILET": "לא", "SIZERANK": "גדול", "COMMERCIAL": "לא", "STATUS": "קיים", "MATAN": " ", "ECharge_N": " ", "KISSNRIDE": " ", "BIC_PARK": " ", "BUSPARKN": "330", "MAAVAR": "לא", "OWN": "רמ\"\"י", "Shape_Length": "672.3699320365474", "Shape_Area": "20988.056197931437" }, "geometry": { "type": "Point", "coordinates": [ 34.80684, 32.01541 ] } },
{ "type": "Feature", "properties": { "OID": "-1", "MAKAT": "720002", "NAME": "מסוף שפינוזה", "DISTRICT": "תל אביב", "AUTHORITY": "אזור", "AUTHCODE": "0565", "X": "181712.59", "Y": "658884.76", "ADDRESS": " ", "BLOCK": "6004", "PARCEL": "8, 43", "DUNAM": "0.7", "LANDUSE": "שטח ציבורי פתוח", "PARKINGN": "7", "FLOORS": "1", "BUSS_N": "1", "BUSDROP_N": "1", "BUSSD_N": "0", "TIFULLN": "7", "NIGHTP_N": "0", "RAVKAVN": "0", "CALP_AREA": "0.88", "PINUYY": "0", "COMMENTS": " ", "SOURCE": " ", "D_UPDATE": "", "YEARMONTH": "202605", "OPENYEAR": "לא ידוע", "T_TYPE": "מסוף תפעולי", "TRAVELERS": "כן", "CLOSEYEAR": "פתוח", "PARK_RIDE": "כן", "DRIVERSR": "לא קיים", "TOILET": " ", "SIZERANK": "קטן", "COMMERCIAL": "לא", "STATUS": "קיים", "MATAN": " ", "ECharge_N": " ", "KISSNRIDE": " ", "BIC_PARK": " ", "BUSPARKN": " ", "MAAVAR": "לא", "OWN": "מעורב", "Shape_Length": "127.7237401372814", "Shape_Area": "694.5725622830205" }, "geometry": { "type": "Point", "coordinates": [ 34.80492, 32.02251 ] } },
{ "type": "Feature", "properties": { "OID": "-1", "MAKAT": "730053", "NAME": "חניון שפירים- הנתיב המהיר", "DISTRICT": "מרכז", "AUTHORITY": "שדות דן", "AUTHCODE": "5540", "X": "185233.11", "Y": "656598.97", "ADDRESS": " ", "BLOCK": "6069, 6256", "PARCEL": "135, 139, 141, 145, 147, 149, 151, 155 / 21, 25, 53, 55, 60, 61, 66, 67, 91, 99, 101, 103, 105", "DUNAM": "90.23", "LANDUSE": "איזור חנה וסע", "PARKINGN": "293", "FLOORS": "1", "BUSS_N": "4", "BUSDROP_N": "4", "BUSSD_N": "0", "TIFULLN": "293", "NIGHTP_N": "293", "RAVKAVN": "0", "CALP_AREA": "36.63", "PINUYY": "0", "COMMENTS": "חניות - לפי אתר של נתיבי איילון", "SOURCE": "מעורב", "D_UPDATE": "2026-04-19 00:00:00", "YEARMONTH": "202605", "OPENYEAR": "לא ידוע", "T_TYPE": "מסוף תפעולי", "TRAVELERS": "כן", "CLOSEYEAR": "פתוח", "PARK_RIDE": "כן", "DRIVERSR": "קיים", "TOILET": "כן", "SIZERANK": "גדול", "COMMERCIAL": "כן", "STATUS": "קיים", "MATAN": " ", "ECharge_N": " ", "KISSNRIDE": " ", "BIC_PARK": " ", "BUSPARKN": "293", "MAAVAR": "לא", "OWN": "רמ\"\"י", "Shape_Length": "1843.959352330746", "Shape_Area": "90169.76672929683" }, "geometry": { "type": "Point", "coordinates": [ 34.84226, 32.00201 ] } },
{ "type": "Feature", "properties": { "OID": "-1", "MAKAT": "730260", "NAME": "מתח\"\"מ אור יהודה", "DISTRICT": "מרכז", "AUTHORITY": "אור יהודה", "AUTHCODE": "2400", "X": "186319.31", "Y": "658718.37", "ADDRESS": " ", "BLOCK": "6219", "PARCEL": "56, 172, 1742, 193", "DUNAM": "15.9", "LANDUSE": "מסוף תחבורה, חניון לילה", "PARKINGN": "76", "FLOORS": "1", "BUSS_N": "8", "BUSDROP_N": "2", "BUSSD_N": "0", "TIFULLN": "76", "NIGHTP_N": "76", "RAVKAVN": "-1", "CALP_AREA": "9.5", "PINUYY": "0", "COMMENTS": " ", "SOURCE": "מעורב", "D_UPDATE": "2025-04-12 00:00:00", "YEARMONTH": "202605", "OPENYEAR": "2025", "T_TYPE": "מסוף תפעולי משולב עם חניון לילה", "TRAVELERS": "כן", "CLOSEYEAR": "פתוח", "PARK_RIDE": "לא", "DRIVERSR": "קיים", "TOILET": "כן", "SIZERANK": "גדול", "COMMERCIAL": "לא", "STATUS": "קיים", "MATAN": " ", "ECharge_N": " ", "KISSNRIDE": " ", "BIC_PARK": " ", "BUSPARKN": "76", "MAAVAR": "לא", "OWN": "רמ\"\"י", "Shape_Length": "527.217666319684", "Shape_Area": "15893.590326147678" }, "geometry": { "type": "Point", "coordinates": [ 34.85368, 32.02116 ] } },
{ "type": "Feature", "properties": { "OID": "-1", "MAKAT": "730062", "NAME": "מסוף אור יהודה", "DISTRICT": "מרכז", "AUTHORITY": "אור יהודה", "AUTHCODE": "2400", "X": "187220.43", "Y": "658693.85", "ADDRESS": " ", "BLOCK": "6481", "PARCEL": "86, 103", "DUNAM": "4.18", "LANDUSE": " ", "PARKINGN": "15", "FLOORS": "1", "BUSS_N": "0", "BUSDROP_N": "0", "BUSSD_N": "1", "TIFULLN": "15", "NIGHTP_N": "0", "RAVKAVN": "0", "CALP_AREA": "1.88", "PINUYY": "0", "COMMENTS": " ", "SOURCE": " ", "D_UPDATE": "", "YEARMONTH": "202605", "OPENYEAR": "לא ידוע", "T_TYPE": "מסוף תפעולי", "TRAVELERS": "כן", "CLOSEYEAR": "פתוח", "PARK_RIDE": "כן", "DRIVERSR": "קיים", "TOILET": " ", "SIZERANK": "קטן", "COMMERCIAL": "לא", "STATUS": "קיים", "MATAN": " ", "ECharge_N": " ", "KISSNRIDE": " ", "BIC_PARK": " ", "BUSPARKN": " ", "MAAVAR": "לא", "OWN": " ", "Shape_Length": "259.03637265721943", "Shape_Area": "4175.572436282182" }, "geometry": { "type": "Point", "coordinates": [ 34.86322, 32.02096 ] } },
{ "type": "Feature", "properties": { "OID": "-1", "MAKAT": "720014", "NAME": "מסוף קריית אונו", "DISTRICT": "תל אביב", "AUTHORITY": "קרית אונו", "AUTHCODE": "2620", "X": "187473.94", "Y": "660509.88", "ADDRESS": " ", "BLOCK": "7347", "PARCEL": "23, 24?", "DUNAM": "3.65", "LANDUSE": " ", "PARKINGN": "40", "FLOORS": "1", "BUSS_N": "1", "BUSDROP_N": "1", "BUSSD_N": "0", "TIFULLN": "40", "NIGHTP_N": "40", "RAVKAVN": "0", "CALP_AREA": "5.0", "PINUYY": "0", "COMMENTS": " ", "SOURCE": " ", "D_UPDATE": "", "YEARMONTH": "202605", "OPENYEAR": "לא ידוע", "T_TYPE": "מסוף תפעולי משולב עם חניון לילה", "TRAVELERS": "כן", "CLOSEYEAR": "פתוח", "PARK_RIDE": "לא", "DRIVERSR": "קיים", "TOILET": " ", "SIZERANK": "קטן", "COMMERCIAL": "לא", "STATUS": "קיים", "MATAN": " ", "ECharge_N": " ", "KISSNRIDE": " ", "BIC_PARK": " ", "BUSPARKN": " ", "MAAVAR": "לא", "OWN": " ", "Shape_Length": "243.40760498838532", "Shape_Area": "3646.561617638321" }, "geometry": { "type": "Point", "coordinates": [ 34.86585, 32.03735 ] } },
{ "type": "Feature", "properties": { "OID": "-1", "MAKAT": "720031", "NAME": "מסוף הטייסים תל אביב", "DISTRICT": "תל אביב", "AUTHORITY": "תל אביב יפו", "AUTHCODE": "5000", "X": "182553.54", "Y": "661814.85", "ADDRESS": " ", "BLOCK": "7241", "PARCEL": "76", "DUNAM": "1.18", "LANDUSE": "מרכז תחבורה", "PARKINGN": "11", "FLOORS": "1", "BUSS_N": "2", "BUSDROP_N": "0", "BUSSD_N": "1", "TIFULLN": "11", "NIGHTP_N": "0", "RAVKAVN": "0", "CALP_AREA": "1.38", "PINUYY": "0", "COMMENTS": " ", "SOURCE": "סקר", "D_UPDATE": "2026-04-19 00:00:00", "YEARMONTH": "202605", "OPENYEAR": "לא ידוע", "T_TYPE": "מסוף תפעולי", "TRAVELERS": "כן", "CLOSEYEAR": "פתוח", "PARK_RIDE": "לא", "DRIVERSR": "קיים", "TOILET": "לא", "SIZERANK": "קטן", "COMMERCIAL": "לא", "STATUS": "קיים", "MATAN": " ", "ECharge_N": " ", "KISSNRIDE": " ", "BIC_PARK": " ", "BUSPARKN": "11", "MAAVAR": "לא", "OWN": "רשות מקומית", "Shape_Length": "242.23776946656577", "Shape_Area": "1177.3924703900989" }, "geometry": { "type": "Point", "coordinates": [ 34.81371, 32.04897 ] } }
]
}
