{
"type": "FeatureCollection",
"name": "l",
"features": [
{ "type": "Feature", "properties": { "OID": "-1", "NUM": "0.400", "RAILNAME": "חיפה", "X": "201043.2414", "Y": "746065.2388", "ROAD": "כביש 22", "HEKTOMETER": "400.0", "LOCATION": "חיפה, צמוד למחלף חירם", "DESCRPTION": "גשר כביש מעל מסילה", "TRAINOVER": "לא", "STATUS": "קיימת", "YEARMONTH": "202406", "MAINTENANC": "אין מידע", "TRAFCODE": "0", "TRAFTYPE": "אין מידע" }, "geometry": { "type": "Point", "coordinates": [ 35.00784, 32.80914 ] } },
{ "type": "Feature", "properties": { "OID": "-1", "NUM": "0.800", "RAILNAME": "שלוחת דשנים", "X": "205419.9076", "Y": "745573.8175", "ROAD": "כביש 22", "HEKTOMETER": "800.0", "LOCATION": "חיפה, מחלף ההסתדרות", "DESCRPTION": "גשר כביש מעל מסילה", "TRAINOVER": "לא", "STATUS": "קיימת", "YEARMONTH": "202406", "MAINTENANC": "נתיבי ישראל", "TRAFCODE": "10101", "TRAFTYPE": "נתיבי ישראל" }, "geometry": { "type": "Point", "coordinates": [ 35.05458, 32.80477 ] } },
{ "type": "Feature", "properties": { "OID": "-1", "NUM": "0.925", "RAILNAME": "מסילת העמק", "X": "203337.1396", "Y": "744301.0162", "ROAD": "כביש 23", "HEKTOMETER": "925.0", "LOCATION": "חיפה, כביש 23 מרכזית המפרץ", "DESCRPTION": "גשר מסילה מעל כביש", "TRAINOVER": "כן", "STATUS": "קיימת", "YEARMONTH": "202406", "MAINTENANC": "רכבת ישראל", "TRAFCODE": "10105", "TRAFTYPE": "רכבת ישראל" }, "geometry": { "type": "Point", "coordinates": [ 35.03236, 32.79327 ] } },
{ "type": "Feature", "properties": { "OID": "-1", "NUM": "1.245", "RAILNAME": "מסילת העמק", "X": "203579.7003", "Y": "744093.4428", "ROAD": "כביש 4", "HEKTOMETER": "1245.0", "LOCATION": "חיפה, שד' הההסתדרות צומתקישון", "DESCRPTION": "גשר מסילה מעל כביש", "TRAINOVER": "כן", "STATUS": "קיימת", "YEARMONTH": "202406", "MAINTENANC": "רכבת ישראל", "TRAFCODE": "10105", "TRAFTYPE": "רכבת ישראל" }, "geometry": { "type": "Point", "coordinates": [ 35.03495, 32.7914 ] } },
{ "type": "Feature", "properties": { "OID": "-1", "NUM": "1.335", "RAILNAME": "חיפה", "X": "200128.308", "Y": "747493.4916", "ROAD": "כביש 4", "HEKTOMETER": "1335.0", "LOCATION": "חיפה, תחנת רכבת חיפה  מרכז השמונה", "DESCRPTION": "גשר כביש מעל מסילה", "TRAINOVER": "לא", "STATUS": "קיימת", "YEARMONTH": "202406", "MAINTENANC": "אין מידע", "TRAFCODE": "0", "TRAFTYPE": "אין מידע" }, "geometry": { "type": "Point", "coordinates": [ 34.99804, 32.822 ] } },
{ "type": "Feature", "properties": { "OID": "-1", "NUM": "1.890", "RAILNAME": "מסילת העמק", "X": "203820.0913", "Y": "743502.3408", "ROAD": "כביש 75", "HEKTOMETER": "1890.0", "LOCATION": "חיפה, רחוב הנפח", "DESCRPTION": "גשר מסילה מעל כביש", "TRAINOVER": "כן", "STATUS": "קיימת", "YEARMONTH": "202406", "MAINTENANC": "רכבת ישראל", "TRAFCODE": "10105", "TRAFTYPE": "רכבת ישראל" }, "geometry": { "type": "Point", "coordinates": [ 35.03753, 32.78607 ] } },
{ "type": "Feature", "properties": { "OID": "-1", "NUM": "1.9268", "RAILNAME": "חיפה", "X": "202152.5475", "Y": "745287.0202", "ROAD": "כביש 22", "HEKTOMETER": "1926.8", "LOCATION": "חיפה, גזאל", "DESCRPTION": "גשר כביש מעל מסילה", "TRAINOVER": "לא", "STATUS": "קיימת", "YEARMONTH": "202406", "MAINTENANC": "עיריית חיפה", "TRAFCODE": "4000", "TRAFTYPE": "רשות מקומית" }, "geometry": { "type": "Point", "coordinates": [ 35.0197, 32.80214 ] } },
{ "type": "Feature", "properties": { "OID": "-1", "NUM": "2.200", "RAILNAME": "מסילת העמק", "X": "203892.5157", "Y": "743215.894", "ROAD": "כביש 75", "HEKTOMETER": "2200.0", "LOCATION": "חיפה, רחוב מורג", "DESCRPTION": "גשר מסילה מעל כביש", "TRAINOVER": "כן", "STATUS": "קיימת", "YEARMONTH": "202406", "MAINTENANC": "רכבת ישראל", "TRAFCODE": "10105", "TRAFTYPE": "רכבת ישראל" }, "geometry": { "type": "Point", "coordinates": [ 35.03831, 32.78349 ] } },
{ "type": "Feature", "properties": { "OID": "-1", "NUM": "3.400", "RAILNAME": "נהריה-חיפה", "X": "203385.895", "Y": "744347.32", "ROAD": "כביש 23", "HEKTOMETER": "3400.0", "LOCATION": "חיפה, מבוא כרמל", "DESCRPTION": "גשר מסילה מעל כביש", "TRAINOVER": "כן", "STATUS": "קיימת", "YEARMONTH": "202406", "MAINTENANC": "רכבת ישראל", "TRAFCODE": "10105", "TRAFTYPE": "רכבת ישראל" }, "geometry": { "type": "Point", "coordinates": [ 35.03288, 32.79369 ] } },
{ "type": "Feature", "properties": { "OID": "-1", "NUM": "3.550", "RAILNAME": "נהריה-חיפה", "X": "203534.6405", "Y": "744339.5472", "ROAD": "כביש 75", "HEKTOMETER": "3550.0", "LOCATION": "חיפה, כביש 75", "DESCRPTION": "גשר כביש מעל מסילה", "TRAINOVER": "לא", "STATUS": "קיימת", "YEARMONTH": "202406", "MAINTENANC": "אין מידע", "TRAFCODE": "0", "TRAFTYPE": "אין מידע" }, "geometry": { "type": "Point", "coordinates": [ 35.03447, 32.79362 ] } },
{ "type": "Feature", "properties": { "OID": "-1", "NUM": "4.052", "RAILNAME": "עכו-כרמיאל", "X": "211183.1438", "Y": "757883.2528", "ROAD": "כביש 85", "HEKTOMETER": "4052.0", "LOCATION": "בין עכו לאחיהוד, כביש 85 בצמוד לתחנת הדלק", "DESCRPTION": "גשר כביש מעל מסילה", "TRAINOVER": "לא", "STATUS": "קיימת", "YEARMONTH": "202406", "MAINTENANC": "רכבת ישראל", "TRAFCODE": "10105", "TRAFTYPE": "רכבת ישראל" }, "geometry": { "type": "Point", "coordinates": [ 35.116, 32.91582 ] } },
{ "type": "Feature", "properties": { "OID": "-1", "NUM": "4.270", "RAILNAME": "חיפה", "X": "197473.7722", "Y": "748477.5968", "ROAD": "כביש 4", "HEKTOMETER": "4270.0", "LOCATION": "חיפה, מחלף אלנבי", "DESCRPTION": "גשר כביש מעל מסילה", "TRAINOVER": "לא", "STATUS": "קיימת", "YEARMONTH": "202406", "MAINTENANC": "אין מידע", "TRAFCODE": "0", "TRAFTYPE": "אין מידע" }, "geometry": { "type": "Point", "coordinates": [ 34.96967, 32.83083 ] } },
{ "type": "Feature", "properties": { "OID": "-1", "NUM": "4.900", "RAILNAME": "נהריה-חיפה", "X": "204547.2969", "Y": "745104.7017", "ROAD": "כביש 22", "HEKTOMETER": "4900.0", "LOCATION": "חיפה, יגאל ידין", "DESCRPTION": "גשר כביש מעל מסילה", "TRAINOVER": "לא", "STATUS": "קיימת", "YEARMONTH": "202406", "MAINTENANC": "אין מידע", "TRAFCODE": "0", "TRAFTYPE": "אין מידע" }, "geometry": { "type": "Point", "coordinates": [ 35.04527, 32.80053 ] } },
{ "type": "Feature", "properties": { "OID": "-1", "NUM": "4.925", "RAILNAME": "מסילת העמק", "X": "205814.1951", "Y": "741295.8885", "ROAD": "כביש 75", "HEKTOMETER": "4925.0", "LOCATION": "נשר, כביש 75", "DESCRPTION": "גשר מסילה מעל כביש", "TRAINOVER": "כן", "STATUS": "קיימת", "YEARMONTH": "202406", "MAINTENANC": "רכבת ישראל", "TRAFCODE": "10105", "TRAFTYPE": "רכבת ישראל" }, "geometry": { "type": "Point", "coordinates": [ 35.05885, 32.7662 ] } },
{ "type": "Feature", "properties": { "OID": "-1", "NUM": "4.950", "RAILNAME": "מסילת העמק", "X": "205831.8356", "Y": "741271.2912", "ROAD": "כביש 75", "HEKTOMETER": "4950.0", "LOCATION": "נשר, כביש 75", "DESCRPTION": "גשר מסילה מעל כביש", "TRAINOVER": "כן", "STATUS": "קיימת", "YEARMONTH": "202406", "MAINTENANC": "רכבת ישראל", "TRAFCODE": "10105", "TRAFTYPE": "רכבת ישראל" }, "geometry": { "type": "Point", "coordinates": [ 35.05904, 32.76598 ] } },
{ "type": "Feature", "properties": { "OID": "-1", "NUM": "4.975", "RAILNAME": "מסילת העמק", "X": "205847.1705", "Y": "741249.3839", "ROAD": "כביש 75", "HEKTOMETER": "4975.0", "LOCATION": "נשר, כביש 75", "DESCRPTION": "גשר מסילה מעל כביש", "TRAINOVER": "כן", "STATUS": "קיימת", "YEARMONTH": "202406", "MAINTENANC": "רכבת ישראל", "TRAFCODE": "10105", "TRAFTYPE": "רכבת ישראל" }, "geometry": { "type": "Point", "coordinates": [ 35.0592, 32.76579 ] } },
{ "type": "Feature", "properties": { "OID": "-1", "NUM": "5.030", "RAILNAME": "נהריה-חיפה", "X": "204611.2353", "Y": "745223.7987", "ROAD": "כביש 22", "HEKTOMETER": "5030.0", "LOCATION": "חיפה, יגאל ידין", "DESCRPTION": "גשר מסילה מעל נחל", "TRAINOVER": "כן", "STATUS": "קיימת", "YEARMONTH": "202406", "MAINTENANC": "רכבת ישראל", "TRAFCODE": "10105", "TRAFTYPE": "רכבת ישראל" }, "geometry": { "type": "Point", "coordinates": [ 35.04595, 32.80161 ] } },
{ "type": "Feature", "properties": { "OID": "-1", "NUM": "5.270", "RAILNAME": "חיפה", "X": "196606.9149", "Y": "748065.4142", "ROAD": "כביש 4", "HEKTOMETER": "5270.0", "LOCATION": "חיפה, ההגנה", "DESCRPTION": "גשר מסילה מעל כביש", "TRAINOVER": "כן", "STATUS": "קיימת", "YEARMONTH": "202406", "MAINTENANC": "רכבת ישראל", "TRAFCODE": "10105", "TRAFTYPE": "רכבת ישראל" }, "geometry": { "type": "Point", "coordinates": [ 34.96042, 32.82709 ] } },
{ "type": "Feature", "properties": { "OID": "-1", "NUM": "6", "RAILNAME": "חיפה", "X": "198882.0122", "Y": "748322.1408", "ROAD": "כביש 4", "HEKTOMETER": "2840.0", "LOCATION": "חיפה, חיל הים -צומת דולפין", "DESCRPTION": "גשר מסילה מעל כביש", "TRAINOVER": "כן", "STATUS": "קיימת", "YEARMONTH": "202406", "MAINTENANC": "רכבת ישראל", "TRAFCODE": "10105", "TRAFTYPE": "רכבת ישראל" }, "geometry": { "type": "Point", "coordinates": [ 34.98471, 32.82945 ] } },
{ "type": "Feature", "properties": { "OID": "-1", "NUM": "6.800", "RAILNAME": "מסילת העמק", "X": "206885.7852", "Y": "739803.7326", "ROAD": "כביש 752", "HEKTOMETER": "6800.0", "LOCATION": "יגור, מחלף יגור", "DESCRPTION": "גשר כביש מעל מסילה", "TRAINOVER": "לא", "STATUS": "קיימת", "YEARMONTH": "202406", "MAINTENANC": "אין מידע", "TRAFCODE": "0", "TRAFTYPE": "אין מידע" }, "geometry": { "type": "Point", "coordinates": [ 35.0703, 32.75276 ] } },
{ "type": "Feature", "properties": { "OID": "-1", "NUM": "7.100", "RAILNAME": "נהריה-חיפה", "X": "205879.2475", "Y": "746810.5873", "ROAD": "כביש 4", "HEKTOMETER": "7100.0", "LOCATION": "חיפה, שדרות ההסתדרות", "DESCRPTION": "גשר מסילה מעל כביש", "TRAINOVER": "כן", "STATUS": "קיימת", "YEARMONTH": "202406", "MAINTENANC": "רכבת ישראל", "TRAFCODE": "10105", "TRAFTYPE": "רכבת ישראל" }, "geometry": { "type": "Point", "coordinates": [ 35.05946, 32.81593 ] } },
{ "type": "Feature", "properties": { "OID": "-1", "NUM": "7.175", "RAILNAME": "חיפה", "X": "196156.1176", "Y": "746355.4465", "ROAD": "כביש 4", "HEKTOMETER": "7175.0", "LOCATION": "חיפה, אלעזר דוד רא\"ל /הצדף", "DESCRPTION": "גשר מסילה מעל כביש", "TRAINOVER": "כן", "STATUS": "קיימת", "YEARMONTH": "202406", "MAINTENANC": "רכבת ישראל", "TRAFCODE": "10105", "TRAFTYPE": "רכבת ישראל" }, "geometry": { "type": "Point", "coordinates": [ 34.95565, 32.81166 ] } },
{ "type": "Feature", "properties": { "OID": "-1", "NUM": "7.740", "RAILNAME": "מסילת העמק", "X": "207598.6599", "Y": "739142.4494", "ROAD": "כביש 7223", "HEKTOMETER": "7740.0", "LOCATION": "כפר חסידים, כביש כפר חסידים", "DESCRPTION": "גשר מסילה מעל כביש", "TRAINOVER": "כן", "STATUS": "קיימת", "YEARMONTH": "202406", "MAINTENANC": "רכבת ישראל", "TRAFCODE": "10105", "TRAFTYPE": "רכבת ישראל" }, "geometry": { "type": "Point", "coordinates": [ 35.07792, 32.74681 ] } },
{ "type": "Feature", "properties": { "OID": "-1", "NUM": "7.850", "RAILNAME": "חיפה", "X": "196340.1813", "Y": "745710.5887", "ROAD": "כביש 4", "HEKTOMETER": "7850.0", "LOCATION": "חיפה, מעבר הולכי רגל מלון לאונרדו", "DESCRPTION": "גשר הולכי רגל מעל מסילה", "TRAINOVER": "לא", "STATUS": "קיימת", "YEARMONTH": "202406", "MAINTENANC": "אין מידע", "TRAFCODE": "0", "TRAFTYPE": "אין מידע" }, "geometry": { "type": "Point", "coordinates": [ 34.95763, 32.80585 ] } },
{ "type": "Feature", "properties": { "OID": "-1", "NUM": "8.135", "RAILNAME": "נהריה-חיפה", "X": "206292.0593", "Y": "747751.3724", "ROAD": "כביש 4", "HEKTOMETER": "8135.0", "LOCATION": "קריית חיים, אח\"י אילת", "DESCRPTION": "גשר מסילה מעל כביש", "TRAINOVER": "כן", "STATUS": "קיימת", "YEARMONTH": "202406", "MAINTENANC": "רכבת ישראל", "TRAFCODE": "10105", "TRAFTYPE": "רכבת ישראל" }, "geometry": { "type": "Point", "coordinates": [ 35.06386, 32.82442 ] } },
{ "type": "Feature", "properties": { "OID": "-1", "NUM": "8.850", "RAILNAME": "עכו-כרמיאל", "X": "215922.5949", "Y": "757392.2782", "ROAD": "כביש 70", "HEKTOMETER": "8850.0", "LOCATION": "אחיהוד, צומת אחיהוד", "DESCRPTION": "גשר מסילה מעל כביש", "TRAINOVER": "כן", "STATUS": "קיימת", "YEARMONTH": "202406", "MAINTENANC": "רכבת ישראל", "TRAFCODE": "10105", "TRAFTYPE": "רכבת ישראל" }, "geometry": { "type": "Point", "coordinates": [ 35.16667, 32.91142 ] } },
{ "type": "Feature", "properties": { "OID": "-1", "NUM": "9.100", "RAILNAME": "מסילת החוף", "X": "196316.4004", "Y": "744487.1213", "ROAD": "מאיר זוער", "HEKTOMETER": "9100.0", "LOCATION": "חיפה, יוחאי בן נון", "DESCRPTION": "גשר כביש מעל מסילה", "TRAINOVER": "לא", "STATUS": "קיימת", "YEARMONTH": "202406", "MAINTENANC": "אין מידע", "TRAFCODE": "0", "TRAFTYPE": "אין מידע" }, "geometry": { "type": "Point", "coordinates": [ 34.95741, 32.79482 ] } },
{ "type": "Feature", "properties": { "OID": "-1", "NUM": "9.515", "RAILNAME": "מסילת החוף", "X": "196297.626", "Y": "744046.7522", "ROAD": "כביש 2, כביש 23", "HEKTOMETER": "9515.0", "LOCATION": "חיפה, כביש 23", "DESCRPTION": "גשר כביש מעל מסילה", "TRAINOVER": "לא", "STATUS": "קיימת", "YEARMONTH": "202406", "MAINTENANC": "נתיבי ישראל", "TRAFCODE": "10101", "TRAFTYPE": "נתיבי ישראל" }, "geometry": { "type": "Point", "coordinates": [ 34.95722, 32.79085 ] } },
{ "type": "Feature", "properties": { "OID": "-1", "NUM": "10.290", "RAILNAME": "עכו-כרמיאל", "X": "217363.5065", "Y": "757445.3078", "ROAD": "כביש 85", "HEKTOMETER": "10290.0", "LOCATION": "בר לב, הברוש, תומת בר לב", "DESCRPTION": "גשר כביש מעל מסילה", "TRAINOVER": "לא", "STATUS": "קיימת", "YEARMONTH": "202406", "MAINTENANC": "נתיבי ישראל", "TRAFCODE": "10101", "TRAFTYPE": "נתיבי ישראל" }, "geometry": { "type": "Point", "coordinates": [ 35.18207, 32.9119 ] } },
{ "type": "Feature", "properties": { "OID": "-1", "NUM": "10.385", "RAILNAME": "נהריה-חיפה", "X": "207454.9202", "Y": "749677.165", "ROAD": "כביש 4", "HEKTOMETER": "10385.0", "LOCATION": "קריית ים/מוצקין, שד' בן גוריון", "DESCRPTION": "גשר כביש מעל מסילה", "TRAINOVER": "לא", "STATUS": "קיימת", "YEARMONTH": "202406", "MAINTENANC": "אין מידע", "TRAFCODE": "0", "TRAFTYPE": "אין מידע" }, "geometry": { "type": "Point", "coordinates": [ 35.07625, 32.8418 ] } },
{ "type": "Feature", "properties": { "OID": "-1", "NUM": "10.925", "RAILNAME": "מסילת החוף", "X": "196282.2608", "Y": "743638.6841", "ROAD": "כביש 2", "HEKTOMETER": "10925.0", "LOCATION": "חיפה, מת\"מ חיפה", "DESCRPTION": "גשר מסילה מעל שביל עפר", "TRAINOVER": "כן", "STATUS": "קיימת", "YEARMONTH": "202406", "MAINTENANC": "רכבת ישראל", "TRAFCODE": "10105", "TRAFTYPE": "רכבת ישראל" }, "geometry": { "type": "Point", "coordinates": [ 34.95706, 32.78717 ] } },
{ "type": "Feature", "properties": { "OID": "-1", "NUM": "12", "RAILNAME": "מסילת החוף", "X": "194387.8457", "Y": "731583.2708", "ROAD": "כביש 7110", "HEKTOMETER": "22160.0", "LOCATION": "עתלית, דרך הים", "DESCRPTION": "גשר כביש מעל מסילה", "TRAINOVER": "לא", "STATUS": "קיימת", "YEARMONTH": "202406", "MAINTENANC": "נתיבי ישראל", "TRAFCODE": "10101", "TRAFTYPE": "נתיבי ישראל" }, "geometry": { "type": "Point", "coordinates": [ 34.93716, 32.67842 ] } },
{ "type": "Feature", "properties": { "OID": "-1", "NUM": "12.180", "RAILNAME": "מסילת החוף", "X": "196067.6097", "Y": "741399.138", "ROAD": "כביש 2", "HEKTOMETER": "12180.0", "LOCATION": "חיפה, מערב מכפר גלים", "DESCRPTION": "גשר מסילה מעל שביל עפר", "TRAINOVER": "כן", "STATUS": "קיימת", "YEARMONTH": "202406", "MAINTENANC": "רכבת ישראל", "TRAFCODE": "10105", "TRAFTYPE": "רכבת ישראל" }, "geometry": { "type": "Point", "coordinates": [ 34.95483, 32.76697 ] } },
{ "type": "Feature", "properties": { "OID": "-1", "NUM": "12.660", "RAILNAME": "נהריה-חיפה", "X": "208630.1086", "Y": "751623.1635", "ROAD": "כביש 4", "HEKTOMETER": "12660.0", "LOCATION": "קריית ים, שד' ירושלים", "DESCRPTION": "גשר כביש מעל מסילה", "TRAINOVER": "לא", "STATUS": "קיימת", "YEARMONTH": "202406", "MAINTENANC": "אין מידע", "TRAFCODE": "0", "TRAFTYPE": "אין מידע" }, "geometry": { "type": "Point", "coordinates": [ 35.08878, 32.85936 ] } },
{ "type": "Feature", "properties": { "OID": "-1", "NUM": "14.600", "RAILNAME": "מסילת העמק", "X": "210085.8385", "Y": "732919.0914", "ROAD": "כביש 6", "HEKTOMETER": "14600.0", "LOCATION": "קריית חרושת, כביש 6 מקטע צפון", "DESCRPTION": "גשר מסילה מעל כביש", "TRAINOVER": "כן", "STATUS": "קיימת", "YEARMONTH": "202406", "MAINTENANC": "רכבת ישראל", "TRAFCODE": "10105", "TRAFTYPE": "רכבת ישראל" }, "geometry": { "type": "Point", "coordinates": [ 35.10452, 32.69071 ] } },
{ "type": "Feature", "properties": { "OID": "-1", "NUM": "15.150", "RAILNAME": "מסילת העמק", "X": "210462.389", "Y": "732555.8966", "ROAD": "כביש 77", "HEKTOMETER": "15150.0", "LOCATION": "קריית חרושת, מחלף תל קש\"ש", "DESCRPTION": "גשר מסילה מעל שביל עפר", "TRAINOVER": "כן", "STATUS": "קיימת", "YEARMONTH": "202406", "MAINTENANC": "רכבת ישראל", "TRAFCODE": "10105", "TRAFTYPE": "רכבת ישראל" }, "geometry": { "type": "Point", "coordinates": [ 35.10854, 32.68744 ] } },
{ "type": "Feature", "properties": { "OID": "-1", "NUM": "15.240", "RAILNAME": "מסילת החוף", "X": "195745.3008", "Y": "738364.4356", "ROAD": "כביש 2", "HEKTOMETER": "15240.0", "LOCATION": "חיפה, שמורת טבע חוף גלים", "DESCRPTION": "גשר מסילה מעל שביל עפר", "TRAINOVER": "כן", "STATUS": "קיימת", "YEARMONTH": "202406", "MAINTENANC": "רכבת ישראל", "TRAFCODE": "10105", "TRAFTYPE": "רכבת ישראל" }, "geometry": { "type": "Point", "coordinates": [ 34.95146, 32.7396 ] } },
{ "type": "Feature", "properties": { "OID": "-1", "NUM": "15.900", "RAILNAME": "מסילת העמק", "X": "211140.2398", "Y": "732230.0721", "ROAD": "כביש 77", "HEKTOMETER": "15900.0", "LOCATION": "דרומית לקרית טבעון, חוצה את כביש 77", "DESCRPTION": "גשר כביש מעל מסילה", "TRAINOVER": "לא", "STATUS": "קיימת", "YEARMONTH": "202406", "MAINTENANC": "חוצה צפון", "TRAFCODE": "70103", "TRAFTYPE": "חוצה צפון" }, "geometry": { "type": "Point", "coordinates": [ 35.11577, 32.68451 ] } },
{ "type": "Feature", "properties": { "OID": "-1", "NUM": "16.485", "RAILNAME": "מסילת העמק", "X": "211682.7904", "Y": "731988.2297", "ROAD": "כביש 722", "HEKTOMETER": "16485.0", "LOCATION": "כפר יהושע, צמוד לתחנת רכבת כפריהושוע", "DESCRPTION": "גשר כביש מעל מסילה", "TRAINOVER": "לא", "STATUS": "קיימת", "YEARMONTH": "202406", "MAINTENANC": "אין מידע", "TRAFCODE": "0", "TRAFTYPE": "אין מידע" }, "geometry": { "type": "Point", "coordinates": [ 35.12156, 32.68233 ] } },
{ "type": "Feature", "properties": { "OID": "-1", "NUM": "17.400", "RAILNAME": "מסילת החוף", "X": "195368.2243", "Y": "736269.0275", "ROAD": "כביש 2", "HEKTOMETER": "17400.0", "LOCATION": "מקטע בין חיפה לעתלית, כביש 2", "DESCRPTION": "גשר מסילה מעל כביש", "TRAINOVER": "כן", "STATUS": "קיימת", "YEARMONTH": "202406", "MAINTENANC": "רכבת ישראל", "TRAFCODE": "10105", "TRAFTYPE": "רכבת ישראל" }, "geometry": { "type": "Point", "coordinates": [ 34.9475, 32.7207 ] } },
{ "type": "Feature", "properties": { "OID": "-1", "NUM": "18.200", "RAILNAME": "מסילת העמק", "X": "213233.9528", "Y": "731252.6872", "ROAD": "כביש 7224", "HEKTOMETER": "18200.0", "LOCATION": "דרום מערבית לכפר יהושוע, כביש בין כפר יהושוע לאיזורים חקלאיים", "DESCRPTION": "גשר חקלאי מעל מסילה", "TRAINOVER": "לא", "STATUS": "קיימת", "YEARMONTH": "202406", "MAINTENANC": "רכבת ישראל לקונסטרוקציה בל", "TRAFCODE": "10105", "TRAFTYPE": "רכבת ישראל" }, "geometry": { "type": "Point", "coordinates": [ 35.1381, 32.67571 ] } },
{ "type": "Feature", "properties": { "OID": "-1", "NUM": "20.125", "RAILNAME": "נהריה-חיפה", "X": "208229.923", "Y": "758744.5724", "ROAD": "כביש 85", "HEKTOMETER": "20125.0", "LOCATION": "עכו, בן עמי", "DESCRPTION": "גשר מסילה מעל כביש", "TRAINOVER": "כן", "STATUS": "קיימת", "YEARMONTH": "202406", "MAINTENANC": "רכבת ישראל", "TRAFCODE": "10105", "TRAFTYPE": "רכבת ישראל" }, "geometry": { "type": "Point", "coordinates": [ 35.08442, 32.92356 ] } },
{ "type": "Feature", "properties": { "OID": "-1", "NUM": "20.650", "RAILNAME": "עכו-כרמיאל", "X": "209277.2918", "Y": "757454.5119", "ROAD": "כביש 4", "HEKTOMETER": "20650.0", "LOCATION": "עכו, מחלף עכו מזרח-צומת עין המפרץ", "DESCRPTION": "גשר כביש מעל מסילה", "TRAINOVER": "לא", "STATUS": "קיימת", "YEARMONTH": "202406", "MAINTENANC": "אין מידע", "TRAFCODE": "0", "TRAFTYPE": "אין מידע" }, "geometry": { "type": "Point", "coordinates": [ 35.09563, 32.91194 ] } },
{ "type": "Feature", "properties": { "OID": "-1", "NUM": "21.225", "RAILNAME": "נהריה-חיפה", "X": "207934.9394", "Y": "759798.6585", "ROAD": "כביש 8510", "HEKTOMETER": "21225.0", "LOCATION": "עכו, דושניצקי/חטיבת גולני", "DESCRPTION": "גשר מסילה מעל כביש", "TRAINOVER": "כן", "STATUS": "קיימת", "YEARMONTH": "202406", "MAINTENANC": "רכבת ישראל", "TRAFCODE": "10105", "TRAFTYPE": "רכבת ישראל" }, "geometry": { "type": "Point", "coordinates": [ 35.08125, 32.93307 ] } },
{ "type": "Feature", "properties": { "OID": "-1", "NUM": "22.350", "RAILNAME": "נהריה-חיפה", "X": "208010.1836", "Y": "760920.4454", "ROAD": "כביש 8510", "HEKTOMETER": "22350.0", "LOCATION": "עכו, פלמינגו", "DESCRPTION": "גשר כביש מעל מסילה", "TRAINOVER": "לא", "STATUS": "קיימת", "YEARMONTH": "202406", "MAINTENANC": "עיריית עכו", "TRAFCODE": "7600", "TRAFTYPE": "רשות מקומית" }, "geometry": { "type": "Point", "coordinates": [ 35.08204, 32.94318 ] } },
{ "type": "Feature", "properties": { "OID": "-1", "NUM": "23.000", "RAILNAME": "מסילת העמק", "X": "217058.1607", "Y": "728694.0898", "ROAD": "כביש 7255", "HEKTOMETER": "23000.0", "LOCATION": "צפון מערבית לכפר ברוך, דרום מבסיס חיל אוויר רמת דוד", "DESCRPTION": "גשר חקלאי מעל מסילה", "TRAINOVER": "לא", "STATUS": "קיימת", "YEARMONTH": "202406", "MAINTENANC": "רכבת ישראל לקונסטרוקציה בל", "TRAFCODE": "10105", "TRAFTYPE": "רכבת ישראל" }, "geometry": { "type": "Point", "coordinates": [ 35.17888, 32.65265 ] } },
{ "type": "Feature", "properties": { "OID": "-1", "NUM": "24.880", "RAILNAME": "מסילת העמק", "X": "218888.1702", "Y": "728413.4376", "ROAD": "כביש 7255", "HEKTOMETER": "24880.0", "LOCATION": "כפר ברוך, כביש מקשר בין כפר ברוך לתחנת רכבת כפר ברוך", "DESCRPTION": "גשר מסילה מעל כביש", "TRAINOVER": "כן", "STATUS": "קיימת", "YEARMONTH": "202406", "MAINTENANC": "רכבת ישראל", "TRAFCODE": "10105", "TRAFTYPE": "רכבת ישראל" }, "geometry": { "type": "Point", "coordinates": [ 35.19839, 32.65013 ] } },
{ "type": "Feature", "properties": { "OID": "-1", "NUM": "25.080", "RAILNAME": "מסילת העמק", "X": "219080.1305", "Y": "728357.4169", "ROAD": "כביש 7255", "HEKTOMETER": "25080.0", "LOCATION": "כפר ברוך, מערבית לתחנת רכבת כפר ברוך", "DESCRPTION": "גשר מסילה מעל כביש", "TRAINOVER": "כן", "STATUS": "קיימת", "YEARMONTH": "202406", "MAINTENANC": "רכבת ישראל", "TRAFCODE": "10105", "TRAFTYPE": "רכבת ישראל" }, "geometry": { "type": "Point", "coordinates": [ 35.20043, 32.64962 ] } },
{ "type": "Feature", "properties": { "OID": "-1", "NUM": "27.050", "RAILNAME": "מסילת העמק", "X": "220881.0901", "Y": "727575.4089", "ROAD": "כביש 7255", "HEKTOMETER": "27050.0", "LOCATION": "דרום מערבית לאיזור תעשייה מגדל העמק, מזרחית לתחנת רכבת כפר ברוך", "DESCRPTION": "גשר מסילה מעל שביל עפר", "TRAINOVER": "כן", "STATUS": "קיימת", "YEARMONTH": "202406", "MAINTENANC": "רכבת ישראל", "TRAFCODE": "10105", "TRAFTYPE": "רכבת ישראל" }, "geometry": { "type": "Point", "coordinates": [ 35.21963, 32.64257 ] } },
{ "type": "Feature", "properties": { "OID": "-1", "NUM": "27.100", "RAILNAME": "מסילת העמק", "X": "220933.3543", "Y": "727546.6389", "ROAD": "כביש 7255", "HEKTOMETER": "27100.0", "LOCATION": "דרום מערבית לאיזור תעשייה מגדל העמק, מזרחית לתחנת רכבת כפר ברוך", "DESCRPTION": "גשר מסילה מעל שביל עפר", "TRAINOVER": "כן", "STATUS": "קיימת", "YEARMONTH": "202406", "MAINTENANC": "רכבת ישראל", "TRAFCODE": "10105", "TRAFTYPE": "רכבת ישראל" }, "geometry": { "type": "Point", "coordinates": [ 35.22018, 32.64231 ] } },
{ "type": "Feature", "properties": { "OID": "-1", "NUM": "27.675", "RAILNAME": "נהריה-חיפה", "X": "208989.252", "Y": "766061.4614", "ROAD": "כביש 4", "HEKTOMETER": "27675.0", "LOCATION": "נהריה, שדרות שז\"ר", "DESCRPTION": "גשר מסילה מעל כביש", "TRAINOVER": "כן", "STATUS": "קיימת", "YEARMONTH": "202406", "MAINTENANC": "רכבת ישראל", "TRAFCODE": "10105", "TRAFTYPE": "רכבת ישראל" }, "geometry": { "type": "Point", "coordinates": [ 35.09245, 32.98955 ] } },
{ "type": "Feature", "properties": { "OID": "-1", "NUM": "28.830", "RAILNAME": "נהריה-חיפה", "X": "209474.6707", "Y": "767067.468", "ROAD": "כביש 4", "HEKTOMETER": "28830.0", "LOCATION": "נהריה, קפלן", "DESCRPTION": "גשר הולכי רגל מעל מסילה וכביש", "TRAINOVER": "לא", "STATUS": "קיימת", "YEARMONTH": "202406", "MAINTENANC": "עיריית נהריה", "TRAFCODE": "9100", "TRAFTYPE": "רשות מקומית" }, "geometry": { "type": "Point", "coordinates": [ 35.09764, 32.99862 ] } },
{ "type": "Feature", "properties": { "OID": "-1", "NUM": "29.550", "RAILNAME": "מסילת העמק", "X": "223084.6568", "Y": "726399.0836", "ROAD": "כביש 65", "HEKTOMETER": "29550.0", "LOCATION": "דרומית למגדל העמק, כיוון מערב לעפולה", "DESCRPTION": "גשר חקלאי מעל מסילה", "TRAINOVER": "לא", "STATUS": "קיימת", "YEARMONTH": "202406", "MAINTENANC": "רכבת ישראל לקונסטרוקציה בל", "TRAFCODE": "10105", "TRAFTYPE": "רכבת ישראל" }, "geometry": { "type": "Point", "coordinates": [ 35.24311, 32.63196 ] } },
{ "type": "Feature", "properties": { "OID": "-1", "NUM": "30.375", "RAILNAME": "מסילת העמק", "X": "223811.9305", "Y": "726006.8252", "ROAD": "כביש 65", "HEKTOMETER": "30375.0", "LOCATION": "מקטע בין כפר ברוך לעפולה, כיוון מערב לעפולה", "DESCRPTION": "גשר מסילה מעל שביל עפר", "TRAINOVER": "כן", "STATUS": "קיימת", "YEARMONTH": "202406", "MAINTENANC": "רכבת ישראל", "TRAFCODE": "10105", "TRAFTYPE": "רכבת ישראל" }, "geometry": { "type": "Point", "coordinates": [ 35.25085, 32.62842 ] } },
{ "type": "Feature", "properties": { "OID": "-1", "NUM": "31.49", "RAILNAME": "מסילת העמק", "X": "224892.218", "Y": "725854.5507", "ROAD": "כביש 65", "HEKTOMETER": "31490.0", "LOCATION": "מזרע, גשר חקלאי מזרע", "DESCRPTION": "גשר חקלאי מעל מסילה", "TRAINOVER": "לא", "STATUS": "קיימת", "YEARMONTH": "202406", "MAINTENANC": "רכבת ישראל לקונסטרוקציה בל", "TRAFCODE": "10105", "TRAFTYPE": "רכבת ישראל" }, "geometry": { "type": "Point", "coordinates": [ 35.26236, 32.62704 ] } },
{ "type": "Feature", "properties": { "OID": "-1", "NUM": "32.430", "RAILNAME": "מסילת החוף", "X": "193356.1467", "Y": "721426.9398", "ROAD": "כביש 7110", "HEKTOMETER": "32430.0", "LOCATION": "זכרון יעקב, דרומית למחלף זכרון יעקב", "DESCRPTION": "גשר כביש מעל מסילה", "TRAINOVER": "לא", "STATUS": "קיימת", "YEARMONTH": "202406", "MAINTENANC": "נתיבי ישראל", "TRAFCODE": "10101", "TRAFTYPE": "נתיבי ישראל" }, "geometry": { "type": "Point", "coordinates": [ 34.92645, 32.58682 ] } },
{ "type": "Feature", "properties": { "OID": "-1", "NUM": "33.485", "RAILNAME": "מסילת העמק", "X": "226920.8499", "Y": "725938.2351", "ROAD": "כביש 65", "HEKTOMETER": "33485.0", "LOCATION": "מקטע בין כפר ברוך לעפולה, בכיוון צפון לעפולה", "DESCRPTION": "גשר מסילה מעל שביל עפר", "TRAINOVER": "כן", "STATUS": "קיימת", "YEARMONTH": "202406", "MAINTENANC": "רכבת ישראל", "TRAFCODE": "10105", "TRAFTYPE": "רכבת ישראל" }, "geometry": { "type": "Point", "coordinates": [ 35.28398, 32.62778 ] } },
{ "type": "Feature", "properties": { "OID": "-1", "NUM": "33.535", "RAILNAME": "מסילת העמק", "X": "226939.5802", "Y": "725938.521", "ROAD": "כביש 65", "HEKTOMETER": "33535.0", "LOCATION": "מקטע בין כפר ברוך לעפולה, בכיוון צפון לעפולה", "DESCRPTION": "גשר מסילה מעל שביל עפר", "TRAINOVER": "כן", "STATUS": "קיימת", "YEARMONTH": "202406", "MAINTENANC": "רכבת ישראל", "TRAFCODE": "10105", "TRAFTYPE": "רכבת ישראל" }, "geometry": { "type": "Point", "coordinates": [ 35.28418, 32.62778 ] } },
{ "type": "Feature", "properties": { "OID": "-1", "NUM": "34.115", "RAILNAME": "מסילת העמק", "X": "227459.5099", "Y": "725695.0676", "ROAD": "כביש 60", "HEKTOMETER": "34115.0", "LOCATION": "עפולה, כביש 60", "DESCRPTION": "גשר מסילה מעל כביש", "TRAINOVER": "כן", "STATUS": "קיימת", "YEARMONTH": "202406", "MAINTENANC": "רכבת ישראל", "TRAFCODE": "10105", "TRAFTYPE": "רכבת ישראל" }, "geometry": { "type": "Point", "coordinates": [ 35.28972, 32.62559 ] } },
{ "type": "Feature", "properties": { "OID": "-1", "NUM": "36.400", "RAILNAME": "מסילת העמק", "X": "228705.4045", "Y": "724003.6305", "ROAD": "כביש 7155", "HEKTOMETER": "36400.0", "LOCATION": "עפולה, אודם", "DESCRPTION": "גשר כביש מעל מסילה", "TRAINOVER": "לא", "STATUS": "קיימת", "YEARMONTH": "202406", "MAINTENANC": "נתיבי ישראל", "TRAFCODE": "10101", "TRAFTYPE": "נתיבי ישראל" }, "geometry": { "type": "Point", "coordinates": [ 35.30298, 32.61032 ] } },
{ "type": "Feature", "properties": { "OID": "-1", "NUM": "38.150", "RAILNAME": "מסילת העמק", "X": "229363.444", "Y": "722542.9689", "ROAD": "כביש 71", "HEKTOMETER": "38150.0", "LOCATION": "מרחביה, מקביל לרחוב כורש", "DESCRPTION": "גשר מסילה מעל שביל עפר", "TRAINOVER": "כן", "STATUS": "קיימת", "YEARMONTH": "202406", "MAINTENANC": "רכבת ישראל", "TRAFCODE": "10105", "TRAFTYPE": "רכבת ישראל" }, "geometry": { "type": "Point", "coordinates": [ 35.30997, 32.59715 ] } },
{ "type": "Feature", "properties": { "OID": "-1", "NUM": "43", "RAILNAME": "נהריה-חיפה", "X": "206079.359", "Y": "747351.4261", "ROAD": "כביש 4", "HEKTOMETER": "7680.0", "LOCATION": "חיפה, שנקר", "DESCRPTION": "גשר כביש מעל מסילה", "TRAINOVER": "לא", "STATUS": "קיימת", "YEARMONTH": "202406", "MAINTENANC": "אין מידע", "TRAFCODE": "0", "TRAFTYPE": "אין מידע" }, "geometry": { "type": "Point", "coordinates": [ 35.06159, 32.82081 ] } },
{ "type": "Feature", "properties": { "OID": "-1", "NUM": "45", "RAILNAME": "נהריה-חיפה", "X": "206962.373", "Y": "748859.1387", "ROAD": "כביש 4", "HEKTOMETER": "9420.0", "LOCATION": "קריית מוצקין, יששכר", "DESCRPTION": "גשר מסילה מעל כביש", "TRAINOVER": "כן", "STATUS": "קיימת", "YEARMONTH": "202406", "MAINTENANC": "רכבת ישראל", "TRAFCODE": "10105", "TRAFTYPE": "רכבת ישראל" }, "geometry": { "type": "Point", "coordinates": [ 35.071, 32.83441 ] } },
{ "type": "Feature", "properties": { "OID": "-1", "NUM": "45.090", "RAILNAME": "מסילת החוף", "X": "195873.0", "Y": "709485.0", "ROAD": "כביש 651", "HEKTOMETER": "45090.0", "LOCATION": "פרדס חנה, הים", "DESCRPTION": "גשר כביש מעל מסילה", "TRAINOVER": "לא", "STATUS": "קיימת", "YEARMONTH": "202406", "MAINTENANC": "נתיבי ישראל", "TRAFCODE": "10101", "TRAFTYPE": "נתיבי ישראל" }, "geometry": { "type": "Point", "coordinates": [ 34.95355, 32.47919 ] } },
{ "type": "Feature", "properties": { "OID": "-1", "NUM": "48", "RAILNAME": "נהריה-חיפה", "X": "209011.5747", "Y": "752253.975", "ROAD": "כביש 4", "HEKTOMETER": "13400.0", "LOCATION": "קריית ים, דרך פנימית מפעל רפאל", "DESCRPTION": "גשר מסילה מעל כביש", "TRAINOVER": "כן", "STATUS": "קיימת", "YEARMONTH": "202406", "MAINTENANC": "רכבת ישראל", "TRAFCODE": "10105", "TRAFTYPE": "רכבת ישראל" }, "geometry": { "type": "Point", "coordinates": [ 35.09285, 32.86505 ] } },
{ "type": "Feature", "properties": { "OID": "-1", "NUM": "51", "RAILNAME": "נהריה-חיפה", "X": "208249.9939", "Y": "756996.6578", "ROAD": "כביש 85", "HEKTOMETER": "875.0", "LOCATION": "עכו, איצטדיון עכו מע\"צ", "DESCRPTION": "גשר מסילה מעל כביש", "TRAINOVER": "כן", "STATUS": "קיימת", "YEARMONTH": "202406", "MAINTENANC": "רכבת ישראל", "TRAFCODE": "10105", "TRAFTYPE": "רכבת ישראל" }, "geometry": { "type": "Point", "coordinates": [ 35.08465, 32.9078 ] } },
{ "type": "Feature", "properties": { "OID": "-1", "NUM": "55", "RAILNAME": "נהריה-חיפה", "X": "208163.7671", "Y": "761700.4639", "ROAD": "כביש 8510", "HEKTOMETER": "23145.0", "LOCATION": "בוסתן הגליל, שדרות האקליפטוסים", "DESCRPTION": "גשר מסילה מעל כביש", "TRAINOVER": "כן", "STATUS": "קיימת", "YEARMONTH": "202406", "MAINTENANC": "רכבת ישראל", "TRAFCODE": "10105", "TRAFTYPE": "רכבת ישראל" }, "geometry": { "type": "Point", "coordinates": [ 35.08367, 32.95022 ] } },
{ "type": "Feature", "properties": { "OID": "-1", "NUM": "56", "RAILNAME": "נהריה-חיפה", "X": "208359.0249", "Y": "764108.2407", "ROAD": "כביש 4", "HEKTOMETER": "25652.0", "LOCATION": "שבי ציון, דרום לשבי ציון", "DESCRPTION": "גשר כביש מעל מסילה", "TRAINOVER": "לא", "STATUS": "קיימת", "YEARMONTH": "202406", "MAINTENANC": "רכבת ישראל", "TRAFCODE": "10105", "TRAFTYPE": "רכבת ישראל" }, "geometry": { "type": "Point", "coordinates": [ 35.08573, 32.97193 ] } },
{ "type": "Feature", "properties": { "OID": "-1", "NUM": "58", "RAILNAME": "נהריה-חיפה", "X": "208510.3495", "Y": "765134.0288", "ROAD": "כביש 98", "HEKTOMETER": "26694.0", "LOCATION": "שבי ציון, מזרח לשבי ציון", "DESCRPTION": "גשר כביש מעל מסילה", "TRAINOVER": "לא", "STATUS": "קיימת", "YEARMONTH": "202406", "MAINTENANC": "רכבת ישראל", "TRAFCODE": "10105", "TRAFTYPE": "רכבת ישראל" }, "geometry": { "type": "Point", "coordinates": [ 35.08734, 32.98118 ] } },
{ "type": "Feature", "properties": { "OID": "-1", "NUM": "0.120", "RAILNAME": "מסילת החוף", "X": "200844.6", "Y": "746269.9", "ROAD": "כביש 22", "HEKTOMETER": "120.0", "LOCATION": "חיפה, כביש 22 חטיבת גולני", "DESCRPTION": "גשר הולכי רגל מעל מסילה", "TRAINOVER": "לא", "STATUS": "קיימת", "YEARMONTH": "202406", "MAINTENANC": "רכבת ישראל", "TRAFCODE": "10105", "TRAFTYPE": "רכבת ישראל" }, "geometry": { "type": "Point", "coordinates": [ 35.00571, 32.81098 ] } },
{ "type": "Feature", "properties": { "OID": "-1", "NUM": "300", "RAILNAME": "עכו-כרמיאל", "X": "226554.6617", "Y": "758616.298", "ROAD": "כביש 784", "HEKTOMETER": "19715.0", "LOCATION": "כרמיאל, צומת כרמיאל מערב", "DESCRPTION": "גשר כביש מעל מסילה", "TRAINOVER": "לא", "STATUS": "בביצוע", "YEARMONTH": "202406", "MAINTENANC": "נתיבי ישראל", "TRAFCODE": "10101", "TRAFTYPE": "נתיבי ישראל" }, "geometry": { "type": "Point", "coordinates": [ 35.28033, 32.92244 ] } },
{ "type": "Feature", "properties": { "OID": "-1", "NUM": "11080", "RAILNAME": "מסילת העמק", "X": "209299.5", "Y": "736342.4", "ROAD": "כביש 6, כביש 7723", "HEKTOMETER": "11080.0", "LOCATION": "קריית טבעון, סמוך לכביש 6", "DESCRPTION": "גשר כביש מעל מסילה", "TRAINOVER": "לא", "STATUS": "קיימת", "YEARMONTH": "202406", "MAINTENANC": "נתיבי ישראל", "TRAFCODE": "10101", "TRAFTYPE": "נתיבי ישראל" }, "geometry": { "type": "Point", "coordinates": [ 35.0961, 32.72158 ] } },
{ "type": "Feature", "properties": { "OID": "-1", "NUM": "35.650", "RAILNAME": "מסילת החוף", "X": "193795.4884", "Y": "718298.6509", "ROAD": "כביש 6537", "HEKTOMETER": "35650.0", "LOCATION": "מעגן מיכאל, מחלף מעגן מיכאל", "DESCRPTION": "גשר כביש מעל מסילה", "TRAINOVER": "לא", "STATUS": "קיימת", "YEARMONTH": "202406", "MAINTENANC": "נתיבי ישראל", "TRAFCODE": "10101", "TRAFTYPE": "נתיבי ישראל" }, "geometry": { "type": "Point", "coordinates": [ 34.93121, 32.55862 ] } },
{ "type": "Feature", "properties": { "OID": "-1", "NUM": "37.600", "RAILNAME": "מסילת החוף", "X": "193787.0", "Y": "716374.0", "ROAD": "כביש 4", "HEKTOMETER": "37600.0", "LOCATION": "בנימינה, כביש חיפה רעננה", "DESCRPTION": "גשר כביש מעל מסילה", "TRAINOVER": "לא", "STATUS": "קיימת", "YEARMONTH": "202406", "MAINTENANC": "נתיבי ישראל", "TRAFCODE": "10101", "TRAFTYPE": "נתיבי ישראל" }, "geometry": { "type": "Point", "coordinates": [ 34.93117, 32.54127 ] } },
{ "type": "Feature", "properties": { "OID": "-1", "NUM": "45.250", "RAILNAME": "מסילת העמק", "X": "234566.4", "Y": "718024.0", "ROAD": "כביש 71", "HEKTOMETER": "45250.0", "LOCATION": "כפר יחזקאל, מחלף גדעונה", "DESCRPTION": "גשר כביש מעל מסילה", "TRAINOVER": "לא", "STATUS": "קיימת", "YEARMONTH": "202406", "MAINTENANC": "אין מידע", "TRAFCODE": "0", "TRAFTYPE": "אין מידע" }, "geometry": { "type": "Point", "coordinates": [ 35.36532, 32.55634 ] } },
{ "type": "Feature", "properties": { "OID": "-1", "NUM": "50.800", "RAILNAME": "מסילת החוף", "X": "191855.2", "Y": "705617.4", "ROAD": "כביש 4", "HEKTOMETER": "50800.0", "LOCATION": "חדרה, כביש חיפה רעננה", "DESCRPTION": "גשר כביש מעל מסילה", "TRAINOVER": "לא", "STATUS": "קיימת", "YEARMONTH": "202406", "MAINTENANC": "נתיבי ישראל", "TRAFCODE": "10101", "TRAFTYPE": "נתיבי ישראל" }, "geometry": { "type": "Point", "coordinates": [ 34.91092, 32.44423 ] } },
{ "type": "Feature", "properties": { "OID": "-1", "NUM": "52.220", "RAILNAME": "מסילת העמק", "X": "241245.7", "Y": "716341.8", "ROAD": "כביש 669", "HEKTOMETER": "52220.0", "LOCATION": "בית השיטה, צומת השיטה", "DESCRPTION": "גשר כביש מעל מסילה", "TRAINOVER": "לא", "STATUS": "קיימת", "YEARMONTH": "202406", "MAINTENANC": "אין מידע", "TRAFCODE": "0", "TRAFTYPE": "אין מידע" }, "geometry": { "type": "Point", "coordinates": [ 35.4364, 32.54106 ] } },
{ "type": "Feature", "properties": { "OID": "-1", "NUM": "2.000A", "RAILNAME": "חיפה", "X": "202121.0693", "Y": "744857.7369", "ROAD": "כביש 4", "HEKTOMETER": "2030.0", "LOCATION": "חיפה, רח' חלץ מחלף גשר פז", "DESCRPTION": "גשר כביש מעל מסילה", "TRAINOVER": "לא", "STATUS": "קיימת", "YEARMONTH": "202406", "MAINTENANC": "אין מידע", "TRAFCODE": "0", "TRAFTYPE": "אין מידע" }, "geometry": { "type": "Point", "coordinates": [ 35.01937, 32.79827 ] } },
{ "type": "Feature", "properties": { "OID": "-1", "NUM": "2.000B", "RAILNAME": "חיפה", "X": "202101.1389", "Y": "744880.7712", "ROAD": "כביש 4", "HEKTOMETER": "2000.0", "LOCATION": "חיפה, רח' חלץ מחלף גשר פז", "DESCRPTION": "גשר כביש מעל מסילה", "TRAINOVER": "לא", "STATUS": "קיימת", "YEARMONTH": "202406", "MAINTENANC": "אין מידע", "TRAFCODE": "0", "TRAFTYPE": "אין מידע" }, "geometry": { "type": "Point", "coordinates": [ 35.01915, 32.79848 ] } },
{ "type": "Feature", "properties": { "OID": "-1", "NUM": "50A", "RAILNAME": "נהריה-חיפה", "X": "208186.2018", "Y": "757535.839", "ROAD": "כביש 8510", "HEKTOMETER": "18900.0", "LOCATION": "עכו, כביש בין צומת עכו דרוםלצומת עין המפרץ", "DESCRPTION": "גשר כביש מעל מסילה", "TRAINOVER": "לא", "STATUS": "קיימת", "YEARMONTH": "202406", "MAINTENANC": "אין מידע", "TRAFCODE": "0", "TRAFTYPE": "אין מידע" }, "geometry": { "type": "Point", "coordinates": [ 35.08396, 32.91266 ] } },
{ "type": "Feature", "properties": { "OID": "-1", "NUM": "50B", "RAILNAME": "נהריה-חיפה", "X": "208189.1815", "Y": "757569.6508", "ROAD": "כביש 8510", "HEKTOMETER": "18930.0", "LOCATION": "עכו, חוף התמרים עכו מע\"צ", "DESCRPTION": "גשר כביש מעל מסילה", "TRAINOVER": "לא", "STATUS": "קיימת", "YEARMONTH": "202406", "MAINTENANC": "נתיבי ישראל", "TRAFCODE": "10101", "TRAFTYPE": "נתיבי ישראל" }, "geometry": { "type": "Point", "coordinates": [ 35.084, 32.91297 ] } },
{ "type": "Feature", "properties": { "OID": "-1", "NUM": "52A", "RAILNAME": "נהריה-חיפה", "X": "208397.7608", "Y": "757212.0054", "ROAD": "כביש 8510", "HEKTOMETER": "1140.0", "LOCATION": "עכו, צומת עכו צפון נתיבי ישראל", "DESCRPTION": "גשר כביש מעל מסילה", "TRAINOVER": "לא", "STATUS": "קיימת", "YEARMONTH": "202406", "MAINTENANC": "נתיבי ישראל", "TRAFCODE": "10101", "TRAFTYPE": "נתיבי ישראל" }, "geometry": { "type": "Point", "coordinates": [ 35.08623, 32.90975 ] } },
{ "type": "Feature", "properties": { "OID": "-1", "NUM": "52B", "RAILNAME": "נהריה-חיפה", "X": "208385.0677", "Y": "757200.1508", "ROAD": "כביש 8510", "HEKTOMETER": "1120.0", "LOCATION": "עכו, צומת עכו צפון נתיבי ישראל", "DESCRPTION": "גשר כביש מעל מסילה", "TRAINOVER": "לא", "STATUS": "קיימת", "YEARMONTH": "202406", "MAINTENANC": "נתיבי ישראל", "TRAFCODE": "10101", "TRAFTYPE": "נתיבי ישראל" }, "geometry": { "type": "Point", "coordinates": [ 35.08609, 32.90964 ] } },
{ "type": "Feature", "properties": { "OID": "-1", "NUM": "29.610", "RAILNAME": "מסילת החוף", "X": "209594.7", "Y": "767839.4", "ROAD": "כביש 4", "HEKTOMETER": "29610.0", "LOCATION": "נהריה, גדור 21", "DESCRPTION": "גשר הולכי רגל מעל מסילה", "TRAINOVER": "לא", "STATUS": "קיימת", "YEARMONTH": "202406", "MAINTENANC": "אין מידע", "TRAFCODE": "0", "TRAFTYPE": "אין מידע" }, "geometry": { "type": "Point", "coordinates": [ 35.09891, 33.00558 ] } },
{ "type": "Feature", "properties": { "OID": "-1", "NUM": "1.560", "RAILNAME": "מסילת החוף", "X": "199936.3157", "Y": "747610.3308", "ROAD": "כביש 4", "HEKTOMETER": "1560.0", "LOCATION": "חיפה, העצמאות", "DESCRPTION": "גשר הולכי רגל מעל מסילה", "TRAINOVER": "לא", "STATUS": "קיימת", "YEARMONTH": "202406", "MAINTENANC": "ממגורות דגון", "TRAFCODE": "0", "TRAFTYPE": "אחר" }, "geometry": { "type": "Point", "coordinates": [ 34.99598, 32.82305 ] } },
{ "type": "Feature", "properties": { "OID": "-1", "NUM": "1.750", "RAILNAME": "מסילת החוף", "X": "199769.9", "Y": "747695.9", "ROAD": "כביש 4", "HEKTOMETER": "1750.0", "LOCATION": "חיפה, העצמאות", "DESCRPTION": "גשר הולכי רגל מעל מסילה", "TRAINOVER": "לא", "STATUS": "קיימת", "YEARMONTH": "202406", "MAINTENANC": "ממגורות דגון", "TRAFCODE": "0", "TRAFTYPE": "אחר" }, "geometry": { "type": "Point", "coordinates": [ 34.99421, 32.82382 ] } },
{ "type": "Feature", "properties": { "OID": "-1", "NUM": "40.580", "RAILNAME": "חיפה - תל אביב", "X": "195408.7", "Y": "713915.7", "ROAD": "כביש 652", "HEKTOMETER": "40580.0", "LOCATION": "אור עקיבה, המסילה", "DESCRPTION": "גשר הולכי רגל מעל מסילה", "TRAINOVER": "לא", "STATUS": "קיימת", "YEARMONTH": "202406", "MAINTENANC": "רכבת ישראל", "TRAFCODE": "10105", "TRAFTYPE": "רכבת ישראל" }, "geometry": { "type": "Point", "coordinates": [ 34.9485, 32.51914 ] } },
{ "type": "Feature", "properties": { "OID": "-1", "NUM": "41.600", "RAILNAME": "חיפה - תל אביב", "X": "195598.2", "Y": "712907.4", "ROAD": "כביש 653", "HEKTOMETER": "41600.0", "LOCATION": "בנימינה", "DESCRPTION": "גשר כביש מעל מסילה", "TRAINOVER": "לא", "STATUS": "קיימת", "YEARMONTH": "202406", "MAINTENANC": "רכבת ישראל", "TRAFCODE": "10105", "TRAFTYPE": "רכבת ישראל" }, "geometry": { "type": "Point", "coordinates": [ 34.95054, 32.51005 ] } },
{ "type": "Feature", "properties": { "OID": "-1", "NUM": "47.700", "RAILNAME": "חיפה - תל אביב", "X": "194386.0", "Y": "707277.0", "ROAD": "כביש 65", "HEKTOMETER": "47700.0", "LOCATION": "פרדס חנה, מימין לצומת נחל חדרה", "DESCRPTION": "גשר כביש מעל מסילה", "TRAINOVER": "לא", "STATUS": "קיימת", "YEARMONTH": "202406", "MAINTENANC": "נתיבי ישראל", "TRAFCODE": "10101", "TRAFTYPE": "נתיבי ישראל" }, "geometry": { "type": "Point", "coordinates": [ 34.93779, 32.45925 ] } },
{ "type": "Feature", "properties": { "OID": "-1", "NUM": "49.580", "RAILNAME": "חיפה - תל אביב", "X": "192986.3", "Y": "706055.1", "ROAD": "בין כביש 4 וכביש 65", "HEKTOMETER": "49580.0", "LOCATION": "חדרה, הרש\"ש", "DESCRPTION": "גשר חקלאי מעל מסילה", "TRAINOVER": "לא", "STATUS": "קיימת", "YEARMONTH": "202406", "MAINTENANC": "רכבת ישראל לקונסטרוקציה בל", "TRAFCODE": "10105", "TRAFTYPE": "רכבת ישראל" }, "geometry": { "type": "Point", "coordinates": [ 34.92294, 32.4482 ] } },
{ "type": "Feature", "properties": { "OID": "-1", "NUM": "51.750", "RAILNAME": "חיפה - תל אביב", "X": "191030.0", "Y": "705172.8", "ROAD": "כביש 4", "HEKTOMETER": "51750.0", "LOCATION": "חדרה, גשר אריאל שרון", "DESCRPTION": "גשר כביש מעל מסילה", "TRAINOVER": "לא", "STATUS": "קיימת", "YEARMONTH": "202406", "MAINTENANC": "אין מידע", "TRAFCODE": "0", "TRAFTYPE": "אין מידע" }, "geometry": { "type": "Point", "coordinates": [ 34.90216, 32.4402 ] } },
{ "type": "Feature", "properties": { "OID": "-1", "NUM": "44.000", "RAILNAME": "מסילת עמק", "X": "233324.0", "Y": "718451.0", "ROAD": "כביש 675", "HEKTOMETER": "44000.0", "LOCATION": "כפר יחזקאל, כביש 675", "DESCRPTION": "גשר כביש מעל מסילה", "TRAINOVER": "לא", "STATUS": "קיימת", "YEARMONTH": "202406", "MAINTENANC": "אין מידע", "TRAFCODE": "0", "TRAFTYPE": "אין מידע" }, "geometry": { "type": "Point", "coordinates": [ 35.3521, 32.56021 ] } },
{ "type": "Feature", "properties": { "OID": "-1", "NUM": "48.100", "RAILNAME": "מסילת עמק", "X": "237281.0", "Y": "717135.0", "ROAD": "כביש 71", "HEKTOMETER": "48100.0", "LOCATION": "עין חרוד, כביש 71", "DESCRPTION": "גשר כביש מעל מסילה", "TRAINOVER": "לא", "STATUS": "קיימת", "YEARMONTH": "202406", "MAINTENANC": "רכבת ישראל", "TRAFCODE": "10105", "TRAFTYPE": "רכבת ישראל" }, "geometry": { "type": "Point", "coordinates": [ 35.39421, 32.54828 ] } },
{ "type": "Feature", "properties": { "OID": "-1", "NUM": "50.050", "RAILNAME": "מסילת עמק", "X": "239129.0", "Y": "716954.0", "ROAD": "כביש 71", "HEKTOMETER": "50050.0", "LOCATION": "עין חרוד, כביש 71", "DESCRPTION": "גשר כביש מעל מסילה", "TRAINOVER": "לא", "STATUS": "קיימת", "YEARMONTH": "202406", "MAINTENANC": "רכבת ישראל", "TRAFCODE": "10105", "TRAFTYPE": "רכבת ישראל" }, "geometry": { "type": "Point", "coordinates": [ 35.41388, 32.54662 ] } },
{ "type": "Feature", "properties": { "OID": "-1", "NUM": "54.650", "RAILNAME": "מסילת עמק", "X": "243311.5", "Y": "715073.4", "ROAD": "כביש 71", "HEKTOMETER": "54650.0", "LOCATION": "בית שאן, כביש 71", "DESCRPTION": "גשר כביש מעל מסילה", "TRAINOVER": "לא", "STATUS": "קיימת", "YEARMONTH": "202406", "MAINTENANC": "רכבת ישראל", "TRAFCODE": "10105", "TRAFTYPE": "רכבת ישראל" }, "geometry": { "type": "Point", "coordinates": [ 35.45836, 32.52958 ] } },
{ "type": "Feature", "properties": { "OID": "-1", "NUM": "49.150", "RAILNAME": "מסילה מזרחית צומת רמז חדרה מזרח", "X": "195509.7953", "Y": "705830.4993", "ROAD": "כביש65", "HEKTOMETER": "49150.0", "LOCATION": "גן שמואל, בין צומת גרנות לצומת  חדרה מזרח", "DESCRPTION": "גשר כביש מעל מסילה", "TRAINOVER": "לא", "STATUS": "קיימת", "YEARMONTH": "202406", "MAINTENANC": "נתיבי ישראל", "TRAFCODE": "10101", "TRAFTYPE": "נתיבי ישראל" }, "geometry": { "type": "Point", "coordinates": [ 34.94978, 32.44623 ] } },
{ "type": "Feature", "properties": { "OID": "-1", "NUM": "40.010", "RAILNAME": "מסילת החוף", "X": "195040.4937", "Y": "714347.0919", "ROAD": "כביש 652", "HEKTOMETER": "40010.0", "LOCATION": "בנימינה-גבעת עדה, דרך ניל\"י", "DESCRPTION": "גשר מסילה מעל כביש", "TRAINOVER": "כן", "STATUS": "קיימת", "YEARMONTH": "202406", "MAINTENANC": "רכבת ישראל", "TRAFCODE": "10105", "TRAFTYPE": "רכבת ישראל" }, "geometry": { "type": "Point", "coordinates": [ 34.94457, 32.52302 ] } },
{ "type": "Feature", "properties": { "OID": "-1", "NUM": "49.040", "RAILNAME": "צ.רמז - יד מרדכי", "X": "195463.7603", "Y": "705951.8928", "ROAD": "כביש 65", "HEKTOMETER": "49040.0", "LOCATION": "גן שמואל, צומת חדרה מזרח", "DESCRPTION": "גשר מסילה מעל שביל עפר", "TRAINOVER": "כן", "STATUS": "קיימת", "YEARMONTH": "202406", "MAINTENANC": "רכבת ישראל", "TRAFCODE": "10105", "TRAFTYPE": "רכבת ישראל" }, "geometry": { "type": "Point", "coordinates": [ 34.94929, 32.44733 ] } },
{ "type": "Feature", "properties": { "OID": "-1", "NUM": "32.2", "RAILNAME": "חיפה-תא", "X": "193297.636", "Y": "721639.35", "ROAD": "כביש 2", "HEKTOMETER": "32200.0", "LOCATION": "זכרון יעקב, מחלף זכרון יעקב", "DESCRPTION": "גשר מסילה מעל שביל עפר", "TRAINOVER": "כן", "STATUS": "קיימת", "YEARMONTH": "202406", "MAINTENANC": "רכבת ישראל", "TRAFCODE": "10105", "TRAFTYPE": "רכבת ישראל" }, "geometry": { "type": "Point", "coordinates": [ 34.92582, 32.58873 ] } },
{ "type": "Feature", "properties": { "OID": "-1", "NUM": "22.99", "RAILNAME": "חיפה-תא", "X": "194268.7017", "Y": "730761.9508", "ROAD": "כביש 2", "HEKTOMETER": "22990.0", "LOCATION": "עתלית, שמורת טבע עתלית", "DESCRPTION": "גשר מסילה מעל שביל עפר", "TRAINOVER": "כן", "STATUS": "קיימת", "YEARMONTH": "202406", "MAINTENANC": "רכבת ישראל", "TRAFCODE": "10105", "TRAFTYPE": "רכבת ישראל" }, "geometry": { "type": "Point", "coordinates": [ 34.93592, 32.67102 ] } },
{ "type": "Feature", "properties": { "OID": "-1", "NUM": "18.6", "RAILNAME": "חיפה-תא", "X": "195063.9216", "Y": "735085.9589", "ROAD": "כביש 7110", "HEKTOMETER": "18600.0", "LOCATION": "עתלית, מחלף עתלית", "DESCRPTION": "גשר מסילה מעל שביל עפר", "TRAINOVER": "כן", "STATUS": "קיימת", "YEARMONTH": "202406", "MAINTENANC": "רכבת ישראל", "TRAFCODE": "10105", "TRAFTYPE": "רכבת ישראל" }, "geometry": { "type": "Point", "coordinates": [ 34.94428, 32.71002 ] } },
{ "type": "Feature", "properties": { "OID": "-1", "NUM": "2.465", "RAILNAME": "חיפה-תא", "X": "199119.1418", "Y": "748152.0368", "ROAD": "כביש 4", "HEKTOMETER": "2465.0", "LOCATION": "יפו, א.ל זיסו", "DESCRPTION": "גשר מסילה מעל כביש", "TRAINOVER": "כן", "STATUS": "קיימת", "YEARMONTH": "202406", "MAINTENANC": "רכבת ישראל", "TRAFCODE": "10105", "TRAFTYPE": "רכבת ישראל" }, "geometry": { "type": "Point", "coordinates": [ 34.98725, 32.82792 ] } },
{ "type": "Feature", "properties": { "OID": "-1", "NUM": "1.2", "RAILNAME": "מסילת העמק", "X": "203544.3354", "Y": "744129.4678", "ROAD": "כביש 4", "HEKTOMETER": "1200.0", "LOCATION": "חיפה, שדרות ההסתדרות", "DESCRPTION": "גשר מסילה מעל כביש", "TRAINOVER": "כן", "STATUS": "קיימת", "YEARMONTH": "202406", "MAINTENANC": "רכבת ישראל", "TRAFCODE": "10105", "TRAFTYPE": "רכבת ישראל" }, "geometry": { "type": "Point", "coordinates": [ 35.03457, 32.79172 ] } },
{ "type": "Feature", "properties": { "OID": "-1", "NUM": "1.30", "RAILNAME": "מסילת העמק", "X": "203558.5994", "Y": "744123.673", "ROAD": "כביש 4", "HEKTOMETER": "1300.0", "LOCATION": "חיפה, שדרות ההסתדרות", "DESCRPTION": "גשר מסילה מעל כביש", "TRAINOVER": "כן", "STATUS": "קיימת", "YEARMONTH": "202406", "MAINTENANC": "רכבת ישראל", "TRAFCODE": "10105", "TRAFTYPE": "רכבת ישראל" }, "geometry": { "type": "Point", "coordinates": [ 35.03473, 32.79167 ] } },
{ "type": "Feature", "properties": { "OID": "-1", "NUM": "3.087", "RAILNAME": "עכו-כרמיאל", "X": "210217.4516", "Y": "757834.5298", "ROAD": "כביש 85", "HEKTOMETER": "3087.0", "LOCATION": "עכו, דרום מזרחית לצומת עכו", "DESCRPTION": "גשר מסילה מעל שביל עפר", "TRAINOVER": "כן", "STATUS": "קיימת", "YEARMONTH": "202406", "MAINTENANC": "רכבת ישראל", "TRAFCODE": "10105", "TRAFTYPE": "רכבת ישראל" }, "geometry": { "type": "Point", "coordinates": [ 35.10568, 32.91538 ] } },
{ "type": "Feature", "properties": { "OID": "-1", "NUM": "20.430", "RAILNAME": "מסילת העמק", "X": "214646.8798", "Y": "729518.6397", "ROAD": " ", "HEKTOMETER": "20430.0", "LOCATION": "כפר יהושע, דרומית לבסיס חיל האוויר רמת דוד", "DESCRPTION": "גשר מסילה מעל שביל עפר", "TRAINOVER": "כן", "STATUS": "קיימת", "YEARMONTH": "202406", "MAINTENANC": "רכבת ישראל", "TRAFCODE": "10105", "TRAFTYPE": "רכבת ישראל" }, "geometry": { "type": "Point", "coordinates": [ 35.15317, 32.66008 ] } },
{ "type": "Feature", "properties": { "OID": "-1", "NUM": "26.76", "RAILNAME": "מסילת העמק", "X": "220597.2107", "Y": "727721.3714", "ROAD": "מדרום לכביש 7255", "HEKTOMETER": "26760.0", "LOCATION": "מגדל העמק, צפונית למאגר כפר ברוך", "DESCRPTION": "גשר מסילה מעל שביל עפר", "TRAINOVER": "כן", "STATUS": "קיימת", "YEARMONTH": "202406", "MAINTENANC": "רכבת ישראל", "TRAFCODE": "10105", "TRAFTYPE": "רכבת ישראל" }, "geometry": { "type": "Point", "coordinates": [ 35.2166, 32.64389 ] } },
{ "type": "Feature", "properties": { "OID": "-1", "NUM": "40.60", "RAILNAME": "מסילת העמק", "X": "230775.0445", "Y": "720463.207", "ROAD": "כביש 71", "HEKTOMETER": "40600.0", "LOCATION": "מועצה אזורית גלבוע, צפונית לצומת יזרעאל", "DESCRPTION": "גשר מסילה מעל שביל עפר", "TRAINOVER": "כן", "STATUS": "קיימת", "YEARMONTH": "202406", "MAINTENANC": "רכבת ישראל", "TRAFCODE": "10105", "TRAFTYPE": "רכבת ישראל" }, "geometry": { "type": "Point", "coordinates": [ 35.32499, 32.57838 ] } },
{ "type": "Feature", "properties": { "OID": "-1", "NUM": "46.27", "RAILNAME": "מסילת העמק", "X": "235496.4397", "Y": "717758.1667", "ROAD": "כביש 7101", "HEKTOMETER": "46270.0", "LOCATION": "גבע, בין מחלף גדעונה לצומת יששכר", "DESCRPTION": "גשר מסילה מעל שביל עפר", "TRAINOVER": "כן", "STATUS": "קיימת", "YEARMONTH": "202406", "MAINTENANC": "רכבת ישראל", "TRAFCODE": "10105", "TRAFTYPE": "רכבת ישראל" }, "geometry": { "type": "Point", "coordinates": [ 35.37522, 32.55393 ] } },
{ "type": "Feature", "properties": { "OID": "-1", "NUM": "52.22", "RAILNAME": "חיפה-תא", "X": "190640.3967", "Y": "704878.3534", "ROAD": "בין כביש 2 וכביש 4", "HEKTOMETER": "52220.0", "LOCATION": "חדרה, תחנת חדרה מערב", "DESCRPTION": "גשר הולכי רגל מעל מסילה", "TRAINOVER": "לא", "STATUS": "קיימת", "YEARMONTH": "202406", "MAINTENANC": "רכבת ישראל", "TRAFCODE": "10105", "TRAFTYPE": "רכבת ישראל" }, "geometry": { "type": "Point", "coordinates": [ 34.89803, 32.43753 ] } },
{ "type": "Feature", "properties": { "OID": "-1", "NUM": "41.228", "RAILNAME": "חיפה-תא", "X": "195517.6726", "Y": "713312.4377", "ROAD": "כביש 652", "HEKTOMETER": "41228.0", "LOCATION": "בנימינה, עובר מעל תחנת רכבת בנימינה", "DESCRPTION": "גשר הולכי רגל מעל מסילה", "TRAINOVER": "לא", "STATUS": "קיימת", "YEARMONTH": "202406", "MAINTENANC": "רכבת ישראל", "TRAFCODE": "10105", "TRAFTYPE": "רכבת ישראל" }, "geometry": { "type": "Point", "coordinates": [ 34.94968, 32.5137 ] } },
{ "type": "Feature", "properties": { "OID": "-1", "NUM": "20.577", "RAILNAME": "חיפה-תא", "X": "194668.2255", "Y": "733114.621", "ROAD": "ממערב לכביש 7110", "HEKTOMETER": "20577.0", "LOCATION": "עתלית, תחנת רכבת עתלית", "DESCRPTION": "גשר הולכי רגל מעל מסילה", "TRAINOVER": "לא", "STATUS": "קיימת", "YEARMONTH": "202406", "MAINTENANC": "רכבת ישראל", "TRAFCODE": "10105", "TRAFTYPE": "רכבת ישראל" }, "geometry": { "type": "Point", "coordinates": [ 34.94011, 32.69224 ] } },
{ "type": "Feature", "properties": { "OID": "-1", "NUM": "0.9", "RAILNAME": "מסילת העמק", "X": "203336.0084", "Y": "744304.0744", "ROAD": "כביש 23", "HEKTOMETER": "900.0", "LOCATION": "חיפה לב המפרץ, תחנת רכבת לב המפרץ", "DESCRPTION": "גשר הולכי רגל מעל מסילה", "TRAINOVER": "לא", "STATUS": "קיימת", "YEARMONTH": "202406", "MAINTENANC": "רכבת ישראל", "TRAFCODE": "10105", "TRAFTYPE": "רכבת ישראל" }, "geometry": { "type": "Point", "coordinates": [ 35.03235, 32.7933 ] } },
{ "type": "Feature", "properties": { "OID": "-1", "NUM": "3.8", "RAILNAME": "חיפה-בצת", "X": "203777.8417", "Y": "744356.108", "ROAD": "כביש 75", "HEKTOMETER": "3800.0", "LOCATION": "חיפה, תחנת רכבת לב המרפץ", "DESCRPTION": "גשר הולכי רגל מעל מסילה", "TRAINOVER": "לא", "STATUS": "קיימת", "YEARMONTH": "202406", "MAINTENANC": "רכבת ישראל", "TRAFCODE": "10105", "TRAFTYPE": "רכבת ישראל" }, "geometry": { "type": "Point", "coordinates": [ 35.03706, 32.79377 ] } },
{ "type": "Feature", "properties": { "OID": "-1", "NUM": "20.54", "RAILNAME": "חיפה-בצת", "X": "208149.2739", "Y": "759090.4936", "ROAD": "כביש 8510", "HEKTOMETER": "20540.0", "LOCATION": "עכו, עכו", "DESCRPTION": "גשר הולכי רגל מעל מסילה", "TRAINOVER": "לא", "STATUS": "קיימת", "YEARMONTH": "202406", "MAINTENANC": "רכבת ישראל", "TRAFCODE": "10105", "TRAFTYPE": "רכבת ישראל" }, "geometry": { "type": "Point", "coordinates": [ 35.08355, 32.92668 ] } },
{ "type": "Feature", "properties": { "OID": "-1", "NUM": "3.57", "RAILNAME": "חיפה-בצת", "X": "203614.9769", "Y": "744337.191", "ROAD": "כביש 75", "HEKTOMETER": "3570.0", "LOCATION": "חיפה, חיפה סמוך לתחנת רכבת חיפה מרכזית המפרץ", "DESCRPTION": "גשר הולכי רגל מעל מסילה", "TRAINOVER": "לא", "STATUS": "קיימת", "YEARMONTH": "202406", "MAINTENANC": "יפה נוף/עיריית חיפה", "TRAFCODE": "4000", "TRAFTYPE": "רשות מקומית" }, "geometry": { "type": "Point", "coordinates": [ 35.03533, 32.7936 ] } },
{ "type": "Feature", "properties": { "OID": "-1", "NUM": "1.03", "RAILNAME": "חיפה-בצת", "X": "201416.8287", "Y": "745590.8565", "ROAD": "כביש 4", "HEKTOMETER": "1030.0", "LOCATION": "חיפה, חיפה- מאחורי מוסך קורונות חיפה", "DESCRPTION": "גשר הולכי רגל מעל מסילה", "TRAINOVER": "לא", "STATUS": "קיימת", "YEARMONTH": "202406", "MAINTENANC": "רכבת ישראל", "TRAFCODE": "10105", "TRAFTYPE": "רכבת ישראל" }, "geometry": { "type": "Point", "coordinates": [ 35.01183, 32.80487 ] } },
{ "type": "Feature", "properties": { "OID": "-1", "NUM": "15.875", "RAILNAME": "מסילת העמק", "X": "211119.8699", "Y": "732242.9896", "ROAD": "כביש 77", "HEKTOMETER": "15875.0", "LOCATION": "קרית טבעון, כביש 77", "DESCRPTION": "גשר כביש מעל מסילה", "TRAINOVER": "לא", "STATUS": "קיימת", "YEARMONTH": "202406", "MAINTENANC": "חוצה צפון", "TRAFCODE": "70103", "TRAFTYPE": "חוצה צפון" }, "geometry": { "type": "Point", "coordinates": [ 35.11555, 32.68463 ] } },
{ "type": "Feature", "properties": { "OID": "-1", "NUM": "20.460", "RAILNAME": "מסילת העמק", "X": "214657.6444", "Y": "729511.7669", "ROAD": " ", "HEKTOMETER": "20460.0", "LOCATION": "כפר יהושע, דרומית לבסיס חיל האוויר רמת דוד", "DESCRPTION": "גשר מסילה מעל כביש", "TRAINOVER": "כן", "STATUS": "קיימת", "YEARMONTH": "202406", "MAINTENANC": "רכבת ישראל", "TRAFCODE": "10105", "TRAFTYPE": "רכבת ישראל" }, "geometry": { "type": "Point", "coordinates": [ 35.15329, 32.66002 ] } },
{ "type": "Feature", "properties": { "OID": "-1", "NUM": "10.910", "RAILNAME": "עכו-כרמיאל", "X": "217980.9465", "Y": "757540.0664", "ROAD": "כביש 85", "HEKTOMETER": "10910.0", "LOCATION": "אחיהוד", "DESCRPTION": "גשר מסילה מעל שביל עפר", "TRAINOVER": "כן", "STATUS": "קיימת", "YEARMONTH": "202406", "MAINTENANC": "רכבת ישראל", "TRAFCODE": "10105", "TRAFTYPE": "רכבת ישראל" }, "geometry": { "type": "Point", "coordinates": [ 35.18867, 32.91276 ] } },
{ "type": "Feature", "properties": { "OID": "-1", "NUM": "19.35", "RAILNAME": "מסילת העמק", "X": "213927.9492", "Y": "730347.038", "ROAD": "כביש 7224", "HEKTOMETER": "19350.0", "LOCATION": "כפר יהושע", "DESCRPTION": "גשר מסילה מעל שביל עפר", "TRAINOVER": "כן", "STATUS": "קיימת", "YEARMONTH": "202406", "MAINTENANC": "רכבת ישראל", "TRAFCODE": "10105", "TRAFTYPE": "רכבת ישראל" }, "geometry": { "type": "Point", "coordinates": [ 35.14551, 32.66755 ] } },
{ "type": "Feature", "properties": { "OID": "-1", "NUM": "52.150", "RAILNAME": "מסילת החוף", "X": "190849.4635", "Y": "705036.9359", "ROAD": "כביש 4", "HEKTOMETER": "52150.0", "LOCATION": "חדרה, דרומית לגשר אריאל שרון", "DESCRPTION": "גשר הולכי רגל מעל מסילה", "TRAINOVER": "לא", "STATUS": "קיימת", "YEARMONTH": "202406", "MAINTENANC": "רכבת ישראל", "TRAFCODE": "10105", "TRAFTYPE": "רכבת ישראל" }, "geometry": { "type": "Point", "coordinates": [ 34.90025, 32.43897 ] } },
{ "type": "Feature", "properties": { "OID": "-1", "NUM": "0.700", "RAILNAME": "מסילת ירקון אוניברסיטה-ראש העין", "X": "182305.0015", "Y": "668886.0939", "ROAD": "כביש 20", "HEKTOMETER": "700.0", "LOCATION": "תל אביב, כביש 20 איילון צפון", "DESCRPTION": "גשר כביש מעל מסילה", "TRAINOVER": "לא", "STATUS": "קיימת", "YEARMONTH": "202406", "MAINTENANC": "רכבת ישראל", "TRAFCODE": "10105", "TRAFTYPE": "רכבת ישראל" }, "geometry": { "type": "Point", "coordinates": [ 34.8108, 32.11272 ] } },
{ "type": "Feature", "properties": { "OID": "-1", "NUM": "0.8", "RAILNAME": "מסילת ירקון אוניברסיטה-ראש העין", "X": "184565.2337", "Y": "677866.2638", "ROAD": "כביש 531", "HEKTOMETER": "800.0", "LOCATION": "בין רשפון לרעננה, דרום ממחלף קסם", "DESCRPTION": "גשר מסילה מעל כביש", "TRAINOVER": "כן", "STATUS": "קיימת", "YEARMONTH": "202406", "MAINTENANC": "רכבת ישראל", "TRAFCODE": "10105", "TRAFTYPE": "רכבת ישראל" }, "geometry": { "type": "Point", "coordinates": [ 34.83442, 32.19378 ] } },
{ "type": "Feature", "properties": { "OID": "-1", "NUM": "1.000", "RAILNAME": "נתבג-ירושלים", "X": "194638.1976", "Y": "645057.2316", "ROAD": "כביש 431", "HEKTOMETER": "1000.0", "LOCATION": "כפר שמואל, מחלף ענבה", "DESCRPTION": "גשר מסילה מעל כביש", "TRAINOVER": "כן", "STATUS": "קיימת", "YEARMONTH": "202406", "MAINTENANC": "רכבת ישראל", "TRAFCODE": "10105", "TRAFTYPE": "רכבת ישראל" }, "geometry": { "type": "Point", "coordinates": [ 34.94209, 31.89817 ] } },
{ "type": "Feature", "properties": { "OID": "-1", "NUM": "1.2", "RAILNAME": "מסילת ירקון אוניברסיטה-ראש העין", "X": "184367.0", "Y": "678247.0", "ROAD": "כביש 531", "HEKTOMETER": "1200.0", "LOCATION": "מזרחית לרשפון, צפונה ממחלף שמריהו מזרח", "DESCRPTION": "גשר חקלאי מעל מסילה", "TRAINOVER": "לא", "STATUS": "קיימת", "YEARMONTH": "202406", "MAINTENANC": "רכבת ישראל לקונסטרוקציה בל", "TRAFCODE": "10105", "TRAFTYPE": "רכבת ישראל" }, "geometry": { "type": "Point", "coordinates": [ 34.83231, 32.1972 ] } },
{ "type": "Feature", "properties": { "OID": "-1", "NUM": "1.300", "RAILNAME": "נמל אשדוד", "X": "172656.7902", "Y": "638829.0405", "ROAD": "כביש 4", "HEKTOMETER": "1300.0", "LOCATION": "אשדוד, שמורת שיטה מלבינה", "DESCRPTION": "גשר כביש מעל מסילה", "TRAINOVER": "לא", "STATUS": "קיימת", "YEARMONTH": "202406", "MAINTENANC": "נתיבי ישראל", "TRAFCODE": "10101", "TRAFTYPE": "נתיבי ישראל" }, "geometry": { "type": "Point", "coordinates": [ 34.71003, 31.84132 ] } },
{ "type": "Feature", "properties": { "OID": "-1", "NUM": "1.35", "RAILNAME": "מסילת ירקון אוניברסיטה-ראש העין", "X": "184352.5", "Y": "678378.5", "ROAD": "כביש 20", "HEKTOMETER": "1350.0", "LOCATION": "מזרחית לרשפון, צפון ממחלף שמריהו מזרח", "DESCRPTION": "גשר כביש מעל מסילה", "TRAINOVER": "לא", "STATUS": "קיימת", "YEARMONTH": "202406", "MAINTENANC": "נתיבי איילון", "TRAFCODE": "10103", "TRAFTYPE": "נתיבי איילון" }, "geometry": { "type": "Point", "coordinates": [ 34.83215, 32.19839 ] } },
{ "type": "Feature", "properties": { "OID": "-1", "NUM": "1.43", "RAILNAME": "מסילת ירקון אוניברסיטה-ראש העין", "X": "182594.5232", "Y": "668221.6985", "ROAD": "כביש 20", "HEKTOMETER": "1430.0", "LOCATION": "תל אביב, שד' רוקח", "DESCRPTION": "גשר מסילה מעל כביש", "TRAINOVER": "כן", "STATUS": "קיימת", "YEARMONTH": "202406", "MAINTENANC": "רכבת ישראל", "TRAFCODE": "10105", "TRAFTYPE": "רכבת ישראל" }, "geometry": { "type": "Point", "coordinates": [ 34.81389, 32.10674 ] } },
{ "type": "Feature", "properties": { "OID": "-1", "NUM": "1.500", "RAILNAME": "נתבג-ירושלים", "X": "195001.0", "Y": "644821.5", "ROAD": "כביש 431", "HEKTOMETER": "1500.0", "LOCATION": "כפר שמואל, בין מחלף ענבה לתחת רכבת פאתי מודיעין", "DESCRPTION": "גשר מסילה מעל שביל עפר", "TRAINOVER": "כן", "STATUS": "קיימת", "YEARMONTH": "202406", "MAINTENANC": "רכבת ישראל", "TRAFCODE": "10105", "TRAFTYPE": "רכבת ישראל" }, "geometry": { "type": "Point", "coordinates": [ 34.94593, 31.89606 ] } },
{ "type": "Feature", "properties": { "OID": "-1", "NUM": "2.125", "RAILNAME": "מסילת ירקון אוניברסיטה-ראש העין", "X": "183198.1869", "Y": "667900.1935", "ROAD": "כביש 482", "HEKTOMETER": "2125.0", "LOCATION": "תל אביב, צפונה מאצטדיון רמת גן", "DESCRPTION": "גשר מסילה מעל כביש", "TRAINOVER": "כן", "STATUS": "קיימת", "YEARMONTH": "202406", "MAINTENANC": "רכבת ישראל", "TRAFCODE": "10105", "TRAFTYPE": "רכבת ישראל" }, "geometry": { "type": "Point", "coordinates": [ 34.8203, 32.10386 ] } },
{ "type": "Feature", "properties": { "OID": "-1", "NUM": "2.180", "RAILNAME": "נתבג-ירושלים", "X": "185230.0", "Y": "657298.5", "ROAD": "כביש 412", "HEKTOMETER": "2180.0", "LOCATION": "חמד, מזרחית למחלף שפירים", "DESCRPTION": "גשר חקלאי מעל מסילה", "TRAINOVER": "לא", "STATUS": "קיימת", "YEARMONTH": "202406", "MAINTENANC": "רכבת ישראל לקונסטרוקציה בל", "TRAFCODE": "10105", "TRAFTYPE": "רכבת ישראל" }, "geometry": { "type": "Point", "coordinates": [ 34.8422, 32.00832 ] } },
{ "type": "Feature", "properties": { "OID": "-1", "NUM": "2.350", "RAILNAME": "מסילת ירקון אוניברסיטה-ראש העין", "X": "183414.0743", "Y": "667867.5935", "ROAD": "כביש 482", "HEKTOMETER": "2350.0", "LOCATION": "תל אביב, דרום מאצטדיון הדר יוסף", "DESCRPTION": "גשר מסילה מעל כביש", "TRAINOVER": "כן", "STATUS": "קיימת", "YEARMONTH": "202406", "MAINTENANC": "רכבת ישראל", "TRAFCODE": "10105", "TRAFTYPE": "רכבת ישראל" }, "geometry": { "type": "Point", "coordinates": [ 34.82259, 32.10358 ] } },
{ "type": "Feature", "properties": { "OID": "-1", "NUM": "2.450", "RAILNAME": "מסילת מודיעין", "X": "195912.3467", "Y": "644583.9673", "ROAD": "כביש 431", "HEKTOMETER": "2450.0", "LOCATION": "מודיעין, תחנת רכבת פאתי מודיעין", "DESCRPTION": "גשר מסילה מעל כביש", "TRAINOVER": "כן", "STATUS": "קיימת", "YEARMONTH": "202406", "MAINTENANC": "רכבת ישראל", "TRAFCODE": "10105", "TRAFTYPE": "רכבת ישראל" }, "geometry": { "type": "Point", "coordinates": [ 34.95557, 31.89393 ] } },
{ "type": "Feature", "properties": { "OID": "-1", "NUM": "2.575", "RAILNAME": "נתבג-ירושלים", "X": "185626.8821", "Y": "657350.6662", "ROAD": "כביש 4404", "HEKTOMETER": "2575.0", "LOCATION": "צפונית לצפרייה, מקטע בין מחלף שפיריםלקריית התעופה", "DESCRPTION": "גשר חקלאי מעל מסילה", "TRAINOVER": "לא", "STATUS": "קיימת", "YEARMONTH": "202406", "MAINTENANC": "רכבת ישראל לקונסטרוקציה בל", "TRAFCODE": "10105", "TRAFTYPE": "רכבת ישראל" }, "geometry": { "type": "Point", "coordinates": [ 34.8464, 32.0088 ] } },
{ "type": "Feature", "properties": { "OID": "-1", "NUM": "3.26", "RAILNAME": "נתבג-ירושלים", "X": "186298.9745", "Y": "657471.1474", "ROAD": "כביש 4404", "HEKTOMETER": "3260.0", "LOCATION": "צפונית לצפרייה, קריית התעופה", "DESCRPTION": "גשר כביש מעל מסילה", "TRAINOVER": "לא", "STATUS": "קיימת", "YEARMONTH": "202406", "MAINTENANC": "נתיבי ישראל", "TRAFCODE": "10101", "TRAFTYPE": "נתיבי ישראל" }, "geometry": { "type": "Point", "coordinates": [ 34.85351, 32.00991 ] } },
{ "type": "Feature", "properties": { "OID": "-1", "NUM": "3.3", "RAILNAME": "לוד-קריית גת", "X": "186603.3746", "Y": "639063.9514", "ROAD": "כביש 6", "HEKTOMETER": "3300.0", "LOCATION": "מזכרת בתיה, תחנת רכבת מזכרת בתיה", "DESCRPTION": "גשר מסילה מעל שביל עפר", "TRAINOVER": "כן", "STATUS": "קיימת", "YEARMONTH": "202406", "MAINTENANC": "רכבת ישראל", "TRAFCODE": "10105", "TRAFTYPE": "רכבת ישראל" }, "geometry": { "type": "Point", "coordinates": [ 34.85736, 31.84392 ] } },
{ "type": "Feature", "properties": { "OID": "-1", "NUM": "3.68", "RAILNAME": "מסילת ירקון אוניברסיטה-ראש העין", "X": "191897.0", "Y": "675049.0", "ROAD": "כביש 531", "HEKTOMETER": "3680.0", "LOCATION": "רעננה, מחלף מגדיאל", "DESCRPTION": "גשר כביש מעל מסילה", "TRAINOVER": "לא", "STATUS": "קיימת", "YEARMONTH": "202406", "MAINTENANC": "נתיבי ישראל", "TRAFCODE": "10101", "TRAFTYPE": "נתיבי ישראל" }, "geometry": { "type": "Point", "coordinates": [ 34.91225, 32.16857 ] } },
{ "type": "Feature", "properties": { "OID": "-1", "NUM": "4.030", "RAILNAME": "מסילת ירקון אוניברסיטה-ראש העין", "X": "191539.0", "Y": "675091.0", "ROAD": "כביש 531", "HEKTOMETER": "4030.0", "LOCATION": "רעננה, אסירי ציון", "DESCRPTION": "גשר כביש מעל מסילה", "TRAINOVER": "לא", "STATUS": "קיימת", "YEARMONTH": "202406", "MAINTENANC": "אין מידע", "TRAFCODE": "0", "TRAFTYPE": "אין מידע" }, "geometry": { "type": "Point", "coordinates": [ 34.90846, 32.16894 ] } },
{ "type": "Feature", "properties": { "OID": "-1", "NUM": "4.000", "RAILNAME": "נתבג-ירושלים", "X": "186987.0", "Y": "657345.0", "ROAD": "כביש 4404", "HEKTOMETER": "4000.0", "LOCATION": "קריית התעופה, קצה מערבי קרייתהתעופה", "DESCRPTION": "גשר מסילה מעל שביל עפר", "TRAINOVER": "כן", "STATUS": "קיימת", "YEARMONTH": "202406", "MAINTENANC": "רכבת ישראל", "TRAFCODE": "10105", "TRAFTYPE": "רכבת ישראל" }, "geometry": { "type": "Point", "coordinates": [ 34.8608, 32.00879 ] } },
{ "type": "Feature", "properties": { "OID": "-1", "NUM": "4.490", "RAILNAME": "נתבג-ירושלים", "X": "187291.0823", "Y": "656936.1526", "ROAD": "כביש 4404", "HEKTOMETER": "4490.0", "LOCATION": "קריית התעופה, בין צפרייה לקריית התעופה", "DESCRPTION": "גשר כביש מעל מסילה", "TRAINOVER": "לא", "STATUS": "קיימת", "YEARMONTH": "202406", "MAINTENANC": "רכבת ישראל", "TRAFCODE": "10105", "TRAFTYPE": "רכבת ישראל" }, "geometry": { "type": "Point", "coordinates": [ 34.86403, 32.00511 ] } },
{ "type": "Feature", "properties": { "OID": "-1", "NUM": "4.740", "RAILNAME": "נתבג-ירושלים", "X": "187432.705", "Y": "656734.4527", "ROAD": "כביש 4404", "HEKTOMETER": "4740.0", "LOCATION": "קריית התעופה, מערבית לתחנת רכבת נתבג", "DESCRPTION": "גשר כביש מעל מסילה", "TRAINOVER": "לא", "STATUS": "קיימת", "YEARMONTH": "202406", "MAINTENANC": "רכבת ישראל", "TRAFCODE": "10105", "TRAFTYPE": "רכבת ישראל" }, "geometry": { "type": "Point", "coordinates": [ 34.86553, 32.0033 ] } },
{ "type": "Feature", "properties": { "OID": "-1", "NUM": "4.800", "RAILNAME": "מסילת ירקון אוניברסיטה-ראש העין", "X": "190840.0", "Y": "675255.5", "ROAD": "כביש 531", "HEKTOMETER": "4800.0", "LOCATION": "רעננה, מחלף סוקולוב", "DESCRPTION": "גשר מסילה מעל כביש", "TRAINOVER": "כן", "STATUS": "קיימת", "YEARMONTH": "202406", "MAINTENANC": "רכבת ישראל", "TRAFCODE": "10105", "TRAFTYPE": "רכבת ישראל" }, "geometry": { "type": "Point", "coordinates": [ 34.90104, 32.17041 ] } },
{ "type": "Feature", "properties": { "OID": "-1", "NUM": "5.030", "RAILNAME": "תל אביב-לוד", "X": "180570.678", "Y": "660696.8595", "ROAD": "מקביל לכביש 1", "HEKTOMETER": "5030.0", "LOCATION": "גבעתיים, גשר מקווה ישראל", "DESCRPTION": "גשר כביש מעל מסילה", "TRAINOVER": "לא", "STATUS": "קיימת", "YEARMONTH": "202406", "MAINTENANC": "אין מידע", "TRAFCODE": "0", "TRAFTYPE": "אין מידע" }, "geometry": { "type": "Point", "coordinates": [ 34.79276, 32.03882 ] } },
{ "type": "Feature", "properties": { "OID": "-1", "NUM": "5.050", "RAILNAME": "מסילת מודיעין", "X": "198479.7759", "Y": "644525.8577", "ROAD": "כביש 431", "HEKTOMETER": "5050.0", "LOCATION": "מודיעין מכבים רעות, שד' ענבה", "DESCRPTION": "גשר מסילה מעל כביש", "TRAINOVER": "כן", "STATUS": "קיימת", "YEARMONTH": "202406", "MAINTENANC": "רכבת ישראל", "TRAFCODE": "10105", "TRAFTYPE": "רכבת ישראל" }, "geometry": { "type": "Point", "coordinates": [ 34.98271, 31.89346 ] } },
{ "type": "Feature", "properties": { "OID": "-1", "NUM": "5.55", "RAILNAME": "לוד-קריית גת", "X": "185769.5125", "Y": "636952.5636", "ROAD": "כביש 6", "HEKTOMETER": "5550.0", "LOCATION": "מקטע בין מזכרת בתיה ליד בנימין, צפונית למחלף שורק", "DESCRPTION": "גשר כביש מעל מסילה", "TRAINOVER": "לא", "STATUS": "קיימת", "YEARMONTH": "202406", "MAINTENANC": "דרך ארץ", "TRAFCODE": "70106", "TRAFTYPE": "דרך ארץ" }, "geometry": { "type": "Point", "coordinates": [ 34.84862, 31.82486 ] } },
{ "type": "Feature", "properties": { "OID": "-1", "NUM": "5.800", "RAILNAME": "אשקלון-ראשון", "X": "168743.8356", "Y": "637443.6199", "ROAD": "כביש 41", "HEKTOMETER": "5800.0", "LOCATION": "אשדוד, דרך תל מור", "DESCRPTION": "גשר כביש מעל מסילה", "TRAINOVER": "לא", "STATUS": "קיימת", "YEARMONTH": "202406", "MAINTENANC": "נתיבי ישראל", "TRAFCODE": "10101", "TRAFTYPE": "נתיבי ישראל" }, "geometry": { "type": "Point", "coordinates": [ 34.66877, 31.82866 ] } },
{ "type": "Feature", "properties": { "OID": "-1", "NUM": "5.925", "RAILNAME": "נתבג-ירושלים", "X": "188419.6601", "Y": "656088.2579", "ROAD": "כביש 1", "HEKTOMETER": "5925.0", "LOCATION": "קריית התעופה, יציאה מתחנת רכבת נתב\"ג", "DESCRPTION": "גשר כביש מעל מסילה", "TRAINOVER": "לא", "STATUS": "קיימת", "YEARMONTH": "202406", "MAINTENANC": "רכבת ישראל", "TRAFCODE": "10105", "TRAFTYPE": "רכבת ישראל" }, "geometry": { "type": "Point", "coordinates": [ 34.876, 31.9975 ] } },
{ "type": "Feature", "properties": { "OID": "-1", "NUM": "6.64", "RAILNAME": "מסילת ירקון אוניברסיטה-ראש העין", "X": "187622.7929", "Y": "668279.5572", "ROAD": "כביש 5", "HEKTOMETER": "6640.0", "LOCATION": "פתח תקווה, המר זבולון", "DESCRPTION": "גשר כביש מעל מסילה", "TRAINOVER": "לא", "STATUS": "קיימת", "YEARMONTH": "202406", "MAINTENANC": "אין מידע", "TRAFCODE": "0", "TRAFTYPE": "אין מידע" }, "geometry": { "type": "Point", "coordinates": [ 34.86716, 32.10742 ] } },
{ "type": "Feature", "properties": { "OID": "-1", "NUM": "6.750", "RAILNAME": "תל אביב-לוד", "X": "181879.2968", "Y": "659586.4795", "ROAD": "מקביל לכביש 1", "HEKTOMETER": "6750.0", "LOCATION": "אזור, דרך אריאל שרון", "DESCRPTION": "גשר חקלאי מעל מסילה", "TRAINOVER": "לא", "STATUS": "קיימת", "YEARMONTH": "202406", "MAINTENANC": "רכבת ישראל לקונסטרוקציה בל", "TRAFCODE": "10105", "TRAFTYPE": "רכבת ישראל" }, "geometry": { "type": "Point", "coordinates": [ 34.80665, 32.02885 ] } },
{ "type": "Feature", "properties": { "OID": "-1", "NUM": "6.825", "RAILNAME": "צ.פלשת - אשדוד נמל", "X": "167876.2189", "Y": "636933.0394", "ROAD": "כביש 41", "HEKTOMETER": "6825.0", "LOCATION": "אשדוד, שד' הרצל אשדוד", "DESCRPTION": "גשר כלי רכב מעל מסילה", "TRAINOVER": "לא", "STATUS": "קיימת", "YEARMONTH": "202406", "MAINTENANC": "רכבת ישראל", "TRAFCODE": "10105", "TRAFTYPE": "רכבת ישראל" }, "geometry": { "type": "Point", "coordinates": [ 34.65963, 31.82401 ] } },
{ "type": "Feature", "properties": { "OID": "-1", "NUM": "7.200", "RAILNAME": "מסילת ירקון אוניברסיטה-ראש העין", "X": "188447.5", "Y": "675481.5", "ROAD": "כביש 531", "HEKTOMETER": "7200.0", "LOCATION": "רעננה, ממזרח למחלף ח\"ן", "DESCRPTION": "גשר כביש מעל מסילה", "TRAINOVER": "לא", "STATUS": "קיימת", "YEARMONTH": "202406", "MAINTENANC": "נתיבי ישראל", "TRAFCODE": "10101", "TRAFTYPE": "נתיבי ישראל" }, "geometry": { "type": "Point", "coordinates": [ 34.87567, 32.17239 ] } },
{ "type": "Feature", "properties": { "OID": "-1", "NUM": "7.54", "RAILNAME": "לוד-קריית גת", "X": "184620.0318", "Y": "635345.822", "ROAD": "כביש 6", "HEKTOMETER": "7540.0", "LOCATION": "מקטע בין מזכרת בתיה ליד בנימין, צפונית למחלף שורק", "DESCRPTION": "גשר מסילה מעל שביל עפר", "TRAINOVER": "כן", "STATUS": "קיימת", "YEARMONTH": "202406", "MAINTENANC": "רכבת ישראל", "TRAFCODE": "10105", "TRAFTYPE": "רכבת ישראל" }, "geometry": { "type": "Point", "coordinates": [ 34.83654, 31.81033 ] } },
{ "type": "Feature", "properties": { "OID": "-1", "NUM": "7.9", "RAILNAME": "מסילת ירקון אוניברסיטה-ראש העין", "X": "187742.5", "Y": "675434.0", "ROAD": "כביש 531", "HEKTOMETER": "7900.0", "LOCATION": "רעננה, בן גוריון", "DESCRPTION": "גשר כביש מעל מסילה", "TRAINOVER": "לא", "STATUS": "קיימת", "YEARMONTH": "202406", "MAINTENANC": "נתיבי ישראל", "TRAFCODE": "10101", "TRAFTYPE": "נתיבי ישראל" }, "geometry": { "type": "Point", "coordinates": [ 34.8682, 32.17194 ] } },
{ "type": "Feature", "properties": { "OID": "-1", "NUM": "8.070", "RAILNAME": "אשקלון-ראשון", "X": "166822.2938", "Y": "636254.3796", "ROAD": "כביש 41", "HEKTOMETER": "8070.0", "LOCATION": "אשדוד, דרך לסקוב", "DESCRPTION": "גשר כביש מעל מסילה", "TRAINOVER": "לא", "STATUS": "קיימת", "YEARMONTH": "202406", "MAINTENANC": "רכבת ישראל", "TRAFCODE": "10105", "TRAFTYPE": "רכבת ישראל" }, "geometry": { "type": "Point", "coordinates": [ 34.64853, 31.81784 ] } },
{ "type": "Feature", "properties": { "OID": "-1", "NUM": "8.200", "RAILNAME": "תל אביב-לוד", "X": "182952.6834", "Y": "658665.8849", "ROAD": "כביש 1", "HEKTOMETER": "8200.0", "LOCATION": "אזור, בסמוך למחלף גנות", "DESCRPTION": "גשר כביש מעל מסילה", "TRAINOVER": "לא", "STATUS": "קיימת", "YEARMONTH": "202406", "MAINTENANC": "אין מידע", "TRAFCODE": "0", "TRAFTYPE": "אין מידע" }, "geometry": { "type": "Point", "coordinates": [ 34.81805, 32.02058 ] } },
{ "type": "Feature", "properties": { "OID": "-1", "NUM": "8.250", "RAILNAME": "לוד-קריית גת", "X": "184209.8614", "Y": "634766.6843", "ROAD": "כביש 6, כביש 7", "HEKTOMETER": "8250.0", "LOCATION": "יד בנימין, מחלף שורק", "DESCRPTION": "גשר כביש מעל מסילה", "TRAINOVER": "לא", "STATUS": "קיימת", "YEARMONTH": "202406", "MAINTENANC": "אין מידע", "TRAFCODE": "0", "TRAFTYPE": "אין מידע" }, "geometry": { "type": "Point", "coordinates": [ 34.83223, 31.8051 ] } },
{ "type": "Feature", "properties": { "OID": "-1", "NUM": "8.520", "RAILNAME": "תל אביב-לוד", "X": "183209.5067", "Y": "658424.3137", "ROAD": "כביש 4", "HEKTOMETER": "8520.0", "LOCATION": "אזור/משמר השבעה, מחלף גנות", "DESCRPTION": "גשר כביש מעל מסילה", "TRAINOVER": "לא", "STATUS": "קיימת", "YEARMONTH": "202406", "MAINTENANC": "נתיבי ישראל", "TRAFCODE": "10101", "TRAFTYPE": "נתיבי ישראל" }, "geometry": { "type": "Point", "coordinates": [ 34.82078, 32.01841 ] } },
{ "type": "Feature", "properties": { "OID": "-1", "NUM": "8.570", "RAILNAME": "תל אביב-לוד", "X": "183256.0113", "Y": "658390.4194", "ROAD": "כביש 4", "HEKTOMETER": "8570.0", "LOCATION": "אזור/משמר השבעה, מחלף גנות", "DESCRPTION": "גשר כביש מעל מסילה", "TRAINOVER": "לא", "STATUS": "קיימת", "YEARMONTH": "202406", "MAINTENANC": "נתיבי ישראל", "TRAFCODE": "10101", "TRAFTYPE": "נתיבי ישראל" }, "geometry": { "type": "Point", "coordinates": [ 34.82127, 32.01811 ] } },
{ "type": "Feature", "properties": { "OID": "-1", "NUM": "8.620", "RAILNAME": "תל אביב-לוד", "X": "183295.5306", "Y": "658359.2609", "ROAD": "כביש 4", "HEKTOMETER": "8620.0", "LOCATION": "אזור/משמר השבעה, מחלף גנות", "DESCRPTION": "גשר כביש מעל מסילה", "TRAINOVER": "לא", "STATUS": "קיימת", "YEARMONTH": "202406", "MAINTENANC": "נתיבי ישראל", "TRAFCODE": "10101", "TRAFTYPE": "נתיבי ישראל" }, "geometry": { "type": "Point", "coordinates": [ 34.82169, 32.01783 ] } },
{ "type": "Feature", "properties": { "OID": "-1", "NUM": "9.160", "RAILNAME": "אונ' - ראש העין", "X": "190070.7835", "Y": "668815.3131", "ROAD": "ממערב לכביש 40", "HEKTOMETER": "9160.0", "LOCATION": "סגולה, הרכבת", "DESCRPTION": "גשר כביש מעל מסילה", "TRAINOVER": "לא", "STATUS": "קיימת", "YEARMONTH": "202406", "MAINTENANC": "אין מידע", "TRAFCODE": "0", "TRAFTYPE": "אין מידע" }, "geometry": { "type": "Point", "coordinates": [ 34.89308, 32.11231 ] } },
{ "type": "Feature", "properties": { "OID": "-1", "NUM": "9.465", "RAILNAME": "לוד-קריית גת", "X": "184056.3682", "Y": "633586.781", "ROAD": "כביש 3", "HEKTOMETER": "9465.0", "LOCATION": "יד בנימין, כביש 3", "DESCRPTION": "גשר כביש מעל מסילה", "TRAINOVER": "לא", "STATUS": "קיימת", "YEARMONTH": "202406", "MAINTENANC": "דרך ארץ", "TRAFCODE": "70106", "TRAFTYPE": "דרך ארץ" }, "geometry": { "type": "Point", "coordinates": [ 34.83065, 31.79445 ] } },
{ "type": "Feature", "properties": { "OID": "-1", "NUM": "9.7", "RAILNAME": "צ.חמד - הרצליה", "X": "186245.5", "Y": "676267.5", "ROAD": "כביש 541", "HEKTOMETER": "9700.0", "LOCATION": "רעננה, בין רעננה להרצליה", "DESCRPTION": "גשר כלי רכב מעל מסילה", "TRAINOVER": "לא", "STATUS": "קיימת", "YEARMONTH": "202406", "MAINTENANC": "נתיבי ישראל", "TRAFCODE": "10101", "TRAFTYPE": "נתיבי ישראל" }, "geometry": { "type": "Point", "coordinates": [ 34.8523, 32.17941 ] } },
{ "type": "Feature", "properties": { "OID": "-1", "NUM": "10.075", "RAILNAME": "מסילת ירקון אוניברסיטה-ראש העין", "X": "190969.2346", "Y": "668759.4259", "ROAD": "כביש 40", "HEKTOMETER": "10075.0", "LOCATION": "פתח תקווה, הירקונים", "DESCRPTION": "גשר כביש מעל מסילה", "TRAINOVER": "לא", "STATUS": "קיימת", "YEARMONTH": "202406", "MAINTENANC": "נתיבי ישראל", "TRAFCODE": "10101", "TRAFTYPE": "נתיבי ישראל" }, "geometry": { "type": "Point", "coordinates": [ 34.90261, 32.11183 ] } },
{ "type": "Feature", "properties": { "OID": "-1", "NUM": "10.400", "RAILNAME": "תל אביב-לוד", "X": "184664.8659", "Y": "657227.0", "ROAD": "כביש 412", "HEKTOMETER": "10400.0", "LOCATION": "משמר השבעה, מחלף שפירים", "DESCRPTION": "גשר כביש מעל מסילה", "TRAINOVER": "לא", "STATUS": "קיימת", "YEARMONTH": "202406", "MAINTENANC": "נתיבי ישראל", "TRAFCODE": "10101", "TRAFTYPE": "נתיבי ישראל" }, "geometry": { "type": "Point", "coordinates": [ 34.83623, 32.00766 ] } },
{ "type": "Feature", "properties": { "OID": "-1", "NUM": "10.6", "RAILNAME": "מסילת ירקון אוניברסיטה-ראש העין", "X": "185502.0", "Y": "676814.0", "ROAD": "כביש 531", "HEKTOMETER": "10600.0", "LOCATION": "רעננה, ממערב למחלף רעננה מערב", "DESCRPTION": "גשר כביש מעל מסילה", "TRAINOVER": "לא", "STATUS": "קיימת", "YEARMONTH": "202406", "MAINTENANC": "אין מידע", "TRAFCODE": "0", "TRAFTYPE": "אין מידע" }, "geometry": { "type": "Point", "coordinates": [ 34.84439, 32.18432 ] } },
{ "type": "Feature", "properties": { "OID": "-1", "NUM": "10.66", "RAILNAME": "לוד-קריית גת", "X": "184274.5793", "Y": "632415.2004", "ROAD": "כביש 6", "HEKTOMETER": "10660.0", "LOCATION": "מזרחית לבית חלקיה, מדרום למחלף שורק", "DESCRPTION": "גשר מסילה מעל שביל עפר", "TRAINOVER": "כן", "STATUS": "קיימת", "YEARMONTH": "202406", "MAINTENANC": "רכבת ישראל", "TRAFCODE": "10105", "TRAFTYPE": "רכבת ישראל" }, "geometry": { "type": "Point", "coordinates": [ 34.83299, 31.78389 ] } },
{ "type": "Feature", "properties": { "OID": "-1", "NUM": "10.880", "RAILNAME": "תל אביב-לוד", "X": "185034.3964", "Y": "656907.6076", "ROAD": "כביש 1", "HEKTOMETER": "10880.0", "LOCATION": "בין בית דגן לצפרייה, ממזרח למחלף שפירים", "DESCRPTION": "גשר כביש מעל מסילה", "TRAINOVER": "לא", "STATUS": "קיימת", "YEARMONTH": "202406", "MAINTENANC": "נתיבי ישראל", "TRAFCODE": "10101", "TRAFTYPE": "נתיבי ישראל" }, "geometry": { "type": "Point", "coordinates": [ 34.84015, 32.00479 ] } },
{ "type": "Feature", "properties": { "OID": "-1", "NUM": "11.2", "RAILNAME": "לוד-קריית גת", "X": "184259.7511", "Y": "631886.388", "ROAD": "כביש 6", "HEKTOMETER": "11200.0", "LOCATION": "מזרחית לרבדים, כביש 6 חוצה ישראל", "DESCRPTION": "גשר כביש מעל מסילה", "TRAINOVER": "לא", "STATUS": "קיימת", "YEARMONTH": "202406", "MAINTENANC": "נתיבי ישראל", "TRAFCODE": "10101", "TRAFTYPE": "נתיבי ישראל" }, "geometry": { "type": "Point", "coordinates": [ 34.83286, 31.77912 ] } },
{ "type": "Feature", "properties": { "OID": "-1", "NUM": "11.600", "RAILNAME": "נתבג-ירושלים", "X": "191430.2739", "Y": "651572.5393", "ROAD": "כביש 443", "HEKTOMETER": "11600.0", "LOCATION": "גינתון, צומת גינתון", "DESCRPTION": "גשר מסילה מעל כביש", "TRAINOVER": "כן", "STATUS": "קיימת", "YEARMONTH": "202406", "MAINTENANC": "רכבת ישראל", "TRAFCODE": "10105", "TRAFTYPE": "רכבת ישראל" }, "geometry": { "type": "Point", "coordinates": [ 34.90799, 31.95686 ] } },
{ "type": "Feature", "properties": { "OID": "-1", "NUM": "12.350", "RAILNAME": "נתבג-ירושלים", "X": "191849.0", "Y": "650970.5", "ROAD": "כביש 443", "HEKTOMETER": "12350.0", "LOCATION": "לוד, מדרום למחלף גינתון", "DESCRPTION": "גשר מסילה מעל שביל עפר", "TRAINOVER": "כן", "STATUS": "קיימת", "YEARMONTH": "202406", "MAINTENANC": "רכבת ישראל", "TRAFCODE": "10105", "TRAFTYPE": "רכבת ישראל" }, "geometry": { "type": "Point", "coordinates": [ 34.91244, 31.95144 ] } },
{ "type": "Feature", "properties": { "OID": "-1", "NUM": "13.000", "RAILNAME": "לוד-קריית גת", "X": "183715.514", "Y": "630170.8805", "ROAD": "כביש 6", "HEKTOMETER": "13000.0", "LOCATION": "צפונית לקריית מלאכי, צפונית לתחנת רכבת קרייתמלאכי יואב", "DESCRPTION": "גשר חקלאי מעל מסילה", "TRAINOVER": "לא", "STATUS": "קיימת", "YEARMONTH": "202406", "MAINTENANC": "נתיבי ישראל", "TRAFCODE": "10101", "TRAFTYPE": "נתיבי ישראל" }, "geometry": { "type": "Point", "coordinates": [ 34.82717, 31.76364 ] } },
{ "type": "Feature", "properties": { "OID": "-1", "NUM": "15.000", "RAILNAME": "נתבג-ירושלים", "X": "193003.5", "Y": "648653.0", "ROAD": "כביש 1", "HEKTOMETER": "15000.0", "LOCATION": "כפר דניאל, צפונית למחלף דניאל", "DESCRPTION": "גשר מסילה מעל שביל עפר", "TRAINOVER": "כן", "STATUS": "קיימת", "YEARMONTH": "202406", "MAINTENANC": "רכבת ישראל", "TRAFCODE": "10105", "TRAFTYPE": "רכבת ישראל" }, "geometry": { "type": "Point", "coordinates": [ 34.92471, 31.93056 ] } },
{ "type": "Feature", "properties": { "OID": "-1", "NUM": "15.400", "RAILNAME": "נתבג-ירושלים", "X": "193071.5", "Y": "648256.5", "ROAD": "כביש 1", "HEKTOMETER": "15400.0", "LOCATION": "כפר דניאל, צפונית למחלף דניאל", "DESCRPTION": "גשר מסילה מעל שביל עפר", "TRAINOVER": "כן", "STATUS": "קיימת", "YEARMONTH": "202406", "MAINTENANC": "רכבת ישראל", "TRAFCODE": "10105", "TRAFTYPE": "רכבת ישראל" }, "geometry": { "type": "Point", "coordinates": [ 34.92544, 31.92699 ] } },
{ "type": "Feature", "properties": { "OID": "-1", "NUM": "15.630", "RAILNAME": "נתבג-ירושלים", "X": "193121.8368", "Y": "648035.3054", "ROAD": "כביש 6", "HEKTOMETER": "15630.0", "LOCATION": "כפר דניאל, מחלף דניאל", "DESCRPTION": "גשר מסילה מעל כביש", "TRAINOVER": "כן", "STATUS": "קיימת", "YEARMONTH": "202406", "MAINTENANC": "רכבת ישראל", "TRAFCODE": "10105", "TRAFTYPE": "רכבת ישראל" }, "geometry": { "type": "Point", "coordinates": [ 34.92598, 31.925 ] } },
{ "type": "Feature", "properties": { "OID": "-1", "NUM": "18.920", "RAILNAME": "מסילת המלך דוד", "X": "194565.644", "Y": "645088.5901", "ROAD": "כביש 431", "HEKTOMETER": "18920.0", "LOCATION": "כפר שמואל, מחלף ענבה", "DESCRPTION": "גשר כביש מעל מסילה", "TRAINOVER": "לא", "STATUS": "קיימת", "YEARMONTH": "202406", "MAINTENANC": "רכבת ישראל", "TRAFCODE": "10105", "TRAFTYPE": "רכבת ישראל" }, "geometry": { "type": "Point", "coordinates": [ 34.94132, 31.89846 ] } },
{ "type": "Feature", "properties": { "OID": "-1", "NUM": "19.040", "RAILNAME": "מסילת המלך דוד", "X": "194599.144", "Y": "644980.0901", "ROAD": "כביש 431", "HEKTOMETER": "19040.0", "LOCATION": "כפר שמואל, מחלף ענבה", "DESCRPTION": "גשר כביש מעל מסילה", "TRAINOVER": "לא", "STATUS": "קיימת", "YEARMONTH": "202406", "MAINTENANC": "רכבת ישראל", "TRAFCODE": "10105", "TRAFTYPE": "רכבת ישראל" }, "geometry": { "type": "Point", "coordinates": [ 34.94168, 31.89748 ] } },
{ "type": "Feature", "properties": { "OID": "-1", "NUM": "19.08", "RAILNAME": "לוד-קריית גת", "X": "182605.26", "Y": "624219.3335", "ROAD": "כביש 6", "HEKTOMETER": "19080.0", "LOCATION": "קדמה, מזרחית לקדמה", "DESCRPTION": "גשר מסילה מעל שביל עפר", "TRAINOVER": "כן", "STATUS": "קיימת", "YEARMONTH": "202406", "MAINTENANC": "רכבת ישראל", "TRAFCODE": "10105", "TRAFTYPE": "רכבת ישראל" }, "geometry": { "type": "Point", "coordinates": [ 34.81568, 31.70993 ] } },
{ "type": "Feature", "properties": { "OID": "-1", "NUM": "19.260", "RAILNAME": "מסילת המלך דוד", "X": "194660.5", "Y": "644763.0", "ROAD": "כביש 1", "HEKTOMETER": "19260.0", "LOCATION": "מקטע בין כפר שמואללמשמר איילון, דרומית למחלף ענבה", "DESCRPTION": "גשר מסילה מעל שביל עפר", "TRAINOVER": "כן", "STATUS": "קיימת", "YEARMONTH": "202406", "MAINTENANC": "רכבת ישראל", "TRAFCODE": "10105", "TRAFTYPE": "רכבת ישראל" }, "geometry": { "type": "Point", "coordinates": [ 34.94233, 31.89552 ] } },
{ "type": "Feature", "properties": { "OID": "-1", "NUM": "19.400", "RAILNAME": "מסילת המלך דוד", "X": "194699.0", "Y": "644628.5", "ROAD": "כביש 1, כביש 431", "HEKTOMETER": "19400.0", "LOCATION": "מקטע בין כפר שמואללמשמר איילון, דרומית למחלף ענבה", "DESCRPTION": "גשר מסילה מעל שביל עפר", "TRAINOVER": "כן", "STATUS": "קיימת", "YEARMONTH": "202406", "MAINTENANC": "רכבת ישראל", "TRAFCODE": "10105", "TRAFTYPE": "רכבת ישראל" }, "geometry": { "type": "Point", "coordinates": [ 34.94274, 31.89431 ] } },
{ "type": "Feature", "properties": { "OID": "-1", "NUM": "21.22", "RAILNAME": "תל אביב-לוד", "X": "188171.5", "Y": "648878.5", "ROAD": "כביש 44", "HEKTOMETER": "21220.0", "LOCATION": "רמלה, ההגנה", "DESCRPTION": "גשר מסילה מעל כביש", "TRAINOVER": "כן", "STATUS": "קיימת", "YEARMONTH": "202406", "MAINTENANC": "רכבת ישראל", "TRAFCODE": "10105", "TRAFTYPE": "רכבת ישראל" }, "geometry": { "type": "Point", "coordinates": [ 34.87361, 31.93248 ] } },
{ "type": "Feature", "properties": { "OID": "-1", "NUM": "21.900", "RAILNAME": "מסילת המלך דוד", "X": "196052.8761", "Y": "642554.8936", "ROAD": "כביש 1", "HEKTOMETER": "21900.0", "LOCATION": "משמר איילון, גשר כביש 4249", "DESCRPTION": "גשר מסילה מעל כביש", "TRAINOVER": "כן", "STATUS": "קיימת", "YEARMONTH": "202406", "MAINTENANC": "רכבת ישראל", "TRAFCODE": "10105", "TRAFTYPE": "רכבת ישראל" }, "geometry": { "type": "Point", "coordinates": [ 34.9571, 31.87564 ] } },
{ "type": "Feature", "properties": { "OID": "-1", "NUM": "22.700", "RAILNAME": "תל אביב-לוד", "X": "189081.0", "Y": "647734.0", "ROAD": "כביש 40", "HEKTOMETER": "22700.0", "LOCATION": "רמלה, מחלף רמלוד", "DESCRPTION": "גשר כביש מעל מסילה", "TRAINOVER": "לא", "STATUS": "קיימת", "YEARMONTH": "202406", "MAINTENANC": "נתיבי ישראל", "TRAFCODE": "10101", "TRAFTYPE": "נתיבי ישראל" }, "geometry": { "type": "Point", "coordinates": [ 34.88326, 31.92218 ] } },
{ "type": "Feature", "properties": { "OID": "-1", "NUM": "22.710", "RAILNAME": "לוד-קריית גת", "X": "180644.2214", "Y": "621200.9695", "ROAD": "כביש 6", "HEKTOMETER": "22710.0", "LOCATION": "צפונית לסגולה, מערבית לכביש 6", "DESCRPTION": "גשר כביש חקלאי מעל מסילה", "TRAINOVER": "לא", "STATUS": "קיימת", "YEARMONTH": "202406", "MAINTENANC": "רכבת ישראל לקונסטרוקציה בל", "TRAFCODE": "10105", "TRAFTYPE": "רכבת ישראל" }, "geometry": { "type": "Point", "coordinates": [ 34.79511, 31.68264 ] } },
{ "type": "Feature", "properties": { "OID": "-1", "NUM": "23", "RAILNAME": "מסילת החוף", "X": "189834.5467", "Y": "698358.1813", "ROAD": "כביש 5720", "HEKTOMETER": "59020.0", "LOCATION": "מקטע בין כפר ותיקיןלכביש 4, ממזרח לכפר ויתקין", "DESCRPTION": "גשר כביש מעל מסילה", "TRAINOVER": "לא", "STATUS": "קיימת", "YEARMONTH": "202406", "MAINTENANC": "נתיבי ישראל", "TRAFCODE": "10101", "TRAFTYPE": "נתיבי ישראל" }, "geometry": { "type": "Point", "coordinates": [ 34.88966, 32.37871 ] } },
{ "type": "Feature", "properties": { "OID": "-1", "NUM": "24", "RAILNAME": "מסילת החוף", "X": "188960.8287", "Y": "695334.6948", "ROAD": "כביש 2", "HEKTOMETER": "62190.0", "LOCATION": "אביחיל, ממזרח לאביחיל", "DESCRPTION": "גשר כביש מעל מסילה", "TRAINOVER": "לא", "STATUS": "בביצוע", "YEARMONTH": "202406", "MAINTENANC": "עיריית נתניה", "TRAFCODE": "7400", "TRAFTYPE": "רשות מקומית" }, "geometry": { "type": "Point", "coordinates": [ 34.88048, 32.35143 ] } },
{ "type": "Feature", "properties": { "OID": "-1", "NUM": "24.085", "RAILNAME": "תל אביב-לוד", "X": "189466.5", "Y": "646395.5", "ROAD": "כביש 431", "HEKTOMETER": "24085.0", "LOCATION": "רמלה, ממערב למחלף נשרים", "DESCRPTION": "גשר כביש מעל מסילה", "TRAINOVER": "לא", "STATUS": "קיימת", "YEARMONTH": "202406", "MAINTENANC": "נתיבי היובל", "TRAFCODE": "70101", "TRAFTYPE": "נתיבי היובל" }, "geometry": { "type": "Point", "coordinates": [ 34.88738, 31.91012 ] } },
{ "type": "Feature", "properties": { "OID": "-1", "NUM": "24.600", "RAILNAME": "מסילת המלך דוד", "X": "198392.5", "Y": "641240.5", "ROAD": "כביש 1", "HEKTOMETER": "24600.0", "LOCATION": "דרומית לנוף איילון, דרומי לשעלבים", "DESCRPTION": "גשר מסילה מעל שביל עפר", "TRAINOVER": "כן", "STATUS": "קיימת", "YEARMONTH": "202406", "MAINTENANC": "רכבת ישראל", "TRAFCODE": "10105", "TRAFTYPE": "רכבת ישראל" }, "geometry": { "type": "Point", "coordinates": [ 34.98186, 31.86383 ] } },
{ "type": "Feature", "properties": { "OID": "-1", "NUM": "24.900", "RAILNAME": "תל אביב-לוד", "X": "189264.0", "Y": "645610.0", "ROAD": "כביש 6", "HEKTOMETER": "24900.0", "LOCATION": "מצליח, מצליח ג", "DESCRPTION": "גשר מסילה מעל שביל עפר", "TRAINOVER": "כן", "STATUS": "קיימת", "YEARMONTH": "202406", "MAINTENANC": "רכבת ישראל", "TRAFCODE": "10105", "TRAFTYPE": "רכבת ישראל" }, "geometry": { "type": "Point", "coordinates": [ 34.88526, 31.90303 ] } },
{ "type": "Feature", "properties": { "OID": "-1", "NUM": "26.220", "RAILNAME": "מסילת המלך דוד", "X": "199793.5", "Y": "640483.0", "ROAD": "כביש 3", "HEKTOMETER": "26220.0", "LOCATION": "דרומית לנוף איילון, דרומי לנוף איילון", "DESCRPTION": "גשר מסילה מעל שביל עפר", "TRAINOVER": "כן", "STATUS": "קיימת", "YEARMONTH": "202406", "MAINTENANC": "רכבת ישראל", "TRAFCODE": "10105", "TRAFTYPE": "רכבת ישראל" }, "geometry": { "type": "Point", "coordinates": [ 34.99668, 31.85702 ] } },
{ "type": "Feature", "properties": { "OID": "-1", "NUM": "27", "RAILNAME": "מסילת החוף", "X": "187698.8713", "Y": "688098.0", "ROAD": "כביש 5611", "HEKTOMETER": "69600.0", "LOCATION": "נתניה, הארי טרומן", "DESCRPTION": "גשר כביש מעל מסילה", "TRAINOVER": "לא", "STATUS": "קיימת", "YEARMONTH": "202406", "MAINTENANC": "נתיבי ישראל", "TRAFCODE": "10101", "TRAFTYPE": "נתיבי ישראל" }, "geometry": { "type": "Point", "coordinates": [ 34.86731, 32.28613 ] } },
{ "type": "Feature", "properties": { "OID": "-1", "NUM": "28", "RAILNAME": "מסילת החוף", "X": "186841.0", "Y": "684806.5", "ROAD": "כביש 553", "HEKTOMETER": "73000.0", "LOCATION": "בית יהושוע, מדרום לתחנת בית הושוע", "DESCRPTION": "גשר כביש מעל מסילה", "TRAINOVER": "לא", "STATUS": "קיימת", "YEARMONTH": "202406", "MAINTENANC": "נתיבי ישראל", "TRAFCODE": "10101", "TRAFTYPE": "נתיבי ישראל" }, "geometry": { "type": "Point", "coordinates": [ 34.85832, 32.25643 ] } },
{ "type": "Feature", "properties": { "OID": "-1", "NUM": "30", "RAILNAME": "מסילת החוף", "X": "185548.1062", "Y": "681324.0995", "ROAD": "כביש 5511", "HEKTOMETER": "767020.0", "LOCATION": "כביש בין בני ציון לגעש, מזרחי לגעש", "DESCRPTION": "מפגש כביש מסילה", "TRAINOVER": "לא", "STATUS": "בביצוע", "YEARMONTH": "202406", "MAINTENANC": "נתיבי ישראל", "TRAFCODE": "10101", "TRAFTYPE": "נתיבי ישראל" }, "geometry": { "type": "Point", "coordinates": [ 34.84472, 32.22499 ] } },
{ "type": "Feature", "properties": { "OID": "-1", "NUM": "32.400", "RAILNAME": "מסילת שורק", "X": "187966.5163", "Y": "639140.4514", "ROAD": "כביש 6", "HEKTOMETER": "32400.0", "LOCATION": "מקטע בין מזכרת בתיה לנצר חזני, צפון - מערבי לחולדה", "DESCRPTION": "גשר מסילה מעל שביל עפר", "TRAINOVER": "כן", "STATUS": "קיימת", "YEARMONTH": "202406", "MAINTENANC": "רכבת ישראל", "TRAFCODE": "10105", "TRAFTYPE": "רכבת ישראל" }, "geometry": { "type": "Point", "coordinates": [ 34.87176, 31.84465 ] } },
{ "type": "Feature", "properties": { "OID": "-1", "NUM": "34.225", "RAILNAME": "מסילת שורק", "X": "187803.6647", "Y": "637399.1147", "ROAD": "כביש 411", "HEKTOMETER": "34225.0", "LOCATION": "מקטע בין חולדה לנצר חזני, מערבי לחולדה", "DESCRPTION": "גשר חקלאי מעל מסילה", "TRAINOVER": "לא", "STATUS": "קיימת", "YEARMONTH": "202406", "MAINTENANC": "רכבת ישראל לקונסטרוקציה בל", "TRAFCODE": "10105", "TRAFTYPE": "רכבת ישראל" }, "geometry": { "type": "Point", "coordinates": [ 34.87009, 31.82894 ] } },
{ "type": "Feature", "properties": { "OID": "-1", "NUM": "36.250", "RAILNAME": "מסילת שורק", "X": "187867.0", "Y": "635448.5", "ROAD": "כביש 3", "HEKTOMETER": "36250.0", "LOCATION": "יסודות, דרום מזרחי ליסודות", "DESCRPTION": "גשר מסילה מעל שביל עפר", "TRAINOVER": "כן", "STATUS": "קיימת", "YEARMONTH": "202406", "MAINTENANC": "רכבת ישראל", "TRAFCODE": "10105", "TRAFTYPE": "רכבת ישראל" }, "geometry": { "type": "Point", "coordinates": [ 34.87082, 31.81135 ] } },
{ "type": "Feature", "properties": { "OID": "-1", "NUM": "36.520", "RAILNAME": "מסילת שורק", "X": "187919.6116", "Y": "635193.9041", "ROAD": "כביש 3", "HEKTOMETER": "36520.0", "LOCATION": "יסודות, כביש 3", "DESCRPTION": "גשר מסילה מעל כביש", "TRAINOVER": "כן", "STATUS": "קיימת", "YEARMONTH": "202406", "MAINTENANC": "רכבת ישראל", "TRAFCODE": "10105", "TRAFTYPE": "רכבת ישראל" }, "geometry": { "type": "Point", "coordinates": [ 34.87139, 31.80906 ] } },
{ "type": "Feature", "properties": { "OID": "-1", "NUM": "37.55", "RAILNAME": "מסילת שורק", "X": "188585.7492", "Y": "634650.5718", "ROAD": "כביש 3", "HEKTOMETER": "37550.0", "LOCATION": "מערבית לטל שחר, דרום מזרחי ליסודות", "DESCRPTION": "גשר חקלאי מעל מסילה", "TRAINOVER": "לא", "STATUS": "קיימת", "YEARMONTH": "202406", "MAINTENANC": "רכבת ישראל לקונסטרוקציה בל", "TRAFCODE": "10105", "TRAFTYPE": "רכבת ישראל" }, "geometry": { "type": "Point", "coordinates": [ 34.87844, 31.80418 ] } },
{ "type": "Feature", "properties": { "OID": "-1", "NUM": "65.31", "RAILNAME": "מסילת החוף", "X": "187991.6157", "Y": "692375.7309", "ROAD": "כביש 57", "HEKTOMETER": "65310.0", "LOCATION": "נתניה, מלק מזרחי של מחלף נתניה", "DESCRPTION": "גשר כביש מעל מסילה", "TRAINOVER": "לא", "STATUS": "קיימת", "YEARMONTH": "202406", "MAINTENANC": "נתיבי ישראל", "TRAFCODE": "10101", "TRAFTYPE": "נתיבי ישראל" }, "geometry": { "type": "Point", "coordinates": [ 34.87028, 32.32472 ] } },
{ "type": "Feature", "properties": { "OID": "-1", "NUM": "66.725", "RAILNAME": "מסילת החוף", "X": "187782.3614", "Y": "690980.0189", "ROAD": "כביש 2", "HEKTOMETER": "66725.0", "LOCATION": "נתניה, האר\"י", "DESCRPTION": "גשר כביש מעל מסילה", "TRAINOVER": "לא", "STATUS": "קיימת", "YEARMONTH": "202406", "MAINTENANC": "עיריית נתניה", "TRAFCODE": "7400", "TRAFTYPE": "רשות מקומית" }, "geometry": { "type": "Point", "coordinates": [ 34.8681, 32.31213 ] } },
{ "type": "Feature", "properties": { "OID": "-1", "NUM": "68.850", "RAILNAME": "מסילת החוף", "X": "187722.411", "Y": "688861.4085", "ROAD": "כביש 2", "HEKTOMETER": "68850.0", "LOCATION": "נתניה, המחקר", "DESCRPTION": "גשר כביש מעל מסילה", "TRAINOVER": "לא", "STATUS": "קיימת", "YEARMONTH": "202406", "MAINTENANC": "עיריית נתניה", "TRAFCODE": "7400", "TRAFTYPE": "רשות מקומית" }, "geometry": { "type": "Point", "coordinates": [ 34.86754, 32.29302 ] } },
{ "type": "Feature", "properties": { "OID": "-1", "NUM": "73.75", "RAILNAME": "מסילת החוף", "X": "186609.5", "Y": "684104.5", "ROAD": "כביש 553", "HEKTOMETER": "73750.0", "LOCATION": "מקטע בין בית יהושוע לכפר שמריהו, דרומי מבית יהושע", "DESCRPTION": "גשר מסילה מעל שביל עפר", "TRAINOVER": "כן", "STATUS": "קיימת", "YEARMONTH": "202406", "MAINTENANC": "רכבת ישראל", "TRAFCODE": "10105", "TRAFTYPE": "רכבת ישראל" }, "geometry": { "type": "Point", "coordinates": [ 34.85589, 32.25009 ] } },
{ "type": "Feature", "properties": { "OID": "-1", "NUM": "77.95", "RAILNAME": "מסילת החוף", "X": "185038.5", "Y": "680198.5", "ROAD": "כביש 20", "HEKTOMETER": "77950.0", "LOCATION": "מזרחית לשפיים, ממזרח לשפיים", "DESCRPTION": "גשר כביש מעל מסילה", "TRAINOVER": "לא", "STATUS": "קיימת", "YEARMONTH": "202406", "MAINTENANC": "נתיבי איילון", "TRAFCODE": "10103", "TRAFTYPE": "נתיבי איילון" }, "geometry": { "type": "Point", "coordinates": [ 34.83936, 32.21482 ] } },
{ "type": "Feature", "properties": { "OID": "-1", "NUM": "83.25", "RAILNAME": "מסילת איילוןמסילת ירקון אוניברסיטה-ראש העין", "X": "183301.9488", "Y": "675376.4488", "ROAD": "כביש 20", "HEKTOMETER": "83250.0", "LOCATION": "מזרחית לכפר שמריהו, הרצליה ב", "DESCRPTION": "גשר חקלאי מעל מסילה", "TRAINOVER": "לא", "STATUS": "קיימת", "YEARMONTH": "202406", "MAINTENANC": "רכבת ישראל לקונסטרוקציה בל", "TRAFCODE": "10105", "TRAFTYPE": "רכבת ישראל" }, "geometry": { "type": "Point", "coordinates": [ 34.82112, 32.17128 ] } },
{ "type": "Feature", "properties": { "OID": "-1", "NUM": "83.875", "RAILNAME": "מסילת איילוןמסילת ירקון אוניברסיטה-ראש העין", "X": "182999.0246", "Y": "674668.2215", "ROAD": "כביש 20", "HEKTOMETER": "83875.0", "LOCATION": "בין הרצליה לכפר שמריהו, צפוני ממחלף שבעת הכוכבים", "DESCRPTION": "גשר הולכי רגל מעל מסילה", "TRAINOVER": "לא", "STATUS": "קיימת", "YEARMONTH": "202406", "MAINTENANC": "אין מידע", "TRAFCODE": "0", "TRAFTYPE": "אין מידע" }, "geometry": { "type": "Point", "coordinates": [ 34.81793, 32.16489 ] } },
{ "type": "Feature", "properties": { "OID": "-1", "NUM": "84.350", "RAILNAME": "מסילת איילוןמסילת ירקון אוניברסיטה-ראש העין", "X": "182844.4639", "Y": "674203.965", "ROAD": "כביש 541", "HEKTOMETER": "84350.0", "LOCATION": "הרצליה, מחלף שבעת הכוכבים", "DESCRPTION": "גשר כביש מעל מסילה", "TRAINOVER": "לא", "STATUS": "קיימת", "YEARMONTH": "202406", "MAINTENANC": "נתיבי איילון", "TRAFCODE": "10103", "TRAFTYPE": "נתיבי איילון" }, "geometry": { "type": "Point", "coordinates": [ 34.81631, 32.1607 ] } },
{ "type": "Feature", "properties": { "OID": "-1", "NUM": "86.100", "RAILNAME": "מסילת איילוןמסילת ירקון אוניברסיטה-ראש העין", "X": "182307.7557", "Y": "672545.5561", "ROAD": "כביש 20", "HEKTOMETER": "86100.0", "LOCATION": "רמת השרון, גשר רחבעם זאבי", "DESCRPTION": "גשר כביש מעל מסילה", "TRAINOVER": "לא", "STATUS": "קיימת", "YEARMONTH": "202406", "MAINTENANC": "נתיבי איילון", "TRAFCODE": "10103", "TRAFTYPE": "נתיבי איילון" }, "geometry": { "type": "Point", "coordinates": [ 34.81069, 32.14572 ] } },
{ "type": "Feature", "properties": { "OID": "-1", "NUM": "86.800", "RAILNAME": "מסילת איילוןמסילת ירקון אוניברסיטה-ראש העין", "X": "182225.2733", "Y": "671873.4959", "ROAD": "כביש 5", "HEKTOMETER": "86800.0", "LOCATION": "גלילות, מחלף גלילות מזרח", "DESCRPTION": "גשר כביש מעל מסילה", "TRAINOVER": "לא", "STATUS": "קיימת", "YEARMONTH": "202406", "MAINTENANC": "נתיבי ישראל", "TRAFCODE": "10101", "TRAFTYPE": "נתיבי ישראל" }, "geometry": { "type": "Point", "coordinates": [ 34.80984, 32.13966 ] } },
{ "type": "Feature", "properties": { "OID": "-1", "NUM": "89.050", "RAILNAME": "מסילת איילוןמסילת ירקון אוניברסיטה-ראש העין", "X": "182275.279", "Y": "669598.6039", "ROAD": "כביש 20", "HEKTOMETER": "89050.0", "LOCATION": "תל אביב, מחלף קרן קיימת לישראל", "DESCRPTION": "גשר כביש מעל מסילה", "TRAINOVER": "לא", "STATUS": "קיימת", "YEARMONTH": "202406", "MAINTENANC": "נתיבי איילון", "TRAFCODE": "10103", "TRAFTYPE": "נתיבי איילון" }, "geometry": { "type": "Point", "coordinates": [ 34.81046, 32.11915 ] } },
{ "type": "Feature", "properties": { "OID": "-1", "NUM": "91.100", "RAILNAME": "מסילת איילון", "X": "181618.3435", "Y": "667710.1159", "ROAD": "כביש 20", "HEKTOMETER": "91100.0", "LOCATION": "תל אביב, מחלף רוקח", "DESCRPTION": "גשר מסילה מעל כביש", "TRAINOVER": "כן", "STATUS": "קיימת", "YEARMONTH": "202406", "MAINTENANC": "רכבת ישראל", "TRAFCODE": "10105", "TRAFTYPE": "רכבת ישראל" }, "geometry": { "type": "Point", "coordinates": [ 34.80357, 32.1021 ] } },
{ "type": "Feature", "properties": { "OID": "-1", "NUM": "91.450", "RAILNAME": "מסילת איילון", "X": "181516.4359", "Y": "667385.2149", "ROAD": "כביש 20", "HEKTOMETER": "91450.0", "LOCATION": "תל אביב, קוטובסקי", "DESCRPTION": "גשר מסילה מעל כביש", "TRAINOVER": "כן", "STATUS": "קיימת", "YEARMONTH": "202406", "MAINTENANC": "רכבת ישראל", "TRAFCODE": "10105", "TRAFTYPE": "רכבת ישראל" }, "geometry": { "type": "Point", "coordinates": [ 34.8025, 32.09916 ] } },
{ "type": "Feature", "properties": { "OID": "-1", "NUM": "92.5", "RAILNAME": "מסילת איילון", "X": "181312.2048", "Y": "666364.8828", "ROAD": "כביש 20", "HEKTOMETER": "92500.0", "LOCATION": "תל אביב, מחלף ההלכה", "DESCRPTION": "גשר כביש מעל מסילה", "TRAINOVER": "לא", "STATUS": "קיימת", "YEARMONTH": "202406", "MAINTENANC": "נתיבי איילון", "TRAFCODE": "10103", "TRAFTYPE": "נתיבי איילון" }, "geometry": { "type": "Point", "coordinates": [ 34.80038, 32.08996 ] } },
{ "type": "Feature", "properties": { "OID": "-1", "NUM": "93.05", "RAILNAME": "מסילת איילון", "X": "181141.2533", "Y": "665829.9816", "ROAD": "כביש 20", "HEKTOMETER": "93050.0", "LOCATION": "תל אביב, תחנת רכבת סבידור מרכז", "DESCRPTION": "גשר כביש מעל מסילה", "TRAINOVER": "לא", "STATUS": "קיימת", "YEARMONTH": "202406", "MAINTENANC": "נתיבי איילון", "TRAFCODE": "10103", "TRAFTYPE": "נתיבי איילון" }, "geometry": { "type": "Point", "coordinates": [ 34.79859, 32.08513 ] } },
{ "type": "Feature", "properties": { "OID": "-1", "NUM": "93.480", "RAILNAME": "מסילת איילון", "X": "181065.0424", "Y": "665418.6361", "ROAD": "כביש 481", "HEKTOMETER": "93480.0", "LOCATION": "תל אביב, דרך בגין", "DESCRPTION": "גשר כביש מעל מסילה", "TRAINOVER": "לא", "STATUS": "קיימת", "YEARMONTH": "202406", "MAINTENANC": "נתיבי איילון", "TRAFCODE": "10103", "TRAFTYPE": "נתיבי איילון" }, "geometry": { "type": "Point", "coordinates": [ 34.7978, 32.08141 ] } },
{ "type": "Feature", "properties": { "OID": "-1", "NUM": "93.570", "RAILNAME": "מסילת איילון", "X": "181033.926", "Y": "665323.5961", "ROAD": "כביש 20", "HEKTOMETER": "93570.0", "LOCATION": "תל אביב, גשר דוד פישמן", "DESCRPTION": "גשר כביש מעל מסילה", "TRAINOVER": "לא", "STATUS": "קיימת", "YEARMONTH": "202406", "MAINTENANC": "נתיבי איילון", "TRAFCODE": "10103", "TRAFTYPE": "נתיבי איילון" }, "geometry": { "type": "Point", "coordinates": [ 34.79748, 32.08056 ] } },
{ "type": "Feature", "properties": { "OID": "-1", "NUM": "94.200", "RAILNAME": "מסילת איילון", "X": "180682.1438", "Y": "664808.992", "ROAD": "גביש 20", "HEKTOMETER": "94200.0", "LOCATION": "תל אביב, גשר מוזס", "DESCRPTION": "גשר כביש מעל מסילה", "TRAINOVER": "לא", "STATUS": "קיימת", "YEARMONTH": "202406", "MAINTENANC": "נתיבי איילון", "TRAFCODE": "10103", "TRAFTYPE": "נתיבי איילון" }, "geometry": { "type": "Point", "coordinates": [ 34.79377, 32.0759 ] } },
{ "type": "Feature", "properties": { "OID": "-1", "NUM": "94.540", "RAILNAME": "מסילת איילון", "X": "180630.5", "Y": "664490.5", "ROAD": "כביש 20", "HEKTOMETER": "94540.0", "LOCATION": "תל אביב, תחנת רכבת תל אביב השלום", "DESCRPTION": "גשר כביש מעל מסילה", "TRAINOVER": "לא", "STATUS": "קיימת", "YEARMONTH": "202406", "MAINTENANC": "נתיבי איילון", "TRAFCODE": "10103", "TRAFTYPE": "נתיבי איילון" }, "geometry": { "type": "Point", "coordinates": [ 34.79324, 32.07303 ] } },
{ "type": "Feature", "properties": { "OID": "-1", "NUM": "95.525", "RAILNAME": "מסילת איילון", "X": "180316.6383", "Y": "663569.2039", "ROAD": "כביש 20", "HEKTOMETER": "95525.0", "LOCATION": "תל אביב, יצחק שדה", "DESCRPTION": "גשר כביש מעל מסילה", "TRAINOVER": "לא", "STATUS": "קיימת", "YEARMONTH": "202406", "MAINTENANC": "נתיבי איילון", "TRAFCODE": "10103", "TRAFTYPE": "נתיבי איילון" }, "geometry": { "type": "Point", "coordinates": [ 34.78995, 32.06471 ] } },
{ "type": "Feature", "properties": { "OID": "-1", "NUM": "96.250", "RAILNAME": "מסילת איילון", "X": "179955.2691", "Y": "662972.9117", "ROAD": "כביש 20", "HEKTOMETER": "96250.0", "LOCATION": "תל אביב, לה גארדיה", "DESCRPTION": "גשר כביש מעל מסילה", "TRAINOVER": "לא", "STATUS": "קיימת", "YEARMONTH": "202406", "MAINTENANC": "נתיבי איילון", "TRAFCODE": "10103", "TRAFTYPE": "נתיבי איילון" }, "geometry": { "type": "Point", "coordinates": [ 34.78615, 32.05932 ] } },
{ "type": "Feature", "properties": { "OID": "-1", "NUM": "96.800", "RAILNAME": "מסילת איילון", "X": "179832.1673", "Y": "662436.2972", "ROAD": "כביש 1, כביש 20", "HEKTOMETER": "96800.0", "LOCATION": "תל אביב, תחנת רכבת תל אביב ההגנה", "DESCRPTION": "גשר כביש מעל מסילה", "TRAINOVER": "לא", "STATUS": "קיימת", "YEARMONTH": "202406", "MAINTENANC": "נתיבי איילון", "TRAFCODE": "10103", "TRAFTYPE": "נתיבי איילון" }, "geometry": { "type": "Point", "coordinates": [ 34.78487, 32.05448 ] } },
{ "type": "Feature", "properties": { "OID": "-1", "NUM": "96.86", "RAILNAME": "אשקלון-ראשון", "X": "179163.0", "Y": "660604.5", "ROAD": "כביש 20", "HEKTOMETER": "96860.0", "LOCATION": "חולון, מחלף חולון", "DESCRPTION": "גשר מסילה מעל כביש", "TRAINOVER": "כן", "STATUS": "קיימת", "YEARMONTH": "202406", "MAINTENANC": "רכבת ישראל", "TRAFCODE": "10105", "TRAFTYPE": "רכבת ישראל" }, "geometry": { "type": "Point", "coordinates": [ 34.77786, 32.03793 ] } },
{ "type": "Feature", "properties": { "OID": "-1", "NUM": "97.66", "RAILNAME": "אשקלון-ראשון", "X": "179731.0", "Y": "661617.0", "ROAD": "כביש 20", "HEKTOMETER": "97660.0", "LOCATION": "תל אביב, מחלף חיל השריון", "DESCRPTION": "גשר מסילה מעל כביש", "TRAINOVER": "כן", "STATUS": "קיימת", "YEARMONTH": "202406", "MAINTENANC": "רכבת ישראל", "TRAFCODE": "10105", "TRAFTYPE": "רכבת ישראל" }, "geometry": { "type": "Point", "coordinates": [ 34.78383, 32.04709 ] } },
{ "type": "Feature", "properties": { "OID": "-1", "NUM": "97.680", "RAILNAME": "תל אביב-לוד", "X": "180019.4895", "Y": "661603.7923", "ROAD": "כביש 461", "HEKTOMETER": "97680.0", "LOCATION": "גבעתיים, קיבוץ גלויות", "DESCRPTION": "גשר כביש מעל מסילה", "TRAINOVER": "לא", "STATUS": "קיימת", "YEARMONTH": "202406", "MAINTENANC": "נתיבי איילון", "TRAFCODE": "10103", "TRAFTYPE": "נתיבי איילון" }, "geometry": { "type": "Point", "coordinates": [ 34.78688, 32.04698 ] } },
{ "type": "Feature", "properties": { "OID": "-1", "NUM": "98.78", "RAILNAME": "אשקלון-ראשון", "X": "179234.5", "Y": "660665.5", "ROAD": "כביש 44", "HEKTOMETER": "98780.0", "LOCATION": "חולון, דרך בן צבימחלף חולון", "DESCRPTION": "גשר מסילה מעל כביש", "TRAINOVER": "כן", "STATUS": "קיימת", "YEARMONTH": "202406", "MAINTENANC": "רכבת ישראל", "TRAFCODE": "10105", "TRAFTYPE": "רכבת ישראל" }, "geometry": { "type": "Point", "coordinates": [ 34.77861, 32.03849 ] } },
{ "type": "Feature", "properties": { "OID": "-1", "NUM": "99.75", "RAILNAME": "אשקלון-ראשון", "X": "178333.5794", "Y": "660470.4101", "ROAD": "כביש 20", "HEKTOMETER": "99750.0", "LOCATION": "חולון, תל גיבורים", "DESCRPTION": "גשר כביש מעל מסילה", "TRAINOVER": "לא", "STATUS": "קיימת", "YEARMONTH": "202406", "MAINTENANC": "נתיבי איילון", "TRAFCODE": "10103", "TRAFTYPE": "נתיבי איילון" }, "geometry": { "type": "Point", "coordinates": [ 34.76908, 32.0367 ] } },
{ "type": "Feature", "properties": { "OID": "-1", "NUM": "100.66", "RAILNAME": "אשקלון-ראשון", "X": "177517.6635", "Y": "660508.1549", "ROAD": "כביש 20", "HEKTOMETER": "100660.0", "LOCATION": "חולון, היינריך היינה", "DESCRPTION": "גשר כביש מעל מסילה", "TRAINOVER": "לא", "STATUS": "קיימת", "YEARMONTH": "202406", "MAINTENANC": "נתיבי איילון", "TRAFCODE": "10103", "TRAFTYPE": "נתיבי איילון" }, "geometry": { "type": "Point", "coordinates": [ 34.76044, 32.03701 ] } },
{ "type": "Feature", "properties": { "OID": "-1", "NUM": "100.800", "RAILNAME": "אשקלון-ראשון", "X": "177452.8603", "Y": "660358.0325", "ROAD": "כביש 20", "HEKTOMETER": "100800.0", "LOCATION": "חולון, תחנת רכבת חולון-וולפסון", "DESCRPTION": "גשר כביש מעל מסילה", "TRAINOVER": "לא", "STATUS": "קיימת", "YEARMONTH": "202406", "MAINTENANC": "נתיבי איילון", "TRAFCODE": "10103", "TRAFTYPE": "נתיבי איילון" }, "geometry": { "type": "Point", "coordinates": [ 34.75976, 32.03565 ] } },
{ "type": "Feature", "properties": { "OID": "-1", "NUM": "102.200", "RAILNAME": "אשקלון-ראשון", "X": "177549.0", "Y": "658994.0", "ROAD": "כביש 20", "HEKTOMETER": "102200.0", "LOCATION": "בת ים/חולון, מחלף דב הוז", "DESCRPTION": "גשר כביש מעל מסילה", "TRAINOVER": "לא", "STATUS": "קיימת", "YEARMONTH": "202406", "MAINTENANC": "נתיבי איילון", "TRAFCODE": "10103", "TRAFTYPE": "נתיבי איילון" }, "geometry": { "type": "Point", "coordinates": [ 34.76084, 32.02335 ] } },
{ "type": "Feature", "properties": { "OID": "-1", "NUM": "103.100", "RAILNAME": "אשקלון-ראשון", "X": "177660.0", "Y": "658080.0", "ROAD": "כביש 20", "HEKTOMETER": "103100.0", "LOCATION": "בת ים, תחנת רכבת בת ים יוספטל", "DESCRPTION": "גשר כביש מעל מסילה", "TRAINOVER": "לא", "STATUS": "קיימת", "YEARMONTH": "202406", "MAINTENANC": "נתיבי איילון", "TRAFCODE": "10103", "TRAFTYPE": "נתיבי איילון" }, "geometry": { "type": "Point", "coordinates": [ 34.76205, 32.01511 ] } },
{ "type": "Feature", "properties": { "OID": "-1", "NUM": "104.130", "RAILNAME": "אשקלון-ראשון", "X": "177541.5", "Y": "657088.5", "ROAD": "כביש 20", "HEKTOMETER": "104130.0", "LOCATION": "בת ים, מקטע בין מחלף קוממיותלמחלף יוספטל", "DESCRPTION": "גשר הולכי רגל מעל מסילה", "TRAINOVER": "לא", "STATUS": "קיימת", "YEARMONTH": "202406", "MAINTENANC": "נתיבי איילון", "TRAFCODE": "10103", "TRAFTYPE": "נתיבי איילון" }, "geometry": { "type": "Point", "coordinates": [ 34.76084, 32.00617 ] } },
{ "type": "Feature", "properties": { "OID": "-1", "NUM": "104.68", "RAILNAME": "אשקלון-ראשון", "X": "177406.5", "Y": "656555.5", "ROAD": "כביש 20", "HEKTOMETER": "104680.0", "LOCATION": "בת ים, מחלף קוממיות", "DESCRPTION": "גשר כביש מעל מסילה", "TRAINOVER": "לא", "STATUS": "קיימת", "YEARMONTH": "202406", "MAINTENANC": "נתיבי איילון", "TRAFCODE": "10103", "TRAFTYPE": "נתיבי איילון" }, "geometry": { "type": "Point", "coordinates": [ 34.75944, 32.00136 ] } },
{ "type": "Feature", "properties": { "OID": "-1", "NUM": "105.740", "RAILNAME": "אשקלון-ראשון", "X": "177263.5", "Y": "655509.5", "ROAD": "כביש 20", "HEKTOMETER": "105740.0", "LOCATION": "בת ים/חולון, גשר האצ\"ל", "DESCRPTION": "גשר כביש מעל מסילה", "TRAINOVER": "לא", "STATUS": "קיימת", "YEARMONTH": "202406", "MAINTENANC": "נתיבי איילון", "TRAFCODE": "10103", "TRAFTYPE": "נתיבי איילון" }, "geometry": { "type": "Point", "coordinates": [ 34.75797, 31.99192 ] } },
{ "type": "Feature", "properties": { "OID": "-1", "NUM": "106.135", "RAILNAME": "צ.רמז - יד מרדכי", "X": "190830.0611", "Y": "654104.7756", "ROAD": "כביש 1", "HEKTOMETER": "106135.0", "LOCATION": "מזרחית לזיתן, בין מחלף בן גוריון למחלף לוז", "DESCRPTION": "גשר כביש מעל מסילה", "TRAINOVER": "לא", "STATUS": "קיימת", "YEARMONTH": "202406", "MAINTENANC": "נתיבי ישראל", "TRAFCODE": "10101", "TRAFTYPE": "נתיבי ישראל" }, "geometry": { "type": "Point", "coordinates": [ 34.90157, 31.97968 ] } },
{ "type": "Feature", "properties": { "OID": "-1", "NUM": "106.2", "RAILNAME": "אשקלון-ראשון", "X": "177194.5", "Y": "655011.5", "ROAD": "כביש 20", "HEKTOMETER": "106200.0", "LOCATION": "ראשון לציון, תחנת רכבת ראשון לציון", "DESCRPTION": "גשר כביש מעל מסילה", "TRAINOVER": "לא", "STATUS": "קיימת", "YEARMONTH": "202406", "MAINTENANC": "נתע", "TRAFCODE": "10104", "TRAFTYPE": "נתע" }, "geometry": { "type": "Point", "coordinates": [ 34.75726, 31.98743 ] } },
{ "type": "Feature", "properties": { "OID": "-1", "NUM": "107.100", "RAILNAME": "אשקלון-ראשון", "X": "177076.5", "Y": "654147.5", "ROAD": "כביש 20", "HEKTOMETER": "107100.0", "LOCATION": "ראשון לציון, גשר יצחק רבין", "DESCRPTION": "גשר כביש מעל מסילה", "TRAINOVER": "לא", "STATUS": "קיימת", "YEARMONTH": "202406", "MAINTENANC": "נתיבי איילון", "TRAFCODE": "10103", "TRAFTYPE": "נתיבי איילון" }, "geometry": { "type": "Point", "coordinates": [ 34.75605, 31.97963 ] } },
{ "type": "Feature", "properties": { "OID": "-1", "NUM": "108.25", "RAILNAME": "תל אביב - פלשת", "X": "177183.0", "Y": "652975.5", "ROAD": "כביש 431", "HEKTOMETER": "108250.0", "LOCATION": "מחלף מבוא איילון, כביש 431 מעל מסילה", "DESCRPTION": "גשר כלי רכב מעל מסילה", "TRAINOVER": "לא", "STATUS": "קיימת", "YEARMONTH": "202406", "MAINTENANC": "נתיבי ישראל", "TRAFCODE": "10101", "TRAFTYPE": "נתיבי ישראל" }, "geometry": { "type": "Point", "coordinates": [ 34.75723, 31.96907 ] } },
{ "type": "Feature", "properties": { "OID": "-1", "NUM": "108.460", "RAILNAME": "מסילה מזרחית-ראש העין לוד", "X": "190250.5626", "Y": "651906.9359", "ROAD": "כביש 4404", "HEKTOMETER": "108460.0", "LOCATION": "לוד, פינסקר", "DESCRPTION": "גשר הולכי רגל מעל מסילה", "TRAINOVER": "לא", "STATUS": "קיימת", "YEARMONTH": "202406", "MAINTENANC": "רכבת ישראל", "TRAFCODE": "10105", "TRAFTYPE": "רכבת ישראל" }, "geometry": { "type": "Point", "coordinates": [ 34.8955, 31.95984 ] } },
{ "type": "Feature", "properties": { "OID": "-1", "NUM": "110.070", "RAILNAME": "אשקלון-ראשון", "X": "177178.5", "Y": "651243.5", "ROAD": "כביש 4", "HEKTOMETER": "110070.0", "LOCATION": "גן שורק, איילון דרום", "DESCRPTION": "גשר מסילה מעל כביש", "TRAINOVER": "כן", "STATUS": "קיימת", "YEARMONTH": "202406", "MAINTENANC": "רכבת ישראל", "TRAFCODE": "10105", "TRAFTYPE": "רכבת ישראל" }, "geometry": { "type": "Point", "coordinates": [ 34.75726, 31.95345 ] } },
{ "type": "Feature", "properties": { "OID": "-1", "NUM": "112.880", "RAILNAME": "אשקלון-ראשון", "X": "175693.0", "Y": "648929.5", "ROAD": "כביש 4311", "HEKTOMETER": "112880.0", "LOCATION": "גן שורק, גן לאומי נחל שורק", "DESCRPTION": "גשר מסילה מעל כביש", "TRAINOVER": "כן", "STATUS": "קיימת", "YEARMONTH": "202406", "MAINTENANC": "רכבת ישראל", "TRAFCODE": "10105", "TRAFTYPE": "רכבת ישראל" }, "geometry": { "type": "Point", "coordinates": [ 34.74165, 31.93252 ] } },
{ "type": "Feature", "properties": { "OID": "-1", "NUM": "113.520", "RAILNAME": "אשקלון-ראשון", "X": "175626.0", "Y": "648296.0", "ROAD": "כביש 4", "HEKTOMETER": "113520.0", "LOCATION": "יבנה, נחל שורק", "DESCRPTION": "גשר מסילה מעל שביל עפר", "TRAINOVER": "כן", "STATUS": "קיימת", "YEARMONTH": "202406", "MAINTENANC": "רכבת ישראל", "TRAFCODE": "10105", "TRAFTYPE": "רכבת ישראל" }, "geometry": { "type": "Point", "coordinates": [ 34.74097, 31.92681 ] } },
{ "type": "Feature", "properties": { "OID": "-1", "NUM": "115.430", "RAILNAME": "אשדוד באר יעקב", "X": "184373.5191", "Y": "648866.5774", "ROAD": "כביש 431", "HEKTOMETER": "115430.0", "LOCATION": "באר יעקב, איילה", "DESCRPTION": "גשר מסילה מעל כביש", "TRAINOVER": "כן", "STATUS": "קיימת", "YEARMONTH": "202406", "MAINTENANC": "רכבת ישראל", "TRAFCODE": "10105", "TRAFTYPE": "רכבת ישראל" }, "geometry": { "type": "Point", "coordinates": [ 34.83345, 31.93226 ] } },
{ "type": "Feature", "properties": { "OID": "-1", "NUM": "115.920", "RAILNAME": "אשדוד באר יעקב", "X": "183883.2074", "Y": "648926.9703", "ROAD": "כביש 431", "HEKTOMETER": "115920.0", "LOCATION": "באר יעקב, מערבית לתחנת רכבת באר יעקב מערב", "DESCRPTION": "גשר מסילה מעל כביש", "TRAINOVER": "כן", "STATUS": "קיימת", "YEARMONTH": "202406", "MAINTENANC": "רכבת ישראל", "TRAFCODE": "10105", "TRAFTYPE": "רכבת ישראל" }, "geometry": { "type": "Point", "coordinates": [ 34.82826, 31.93279 ] } },
{ "type": "Feature", "properties": { "OID": "-1", "NUM": "117.86", "RAILNAME": "אשקלון-ראשון", "X": "174587.5", "Y": "644109.5", "ROAD": "כביש 4111", "HEKTOMETER": "117860.0", "LOCATION": "יבנה, שד' הסהנדרין", "DESCRPTION": "גשר כביש מעל מסילה", "TRAINOVER": "לא", "STATUS": "קיימת", "YEARMONTH": "202406", "MAINTENANC": "נתיבי ישראל", "TRAFCODE": "10101", "TRAFTYPE": "נתיבי ישראל" }, "geometry": { "type": "Point", "coordinates": [ 34.73018, 31.88901 ] } },
{ "type": "Feature", "properties": { "OID": "-1", "NUM": "119.05", "RAILNAME": "אשדוד באר יעקב", "X": "182258.0771", "Y": "646855.1544", "ROAD": "כביש 423", "HEKTOMETER": "119050.0", "LOCATION": "רחובות, שד' מנחם בגין", "DESCRPTION": "גשר מסילה מעל כביש", "TRAINOVER": "כן", "STATUS": "קיימת", "YEARMONTH": "202406", "MAINTENANC": "רכבת ישראל", "TRAFCODE": "10105", "TRAFTYPE": "רכבת ישראל" }, "geometry": { "type": "Point", "coordinates": [ 34.81115, 31.91405 ] } },
{ "type": "Feature", "properties": { "OID": "-1", "NUM": "120.365", "RAILNAME": "אשדוד באר יעקב", "X": "181338.4817", "Y": "646005.2999", "ROAD": "כביש 412", "HEKTOMETER": "120365.0", "LOCATION": "רחובות, דרך אצ\"ל", "DESCRPTION": "גשר כביש מעל מסילה", "TRAINOVER": "לא", "STATUS": "קיימת", "YEARMONTH": "202406", "MAINTENANC": "רכבת ישראל", "TRAFCODE": "10105", "TRAFTYPE": "רכבת ישראל" }, "geometry": { "type": "Point", "coordinates": [ 34.80146, 31.90636 ] } },
{ "type": "Feature", "properties": { "OID": "-1", "NUM": "122.88", "RAILNAME": "אשקלון-ראשון", "X": "173409.5", "Y": "639461.5", "ROAD": "מזרחית לכביש 4", "HEKTOMETER": "122880.0", "LOCATION": "דרום מערבית לבן זכאי, מזרחי למחלף שאשדוד צפון", "DESCRPTION": "גשר מסילה מעל שביל עפר", "TRAINOVER": "כן", "STATUS": "קיימת", "YEARMONTH": "202406", "MAINTENANC": "רכבת ישראל", "TRAFCODE": "10105", "TRAFTYPE": "רכבת ישראל" }, "geometry": { "type": "Point", "coordinates": [ 34.71795, 31.84705 ] } },
{ "type": "Feature", "properties": { "OID": "-1", "NUM": "123.54", "RAILNAME": "אשדוד באר יעקב", "X": "179028.4178", "Y": "644008.1953", "ROAD": "כביש 411", "HEKTOMETER": "123540.0", "LOCATION": "רחובות, מרומי מנאות כרמים", "DESCRPTION": "גשר כביש מעל מסילה", "TRAINOVER": "לא", "STATUS": "קיימת", "YEARMONTH": "202406", "MAINTENANC": "נתיבי ישראל", "TRAFCODE": "10101", "TRAFTYPE": "נתיבי ישראל" }, "geometry": { "type": "Point", "coordinates": [ 34.77713, 31.88827 ] } },
{ "type": "Feature", "properties": { "OID": "-1", "NUM": "125", "RAILNAME": "נתבג-ירושלים", "X": "190904.6214", "Y": "653199.4268", "ROAD": "כביש 40", "HEKTOMETER": "9900.0", "LOCATION": "לוד, צומת גשר לודכניסה לאתר התעשייה הצפוני", "DESCRPTION": "גשר מסילה מעל כביש", "TRAINOVER": "כן", "STATUS": "קיימת", "YEARMONTH": "202406", "MAINTENANC": "רכבת ישראל", "TRAFCODE": "10105", "TRAFTYPE": "רכבת ישראל" }, "geometry": { "type": "Point", "coordinates": [ 34.90238, 31.97151 ] } },
{ "type": "Feature", "properties": { "OID": "-1", "NUM": "126.830", "RAILNAME": "אשדוד באר יעקב", "X": "176679.26", "Y": "641710.2474", "ROAD": "כביש 410", "HEKTOMETER": "126830.0", "LOCATION": "יבנה, ממזרח לרמות בן צבי", "DESCRPTION": "גשר מסילה מעל שביל עפר", "TRAINOVER": "כן", "STATUS": "קיימת", "YEARMONTH": "202406", "MAINTENANC": "רכבת ישראל", "TRAFCODE": "10105", "TRAFTYPE": "רכבת ישראל" }, "geometry": { "type": "Point", "coordinates": [ 34.7524, 31.86746 ] } },
{ "type": "Feature", "properties": { "OID": "-1", "NUM": "127", "RAILNAME": "תל אביב-לוד", "X": "189542.9024", "Y": "651633.285", "ROAD": "כביש 40", "HEKTOMETER": "17850.0", "LOCATION": "לוד, שד' ריסר מיכה כביש לשכונת גני אביב", "DESCRPTION": "גשר מסילה מעל כביש", "TRAINOVER": "כן", "STATUS": "קיימת", "YEARMONTH": "202406", "MAINTENANC": "רכבת ישראל", "TRAFCODE": "10105", "TRAFTYPE": "רכבת ישראל" }, "geometry": { "type": "Point", "coordinates": [ 34.88802, 31.95735 ] } },
{ "type": "Feature", "properties": { "OID": "-1", "NUM": "128.335", "RAILNAME": "אשדוד באר יעקב", "X": "175531.2133", "Y": "640743.6791", "ROAD": "כביש 42", "HEKTOMETER": "128335.0", "LOCATION": "יבנה, העצמאות", "DESCRPTION": "גשר כביש מעל מסילה", "TRAINOVER": "לא", "STATUS": "קיימת", "YEARMONTH": "202406", "MAINTENANC": "נתיבי ישראל", "TRAFCODE": "10101", "TRAFTYPE": "נתיבי ישראל" }, "geometry": { "type": "Point", "coordinates": [ 34.74031, 31.8587 ] } },
{ "type": "Feature", "properties": { "OID": "-1", "NUM": "129.8", "RAILNAME": "אשדוד באר יעקב", "X": "174422.7447", "Y": "639803.641", "ROAD": "כביש 42", "HEKTOMETER": "129800.0", "LOCATION": "יבנה, דרומי לבן זכאי", "DESCRPTION": "גשר הולכי רגל מעל מסילה", "TRAINOVER": "לא", "STATUS": "קיימת", "YEARMONTH": "202406", "MAINTENANC": "רכבת ישראל", "TRAFCODE": "10105", "TRAFTYPE": "רכבת ישראל" }, "geometry": { "type": "Point", "coordinates": [ 34.72864, 31.85018 ] } },
{ "type": "Feature", "properties": { "OID": "-1", "NUM": "132", "RAILNAME": "צ.חמד - הרצליה", "X": "187337.8312", "Y": "649896.7162", "ROAD": "כביש 44", "HEKTOMETER": "112100.0", "LOCATION": "רמלה, קצה צפוני של רמלה", "DESCRPTION": "גשר חקלאי מעל מסילה", "TRAINOVER": "לא", "STATUS": "קיימת", "YEARMONTH": "202406", "MAINTENANC": "רמלה", "TRAFCODE": "8500", "TRAFTYPE": "רשות מקומית" }, "geometry": { "type": "Point", "coordinates": [ 34.86476, 31.94163 ] } },
{ "type": "Feature", "properties": { "OID": "-1", "NUM": "133", "RAILNAME": "אשדוד באר יעקב", "X": "184904.0", "Y": "649248.5", "ROAD": "ז'בוטינסקי, באר יעקב", "HEKTOMETER": "114750.0", "LOCATION": "באר יעקב, ז'בוטינסקי", "DESCRPTION": "גשר מסילה מעל כביש", "TRAINOVER": "כן", "STATUS": "קיימת", "YEARMONTH": "202406", "MAINTENANC": "רכבת ישראל", "TRAFCODE": "10105", "TRAFTYPE": "רכבת ישראל" }, "geometry": { "type": "Point", "coordinates": [ 34.83904, 31.93572 ] } },
{ "type": "Feature", "properties": { "OID": "-1", "NUM": "134.380", "RAILNAME": "אשקלון-ראשון", "X": "171650.4439", "Y": "636189.2918", "ROAD": "כביש 4", "HEKTOMETER": "134380.0", "LOCATION": "מזרחית לבני דרום, צפוני ממחלף שאשדוד", "DESCRPTION": "גשר חקלאי מעל מסילה", "TRAINOVER": "לא", "STATUS": "קיימת", "YEARMONTH": "202406", "MAINTENANC": "רכבת ישראל לקונסטרוקציה בל", "TRAFCODE": "10105", "TRAFTYPE": "רכבת ישראל" }, "geometry": { "type": "Point", "coordinates": [ 34.69953, 31.81747 ] } },
{ "type": "Feature", "properties": { "OID": "-1", "NUM": "134.500", "RAILNAME": "אשקלון-ראשון", "X": "171569.3973", "Y": "636094.2312", "ROAD": "כביש 4", "HEKTOMETER": "134500.0", "LOCATION": "מזרחית לבני דרום, מחלף אשדוד", "DESCRPTION": "גשר כביש מעל מסילה", "TRAINOVER": "לא", "STATUS": "קיימת", "YEARMONTH": "202406", "MAINTENANC": "נתיבי ישראל", "TRAFCODE": "10101", "TRAFTYPE": "נתיבי ישראל" }, "geometry": { "type": "Point", "coordinates": [ 34.69868, 31.81661 ] } },
{ "type": "Feature", "properties": { "OID": "-1", "NUM": "139", "RAILNAME": "אשדוד באר יעקב", "X": "181703.5567", "Y": "646214.8991", "ROAD": "מעצ 412", "HEKTOMETER": "119950.0", "LOCATION": "רחובות, הרצל", "DESCRPTION": "גשר כביש מעל מסילה", "TRAINOVER": "לא", "STATUS": "קיימת", "YEARMONTH": "202406", "MAINTENANC": "אין מידע", "TRAFCODE": "0", "TRAFTYPE": "אין מידע" }, "geometry": { "type": "Point", "coordinates": [ 34.80531, 31.90826 ] } },
{ "type": "Feature", "properties": { "OID": "-1", "NUM": "140.000", "RAILNAME": "אשקלון-ראשון", "X": "168513.0489", "Y": "631722.2747", "ROAD": "כביש 4", "HEKTOMETER": "140000.0", "LOCATION": "אשדוד, דרך מנחם בגין", "DESCRPTION": "גשר כביש מעל מסילה", "TRAINOVER": "לא", "STATUS": "קיימת", "YEARMONTH": "202406", "MAINTENANC": "נתיבי ישראל", "TRAFCODE": "10101", "TRAFTYPE": "נתיבי ישראל" }, "geometry": { "type": "Point", "coordinates": [ 34.66663, 31.77705 ] } },
{ "type": "Feature", "properties": { "OID": "-1", "NUM": "143", "RAILNAME": "אשדוד באר יעקב", "X": "180328.8171", "Y": "644634.9462", "ROAD": "מעצ 410", "HEKTOMETER": "122100.0", "LOCATION": "רחובות, דרך גד כניסה לכפר גבירול", "DESCRPTION": "גשר כביש מעל מסילה", "TRAINOVER": "לא", "STATUS": "קיימת", "YEARMONTH": "202406", "MAINTENANC": "עיריית רחובות", "TRAFCODE": "8400", "TRAFTYPE": "רשות מקומית" }, "geometry": { "type": "Point", "coordinates": [ 34.79084, 31.89396 ] } },
{ "type": "Feature", "properties": { "OID": "-1", "NUM": "145", "RAILNAME": "אשדוד באר יעקב", "X": "177149.6999", "Y": "642184.4963", "ROAD": "מעצ 410", "HEKTOMETER": "126160.0", "LOCATION": "בית גמליאל, כביש כניסה ליישוב", "DESCRPTION": "גשר כביש מעל מסילה", "TRAINOVER": "לא", "STATUS": "קיימת", "YEARMONTH": "202406", "MAINTENANC": "נתיבי ישראל", "TRAFCODE": "10101", "TRAFTYPE": "נתיבי ישראל" }, "geometry": { "type": "Point", "coordinates": [ 34.75735, 31.87175 ] } },
{ "type": "Feature", "properties": { "OID": "-1", "NUM": "149", "RAILNAME": "אשדוד-באר יעקב אשקלון-ראשוןנמל אשדוד", "X": "173403.7257", "Y": "638843.7555", "ROAD": "מזרחית לכביש 4", "HEKTOMETER": "123500.0", "LOCATION": "מערבית לכפר אביב, צלע מזרחית במשולש פלשת", "DESCRPTION": "גשר מסילה מעל מסילה", "TRAINOVER": "כן", "STATUS": "קיימת", "YEARMONTH": "202406", "MAINTENANC": "רכבת ישראל", "TRAFCODE": "10105", "TRAFTYPE": "רכבת ישראל" }, "geometry": { "type": "Point", "coordinates": [ 34.71792, 31.84148 ] } },
{ "type": "Feature", "properties": { "OID": "-1", "NUM": "150", "RAILNAME": "אשקלון-ראשון", "X": "172188.7593", "Y": "636907.1431", "ROAD": "כביש 41", "HEKTOMETER": "133485.0", "LOCATION": "אשדוד, בין מחלף אשדוד לצומת בני דרום", "DESCRPTION": "גשר כביש מעל מסילה", "TRAINOVER": "לא", "STATUS": "קיימת", "YEARMONTH": "202406", "MAINTENANC": "נתיבי ישראל", "TRAFCODE": "10101", "TRAFTYPE": "נתיבי ישראל" }, "geometry": { "type": "Point", "coordinates": [ 34.70518, 31.82397 ] } },
{ "type": "Feature", "properties": { "OID": "-1", "NUM": "152.530", "RAILNAME": "אשקלון-ראשון", "X": "162554.0797", "Y": "620943.807", "ROAD": "ממערב לכביש 4", "HEKTOMETER": "152530.0", "LOCATION": "אשקלון, שד' מנחם בגין", "DESCRPTION": "גשר כביש מעל מסילה", "TRAINOVER": "לא", "STATUS": "קיימת", "YEARMONTH": "202406", "MAINTENANC": "אין מידע", "TRAFCODE": "0", "TRAFTYPE": "אין מידע" }, "geometry": { "type": "Point", "coordinates": [ 34.60435, 31.67957 ] } },
{ "type": "Feature", "properties": { "OID": "-1", "NUM": "179", "RAILNAME": "מסילת ירקון אוניברסיטה-ראש העין", "X": "183902.8197", "Y": "667819.9527", "ROAD": "כביש 482", "HEKTOMETER": "2835.0", "LOCATION": "בני ברק, מבצע קדש", "DESCRPTION": "גשר כביש מעל מסילה", "TRAINOVER": "לא", "STATUS": "קיימת", "YEARMONTH": "202406", "MAINTENANC": "אין מידע", "TRAFCODE": "0", "TRAFTYPE": "אין מידע" }, "geometry": { "type": "Point", "coordinates": [ 34.82777, 32.10316 ] } },
{ "type": "Feature", "properties": { "OID": "-1", "NUM": "202", "RAILNAME": "תל אביב-לוד", "X": "186194.3485", "Y": "655678.2636", "ROAD": "כביש 4402", "HEKTOMETER": "12585.0", "LOCATION": "כפר חבד, אדמור האמצעי", "DESCRPTION": "גשר כביש מעל מסילה", "TRAINOVER": "לא", "STATUS": "בביצוע", "YEARMONTH": "202406", "MAINTENANC": "רכבת ישראל", "TRAFCODE": "10105", "TRAFTYPE": "רכבת ישראל" }, "geometry": { "type": "Point", "coordinates": [ 34.85247, 31.99374 ] } },
{ "type": "Feature", "properties": { "OID": "-1", "NUM": "208", "RAILNAME": "תל אביב-לוד", "X": "187762.5", "Y": "649511.5", "ROAD": "כביש 44", "HEKTOMETER": "20430.0", "LOCATION": "רמלה, החשמונאים", "DESCRPTION": "גשר כביש מעל מסילה", "TRAINOVER": "לא", "STATUS": "קיימת", "YEARMONTH": "202406", "MAINTENANC": "נתיבי ישראל", "TRAFCODE": "10101", "TRAFTYPE": "נתיבי ישראל" }, "geometry": { "type": "Point", "coordinates": [ 34.86926, 31.93817 ] } },
{ "type": "Feature", "properties": { "OID": "-1", "NUM": "215", "RAILNAME": "תל אביב-לוד", "X": "188343.0", "Y": "643022.0", "ROAD": "כביש 6", "HEKTOMETER": "27670.0", "LOCATION": "מזרחית לגני הדר, בין גני הדר לכביש 6 תחנת נען", "DESCRPTION": "גשר כביש מעל מסילה", "TRAINOVER": "לא", "STATUS": "קיימת", "YEARMONTH": "202406", "MAINTENANC": "מועצה אזורית גזר", "TRAFCODE": "7600", "TRAFTYPE": "רשות מקומית" }, "geometry": { "type": "Point", "coordinates": [ 34.87561, 31.87967 ] } },
{ "type": "Feature", "properties": { "OID": "-1", "NUM": "217", "RAILNAME": "תא דרום - ירושלים", "X": "187817.2505", "Y": "638014.9841", "ROAD": "כביש 411", "HEKTOMETER": "33600.0", "LOCATION": "מערבית לחולדה, כביש 411", "DESCRPTION": "גשר מסילה מעל כביש", "TRAINOVER": "כן", "STATUS": "קיימת", "YEARMONTH": "202406", "MAINTENANC": "רכבת ישראל", "TRAFCODE": "10105", "TRAFTYPE": "רכבת ישראל" }, "geometry": { "type": "Point", "coordinates": [ 34.87022, 31.8345 ] } },
{ "type": "Feature", "properties": { "OID": "-1", "NUM": "244", "RAILNAME": "לוד-קריית גת", "X": "186333.2891", "Y": "638487.7411", "ROAD": "כביש 431", "HEKTOMETER": "3920.0", "LOCATION": "מזכרת בתיה, דרומית לתחנת רכבת מזכרת בתיה", "DESCRPTION": "גשר כביש מעל מסילה", "TRAINOVER": "לא", "STATUS": "קיימת", "YEARMONTH": "202406", "MAINTENANC": "נתיבי ישראל", "TRAFCODE": "10101", "TRAFTYPE": "נתיבי ישראל" }, "geometry": { "type": "Point", "coordinates": [ 34.85452, 31.83872 ] } },
{ "type": "Feature", "properties": { "OID": "-1", "NUM": "248", "RAILNAME": "לוד-קריית גת", "X": "183251.6951", "Y": "628165.7311", "ROAD": "כביש 6", "HEKTOMETER": "15080.0", "LOCATION": "כפר מנחם, שדות קיבוץ שדה מנחם", "DESCRPTION": "גשר כביש מעל מסילה", "TRAINOVER": "לא", "STATUS": "קיימת", "YEARMONTH": "202406", "MAINTENANC": "אין מידע", "TRAFCODE": "0", "TRAFTYPE": "אין מידע" }, "geometry": { "type": "Point", "coordinates": [ 34.82235, 31.74554 ] } },
{ "type": "Feature", "properties": { "OID": "-1", "NUM": "249", "RAILNAME": "לוד-קריית גת", "X": "183209.1173", "Y": "627352.7454", "ROAD": "כביש 6", "HEKTOMETER": "15880.0", "LOCATION": "כפר מנחם, שדות קיבוץ שדה מנחם", "DESCRPTION": "גשר כביש מעל מסילה", "TRAINOVER": "לא", "STATUS": "קיימת", "YEARMONTH": "202406", "MAINTENANC": "אין מידע", "TRAFCODE": "0", "TRAFTYPE": "אין מידע" }, "geometry": { "type": "Point", "coordinates": [ 34.82193, 31.73821 ] } },
{ "type": "Feature", "properties": { "OID": "-1", "NUM": "2.250", "RAILNAME": "רעננה - ראש העין", "X": "193225.9", "Y": "674530.1", "ROAD": "כביש 40", "HEKTOMETER": "2250.0", "LOCATION": "כפר סבא, מחלף אלישמע", "DESCRPTION": "גשר כביש מעל מסילה", "TRAINOVER": "לא", "STATUS": "קיימת", "YEARMONTH": "202406", "MAINTENANC": "נתיבי ישראל", "TRAFCODE": "10101", "TRAFTYPE": "נתיבי ישראל" }, "geometry": { "type": "Point", "coordinates": [ 34.92636, 32.16393 ] } },
{ "type": "Feature", "properties": { "OID": "-1", "NUM": "6.100", "RAILNAME": "הרצליה - רעננה", "X": "189561.3", "Y": "675512.6", "ROAD": "כביש 531", "HEKTOMETER": "6100.0", "LOCATION": "רעננה, מחלף רעננה דרום", "DESCRPTION": "גשר כביש מעל מסילה", "TRAINOVER": "לא", "STATUS": "קיימת", "YEARMONTH": "202406", "MAINTENANC": "נתיבי ישראל", "TRAFCODE": "10101", "TRAFTYPE": "נתיבי ישראל" }, "geometry": { "type": "Point", "coordinates": [ 34.88748, 32.1727 ] } },
{ "type": "Feature", "properties": { "OID": "-1", "NUM": "251", "RAILNAME": "קרית מלאכי - קריית גת", "X": "179662.0", "Y": "619137.0", "ROAD": "כביש 3553", "HEKTOMETER": "25000.0", "LOCATION": "ורדון, ממזרח מורדון", "DESCRPTION": "גשר כביש מעל מסילה", "TRAINOVER": "לא", "STATUS": "קיימת", "YEARMONTH": "202406", "MAINTENANC": "נתיבי ישראל", "TRAFCODE": "10101", "TRAFTYPE": "נתיבי ישראל" }, "geometry": { "type": "Point", "coordinates": [ 34.78484, 31.664 ] } },
{ "type": "Feature", "properties": { "OID": "-1", "NUM": "49.360", "RAILNAME": "רמלה - בית שמש", "X": "198266.1", "Y": "629403.5", "ROAD": "כביש 3835", "HEKTOMETER": "49360.0", "LOCATION": "בית שמש, מזרחה מצומת כביש 3835 - כביש 38", "DESCRPTION": "גשר כביש מעל מסילה", "TRAINOVER": "לא", "STATUS": "קיימת", "YEARMONTH": "202406", "MAINTENANC": "נתיבי ישראל", "TRAFCODE": "10101", "TRAFTYPE": "נתיבי ישראל" }, "geometry": { "type": "Point", "coordinates": [ 34.98078, 31.75708 ] } },
{ "type": "Feature", "properties": { "OID": "-1", "NUM": "49.700", "RAILNAME": "רמלה - בית שמש", "X": "198610.0", "Y": "629460.2", "ROAD": "כביש 38", "HEKTOMETER": "49700.0", "LOCATION": "בית שמש, צפונה מצומת כביש 3835 - כביש 38", "DESCRPTION": "גשר כביש מעל מסילה", "TRAINOVER": "לא", "STATUS": "קיימת", "YEARMONTH": "202406", "MAINTENANC": "נתיבי ישראל", "TRAFCODE": "10101", "TRAFTYPE": "נתיבי ישראל" }, "geometry": { "type": "Point", "coordinates": [ 34.98441, 31.7576 ] } },
{ "type": "Feature", "properties": { "OID": "-1", "NUM": "51.25", "RAILNAME": "רמלה - בית שמש", "X": "200103.0", "Y": "629098.9", "ROAD": "כביש 3855", "HEKTOMETER": "51250.0", "LOCATION": "בית שמש, עוקף בית שמש", "DESCRPTION": "גשר כביש מעל מסילה", "TRAINOVER": "לא", "STATUS": "קיימת", "YEARMONTH": "202406", "MAINTENANC": "נתיבי ישראל", "TRAFCODE": "10101", "TRAFTYPE": "נתיבי ישראל" }, "geometry": { "type": "Point", "coordinates": [ 35.00017, 31.75436 ] } },
{ "type": "Feature", "properties": { "OID": "-1", "NUM": "65.1", "RAILNAME": "בית שמש - ירושלים", "X": "208439.3", "Y": "629454.7", "ROAD": "כביש 386", "HEKTOMETER": "65100.0", "LOCATION": "בית שמש - ירושלים, דרום - מזרח ברמת רזיאל", "DESCRPTION": "גשר כביש מעל מסילה", "TRAINOVER": "לא", "STATUS": "קיימת", "YEARMONTH": "202406", "MAINTENANC": "נתיבי ישראל", "TRAFCODE": "10101", "TRAFTYPE": "נתיבי ישראל" }, "geometry": { "type": "Point", "coordinates": [ 35.08816, 31.75768 ] } },
{ "type": "Feature", "properties": { "OID": "-1", "NUM": "11.800A", "RAILNAME": "תל אביב-לוד", "X": "185654.31", "Y": "656273.1024", "ROAD": "כביש 1", "HEKTOMETER": "11780.0", "LOCATION": "כפר חב\"ד, צפוני לכפר חב\"ד", "DESCRPTION": "גשר כביש מעל מסילה", "TRAINOVER": "לא", "STATUS": "קיימת", "YEARMONTH": "202406", "MAINTENANC": "נתיבי ישראל", "TRAFCODE": "10101", "TRAFTYPE": "נתיבי ישראל" }, "geometry": { "type": "Point", "coordinates": [ 34.84673, 31.99909 ] } },
{ "type": "Feature", "properties": { "OID": "-1", "NUM": "11.800B", "RAILNAME": "תל אביב-לוד", "X": "185682.1024", "Y": "656246.6024", "ROAD": "כביש 1", "HEKTOMETER": "11810.0", "LOCATION": "כפר חב\"ד, צפוני לכפר חב\"ד", "DESCRPTION": "גשר כביש מעל מסילה", "TRAINOVER": "לא", "STATUS": "קיימת", "YEARMONTH": "202406", "MAINTENANC": "נתיבי ישראל", "TRAFCODE": "10101", "TRAFTYPE": "נתיבי ישראל" }, "geometry": { "type": "Point", "coordinates": [ 34.84703, 31.99885 ] } },
{ "type": "Feature", "properties": { "OID": "-1", "NUM": "11.875A", "RAILNAME": "תל אביב-לוד", "X": "185717.5", "Y": "656219.5", "ROAD": "כביש 1", "HEKTOMETER": "11850.0", "LOCATION": "כפר חב\"ד, צפוני לכפר חב\"ד", "DESCRPTION": "גשר כביש מעל מסילה", "TRAINOVER": "לא", "STATUS": "קיימת", "YEARMONTH": "202406", "MAINTENANC": "נתיבי ישראל", "TRAFCODE": "10101", "TRAFTYPE": "נתיבי ישראל" }, "geometry": { "type": "Point", "coordinates": [ 34.8474, 31.99861 ] } },
{ "type": "Feature", "properties": { "OID": "-1", "NUM": "11.875B", "RAILNAME": "תל אביב-לוד", "X": "185739.5", "Y": "656182.0", "ROAD": "כביש 1", "HEKTOMETER": "11900.0", "LOCATION": "כפר חב\"ד, צפוני לכפר חב\"ד", "DESCRPTION": "גשר כביש מעל מסילה", "TRAINOVER": "לא", "STATUS": "קיימת", "YEARMONTH": "202406", "MAINTENANC": "נתיבי ישראל", "TRAFCODE": "10101", "TRAFTYPE": "נתיבי ישראל" }, "geometry": { "type": "Point", "coordinates": [ 34.84764, 31.99827 ] } },
{ "type": "Feature", "properties": { "OID": "-1", "NUM": "116.800A", "RAILNAME": "אשדוד באר יעקב", "X": "182996.5", "Y": "648854.0", "ROAD": "כביש 431", "HEKTOMETER": "116825.0", "LOCATION": "בין באר יעקב לנס ציונה, ממערב לבאר יעקב", "DESCRPTION": "גשר כביש מעל מסילה", "TRAINOVER": "לא", "STATUS": "קיימת", "YEARMONTH": "202406", "MAINTENANC": "נתיבי היובל", "TRAFCODE": "70101", "TRAFTYPE": "נתיבי היובל" }, "geometry": { "type": "Point", "coordinates": [ 34.81888, 31.9321 ] } },
{ "type": "Feature", "properties": { "OID": "-1", "NUM": "116.800B", "RAILNAME": "אשדוד באר יעקב", "X": "182952.5", "Y": "648824.5", "ROAD": "כביש 431", "HEKTOMETER": "116875.0", "LOCATION": "בין באר יעקב לנס ציונה, ממערב לבאר יעקב", "DESCRPTION": "גשר כביש מעל מסילה", "TRAINOVER": "לא", "STATUS": "קיימת", "YEARMONTH": "202406", "MAINTENANC": "נתיבי היובל", "TRAFCODE": "70101", "TRAFTYPE": "נתיבי היובל" }, "geometry": { "type": "Point", "coordinates": [ 34.81842, 31.93183 ] } },
{ "type": "Feature", "properties": { "OID": "-1", "NUM": "12.35/80.800", "RAILNAME": "מסילת איילוןמסילת ירקון אוניברסיטה-ראש העין", "X": "184156.5", "Y": "677517.0", "ROAD": "כביש 531", "HEKTOMETER": "12350.0", "LOCATION": "מזרחית לכפר שמריהו, מחלף שמריהו מזרח", "DESCRPTION": "גשר כביש מעל מסילה", "TRAINOVER": "לא", "STATUS": "קיימת", "YEARMONTH": "202406", "MAINTENANC": "נתיבי איילון", "TRAFCODE": "10103", "TRAFTYPE": "נתיבי איילון" }, "geometry": { "type": "Point", "coordinates": [ 34.8301, 32.19061 ] } },
{ "type": "Feature", "properties": { "OID": "-1", "NUM": "13.225/81.650", "RAILNAME": "מסילת איילוןמסילת ירקון אוניברסיטה-ראש העין", "X": "183892.5", "Y": "676702.5", "ROAD": "כביש 20", "HEKTOMETER": "13225.0", "LOCATION": "מזרחית לכפר שמריהו, מצפון למחלף המעפילים", "DESCRPTION": "גשר חקלאי מעל מסילה", "TRAINOVER": "לא", "STATUS": "קיימת", "YEARMONTH": "202406", "MAINTENANC": "נתיבי איילון", "TRAFCODE": "10103", "TRAFTYPE": "נתיבי איילון" }, "geometry": { "type": "Point", "coordinates": [ 34.82733, 32.18326 ] } },
{ "type": "Feature", "properties": { "OID": "-1", "NUM": "13.750/81.180", "RAILNAME": "מסילת איילוןמסילת ירקון אוניברסיטה-ראש העין", "X": "183686.3531", "Y": "676224.7142", "ROAD": "כביש 20", "HEKTOMETER": "13750.0", "LOCATION": "מזרחית לכפר שמריהו, מחלף המעפילים", "DESCRPTION": "גשר כביש מעל מסילה", "TRAINOVER": "לא", "STATUS": "קיימת", "YEARMONTH": "202406", "MAINTENANC": "נתיבי איילון", "TRAFCODE": "10103", "TRAFTYPE": "נתיבי איילון" }, "geometry": { "type": "Point", "coordinates": [ 34.82516, 32.17895 ] } },
{ "type": "Feature", "properties": { "OID": "-1", "NUM": "140.000A", "RAILNAME": "אשקלון-ראשון", "X": "168503.6716", "Y": "631672.4188", "ROAD": "כביש 4", "HEKTOMETER": "140050.0", "LOCATION": "אשדוד, דרך מנחם בגין", "DESCRPTION": "גשר כביש מעל מסילה", "TRAINOVER": "לא", "STATUS": "קיימת", "YEARMONTH": "202406", "MAINTENANC": "נתיבי ישראל", "TRAFCODE": "10101", "TRAFTYPE": "נתיבי ישראל" }, "geometry": { "type": "Point", "coordinates": [ 34.66653, 31.7766 ] } },
{ "type": "Feature", "properties": { "OID": "-1", "NUM": "140.000B", "RAILNAME": "אשקלון-ראשון", "X": "168488.7752", "Y": "631644.4402", "ROAD": "כביש 4", "HEKTOMETER": "140075.0", "LOCATION": "אשדוד, דרך מנחם בגין", "DESCRPTION": "גשר כביש מעל מסילה", "TRAINOVER": "לא", "STATUS": "קיימת", "YEARMONTH": "202406", "MAINTENANC": "נתיבי ישראל", "TRAFCODE": "10101", "TRAFTYPE": "נתיבי ישראל" }, "geometry": { "type": "Point", "coordinates": [ 34.66637, 31.77635 ] } },
{ "type": "Feature", "properties": { "OID": "-1", "NUM": "26.700A", "RAILNAME": "מסילת המלך דוד", "X": "200109.2052", "Y": "640097.8858", "ROAD": "כביש 3", "HEKTOMETER": "26700.0", "LOCATION": "מערבית למבוא חורון, דרומי לנוף איילון", "DESCRPTION": "גשר מסילה מעל כביש", "TRAINOVER": "כן", "STATUS": "קיימת", "YEARMONTH": "202406", "MAINTENANC": "רכבת ישראל", "TRAFCODE": "10105", "TRAFTYPE": "רכבת ישראל" }, "geometry": { "type": "Point", "coordinates": [ 35.00002, 31.85356 ] } },
{ "type": "Feature", "properties": { "OID": "-1", "NUM": "26.700B", "RAILNAME": "מסילת המלך דוד", "X": "200080.1188", "Y": "640082.0386", "ROAD": "כביש 3", "HEKTOMETER": "26700.0", "LOCATION": "מערבית למבוא חורון, דרומי לנוף איילון", "DESCRPTION": "גשר מסילה מעל כביש", "TRAINOVER": "כן", "STATUS": "קיימת", "YEARMONTH": "202406", "MAINTENANC": "רכבת ישראל", "TRAFCODE": "10105", "TRAFTYPE": "רכבת ישראל" }, "geometry": { "type": "Point", "coordinates": [ 34.99971, 31.85341 ] } },
{ "type": "Feature", "properties": { "OID": "-1", "NUM": "31.640A", "RAILNAME": "מסילת שורק", "X": "187780.17", "Y": "639892.71", "ROAD": "כביש 6", "HEKTOMETER": "31640.0", "LOCATION": "מזרחית למזכרת בתיה, שמורת מעיינות גיבתון", "DESCRPTION": "גשר כביש מעל מסילה", "TRAINOVER": "לא", "STATUS": "קיימת", "YEARMONTH": "202406", "MAINTENANC": "דרך ארץ", "TRAFCODE": "70106", "TRAFTYPE": "דרך ארץ" }, "geometry": { "type": "Point", "coordinates": [ 34.86976, 31.85143 ] } },
{ "type": "Feature", "properties": { "OID": "-1", "NUM": "31.640B", "RAILNAME": "מסילת שורק", "X": "187786.26", "Y": "639858.38", "ROAD": "כביש 6", "HEKTOMETER": "31660.0", "LOCATION": "מזרחית למזכרת בתיה, שמורת מעיינות גיבתון", "DESCRPTION": "גשר כביש מעל מסילה", "TRAINOVER": "לא", "STATUS": "קיימת", "YEARMONTH": "202406", "MAINTENANC": "דרך ארץ", "TRAFCODE": "70106", "TRAFTYPE": "דרך ארץ" }, "geometry": { "type": "Point", "coordinates": [ 34.86983, 31.85112 ] } },
{ "type": "Feature", "properties": { "OID": "-1", "NUM": "4.8A", "RAILNAME": "מסילת ירקון אוניברסיטה-ראש העין", "X": "185822.5086", "Y": "667801.5086", "ROAD": "כביש 4", "HEKTOMETER": "4790.0", "LOCATION": "פתח תקווה, מחלף אם המושבות", "DESCRPTION": "גשר כביש מעל מסילה", "TRAINOVER": "לא", "STATUS": "קיימת", "YEARMONTH": "202406", "MAINTENANC": "נתיבי ישראל", "TRAFCODE": "10101", "TRAFTYPE": "נתיבי ישראל" }, "geometry": { "type": "Point", "coordinates": [ 34.84811, 32.10305 ] } },
{ "type": "Feature", "properties": { "OID": "-1", "NUM": "4.8B", "RAILNAME": "מסילת ירקון אוניברסיטה-ראש העין", "X": "185868.4783", "Y": "667805.095", "ROAD": "כביש 4", "HEKTOMETER": "4820.0", "LOCATION": "פתח תקווה, מחלף אם המושבות", "DESCRPTION": "גשר כביש מעל מסילה", "TRAINOVER": "לא", "STATUS": "קיימת", "YEARMONTH": "202406", "MAINTENANC": "נתיבי ישראל", "TRAFCODE": "10101", "TRAFTYPE": "נתיבי ישראל" }, "geometry": { "type": "Point", "coordinates": [ 34.84859, 32.10309 ] } },
{ "type": "Feature", "properties": { "OID": "-1", "NUM": "5.99", "RAILNAME": "גנות - ירושלים", "X": "188490.4", "Y": "656052.2", "ROAD": "כביש 1", "HEKTOMETER": "5990.0", "LOCATION": "נתב\"ג, שדרות התעופה", "DESCRPTION": "גשר כביש מעל מסילה", "TRAINOVER": "לא", "STATUS": "קיימת", "YEARMONTH": "202406", "MAINTENANC": "רכבת ישראל", "TRAFCODE": "10105", "TRAFTYPE": "רכבת ישראל" }, "geometry": { "type": "Point", "coordinates": [ 34.87675, 31.99718 ] } },
{ "type": "Feature", "properties": { "OID": "-1", "NUM": "66.75", "RAILNAME": "מסילת החוף", "X": "187782.3614", "Y": "690980.0189", "ROAD": "כביש 2", "HEKTOMETER": "66750.0", "LOCATION": "נתניה, האר\"י", "DESCRPTION": "גשר כביש מעל מסילה", "TRAINOVER": "לא", "STATUS": "קיימת", "YEARMONTH": "202406", "MAINTENANC": "אין מידע", "TRAFCODE": "0", "TRAFTYPE": "אין מידע" }, "geometry": { "type": "Point", "coordinates": [ 34.8681, 32.31213 ] } },
{ "type": "Feature", "properties": { "OID": "-1", "NUM": "73.3", "RAILNAME": "מסילת החוף", "X": "186753.928", "Y": "684531.0683", "ROAD": "כביש 553", "HEKTOMETER": "73300.0", "LOCATION": "מקטע בין בית יהושוע לכפר שמריהו, מקטע בין בית יהושוע לכפר שמריהו", "DESCRPTION": "גשר חקלאי מעל מסילה", "TRAINOVER": "לא", "STATUS": "קיימת", "YEARMONTH": "202406", "MAINTENANC": "רכבת ישראל לקונסטרוקציה בל", "TRAFCODE": "10105", "TRAFTYPE": "רכבת ישראל" }, "geometry": { "type": "Point", "coordinates": [ 34.8574, 32.25394 ] } },
{ "type": "Feature", "properties": { "OID": "-1", "NUM": "89.840", "RAILNAME": "צ. רמז - צ. גורל", "X": "193969.0", "Y": "669423.0", "ROAD": "כביש 5", "HEKTOMETER": "89840.0", "LOCATION": "ראש העין, חוצה שומרון", "DESCRPTION": "גשר כביש מעל מסילה", "TRAINOVER": "לא", "STATUS": "קיימת", "YEARMONTH": "202406", "MAINTENANC": "אין מידע", "TRAFCODE": "0", "TRAFTYPE": "אין מידע" }, "geometry": { "type": "Point", "coordinates": [ 34.93437, 32.11789 ] } },
{ "type": "Feature", "properties": { "OID": "-1", "NUM": "89.89", "RAILNAME": "צ. רמז - צ. גורל", "X": "193968.0", "Y": "669368.0", "ROAD": "כביש 5", "HEKTOMETER": "89890.0", "LOCATION": "ראש העין, חוצה שומרון", "DESCRPTION": "גשר כביש מעל מסילה", "TRAINOVER": "לא", "STATUS": "קיימת", "YEARMONTH": "202406", "MAINTENANC": "אין מידע", "TRAFCODE": "0", "TRAFTYPE": "אין מידע" }, "geometry": { "type": "Point", "coordinates": [ 34.93436, 32.11739 ] } },
{ "type": "Feature", "properties": { "OID": "-1", "NUM": "90.03", "RAILNAME": "צ. רמז - צ. גורל", "X": "193965.0", "Y": "669222.0", "ROAD": "כביש 5", "HEKTOMETER": "90030.0", "LOCATION": "ראש העין, חוצה שומרון", "DESCRPTION": "גשר כביש מעל מסילה", "TRAINOVER": "לא", "STATUS": "קיימת", "YEARMONTH": "202406", "MAINTENANC": "אין מידע", "TRAFCODE": "0", "TRAFTYPE": "אין מידע" }, "geometry": { "type": "Point", "coordinates": [ 34.93433, 32.11608 ] } },
{ "type": "Feature", "properties": { "OID": "-1", "NUM": "90.16", "RAILNAME": "צ. רמז - צ. גורל", "X": "193962.0", "Y": "669142.0", "ROAD": "כביש 5", "HEKTOMETER": "90160.0", "LOCATION": "ראש העין, חוצה שומרון", "DESCRPTION": "גשר כביש מעל מסילה", "TRAINOVER": "לא", "STATUS": "קיימת", "YEARMONTH": "202406", "MAINTENANC": "אין מידע", "TRAFCODE": "0", "TRAFTYPE": "אין מידע" }, "geometry": { "type": "Point", "coordinates": [ 34.93431, 32.11536 ] } },
{ "type": "Feature", "properties": { "OID": "-1", "NUM": "90.2", "RAILNAME": "צ. רמז - צ. גורל", "X": "193964.0", "Y": "669080.0", "ROAD": "כביש 5", "HEKTOMETER": "90200.0", "LOCATION": "ראש העין, חוצה שומרון", "DESCRPTION": "גשר כביש מעל מסילה", "TRAINOVER": "לא", "STATUS": "קיימת", "YEARMONTH": "202406", "MAINTENANC": "אין מידע", "TRAFCODE": "0", "TRAFTYPE": "אין מידע" }, "geometry": { "type": "Point", "coordinates": [ 34.93433, 32.1148 ] } },
{ "type": "Feature", "properties": { "OID": "-1", "NUM": "92.15", "RAILNAME": "צ. רמז - צ. גורל", "X": "193946.0", "Y": "667124.0", "ROAD": "כביש 483", "HEKTOMETER": "92150.0", "LOCATION": "רשא העין, ראש העין", "DESCRPTION": "גשר כביש מעל מסילה", "TRAINOVER": "לא", "STATUS": "קיימת", "YEARMONTH": "202406", "MAINTENANC": "אין מידע", "TRAFCODE": "0", "TRAFTYPE": "אין מידע" }, "geometry": { "type": "Point", "coordinates": [ 34.93419, 32.09716 ] } },
{ "type": "Feature", "properties": { "OID": "-1", "NUM": "93.4", "RAILNAME": "צ. רמז - צ. גורל", "X": "193817.7", "Y": "665878.0", "ROAD": "כביש 6", "HEKTOMETER": "93400.0", "LOCATION": "ראש העין, מעבר חקלאי עינת", "DESCRPTION": "גשר כביש מעל מסילה", "TRAINOVER": "לא", "STATUS": "קיימת", "YEARMONTH": "202406", "MAINTENANC": "דרך ארץ", "TRAFCODE": "70106", "TRAFTYPE": "דרך ארץ" }, "geometry": { "type": "Point", "coordinates": [ 34.93286, 32.08592 ] } },
{ "type": "Feature", "properties": { "OID": "-1", "NUM": "95.4", "RAILNAME": "לוד - ראש העין", "X": "193819.3", "Y": "663894.8", "ROAD": "כביש 471, ירידה מכביש 6", "HEKTOMETER": "95400.0", "LOCATION": "כפר סירקין, כביש מכבית", "DESCRPTION": "גשר כביש מעל מסילה", "TRAINOVER": "לא", "STATUS": "קיימת", "YEARMONTH": "202406", "MAINTENANC": "דרך ארץ", "TRAFCODE": "70106", "TRAFTYPE": "דרך ארץ" }, "geometry": { "type": "Point", "coordinates": [ 34.93293, 32.06803 ] } },
{ "type": "Feature", "properties": { "OID": "-1", "NUM": "3.1", "RAILNAME": "צ.חמד - הרצליה", "X": "192444.9", "Y": "674889.5", "ROAD": "כביש 531", "HEKTOMETER": "3100.0", "LOCATION": "כפר סבא, כנרת", "DESCRPTION": "גשר מסילה מעל כביש", "TRAINOVER": "כן", "STATUS": "קיימת", "YEARMONTH": "202406", "MAINTENANC": "רכבת ישראל", "TRAFCODE": "10105", "TRAFTYPE": "רכבת ישראל" }, "geometry": { "type": "Point", "coordinates": [ 34.91807, 32.16715 ] } },
{ "type": "Feature", "properties": { "OID": "-1", "NUM": "24.05", "RAILNAME": "תא דרום - ירושלים", "X": "189462.5", "Y": "646436.7", "ROAD": "כביש 431", "HEKTOMETER": "24050.0", "LOCATION": "רמלה, מערב ממחלף נשרים", "DESCRPTION": "גשר כביש מעל מסילה", "TRAINOVER": "לא", "STATUS": "קיימת", "YEARMONTH": "202406", "MAINTENANC": "דרך ארץ", "TRAFCODE": "70106", "TRAFTYPE": "דרך ארץ" }, "geometry": { "type": "Point", "coordinates": [ 34.88734, 31.91049 ] } },
{ "type": "Feature", "properties": { "OID": "-1", "NUM": "24.15", "RAILNAME": "תא דרום - ירושלים", "X": "189455.1", "Y": "646350.1", "ROAD": "כביש 431", "HEKTOMETER": "24150.0", "LOCATION": "רמלה, מערב ממחלף נשרים", "DESCRPTION": "גשר כביש מעל מסילה", "TRAINOVER": "לא", "STATUS": "קיימת", "YEARMONTH": "202406", "MAINTENANC": "דרך ארץ", "TRAFCODE": "70106", "TRAFTYPE": "דרך ארץ" }, "geometry": { "type": "Point", "coordinates": [ 34.88726, 31.90971 ] } },
{ "type": "Feature", "properties": { "OID": "-1", "NUM": "28.3", "RAILNAME": "תא דרום - ירושלים", "X": "188056.5", "Y": "642489.9", "ROAD": "כביש 6", "HEKTOMETER": "28300.0", "LOCATION": "רמות מאיר, כביש חוצה ישראל", "DESCRPTION": "גשר כביש מעל מסילה", "TRAINOVER": "לא", "STATUS": "קיימת", "YEARMONTH": "202406", "MAINTENANC": "רכבת ישראל", "TRAFCODE": "10105", "TRAFTYPE": "רכבת ישראל" }, "geometry": { "type": "Point", "coordinates": [ 34.8726, 31.87486 ] } },
{ "type": "Feature", "properties": { "OID": "-1", "NUM": "82.151", "RAILNAME": "תא דרום - ירושלים", "X": "218570.0", "Y": "628670.5", "ROAD": "כביש 50", "HEKTOMETER": "82151.0", "LOCATION": "ירושלים, דוד בנבנישתי- ירושלים", "DESCRPTION": "גשר כלי רכב מעל מסילה", "TRAINOVER": "לא", "STATUS": "קיימת", "YEARMONTH": "202406", "MAINTENANC": "רכבת ישראל", "TRAFCODE": "10105", "TRAFTYPE": "רכבת ישראל" }, "geometry": { "type": "Point", "coordinates": [ 35.19509, 31.75066 ] } },
{ "type": "Feature", "properties": { "OID": "-1", "NUM": "0.75", "RAILNAME": "באר יעקב - ראשון לציון", "X": "182779.9236", "Y": "649292.3277", "ROAD": "כביש 431", "HEKTOMETER": "750.0", "LOCATION": "באר יעקב, כביש 431", "DESCRPTION": "גשר כביש מעל מסילה", "TRAINOVER": "לא", "STATUS": "קיימת", "YEARMONTH": "202406", "MAINTENANC": "נתיבי היובל", "TRAFCODE": "70101", "TRAFTYPE": "נתיבי היובל" }, "geometry": { "type": "Point", "coordinates": [ 34.81658, 31.93605 ] } },
{ "type": "Feature", "properties": { "OID": "-1", "NUM": "1.1", "RAILNAME": "באר יעקב - ראשון לציון", "X": "182712.0", "Y": "649644.0", "ROAD": "כביש 431", "HEKTOMETER": "1100.0", "LOCATION": "באר יעקב, כביש 4313", "DESCRPTION": "גשר כביש מעל מסילה", "TRAINOVER": "לא", "STATUS": "קיימת", "YEARMONTH": "202406", "MAINTENANC": "נתיבי היובל", "TRAFCODE": "70101", "TRAFTYPE": "נתיבי היובל" }, "geometry": { "type": "Point", "coordinates": [ 34.81585, 31.93921 ] } },
{ "type": "Feature", "properties": { "OID": "-1", "NUM": "11.94", "RAILNAME": "מסילת הירקון אוניברסיטה ראש העין", "X": "192543.3927", "Y": "668656.5006", "ROAD": "כביש 5", "HEKTOMETER": "11940.0", "LOCATION": "בין ראש העין לפתח תקווה, דרומי לכפר הבפטיסטים", "DESCRPTION": "גשר מסילה מעל שביל עפר", "TRAINOVER": "כן", "STATUS": "קיימת", "YEARMONTH": "202406", "MAINTENANC": "רכבת ישראל", "TRAFCODE": "10105", "TRAFTYPE": "רכבת ישראל" }, "geometry": { "type": "Point", "coordinates": [ 34.91929, 32.11094 ] } },
{ "type": "Feature", "properties": { "OID": "-1", "NUM": "45.18", "RAILNAME": "מסילת המלך דוד", "X": "217136.3764", "Y": "634916.46", "ROAD": "כביש 1", "HEKTOMETER": "45180.0", "LOCATION": "ירושלים, הר המנוחות", "DESCRPTION": "גשר מסילה מעל שביל עפר", "TRAINOVER": "כן", "STATUS": "קיימת", "YEARMONTH": "202406", "MAINTENANC": "רכבת ישראל", "TRAFCODE": "10105", "TRAFTYPE": "רכבת ישראל" }, "geometry": { "type": "Point", "coordinates": [ 35.17994, 31.80699 ] } },
{ "type": "Feature", "properties": { "OID": "-1", "NUM": "45.485", "RAILNAME": "מסילת המלך דוד", "X": "217349.8076", "Y": "634699.837", "ROAD": "כביש 1", "HEKTOMETER": "45485.0", "LOCATION": "ירושלים, הר המנוחות", "DESCRPTION": "גשר מסילה מעל שביל עפר", "TRAINOVER": "כן", "STATUS": "קיימת", "YEARMONTH": "202406", "MAINTENANC": "רכבת ישראל", "TRAFCODE": "10105", "TRAFTYPE": "רכבת ישראל" }, "geometry": { "type": "Point", "coordinates": [ 35.1822, 31.80504 ] } },
{ "type": "Feature", "properties": { "OID": "-1", "NUM": "45.565", "RAILNAME": "מסילת המלך דוד", "X": "217395.7686", "Y": "634625.5854", "ROAD": "כביש 1", "HEKTOMETER": "45565.0", "LOCATION": "ירושלים, הר המנוחות", "DESCRPTION": "גשר מסילה מעל שביל עפר", "TRAINOVER": "כן", "STATUS": "קיימת", "YEARMONTH": "202406", "MAINTENANC": "רכבת ישראל", "TRAFCODE": "10105", "TRAFTYPE": "רכבת ישראל" }, "geometry": { "type": "Point", "coordinates": [ 35.18268, 31.80437 ] } },
{ "type": "Feature", "properties": { "OID": "-1", "NUM": "45.7", "RAILNAME": "מסילת המלך דוד", "X": "217462.5625", "Y": "634512.043", "ROAD": "כביש 1", "HEKTOMETER": "45700.0", "LOCATION": "ירושלים, הר המנוחות", "DESCRPTION": "גשר מסילה מעל כביש", "TRAINOVER": "כן", "STATUS": "קיימת", "YEARMONTH": "202406", "MAINTENANC": "רכבת ישראל", "TRAFCODE": "10105", "TRAFTYPE": "רכבת ישראל" }, "geometry": { "type": "Point", "coordinates": [ 35.18339, 31.80334 ] } },
{ "type": "Feature", "properties": { "OID": "-1", "NUM": "46.1", "RAILNAME": "מסילת המלך דוד", "X": "217743.9069", "Y": "634030.4437", "ROAD": "כביש 1", "HEKTOMETER": "46100.0", "LOCATION": "ירושלים, בן גוריון", "DESCRPTION": "גשר מסילה מעל שביל עפר", "TRAINOVER": "כן", "STATUS": "קיימת", "YEARMONTH": "202406", "MAINTENANC": "רכבת ישראל", "TRAFCODE": "10105", "TRAFTYPE": "רכבת ישראל" }, "geometry": { "type": "Point", "coordinates": [ 35.18636, 31.799 ] } },
{ "type": "Feature", "properties": { "OID": "-1", "NUM": "70.83", "RAILNAME": "מסילת שורק", "X": "211325.3858", "Y": "627036.4738", "ROAD": "כביש 375", "HEKTOMETER": "70830.0", "LOCATION": "מערבית לירושלים, דרום לגן לאומי הרי יהודה", "DESCRPTION": "גשר מסילה מעל שביל עפר", "TRAINOVER": "כן", "STATUS": "קיימת", "YEARMONTH": "202406", "MAINTENANC": "רכבת ישראל", "TRAFCODE": "10105", "TRAFTYPE": "רכבת ישראל" }, "geometry": { "type": "Point", "coordinates": [ 35.11864, 31.7359 ] } },
{ "type": "Feature", "properties": { "OID": "-1", "NUM": "73.63", "RAILNAME": "מסילת שורק", "X": "212139.0579", "Y": "626675.7486", "ROAD": "כביש 375", "HEKTOMETER": "73630.0", "LOCATION": "מערבית לירושלים, דרום לגן לאומי הרי יהודה", "DESCRPTION": "גשר מסילה מעל שביל עפר", "TRAINOVER": "כן", "STATUS": "קיימת", "YEARMONTH": "202406", "MAINTENANC": "רכבת ישראל", "TRAFCODE": "10105", "TRAFTYPE": "רכבת ישראל" }, "geometry": { "type": "Point", "coordinates": [ 35.12723, 31.73265 ] } },
{ "type": "Feature", "properties": { "OID": "-1", "NUM": "75.82", "RAILNAME": "מסילת שורק", "X": "213535.6136", "Y": "626741.1414", "ROAD": "כביש 375", "HEKTOMETER": "75820.0", "LOCATION": "מערבית לירושלים, דרום לגן לאומי הרי יהודה", "DESCRPTION": "גשר מסילה מעל שביל עפר", "TRAINOVER": "כן", "STATUS": "קיימת", "YEARMONTH": "202406", "MAINTENANC": "רכבת ישראל", "TRAFCODE": "10105", "TRAFTYPE": "רכבת ישראל" }, "geometry": { "type": "Point", "coordinates": [ 35.14196, 31.73325 ] } },
{ "type": "Feature", "properties": { "OID": "-1", "NUM": "80.015", "RAILNAME": "מסילת שורק", "X": "216803.0874", "Y": "628001.6319", "ROAD": "כביש 4755", "HEKTOMETER": "80015.0", "LOCATION": "ירושלים, תחנת רכבת ירושלים גן חיות תנכי", "DESCRPTION": "גשר הולכי רגל מעל מסילה", "TRAINOVER": "לא", "STATUS": "קיימת", "YEARMONTH": "202406", "MAINTENANC": "אין מידע", "TRAFCODE": "0", "TRAFTYPE": "אין מידע" }, "geometry": { "type": "Point", "coordinates": [ 35.17644, 31.74463 ] } },
{ "type": "Feature", "properties": { "OID": "-1", "NUM": "81.635", "RAILNAME": "מסילת שורק", "X": "218221.9471", "Y": "628308.2356", "ROAD": "כביש 50", "HEKTOMETER": "81635.0", "LOCATION": "ירושלים, דרך בגין", "DESCRPTION": "גשר כביש מעל מסילה", "TRAINOVER": "לא", "STATUS": "קיימת", "YEARMONTH": "202406", "MAINTENANC": "עיריית ירושלים", "TRAFCODE": "3000", "TRAFTYPE": "רשות מקומית" }, "geometry": { "type": "Point", "coordinates": [ 35.19141, 31.7474 ] } },
{ "type": "Feature", "properties": { "OID": "-1", "NUM": "86.92", "RAILNAME": "מסילה מזרחית ראש העין-לוד", "X": "193998.7535", "Y": "672312.59", "ROAD": "כביש 444", "HEKTOMETER": "86920.0", "LOCATION": "בין הוד השרון לחגור, ממערב למחלף גלגוליה", "DESCRPTION": "גשר מסילה מעל שביל עפר", "TRAINOVER": "כן", "STATUS": "בביצוע", "YEARMONTH": "202406", "MAINTENANC": "רכבת ישראל", "TRAFCODE": "10105", "TRAFTYPE": "רכבת ישראל" }, "geometry": { "type": "Point", "coordinates": [ 34.93461, 32.14395 ] } },
{ "type": "Feature", "properties": { "OID": "-1", "NUM": "90.77", "RAILNAME": "מסילה מזרחית ראש העין-לוד", "X": "194027.088", "Y": "668496.5884", "ROAD": "כביש 6", "HEKTOMETER": "90770.0", "LOCATION": "ראש העין, מערבית לאיזור תעשייה ראש העין", "DESCRPTION": "גשר מסילה מעל שביל עפר", "TRAINOVER": "כן", "STATUS": "קיימת", "YEARMONTH": "202406", "MAINTENANC": "רכבת ישראל", "TRAFCODE": "10105", "TRAFTYPE": "רכבת ישראל" }, "geometry": { "type": "Point", "coordinates": [ 34.93501, 32.10954 ] } },
{ "type": "Feature", "properties": { "OID": "-1", "NUM": "91.785", "RAILNAME": "מסילה מזרחית ראש העין-לוד", "X": "193977.8646", "Y": "667483.5557", "ROAD": "כביש 483", "HEKTOMETER": "91785.0", "LOCATION": "ראש העין, כביש 6, כביש 444", "DESCRPTION": "גשר מסילה מעל שביל עפר", "TRAINOVER": "כן", "STATUS": "קיימת", "YEARMONTH": "202406", "MAINTENANC": "רכבת ישראל", "TRAFCODE": "10105", "TRAFTYPE": "רכבת ישראל" }, "geometry": { "type": "Point", "coordinates": [ 34.93452, 32.1004 ] } },
{ "type": "Feature", "properties": { "OID": "-1", "NUM": "94.15", "RAILNAME": "מסילה מזרחית ראש העין-לוד", "X": "193727.7228", "Y": "665128.3692", "ROAD": "כביש 6", "HEKTOMETER": "94150.0", "LOCATION": "כפר סירקין, מזרחית לרחוב הכלניות", "DESCRPTION": "גשר מסילה מעל שביל עפר", "TRAINOVER": "כן", "STATUS": "קיימת", "YEARMONTH": "202406", "MAINTENANC": "רכבת ישראל", "TRAFCODE": "10105", "TRAFTYPE": "רכבת ישראל" }, "geometry": { "type": "Point", "coordinates": [ 34.93193, 32.07916 ] } },
{ "type": "Feature", "properties": { "OID": "-1", "NUM": "0.49", "RAILNAME": "מסילה מזרחית ראש העין-לוד", "X": "194108.0223", "Y": "673157.3658", "ROAD": "כביש 531", "HEKTOMETER": "490.0", "LOCATION": "בין כפר סבא לראש העין, ממערב למחלף גלגוליה", "DESCRPTION": "גשר מסילה מעל שביל עפר", "TRAINOVER": "כן", "STATUS": "קיימת", "YEARMONTH": "202406", "MAINTENANC": "רכבת ישראל", "TRAFCODE": "10105", "TRAFTYPE": "רכבת ישראל" }, "geometry": { "type": "Point", "coordinates": [ 34.93575, 32.15157 ] } },
{ "type": "Feature", "properties": { "OID": "-1", "NUM": "0.54", "RAILNAME": "מסילה מזרחית ראש העין-לוד", "X": "194112.6073", "Y": "673205.6235", "ROAD": "כביש 531", "HEKTOMETER": "540.0", "LOCATION": "בין כפר סבא לראש העין, ממערב למחלף גלגוליה", "DESCRPTION": "גשר מסילה מעל שביל עפר", "TRAINOVER": "כן", "STATUS": "קיימת", "YEARMONTH": "202406", "MAINTENANC": "רכבת ישראל", "TRAFCODE": "10105", "TRAFTYPE": "רכבת ישראל" }, "geometry": { "type": "Point", "coordinates": [ 34.93579, 32.152 ] } },
{ "type": "Feature", "properties": { "OID": "-1", "NUM": "0.55", "RAILNAME": "מסילת הירקון אוניברסיטה ראש העין", "X": "193519.4125", "Y": "668556.4511", "ROAD": "כביש 6, כביש 444", "HEKTOMETER": "550.0", "LOCATION": "בין ראש העין לפתח תקווה, צפונית לגבעת השלושה", "DESCRPTION": "גשר מסילה מעל שביל עפר", "TRAINOVER": "כן", "STATUS": "קיימת", "YEARMONTH": "202406", "MAINTENANC": "רכבת ישראל", "TRAFCODE": "10105", "TRAFTYPE": "רכבת ישראל" }, "geometry": { "type": "Point", "coordinates": [ 34.92963, 32.11006 ] } },
{ "type": "Feature", "properties": { "OID": "-1", "NUM": "0.75", "RAILNAME": "מסילת הירקון אוניברסיטה ראש העין", "X": "193712.1086", "Y": "668622.8494", "ROAD": "כביש 6", "HEKTOMETER": "750.0", "LOCATION": "בין ראש העין לפתח תקווה, צפונית לגבעת השלושה", "DESCRPTION": "גשר מסילה מעל שביל עפר", "TRAINOVER": "כן", "STATUS": "קיימת", "YEARMONTH": "202406", "MAINTENANC": "רכבת ישראל", "TRAFCODE": "10105", "TRAFTYPE": "רכבת ישראל" }, "geometry": { "type": "Point", "coordinates": [ 34.93167, 32.11067 ] } },
{ "type": "Feature", "properties": { "OID": "-1", "NUM": "0.88", "RAILNAME": "מסילה 531", "X": "194109.1631", "Y": "673546.6958", "ROAD": "כביש 531", "HEKTOMETER": "880.0", "LOCATION": "כפר סבא, דרום מערבי לשדי חמד", "DESCRPTION": "גשר מסילה מעל שביל עפר", "TRAINOVER": "כן", "STATUS": "קיימת", "YEARMONTH": "202406", "MAINTENANC": "רכבת ישראל", "TRAFCODE": "10105", "TRAFTYPE": "רכבת ישראל" }, "geometry": { "type": "Point", "coordinates": [ 34.93575, 32.15508 ] } },
{ "type": "Feature", "properties": { "OID": "-1", "NUM": "79.290", "RAILNAME": "נתניה - הרצליה", "X": "184534.8", "Y": "679037.9", "ROAD": "כביש 20", "HEKTOMETER": "79290.0", "LOCATION": "הרצליה, איילון דרום", "DESCRPTION": "גשר הולכי רגל מעל מסילה", "TRAINOVER": "לא", "STATUS": "קיימת", "YEARMONTH": "202406", "MAINTENANC": "רכבת ישראל/נתיבי איילון", "TRAFCODE": "10105", "TRAFTYPE": "רכבת ישראל" }, "geometry": { "type": "Point", "coordinates": [ 34.83406, 32.20434 ] } },
{ "type": "Feature", "properties": { "OID": "-1", "NUM": "108.830", "RAILNAME": "מסילה מזרחית", "X": "190016.9585", "Y": "651714.4292", "ROAD": "ממערב לכביש 40", "HEKTOMETER": "108830.0", "LOCATION": "לוד, סוקולוב", "DESCRPTION": "גשר מסילה מעל כביש", "TRAINOVER": "כן", "STATUS": "קיימת", "YEARMONTH": "202406", "MAINTENANC": "רכבת ישראל", "TRAFCODE": "10105", "TRAFTYPE": "רכבת ישראל" }, "geometry": { "type": "Point", "coordinates": [ 34.89304, 31.9581 ] } },
{ "type": "Feature", "properties": { "OID": "-1", "NUM": "97.175", "RAILNAME": "תל אביב - פלשת", "X": "179816.7838", "Y": "662019.7831", "ROAD": "כביש 20", "HEKTOMETER": "97175.0", "LOCATION": "תל אביב, חיל השריון", "DESCRPTION": "גשר מסילה מעל שביל עפר", "TRAINOVER": "כן", "STATUS": "קיימת", "YEARMONTH": "202406", "MAINTENANC": "רכבת ישראל", "TRAFCODE": "10105", "TRAFTYPE": "רכבת ישראל" }, "geometry": { "type": "Point", "coordinates": [ 34.78472, 32.05072 ] } },
{ "type": "Feature", "properties": { "OID": "-1", "NUM": "97.35", "RAILNAME": "תל אביב - פלשת", "X": "179813.0358", "Y": "661953.6867", "ROAD": "כביש 20", "HEKTOMETER": "97350.0", "LOCATION": "תל אביב, חיל השריון", "DESCRPTION": "גשר כביש מעל מסילה", "TRAINOVER": "לא", "STATUS": "קיימת", "YEARMONTH": "202406", "MAINTENANC": "נתיבי איילון", "TRAFCODE": "10103", "TRAFTYPE": "נתיבי איילון" }, "geometry": { "type": "Point", "coordinates": [ 34.78468, 32.05012 ] } },
{ "type": "Feature", "properties": { "OID": "-1", "NUM": "7.870", "RAILNAME": "גנות - צ. דניאל", "X": "189892.3063", "Y": "654870.5681", "ROAD": "כביש 1", "HEKTOMETER": "7870.0", "LOCATION": "נתב\"ג, נתב\"ג", "DESCRPTION": "גשר מסילה מעל שביל עפר", "TRAINOVER": "כן", "STATUS": "קיימת", "YEARMONTH": "202406", "MAINTENANC": "רכבת ישראל", "TRAFCODE": "10105", "TRAFTYPE": "רכבת ישראל" }, "geometry": { "type": "Point", "coordinates": [ 34.89162, 31.98656 ] } },
{ "type": "Feature", "properties": { "OID": "-1", "NUM": "8.05", "RAILNAME": "גנות - צ. דניאל", "X": "190032.1176", "Y": "654789.5319", "ROAD": "כביש 1", "HEKTOMETER": "8050.0", "LOCATION": "נתב\"ג, נתב\"ג", "DESCRPTION": "גשר מסילה מעל כביש", "TRAINOVER": "כן", "STATUS": "קיימת", "YEARMONTH": "202406", "MAINTENANC": "רכבת ישראל", "TRAFCODE": "10105", "TRAFTYPE": "רכבת ישראל" }, "geometry": { "type": "Point", "coordinates": [ 34.8931, 31.98583 ] } },
{ "type": "Feature", "properties": { "OID": "-1", "NUM": "8.400", "RAILNAME": "גנות - צ. דניאל", "X": "190334.8917", "Y": "654580.9236", "ROAD": "כביש 1", "HEKTOMETER": "8400.0", "LOCATION": "נתב\"ג, נתב\"ג", "DESCRPTION": "גשר מסילה מעל שביל עפר", "TRAINOVER": "כן", "STATUS": "קיימת", "YEARMONTH": "202406", "MAINTENANC": "רכבת ישראל", "TRAFCODE": "10105", "TRAFTYPE": "רכבת ישראל" }, "geometry": { "type": "Point", "coordinates": [ 34.89631, 31.98396 ] } },
{ "type": "Feature", "properties": { "OID": "-1", "NUM": "8.223", "RAILNAME": "גנות - צ. דניאל", "X": "190459.9818", "Y": "654411.927", "ROAD": "כביש 1", "HEKTOMETER": "8223.0", "LOCATION": "נתב\"ג, נתב\"ג", "DESCRPTION": "גשר מסילה מעל כביש", "TRAINOVER": "כן", "STATUS": "קיימת", "YEARMONTH": "202406", "MAINTENANC": "רכבת ישראל", "TRAFCODE": "10105", "TRAFTYPE": "רכבת ישראל" }, "geometry": { "type": "Point", "coordinates": [ 34.89764, 31.98244 ] } },
{ "type": "Feature", "properties": { "OID": "-1", "NUM": "9.550", "RAILNAME": "גנות - צ. דניאל", "X": "190793.7971", "Y": "653521.6547", "ROAD": "כביש 40", "HEKTOMETER": "9550.0", "LOCATION": "לוד, מחלף לוד", "DESCRPTION": "גשר מסילה מעל מסילה", "TRAINOVER": "כן", "STATUS": "קיימת", "YEARMONTH": "202406", "MAINTENANC": "רכבת ישראל", "TRAFCODE": "10105", "TRAFTYPE": "רכבת ישראל" }, "geometry": { "type": "Point", "coordinates": [ 34.9012, 31.97442 ] } },
{ "type": "Feature", "properties": { "OID": "-1", "NUM": "107.291", "RAILNAME": "צ.רמז - יד מרדכי", "X": "190724.0893", "Y": "652974.8256", "ROAD": "כביש 40", "HEKTOMETER": "107291.0", "LOCATION": "לוד, פסח לב", "DESCRPTION": "גשר מסילה מעל שביל עפר", "TRAINOVER": "כן", "STATUS": "קיימת", "YEARMONTH": "202406", "MAINTENANC": "רכבת ישראל", "TRAFCODE": "10105", "TRAFTYPE": "רכבת ישראל" }, "geometry": { "type": "Point", "coordinates": [ 34.90048, 31.96948 ] } },
{ "type": "Feature", "properties": { "OID": "-1", "NUM": "105.518", "RAILNAME": "צ.רמז - יד מרדכי", "X": "190934.9295", "Y": "654724.8442", "ROAD": "כביש 1", "HEKTOMETER": "105518.0", "LOCATION": "לוד, חוגלה", "DESCRPTION": "גשר מסילה מעל שביל עפר", "TRAINOVER": "כן", "STATUS": "קיימת", "YEARMONTH": "202406", "MAINTENANC": "רכבת ישראל", "TRAFCODE": "10105", "TRAFTYPE": "רכבת ישראל" }, "geometry": { "type": "Point", "coordinates": [ 34.90266, 31.98527 ] } },
{ "type": "Feature", "properties": { "OID": "-1", "NUM": "12.915", "RAILNAME": "גנות - צ. דניאל", "X": "192238.3056", "Y": "650523.6405", "ROAD": "כביש 443", "HEKTOMETER": "12915.0", "LOCATION": "לוד, לוד", "DESCRPTION": "גשר מסילה מעל שביל עפר", "TRAINOVER": "כן", "STATUS": "קיימת", "YEARMONTH": "202406", "MAINTENANC": "רכבת ישראל", "TRAFCODE": "10105", "TRAFTYPE": "רכבת ישראל" }, "geometry": { "type": "Point", "coordinates": [ 34.91657, 31.94742 ] } },
{ "type": "Feature", "properties": { "OID": "-1", "NUM": "21.22", "RAILNAME": "תא דרום - ירושלים", "X": "188179.9651", "Y": "648884.9482", "ROAD": "כביש 44", "HEKTOMETER": "21220.0", "LOCATION": "רמלה, מרדכי היהודי", "DESCRPTION": "גשר מסילה מעל שביל עפר", "TRAINOVER": "כן", "STATUS": "קיימת", "YEARMONTH": "202406", "MAINTENANC": "רכבת ישראל", "TRAFCODE": "10105", "TRAFTYPE": "רכבת ישראל" }, "geometry": { "type": "Point", "coordinates": [ 34.8737, 31.93253 ] } },
{ "type": "Feature", "properties": { "OID": "-1", "NUM": "2.615", "RAILNAME": "באר יעקב - ראשונים", "X": "181772.1823", "Y": "650614.0166", "ROAD": "כביש 431", "HEKTOMETER": "2615.0", "LOCATION": "ראשון לציון, תחנת רכבת הראשונים", "DESCRPTION": "גשר מסילה מעל שביל עפר", "TRAINOVER": "כן", "STATUS": "קיימת", "YEARMONTH": "202406", "MAINTENANC": "רכבת ישראל", "TRAFCODE": "10105", "TRAFTYPE": "רכבת ישראל" }, "geometry": { "type": "Point", "coordinates": [ 34.80587, 31.94793 ] } },
{ "type": "Feature", "properties": { "OID": "-1", "NUM": "0.4", "RAILNAME": "באר יעקב - ראשונים", "X": "182996.2147", "Y": "648992.82", "ROAD": "יצחק רבין", "HEKTOMETER": "400.0", "LOCATION": "באר יעקב, שדרות יצחק רבין", "DESCRPTION": "גשר מסילה מעל כביש", "TRAINOVER": "כן", "STATUS": "קיימת", "YEARMONTH": "202406", "MAINTENANC": "רכבת ישראל", "TRAFCODE": "10105", "TRAFTYPE": "רכבת ישראל" }, "geometry": { "type": "Point", "coordinates": [ 34.81888, 31.93335 ] } },
{ "type": "Feature", "properties": { "OID": "-1", "NUM": "119.025", "RAILNAME": "צ.רמז - יד מרדכי", "X": "182270.0862", "Y": "646940.1364", "ROAD": "כביש 423", "HEKTOMETER": "119025.0", "LOCATION": "רחובות, המדע", "DESCRPTION": "גשר מסילה מעל שביל עפר", "TRAINOVER": "כן", "STATUS": "קיימת", "YEARMONTH": "202406", "MAINTENANC": "רכבת ישראל", "TRAFCODE": "10105", "TRAFTYPE": "רכבת ישראל" }, "geometry": { "type": "Point", "coordinates": [ 34.81128, 31.91482 ] } },
{ "type": "Feature", "properties": { "OID": "-1", "NUM": "125.710", "RAILNAME": "צ.רמז - יד מרדכי", "X": "177464.8898", "Y": "642501.7931", "ROAD": "כביש 410", "HEKTOMETER": "125710.0", "LOCATION": "יבנה, 410", "DESCRPTION": "גשר מסילה מעל שביל עפר", "TRAINOVER": "כן", "STATUS": "קיימת", "YEARMONTH": "202406", "MAINTENANC": "רכבת ישראל", "TRAFCODE": "10105", "TRAFTYPE": "רכבת ישראל" }, "geometry": { "type": "Point", "coordinates": [ 34.76066, 31.87462 ] } },
{ "type": "Feature", "properties": { "OID": "-1", "NUM": "123.355", "RAILNAME": "תל אביב - פלשת", "X": "173417.916", "Y": "638972.3362", "ROAD": "כביש 42", "HEKTOMETER": "123355.0", "LOCATION": "משולש פלשת, משולש פלשת", "DESCRPTION": "גשר מסילה מעל כביש", "TRAINOVER": "כן", "STATUS": "קיימת", "YEARMONTH": "202406", "MAINTENANC": "רכבת ישראל", "TRAFCODE": "10105", "TRAFTYPE": "רכבת ישראל" }, "geometry": { "type": "Point", "coordinates": [ 34.71806, 31.84264 ] } },
{ "type": "Feature", "properties": { "OID": "-1", "NUM": "123.525", "RAILNAME": "תל אביב - פלשת", "X": "173406.1036", "Y": "638884.969", "ROAD": "כביש 42", "HEKTOMETER": "123525.0", "LOCATION": "משולש פלשת, משולש פלשת", "DESCRPTION": "גשר מסילה מעל שביל עפר", "TRAINOVER": "כן", "STATUS": "קיימת", "YEARMONTH": "202406", "MAINTENANC": "רכבת ישראל", "TRAFCODE": "10105", "TRAFTYPE": "רכבת ישראל" }, "geometry": { "type": "Point", "coordinates": [ 34.71794, 31.84185 ] } },
{ "type": "Feature", "properties": { "OID": "-1", "NUM": "139.275", "RAILNAME": "צ.רמז - יד מרדכי", "X": "168762.0462", "Y": "632262.2227", "ROAD": "כביש 4", "HEKTOMETER": "139275.0", "LOCATION": "אשדוד, מחלף עד הלום", "DESCRPTION": "גשר מסילה מעל שביל עפר", "TRAINOVER": "כן", "STATUS": "קיימת", "YEARMONTH": "202406", "MAINTENANC": "רכבת ישראל", "TRAFCODE": "10105", "TRAFTYPE": "רכבת ישראל" }, "geometry": { "type": "Point", "coordinates": [ 34.66923, 31.78193 ] } },
{ "type": "Feature", "properties": { "OID": "-1", "NUM": "30.745", "RAILNAME": "הקו המהיר", "X": "203094.684", "Y": "637464.1375", "ROAD": " ", "HEKTOMETER": "30745.0", "LOCATION": "דרומית למבוא חורון, דרומית למבוא חורון", "DESCRPTION": "גשר מסילה מעל שביל עפר", "TRAINOVER": "כן", "STATUS": "קיימת", "YEARMONTH": "202406", "MAINTENANC": "רכבת ישראל", "TRAFCODE": "10105", "TRAFTYPE": "רכבת ישראל" }, "geometry": { "type": "Point", "coordinates": [ 35.03161, 31.82985 ] } },
{ "type": "Feature", "properties": { "OID": "-1", "NUM": "32.120", "RAILNAME": "הקו המהיר", "X": "204357.7196", "Y": "637114.4458", "ROAD": " ", "HEKTOMETER": "32120.0", "LOCATION": "דרומית לשמורת טבע כפירה, דרומית לשמורת טבע כפירה", "DESCRPTION": "גשר מסילה מעל שביל עפר", "TRAINOVER": "כן", "STATUS": "קיימת", "YEARMONTH": "202406", "MAINTENANC": "רכבת ישראל", "TRAFCODE": "10105", "TRAFTYPE": "רכבת ישראל" }, "geometry": { "type": "Point", "coordinates": [ 35.04496, 31.82671 ] } },
{ "type": "Feature", "properties": { "OID": "-1", "NUM": "44.100", "RAILNAME": "הקו המהיר", "X": "216145.3834", "Y": "635335.8991", "ROAD": " ", "HEKTOMETER": "44100.0", "LOCATION": "מבשרת ציון, מבשרת ציון", "DESCRPTION": "גשר מסילה מעל שביל עפר", "TRAINOVER": "כן", "STATUS": "קיימת", "YEARMONTH": "202406", "MAINTENANC": "רכבת ישראל", "TRAFCODE": "10105", "TRAFTYPE": "רכבת ישראל" }, "geometry": { "type": "Point", "coordinates": [ 35.16947, 31.81077 ] } },
{ "type": "Feature", "properties": { "OID": "-1", "NUM": "56.758", "RAILNAME": "תא דרום - ירושלים", "X": "204817.5119", "Y": "629881.9121", "ROAD": " ", "HEKTOMETER": "56758.0", "LOCATION": "נס הרים", "DESCRPTION": "גשר מסילה מעל שביל עפר", "TRAINOVER": "כן", "STATUS": "קיימת", "YEARMONTH": "202406", "MAINTENANC": "רכבת ישראל", "TRAFCODE": "10105", "TRAFTYPE": "רכבת ישראל" }, "geometry": { "type": "Point", "coordinates": [ 35.04992, 31.76149 ] } },
{ "type": "Feature", "properties": { "OID": "-1", "NUM": "57.91", "RAILNAME": "תא דרום - ירושלים", "X": "204845.817", "Y": "628937.5885", "ROAD": "כביש 386", "HEKTOMETER": "57910.0", "LOCATION": "שמורת טבע נחל שורק", "DESCRPTION": "גשר מסילה מעל שביל עפר", "TRAINOVER": "כן", "STATUS": "קיימת", "YEARMONTH": "202406", "MAINTENANC": "רכבת ישראל", "TRAFCODE": "10105", "TRAFTYPE": "רכבת ישראל" }, "geometry": { "type": "Point", "coordinates": [ 35.05023, 31.75298 ] } },
{ "type": "Feature", "properties": { "OID": "-1", "NUM": "63.15", "RAILNAME": "תא דרום - ירושלים", "X": "207009.9384", "Y": "628341.6193", "ROAD": "כביש 386", "HEKTOMETER": "63150.0", "LOCATION": "הר פיתולים", "DESCRPTION": "גשר מסילה מעל שביל עפר", "TRAINOVER": "כן", "STATUS": "קיימת", "YEARMONTH": "202406", "MAINTENANC": "רכבת ישראל", "TRAFCODE": "10105", "TRAFTYPE": "רכבת ישראל" }, "geometry": { "type": "Point", "coordinates": [ 35.07308, 31.74763 ] } },
{ "type": "Feature", "properties": { "OID": "-1", "NUM": "93.235", "RAILNAME": "חיפה-תא", "X": "181108.471", "Y": "665676.1058", "ROAD": "כביש 20", "HEKTOMETER": "93235.0", "LOCATION": "תל אביב, תחנת תל אביב סבידור מרכז", "DESCRPTION": "גשר הולכי רגל מעל מסילה", "TRAINOVER": "לא", "STATUS": "קיימת", "YEARMONTH": "202406", "MAINTENANC": "רכבת ישראל", "TRAFCODE": "10105", "TRAFTYPE": "רכבת ישראל" }, "geometry": { "type": "Point", "coordinates": [ 34.79825, 32.08374 ] } },
{ "type": "Feature", "properties": { "OID": "-1", "NUM": "72.212", "RAILNAME": "חיפה-תא", "X": "187037.9355", "Y": "685562.8606", "ROAD": "כביש 553", "HEKTOMETER": "72212.0", "LOCATION": "בית יהושוע, תחנת בית יהושוע", "DESCRPTION": "גשר הולכי רגל מעל מסילה", "TRAINOVER": "לא", "STATUS": "קיימת", "YEARMONTH": "202406", "MAINTENANC": "רכבת ישראל", "TRAFCODE": "10105", "TRAFTYPE": "רכבת ישראל" }, "geometry": { "type": "Point", "coordinates": [ 34.86038, 32.26326 ] } },
{ "type": "Feature", "properties": { "OID": "-1", "NUM": "3.087", "RAILNAME": "אונ' - ראש העין", "X": "184091.1561", "Y": "667789.8477", "ROAD": "ממזרח למבצע קדוש", "HEKTOMETER": "3087.0", "LOCATION": "בני ברק, תחנת רכבת בני ברק", "DESCRPTION": "גשר הולכי רגל מעל מסילה", "TRAINOVER": "לא", "STATUS": "קיימת", "YEARMONTH": "202406", "MAINTENANC": "רכבת ישראל", "TRAFCODE": "10105", "TRAFTYPE": "רכבת ישראל" }, "geometry": { "type": "Point", "coordinates": [ 34.82977, 32.1029 ] } },
{ "type": "Feature", "properties": { "OID": "-1", "NUM": "65.845", "RAILNAME": "חיפה-תא", "X": "187897.3832", "Y": "691824.8606", "ROAD": "בין כביש 2 וכביש 57", "HEKTOMETER": "65845.0", "LOCATION": "נתניה, תחנת רכבת נתניה", "DESCRPTION": "גשר הולכי רגל מעל מסילה", "TRAINOVER": "לא", "STATUS": "קיימת", "YEARMONTH": "202406", "MAINTENANC": "רכבת ישראל", "TRAFCODE": "10105", "TRAFTYPE": "רכבת ישראל" }, "geometry": { "type": "Point", "coordinates": [ 34.8693, 32.31975 ] } },
{ "type": "Feature", "properties": { "OID": "-1", "NUM": "70.4", "RAILNAME": "חיפה-תא", "X": "187506.5522", "Y": "687322.3084", "ROAD": "כביש 2", "HEKTOMETER": "70400.0", "LOCATION": "נתניה ספיר, תחנת רכבת נתניה ספיר", "DESCRPTION": "גשר הולכי רגל מעל מסילה", "TRAINOVER": "לא", "STATUS": "קיימת", "YEARMONTH": "202406", "MAINTENANC": "רכבת ישראל", "TRAFCODE": "10105", "TRAFTYPE": "רכבת ישראל" }, "geometry": { "type": "Point", "coordinates": [ 34.8653, 32.27913 ] } },
{ "type": "Feature", "properties": { "OID": "-1", "NUM": "140.3", "RAILNAME": "צ. רמז - צ. גורל", "X": "168476.6916", "Y": "631407.7535", "ROAD": "כביש 4", "HEKTOMETER": "140300.0", "LOCATION": "אשדוד, תחנת רכבת אשדוד", "DESCRPTION": "גשר הולכי רגל מעל מסילה", "TRAINOVER": "לא", "STATUS": "קיימת", "YEARMONTH": "202406", "MAINTENANC": "רכבת ישראל", "TRAFCODE": "10105", "TRAFTYPE": "רכבת ישראל" }, "geometry": { "type": "Point", "coordinates": [ 34.66626, 31.77421 ] } },
{ "type": "Feature", "properties": { "OID": "-1", "NUM": "110.900", "RAILNAME": "צ. רמז - צ. גורל", "X": "188386.711", "Y": "650392.4374", "ROAD": "ממזרח לכביש 44", "HEKTOMETER": "110900.0", "LOCATION": "לוד, תחנת רכבת לוד", "DESCRPTION": "גשר הולכי רגל מעל מסילה", "TRAINOVER": "לא", "STATUS": "קיימת", "YEARMONTH": "202406", "MAINTENANC": "רכבת ישראל", "TRAFCODE": "10105", "TRAFTYPE": "רכבת ישראל" }, "geometry": { "type": "Point", "coordinates": [ 34.87583, 31.94613 ] } },
{ "type": "Feature", "properties": { "OID": "-1", "NUM": "9.85", "RAILNAME": "צ.חמד - הרצליה", "X": "186121.2013", "Y": "676342.1006", "ROAD": "כביש 531", "HEKTOMETER": "9850.0", "LOCATION": "רעננה, תחנת רעננה מערב", "DESCRPTION": "גשר הולכי רגל מעל מסילה", "TRAINOVER": "לא", "STATUS": "קיימת", "YEARMONTH": "202406", "MAINTENANC": "רכבת ישראל", "TRAFCODE": "10105", "TRAFTYPE": "רכבת ישראל" }, "geometry": { "type": "Point", "coordinates": [ 34.85098, 32.18008 ] } },
{ "type": "Feature", "properties": { "OID": "-1", "NUM": "16.480", "RAILNAME": "תא דרום - ירושלים", "X": "188685.7213", "Y": "652673.2439", "ROAD": " ", "HEKTOMETER": "16480.0", "LOCATION": "לוד גני אביב, תחנת רכבת לוד גני אביב", "DESCRPTION": "גשר הולכי רגל מעל מסילה", "TRAINOVER": "לא", "STATUS": "קיימת", "YEARMONTH": "202406", "MAINTENANC": "רכבת ישראל", "TRAFCODE": "10105", "TRAFTYPE": "רכבת ישראל" }, "geometry": { "type": "Point", "coordinates": [ 34.87892, 31.96671 ] } },
{ "type": "Feature", "properties": { "OID": "-1", "NUM": "82.566", "RAILNAME": "תא דרום - ירושלים", "X": "218900.8706", "Y": "628753.0206", "ROAD": "ממזרח לכביש 50", "HEKTOMETER": "82565.0", "LOCATION": "מלחה, דב יוסף", "DESCRPTION": "גשר כלי רכב מעל מסילה לא פעילה", "TRAINOVER": "לא", "STATUS": "קיימת", "YEARMONTH": "202406", "MAINTENANC": "רכבת ישראל", "TRAFCODE": "10105", "TRAFTYPE": "רכבת ישראל" }, "geometry": { "type": "Point", "coordinates": [ 35.19858, 31.75141 ] } },
{ "type": "Feature", "properties": { "OID": "-1", "NUM": "82.565", "RAILNAME": "תא דרום - ירושלים", "X": "218887.1", "Y": "628751.7324", "ROAD": "ממזרח לכביש 50", "HEKTOMETER": "82565.0", "LOCATION": "מלחה, דב יוסף", "DESCRPTION": "גשר כלי רכב מעל מסילה לא פעילה", "TRAINOVER": "לא", "STATUS": "קיימת", "YEARMONTH": "202406", "MAINTENANC": "רכבת ישראל", "TRAFCODE": "10105", "TRAFTYPE": "רכבת ישראל" }, "geometry": { "type": "Point", "coordinates": [ 35.19843, 31.7514 ] } },
{ "type": "Feature", "properties": { "OID": "-1", "NUM": "117.643", "RAILNAME": "תל אביב - פלשת", "X": "174685.3765", "Y": "644344.9676", "ROAD": "מצפון לכביש 4111", "HEKTOMETER": "117643.0", "LOCATION": "יבנה מערב, תחנת יבנה מערב", "DESCRPTION": "גשר הולכי רגל מעל מסילה", "TRAINOVER": "לא", "STATUS": "קיימת", "YEARMONTH": "202406", "MAINTENANC": "רכבת ישראל", "TRAFCODE": "10105", "TRAFTYPE": "רכבת ישראל" }, "geometry": { "type": "Point", "coordinates": [ 34.73121, 31.89114 ] } },
{ "type": "Feature", "properties": { "OID": "-1", "NUM": "97.262", "RAILNAME": "תל אביב - פלשת", "X": "179793.7788", "Y": "661941.6882", "ROAD": "כביש 1", "HEKTOMETER": "97262.0", "LOCATION": "תל אביב, צפ' למחלף קיבוץ גלויות", "DESCRPTION": "גשר מסילה מעל כביש", "TRAINOVER": "כן", "STATUS": "קיימת", "YEARMONTH": "202406", "MAINTENANC": "רכבת ישראל", "TRAFCODE": "10105", "TRAFTYPE": "רכבת ישראל" }, "geometry": { "type": "Point", "coordinates": [ 34.78448, 32.05002 ] } },
{ "type": "Feature", "properties": { "OID": "-1", "NUM": "97.375", "RAILNAME": "תל אביב - פלשת", "X": "179789.9724", "Y": "661896.0112", "ROAD": "כביש 2", "HEKTOMETER": "97375.0", "LOCATION": "תל אביב, דרך חיל השיריון", "DESCRPTION": "גשר מסילה מעל כביש", "TRAINOVER": "כן", "STATUS": "קיימת", "YEARMONTH": "202406", "MAINTENANC": "רכבת ישראל", "TRAFCODE": "10105", "TRAFTYPE": "רכבת ישראל" }, "geometry": { "type": "Point", "coordinates": [ 34.78444, 32.0496 ] } },
{ "type": "Feature", "properties": { "OID": "-1", "NUM": "94.85", "RAILNAME": "חיפה-תא", "X": "180593.0555", "Y": "664122.5741", "ROAD": "כביש 20", "HEKTOMETER": "94850.0", "LOCATION": "תל אביב, גשר יהודית- תל אביב עובר מעל איילון ומעל פסי הרכבת", "DESCRPTION": "גשר הולכי רגל מעל מסילה", "TRAINOVER": "לא", "STATUS": "קיימת", "YEARMONTH": "202406", "MAINTENANC": "נתיבי איילון", "TRAFCODE": "10103", "TRAFTYPE": "נתיבי איילון" }, "geometry": { "type": "Point", "coordinates": [ 34.79285, 32.06971 ] } },
{ "type": "Feature", "properties": { "OID": "-1", "NUM": "5.5", "RAILNAME": "צ.חמד - הרצליה", "X": "190118.8659", "Y": "675473.8006", "ROAD": "כביש 402", "HEKTOMETER": "5500.0", "LOCATION": "הוד השרון, דרך רמתיים הוד השרון", "DESCRPTION": "גשר כלי רכב מעל מסילה", "TRAINOVER": "לא", "STATUS": "קיימת", "YEARMONTH": "202406", "MAINTENANC": "נתיבי איילון", "TRAFCODE": "10103", "TRAFTYPE": "נתיבי איילון" }, "geometry": { "type": "Point", "coordinates": [ 34.89339, 32.17236 ] } },
{ "type": "Feature", "properties": { "OID": "-1", "NUM": "9.193", "RAILNAME": "אונ' - ראש העין", "X": "190077.8691", "Y": "668808.1201", "ROAD": "ממערב לכביש 40", "HEKTOMETER": "9193.0", "LOCATION": "סגולה, הרכבת", "DESCRPTION": "גשר מסילה מעל שביל עפר", "TRAINOVER": "כן", "STATUS": "קיימת", "YEARMONTH": "202406", "MAINTENANC": "רכבת ישראל", "TRAFCODE": "10105", "TRAFTYPE": "רכבת ישראל" }, "geometry": { "type": "Point", "coordinates": [ 34.89316, 32.11225 ] } },
{ "type": "Feature", "properties": { "OID": "-1", "NUM": "8.075", "RAILNAME": "גנות - צ. דניאל", "X": "190053.8771", "Y": "654775.8845", "ROAD": "כביש 1", "HEKTOMETER": "8075.0", "LOCATION": "נתב\"ג, נתב\"ג", "DESCRPTION": "גשר מסילה מעל כביש", "TRAINOVER": "כן", "STATUS": "קיימת", "YEARMONTH": "202406", "MAINTENANC": "רכבת ישראל", "TRAFCODE": "10105", "TRAFTYPE": "רכבת ישראל" }, "geometry": { "type": "Point", "coordinates": [ 34.89333, 31.98571 ] } },
{ "type": "Feature", "properties": { "OID": "-1", "NUM": "8.1", "RAILNAME": "גנות - צ. דניאל", "X": "190084.2582", "Y": "654758.5673", "ROAD": "כביש 1", "HEKTOMETER": "8100.0", "LOCATION": "נתב\"ג, נתב\"ג", "DESCRPTION": "גשר מסילה מעל כביש", "TRAINOVER": "כן", "STATUS": "קיימת", "YEARMONTH": "202406", "MAINTENANC": "רכבת ישראל", "TRAFCODE": "10105", "TRAFTYPE": "רכבת ישראל" }, "geometry": { "type": "Point", "coordinates": [ 34.89366, 31.98555 ] } },
{ "type": "Feature", "properties": { "OID": "-1", "NUM": "8.125", "RAILNAME": "גנות - צ. דניאל", "X": "190111.2974", "Y": "654743.9843", "ROAD": "כביש 1", "HEKTOMETER": "8125.0", "LOCATION": "נתב\"ג, נתב\"ג", "DESCRPTION": "גשר מסילה מעל כביש", "TRAINOVER": "כן", "STATUS": "קיימת", "YEARMONTH": "202406", "MAINTENANC": "רכבת ישראל", "TRAFCODE": "10105", "TRAFTYPE": "רכבת ישראל" }, "geometry": { "type": "Point", "coordinates": [ 34.89394, 31.98542 ] } },
{ "type": "Feature", "properties": { "OID": "-1", "NUM": "108.325", "RAILNAME": "תל אביב - פלשת", "X": "177186.6457", "Y": "652936.6122", "ROAD": "כביש 20", "HEKTOMETER": "108325.0", "LOCATION": "ראשון לציון, דרך ההצלחה", "DESCRPTION": "גשר כביש מעל מסילה", "TRAINOVER": "לא", "STATUS": "קיימת", "YEARMONTH": "202406", "MAINTENANC": "נתיבי ישראל", "TRAFCODE": "10101", "TRAFTYPE": "נתיבי ישראל" }, "geometry": { "type": "Point", "coordinates": [ 34.75727, 31.96872 ] } },
{ "type": "Feature", "properties": { "OID": "-1", "NUM": "11.640", "RAILNAME": "נתבג-ירושלים", "X": "191435.4387", "Y": "651551.5763", "ROAD": "כביש 443", "HEKTOMETER": "11640.0", "LOCATION": "לוד, ממזרח לצומת גינתון", "DESCRPTION": "גשר מסילה מעל שביל עפר", "TRAINOVER": "כן", "STATUS": "קיימת", "YEARMONTH": "202406", "MAINTENANC": "רכבת ישראל", "TRAFCODE": "10105", "TRAFTYPE": "רכבת ישראל" }, "geometry": { "type": "Point", "coordinates": [ 34.90805, 31.95667 ] } },
{ "type": "Feature", "properties": { "OID": "-1", "NUM": "110.3", "RAILNAME": "אשקלון-ראשון", "X": "177025.9298", "Y": "651030.1676", "ROAD": "כביש 20", "HEKTOMETER": "110300.0", "LOCATION": "נס ציונה, איילון צפון", "DESCRPTION": "גשר מסילה מעל כביש", "TRAINOVER": "כן", "STATUS": "קיימת", "YEARMONTH": "202406", "MAINTENANC": "רכבת ישראל", "TRAFCODE": "10105", "TRAFTYPE": "רכבת ישראל" }, "geometry": { "type": "Point", "coordinates": [ 34.75565, 31.95152 ] } },
{ "type": "Feature", "properties": { "OID": "-1", "NUM": "15.700", "RAILNAME": "נתבג-ירושלים", "X": "193135.4688", "Y": "647971.5481", "ROAD": "כביש 6", "HEKTOMETER": "15700.0", "LOCATION": "דרומי מכפר דניאל, כביש חוצה ישראל", "DESCRPTION": "גשר מסילה מעל שביל עפר", "TRAINOVER": "כן", "STATUS": "קיימת", "YEARMONTH": "202406", "MAINTENANC": "רכבת ישראל", "TRAFCODE": "10105", "TRAFTYPE": "רכבת ישראל" }, "geometry": { "type": "Point", "coordinates": [ 34.92612, 31.92442 ] } },
{ "type": "Feature", "properties": { "OID": "-1", "NUM": "17.800", "RAILNAME": "נתבג-ירושלים", "X": "194049.8817", "Y": "646051.281", "ROAD": "כביש 1", "HEKTOMETER": "17800.0", "LOCATION": "מחצבת נשר, כביש תל אביב ירושלים", "DESCRPTION": "גשר כביש מעל מסילה", "TRAINOVER": "לא", "STATUS": "קיימת", "YEARMONTH": "202406", "MAINTENANC": "רכבת ישראל", "TRAFCODE": "10105", "TRAFTYPE": "רכבת ישראל" }, "geometry": { "type": "Point", "coordinates": [ 34.93584, 31.90713 ] } },
{ "type": "Feature", "properties": { "OID": "-1", "NUM": "19.000", "RAILNAME": "מסילת המלך דוד", "X": "194581.685", "Y": "645021.7643", "ROAD": "כביש 431", "HEKTOMETER": "19000.0", "LOCATION": "כפר שמואל, מחלף ענבה", "DESCRPTION": "גשר כביש מעל מסילה", "TRAINOVER": "לא", "STATUS": "קיימת", "YEARMONTH": "202406", "MAINTENANC": "רכבת ישראל", "TRAFCODE": "10105", "TRAFTYPE": "רכבת ישראל" }, "geometry": { "type": "Point", "coordinates": [ 34.94149, 31.89785 ] } },
{ "type": "Feature", "properties": { "OID": "-1", "NUM": "4.95", "RAILNAME": "נתבג-ירושלים", "X": "187604.1209", "Y": "656580.0236", "ROAD": " ", "HEKTOMETER": "4950.0", "LOCATION": "נתב\"ג, גפן", "DESCRPTION": "גשר הולכי רגל מעל מסילה", "TRAINOVER": "לא", "STATUS": "קיימת", "YEARMONTH": "202406", "MAINTENANC": "רכבת ישראל", "TRAFCODE": "10105", "TRAFTYPE": "רכבת ישראל" }, "geometry": { "type": "Point", "coordinates": [ 34.86735, 32.00191 ] } },
{ "type": "Feature", "properties": { "OID": "-1", "NUM": "6.075", "RAILNAME": "נתבג-ירושלים", "X": "188533.279", "Y": "656027.9965", "ROAD": "כשיב 1", "HEKTOMETER": "6075.0", "LOCATION": "נתב\"ג, שדרות התעופה", "DESCRPTION": "גשר כביש מעל מסילה", "TRAINOVER": "לא", "STATUS": "קיימת", "YEARMONTH": "202406", "MAINTENANC": "רכבת ישראל", "TRAFCODE": "10105", "TRAFTYPE": "רכבת ישראל" }, "geometry": { "type": "Point", "coordinates": [ 34.8772, 31.99696 ] } },
{ "type": "Feature", "properties": { "OID": "-1", "NUM": "6.1", "RAILNAME": "נתבג-ירושלים", "X": "188565.8684", "Y": "656005.9082", "ROAD": "כביש 1", "HEKTOMETER": "6100.0", "LOCATION": "נתב\"ג, שדרות התעופה", "DESCRPTION": "גשר כביש מעל מסילה", "TRAINOVER": "לא", "STATUS": "קיימת", "YEARMONTH": "202406", "MAINTENANC": "רכבת ישראל", "TRAFCODE": "10105", "TRAFTYPE": "רכבת ישראל" }, "geometry": { "type": "Point", "coordinates": [ 34.87755, 31.99676 ] } },
{ "type": "Feature", "properties": { "OID": "-1", "NUM": "6.125", "RAILNAME": "נתבג-ירושלים", "X": "188603.5272", "Y": "655988.1651", "ROAD": "כביש 1", "HEKTOMETER": "6125.0", "LOCATION": "נתב\"ג, דרומי לשד' התעופה", "DESCRPTION": "גשר כביש מעל מסילה", "TRAINOVER": "לא", "STATUS": "קיימת", "YEARMONTH": "202406", "MAINTENANC": "רכבת ישראל", "TRAFCODE": "10105", "TRAFTYPE": "רכבת ישראל" }, "geometry": { "type": "Point", "coordinates": [ 34.87795, 31.9966 ] } },
{ "type": "Feature", "properties": { "OID": "-1", "NUM": "78.190", "RAILNAME": "מסילת החוף", "X": "184945.8434", "Y": "679985.733", "ROAD": "כביש 20", "HEKTOMETER": "78190.0", "LOCATION": "שפיים, איילון צפון", "DESCRPTION": "גשר מסילה מעל שביל עפר", "TRAINOVER": "כן", "STATUS": "קיימת", "YEARMONTH": "202406", "MAINTENANC": "רכבת ישראל", "TRAFCODE": "10105", "TRAFTYPE": "רכבת ישראל" }, "geometry": { "type": "Point", "coordinates": [ 34.83838, 32.2129 ] } },
{ "type": "Feature", "properties": { "OID": "-1", "NUM": "9.720", "RAILNAME": "גנות - צ. דניאל", "X": "190845.7621", "Y": "653371.9062", "ROAD": "כביש 40", "HEKTOMETER": "9720.0", "LOCATION": "לוד, צומת גשר לוד", "DESCRPTION": "גשר מסילה מעל שביל עפר", "TRAINOVER": "כן", "STATUS": "קיימת", "YEARMONTH": "202406", "MAINTENANC": "רכבת ישראל", "TRAFCODE": "10105", "TRAFTYPE": "רכבת ישראל" }, "geometry": { "type": "Point", "coordinates": [ 34.90175, 31.97307 ] } },
{ "type": "Feature", "properties": { "OID": "-1", "NUM": "10.000", "RAILNAME": "נתבג-ירושלים", "X": "190929.9491", "Y": "653107.425", "ROAD": "כביש 40", "HEKTOMETER": "10000.0", "LOCATION": "לוד, צומת גשר לוד", "DESCRPTION": "גשר מסילה מעל שביל עפר", "TRAINOVER": "כן", "STATUS": "קיימת", "YEARMONTH": "202406", "MAINTENANC": "רכבת ישראל", "TRAFCODE": "10105", "TRAFTYPE": "רכבת ישראל" }, "geometry": { "type": "Point", "coordinates": [ 34.90265, 31.97068 ] } },
{ "type": "Feature", "properties": { "OID": "-1", "NUM": "98.900", "RAILNAME": "אשקלון-ראשון", "X": "179135.5556", "Y": "660584.9533", "ROAD": "כביש 20", "HEKTOMETER": "98900.0", "LOCATION": "תל אביב, שד' לוי אשכול", "DESCRPTION": "גשר מסילה מעל כביש", "TRAINOVER": "כן", "STATUS": "קיימת", "YEARMONTH": "202406", "MAINTENANC": "רכבת ישראל", "TRAFCODE": "10105", "TRAFTYPE": "רכבת ישראל" }, "geometry": { "type": "Point", "coordinates": [ 34.77757, 32.03776 ] } },
{ "type": "Feature", "properties": { "OID": "-1", "NUM": "7.925", "RAILNAME": "גנות - צ. דניאל", "X": "189921.1956", "Y": "654856.6316", "ROAD": "כביש 1", "HEKTOMETER": "7925.0", "LOCATION": "נתב\"ג, שד' התעופה", "DESCRPTION": "גשר מסילה מעל שביל עפר", "TRAINOVER": "כן", "STATUS": "קיימת", "YEARMONTH": "202406", "MAINTENANC": "רכבת ישראל", "TRAFCODE": "10105", "TRAFTYPE": "רכבת ישראל" }, "geometry": { "type": "Point", "coordinates": [ 34.89193, 31.98643 ] } },
{ "type": "Feature", "properties": { "OID": "-1", "NUM": "110.450", "RAILNAME": "אשקלון-ראשון", "X": "176947.6", "Y": "650938.9", "ROAD": "כביש 20", "HEKTOMETER": "110450.0", "LOCATION": "גן שורק, איילון דרום", "DESCRPTION": "גשר מסילה מעל שביל עפר", "TRAINOVER": "כן", "STATUS": "קיימת", "YEARMONTH": "202406", "MAINTENANC": "רכבת ישראל", "TRAFCODE": "10105", "TRAFTYPE": "רכבת ישראל" }, "geometry": { "type": "Point", "coordinates": [ 34.75483, 31.95069 ] } },
{ "type": "Feature", "properties": { "OID": "-1", "NUM": "2.000", "RAILNAME": "נתבג-ירושלים", "X": "185052.5", "Y": "657296.3", "ROAD": "כביש 412", "HEKTOMETER": "2000.0", "LOCATION": "נתב\"ג, נתב\"ג", "DESCRPTION": "גשר חקלאי מעל מסילה", "TRAINOVER": "לא", "STATUS": "קיימת", "YEARMONTH": "202406", "MAINTENANC": "רכבת ישראל לקונסטרוקציה בל", "TRAFCODE": "10105", "TRAFTYPE": "רכבת ישראל" }, "geometry": { "type": "Point", "coordinates": [ 34.84033, 32.0083 ] } },
{ "type": "Feature", "properties": { "OID": "-1", "NUM": "1.800", "RAILNAME": "נתבג-ירושלים", "X": "184858.5", "Y": "657310.7", "ROAD": "כביש 412", "HEKTOMETER": "1800.0", "LOCATION": "נתבג", "DESCRPTION": "גשר חקלאי מעל מסילה", "TRAINOVER": "לא", "STATUS": "קיימת", "YEARMONTH": "202406", "MAINTENANC": "רכבת ישראל לקונסטרוקציה בל", "TRAFCODE": "10105", "TRAFTYPE": "רכבת ישראל" }, "geometry": { "type": "Point", "coordinates": [ 34.83827, 32.00842 ] } },
{ "type": "Feature", "properties": { "OID": "-1", "NUM": "0.5", "RAILNAME": "קרית גת-באר שבע", "X": "182922.4428", "Y": "573946.3702", "ROAD": "כביש 406", "HEKTOMETER": "500.0", "LOCATION": "באר שבע, האורגים", "DESCRPTION": "גשר כביש מעל מסילה", "TRAINOVER": "לא", "STATUS": "קיימת", "YEARMONTH": "202406", "MAINTENANC": "עיריית באר שבע", "TRAFCODE": "9000", "TRAFTYPE": "רשות מקומית" }, "geometry": { "type": "Point", "coordinates": [ 34.82088, 31.25655 ] } },
{ "type": "Feature", "properties": { "OID": "-1", "NUM": "0.800", "RAILNAME": "קרית גת-באר שבע", "X": "183114.3146", "Y": "573698.9932", "ROAD": "כביש 60", "HEKTOMETER": "800.0", "LOCATION": "באר שבע, דרך אליהו נאוי", "DESCRPTION": "גשר כביש מעל מסילה", "TRAINOVER": "לא", "STATUS": "קיימת", "YEARMONTH": "202406", "MAINTENANC": "אין מידע", "TRAFCODE": "0", "TRAFTYPE": "אין מידע" }, "geometry": { "type": "Point", "coordinates": [ 34.8229, 31.25432 ] } },
{ "type": "Feature", "properties": { "OID": "-1", "NUM": "1.170", "RAILNAME": "שלוחת רמת חובב", "X": "181344.2031", "Y": "571060.2164", "ROAD": "כביש 25", "HEKTOMETER": "1170.0", "LOCATION": "באר שבע, אלון יגאל", "DESCRPTION": "גשר מסילה מעל כביש", "TRAINOVER": "כן", "STATUS": "קיימת", "YEARMONTH": "202406", "MAINTENANC": "רכבת ישראל", "TRAFCODE": "10105", "TRAFTYPE": "רכבת ישראל" }, "geometry": { "type": "Point", "coordinates": [ 34.80442, 31.23047 ] } },
{ "type": "Feature", "properties": { "OID": "-1", "NUM": "1.600", "RAILNAME": "שלוחת רמת חובב", "X": "181406.0675", "Y": "570647.3931", "ROAD": "כביש 406", "HEKTOMETER": "1600.0", "LOCATION": "באר שבע, הפועלים", "DESCRPTION": "גשר מסילה מעל כביש", "TRAINOVER": "כן", "STATUS": "קיימת", "YEARMONTH": "202406", "MAINTENANC": "רכבת ישראל", "TRAFCODE": "10105", "TRAFTYPE": "רכבת ישראל" }, "geometry": { "type": "Point", "coordinates": [ 34.80508, 31.22674 ] } },
{ "type": "Feature", "properties": { "OID": "-1", "NUM": "1.620", "RAILNAME": "קרית גת-באר שבע", "X": "183256.5955", "Y": "572941.7238", "ROAD": "כביש 40", "HEKTOMETER": "1620.0", "LOCATION": "באר שבע, בן עמי אברהם", "DESCRPTION": "גשר מסילה מעל כביש", "TRAINOVER": "כן", "STATUS": "קיימת", "YEARMONTH": "202406", "MAINTENANC": "רכבת ישראל", "TRAFCODE": "10105", "TRAFTYPE": "רכבת ישראל" }, "geometry": { "type": "Point", "coordinates": [ 34.82442, 31.2475 ] } },
{ "type": "Feature", "properties": { "OID": "-1", "NUM": "2.290", "RAILNAME": "שלוחת רמת חובב", "X": "181507.9867", "Y": "569956.0802", "ROAD": "כביש 406", "HEKTOMETER": "2290.0", "LOCATION": "באר שבע, הבונים", "DESCRPTION": "גשר מסילה מעל כביש", "TRAINOVER": "כן", "STATUS": "קיימת", "YEARMONTH": "202406", "MAINTENANC": "רכבת ישראל", "TRAFCODE": "10105", "TRAFTYPE": "רכבת ישראל" }, "geometry": { "type": "Point", "coordinates": [ 34.80618, 31.22051 ] } },
{ "type": "Feature", "properties": { "OID": "-1", "NUM": "4.500", "RAILNAME": "קרית גת-באר שבע", "X": "180930.9956", "Y": "572121.5849", "ROAD": "כביש 60", "HEKTOMETER": "4500.0", "LOCATION": "באר שבע, דרך חברון", "DESCRPTION": "גשר מסילה מעל כביש", "TRAINOVER": "כן", "STATUS": "קיימת", "YEARMONTH": "202406", "MAINTENANC": "רכבת ישראל", "TRAFCODE": "10105", "TRAFTYPE": "רכבת ישראל" }, "geometry": { "type": "Point", "coordinates": [ 34.80004, 31.24002 ] } },
{ "type": "Feature", "properties": { "OID": "-1", "NUM": "5.600", "RAILNAME": "שלוחת רמת חובב", "X": "181395.0463", "Y": "566836.6298", "ROAD": "כביש 406", "HEKTOMETER": "5600.0", "LOCATION": "באר שבע-איזור השבטים הבדואים, צומת אוהלים", "DESCRPTION": "גשר מסילה מעל כביש", "TRAINOVER": "כן", "STATUS": "קיימת", "YEARMONTH": "202406", "MAINTENANC": "רכבת ישראל", "TRAFCODE": "10105", "TRAFTYPE": "רכבת ישראל" }, "geometry": { "type": "Point", "coordinates": [ 34.80511, 31.19237 ] } },
{ "type": "Feature", "properties": { "OID": "-1", "NUM": "7.055", "RAILNAME": "מסילת חלץ", "X": "166823.6974", "Y": "611977.5975", "ROAD": "כביש 232", "HEKTOMETER": "7055.0", "LOCATION": "גברעם, צפוני לחוות ניבה", "DESCRPTION": "גשר מסילה מעל כביש", "TRAINOVER": "כן", "STATUS": "קיימת", "YEARMONTH": "202406", "MAINTENANC": "רכבת ישראל", "TRAFCODE": "10105", "TRAFTYPE": "רכבת ישראל" }, "geometry": { "type": "Point", "coordinates": [ 34.64985, 31.59891 ] } },
{ "type": "Feature", "properties": { "OID": "-1", "NUM": "11.38", "RAILNAME": "שלוחת רמת חובב", "X": "180104.1149", "Y": "561658.4855", "ROAD": "כביש 40", "HEKTOMETER": "11380.0", "LOCATION": "רמת חובב, צפונית לרכבת ישראל-רמת חובב", "DESCRPTION": "גשר מסילה מעל כביש", "TRAINOVER": "כן", "STATUS": "קיימת", "YEARMONTH": "202406", "MAINTENANC": "רכבת ישראל", "TRAFCODE": "10105", "TRAFTYPE": "רכבת ישראל" }, "geometry": { "type": "Point", "coordinates": [ 34.79177, 31.14563 ] } },
{ "type": "Feature", "properties": { "OID": "-1", "NUM": "12.100", "RAILNAME": "מסילת חלץ", "X": "171612.4959", "Y": "610674.0505", "ROAD": "כביש 352", "HEKTOMETER": "12100.0", "LOCATION": "בין היישוב זוהר לשדה דוד, כביש 352", "DESCRPTION": "גשר כביש מעל מסילה", "TRAINOVER": "לא", "STATUS": "קיימת", "YEARMONTH": "202406", "MAINTENANC": "נתיבי ישראל", "TRAFCODE": "10101", "TRAFTYPE": "נתיבי ישראל" }, "geometry": { "type": "Point", "coordinates": [ 34.70037, 31.58737 ] } },
{ "type": "Feature", "properties": { "OID": "-1", "NUM": "13.100", "RAILNAME": "דימונה-צין", "X": "218310.6542", "Y": "552123.193", "ROAD": "כביש 259", "HEKTOMETER": "13100.0", "LOCATION": "רותם אמפרט נגב בע\"מ אתר רות, דרומי ממפעל הפוספטים", "DESCRPTION": "גשר מסילה מעל כביש", "TRAINOVER": "כן", "STATUS": "קיימת", "YEARMONTH": "202406", "MAINTENANC": "רכבת ישראל", "TRAFCODE": "10105", "TRAFTYPE": "רכבת ישראל" }, "geometry": { "type": "Point", "coordinates": [ 35.19244, 31.06029 ] } },
{ "type": "Feature", "properties": { "OID": "-1", "NUM": "26.720", "RAILNAME": "לוד-קריית גת", "X": "179094.7174", "Y": "617528.6401", "ROAD": "כביש 353", "HEKTOMETER": "26720.0", "LOCATION": "מנוחה, דרומי ממנוחה", "DESCRPTION": "גשר מסילה מעל שביל עפר", "TRAINOVER": "כן", "STATUS": "קיימת", "YEARMONTH": "202406", "MAINTENANC": "רכבת ישראל", "TRAFCODE": "10105", "TRAFTYPE": "רכבת ישראל" }, "geometry": { "type": "Point", "coordinates": [ 34.77892, 31.64947 ] } },
{ "type": "Feature", "properties": { "OID": "-1", "NUM": "30.020", "RAILNAME": "לוד-קריית גת", "X": "179142.3371", "Y": "614251.4902", "ROAD": "כביש 3444", "HEKTOMETER": "30020.0", "LOCATION": "כרמי גת, מזרחית לרחוב דרך הדרום", "DESCRPTION": "גשר מסילה מעל שביל עפר", "TRAINOVER": "כן", "STATUS": "קיימת", "YEARMONTH": "202406", "MAINTENANC": "רכבת ישראל", "TRAFCODE": "10105", "TRAFTYPE": "רכבת ישראל" }, "geometry": { "type": "Point", "coordinates": [ 34.77956, 31.61992 ] } },
{ "type": "Feature", "properties": { "OID": "-1", "NUM": "30.900", "RAILNAME": "לוד-קריית גת", "X": "179308.1716", "Y": "613398.4975", "ROAD": "כביש 35", "HEKTOMETER": "30900.0", "LOCATION": "קריית גת, ממזרח לקרית גת", "DESCRPTION": "גשר כביש מעל מסילה", "TRAINOVER": "לא", "STATUS": "קיימת", "YEARMONTH": "202406", "MAINTENANC": "נתיבי ישראל", "TRAFCODE": "10101", "TRAFTYPE": "נתיבי ישראל" }, "geometry": { "type": "Point", "coordinates": [ 34.78134, 31.61223 ] } },
{ "type": "Feature", "properties": { "OID": "-1", "NUM": "34.470", "RAILNAME": "קריית גת-באר שבע", "X": "178440.5901", "Y": "609953.3167", "ROAD": "כביש 40", "HEKTOMETER": "34470.0", "LOCATION": "בין עוזה לקריית גת, דרומי מרקית גת", "DESCRPTION": "גשר חקלאי מעל מסילה", "TRAINOVER": "לא", "STATUS": "קיימת", "YEARMONTH": "202406", "MAINTENANC": "רכבת ישראל לקונסטרוקציה בל", "TRAFCODE": "10105", "TRAFTYPE": "רכבת ישראל" }, "geometry": { "type": "Point", "coordinates": [ 34.77234, 31.58113 ] } },
{ "type": "Feature", "properties": { "OID": "-1", "NUM": "40.860", "RAILNAME": "קריית גת-באר שבע", "X": "179844.3103", "Y": "603988.6748", "ROAD": "כביש 6", "HEKTOMETER": "40860.0", "LOCATION": "מקטע בין אחוזם לבית קמה, מערבי ליער מאחז", "DESCRPTION": "גשר מסילה מעל שביל עפר", "TRAINOVER": "כן", "STATUS": "קיימת", "YEARMONTH": "202406", "MAINTENANC": "רכבת ישראל", "TRAFCODE": "10105", "TRAFTYPE": "רכבת ישראל" }, "geometry": { "type": "Point", "coordinates": [ 34.78737, 31.52739 ] } },
{ "type": "Feature", "properties": { "OID": "-1", "NUM": "41.140", "RAILNAME": "קריית גת-באר שבע", "X": "179945.5435", "Y": "603730.5375", "ROAD": "כביש 6", "HEKTOMETER": "41140.0", "LOCATION": "מקטע בין אחוזם לבית קמה, מערבי ליער מאחז", "DESCRPTION": "גשר מסילה מעל כביש", "TRAINOVER": "כן", "STATUS": "קיימת", "YEARMONTH": "202406", "MAINTENANC": "רכבת ישראל", "TRAFCODE": "10105", "TRAFTYPE": "רכבת ישראל" }, "geometry": { "type": "Point", "coordinates": [ 34.78844, 31.52506 ] } },
{ "type": "Feature", "properties": { "OID": "-1", "NUM": "42.915", "RAILNAME": "קריית גת-באר שבע", "X": "179863.9284", "Y": "601969.1545", "ROAD": "כביש 6", "HEKTOMETER": "42915.0", "LOCATION": "מקטע בין אחוזם לבית קמה, מזרחית לכביש 6", "DESCRPTION": "גשר חקלאי מעל מסילה", "TRAINOVER": "לא", "STATUS": "קיימת", "YEARMONTH": "202406", "MAINTENANC": "רכבת ישראל לקונסטרוקציה בל", "TRAFCODE": "10105", "TRAFTYPE": "רכבת ישראל" }, "geometry": { "type": "Point", "coordinates": [ 34.78765, 31.50918 ] } },
{ "type": "Feature", "properties": { "OID": "-1", "NUM": "45.245", "RAILNAME": "קריית גת-באר שבע", "X": "179642.13", "Y": "599659.3433", "ROAD": "כביש 6", "HEKTOMETER": "45245.0", "LOCATION": "צפונית לבית קמה, מזרחית לכביש 6", "DESCRPTION": "גשר מסילה מעל שביל עפר", "TRAINOVER": "כן", "STATUS": "קיימת", "YEARMONTH": "202406", "MAINTENANC": "רכבת ישראל", "TRAFCODE": "10105", "TRAFTYPE": "רכבת ישראל" }, "geometry": { "type": "Point", "coordinates": [ 34.78541, 31.48834 ] } },
{ "type": "Feature", "properties": { "OID": "-1", "NUM": "47.550", "RAILNAME": "קריית גת-באר שבע", "X": "178830.5223", "Y": "597514.6027", "ROAD": "כביש 6", "HEKTOMETER": "47550.0", "LOCATION": "צפונית לבית קמה, בסמוך לתחנת דלק פז כביש 6", "DESCRPTION": "גשר מסילה מעל שביל עפר", "TRAINOVER": "כן", "STATUS": "קיימת", "YEARMONTH": "202406", "MAINTENANC": "רכבת ישראל", "TRAFCODE": "10105", "TRAFTYPE": "רכבת ישראל" }, "geometry": { "type": "Point", "coordinates": [ 34.77696, 31.46897 ] } },
{ "type": "Feature", "properties": { "OID": "-1", "NUM": "54.220", "RAILNAME": "קריית גת-באר שבע", "X": "180549.4376", "Y": "591221.9427", "ROAD": "כביש 6", "HEKTOMETER": "54220.0", "LOCATION": "רהט, מזרחית לרהט", "DESCRPTION": "גשר מסילה מעל שביל עפר", "TRAINOVER": "כן", "STATUS": "קיימת", "YEARMONTH": "202406", "MAINTENANC": "רכבת ישראל", "TRAFCODE": "10105", "TRAFTYPE": "רכבת ישראל" }, "geometry": { "type": "Point", "coordinates": [ 34.79529, 31.41227 ] } },
{ "type": "Feature", "properties": { "OID": "-1", "NUM": "55.950", "RAILNAME": "קריית גת-באר שבע", "X": "180505.8039", "Y": "589503.0352", "ROAD": "כביש 40", "HEKTOMETER": "55950.0", "LOCATION": "רהט, מזרחית לרהט", "DESCRPTION": "גשר מסילה מעל שביל עפר", "TRAINOVER": "כן", "STATUS": "קיימת", "YEARMONTH": "202406", "MAINTENANC": "רכבת ישראל", "TRAFCODE": "10105", "TRAFTYPE": "רכבת ישראל" }, "geometry": { "type": "Point", "coordinates": [ 34.7949, 31.39677 ] } },
{ "type": "Feature", "properties": { "OID": "-1", "NUM": "58.630", "RAILNAME": "קריית גת-באר שבע", "X": "180765.6419", "Y": "586830.5178", "ROAD": "כביש 31", "HEKTOMETER": "58630.0", "LOCATION": "להבים, מזרחית לצומת להבים", "DESCRPTION": "גשר כביש מעל מסילה", "TRAINOVER": "לא", "STATUS": "קיימת", "YEARMONTH": "202406", "MAINTENANC": "נתיבי ישראל", "TRAFCODE": "10101", "TRAFTYPE": "נתיבי ישראל" }, "geometry": { "type": "Point", "coordinates": [ 34.79774, 31.37268 ] } },
{ "type": "Feature", "properties": { "OID": "-1", "NUM": "60.400", "RAILNAME": "קריית גת-באר שבע", "X": "180849.5838", "Y": "585059.442", "ROAD": "כביש 40", "HEKTOMETER": "60400.0", "LOCATION": "דרומית ללהבים, מזרחית לכביש 40", "DESCRPTION": "גשר מסילה מעל שביל עפר", "TRAINOVER": "כן", "STATUS": "קיימת", "YEARMONTH": "202406", "MAINTENANC": "רכבת ישראל", "TRAFCODE": "10105", "TRAFTYPE": "רכבת ישראל" }, "geometry": { "type": "Point", "coordinates": [ 34.79869, 31.35671 ] } },
{ "type": "Feature", "properties": { "OID": "-1", "NUM": "68.130", "RAILNAME": "קרית גת-באר שבע", "X": "180557.6775", "Y": "577433.3735", "ROAD": "כביש 406", "HEKTOMETER": "68130.0", "LOCATION": "באר שבע, רמות הרכס-שד' צהל", "DESCRPTION": "גשר מסילה מעל כביש", "TRAINOVER": "כן", "STATUS": "קיימת", "YEARMONTH": "202406", "MAINTENANC": "רכבת ישראל", "TRAFCODE": "10105", "TRAFTYPE": "רכבת ישראל" }, "geometry": { "type": "Point", "coordinates": [ 34.79592, 31.28792 ] } },
{ "type": "Feature", "properties": { "OID": "-1", "NUM": "69.500", "RAILNAME": "קרית גת-באר שבע", "X": "180690.4069", "Y": "576081.3401", "ROAD": "כביש 406", "HEKTOMETER": "69500.0", "LOCATION": "באר שבע, הצדיק מירושלים", "DESCRPTION": "גשר מסילה מעל כביש", "TRAINOVER": "כן", "STATUS": "קיימת", "YEARMONTH": "202406", "MAINTENANC": "רכבת ישראל", "TRAFCODE": "10105", "TRAFTYPE": "רכבת ישראל" }, "geometry": { "type": "Point", "coordinates": [ 34.79736, 31.27573 ] } },
{ "type": "Feature", "properties": { "OID": "-1", "NUM": "70.430", "RAILNAME": "קרית גת-באר שבע", "X": "181109.6669", "Y": "575255.993", "ROAD": "כביש 406", "HEKTOMETER": "70430.0", "LOCATION": "באר שבע, בנימין מטודלה", "DESCRPTION": "גשר הולכי רגל מעל מסילה", "TRAINOVER": "לא", "STATUS": "קיימת", "YEARMONTH": "202406", "MAINTENANC": "רכבת ישראל", "TRAFCODE": "10105", "TRAFTYPE": "רכבת ישראל" }, "geometry": { "type": "Point", "coordinates": [ 34.8018, 31.2683 ] } },
{ "type": "Feature", "properties": { "OID": "-1", "NUM": "71.050", "RAILNAME": "קרית גת-באר שבע", "X": "181458.3049", "Y": "574772.033", "ROAD": "כביש 406", "HEKTOMETER": "71050.0", "LOCATION": "באר שבע, חנני צבי", "DESCRPTION": "גשר מסילה מעל כביש", "TRAINOVER": "כן", "STATUS": "קיימת", "YEARMONTH": "202406", "MAINTENANC": "רכבת ישראל", "TRAFCODE": "10105", "TRAFTYPE": "רכבת ישראל" }, "geometry": { "type": "Point", "coordinates": [ 34.80548, 31.26395 ] } },
{ "type": "Feature", "properties": { "OID": "-1", "NUM": "71.150", "RAILNAME": "קרית גת-באר שבע", "X": "181547.4999", "Y": "574720.9363", "ROAD": "כביש 406", "HEKTOMETER": "71150.0", "LOCATION": "באר שבע, אורי צבי", "DESCRPTION": "גשר מסילה מעל כביש", "TRAINOVER": "כן", "STATUS": "קיימת", "YEARMONTH": "202406", "MAINTENANC": "רכבת ישראל", "TRAFCODE": "10105", "TRAFTYPE": "רכבת ישראל" }, "geometry": { "type": "Point", "coordinates": [ 34.80641, 31.26349 ] } },
{ "type": "Feature", "properties": { "OID": "-1", "NUM": "71.4", "RAILNAME": "קרית גת-באר שבע", "X": "181789.1498", "Y": "574590.8152", "ROAD": "כביש 406", "HEKTOMETER": "71400.0", "LOCATION": "באר שבע, תחנת רכבת באר שבע צפון", "DESCRPTION": "גשר הולכי רגל מעל מסילה", "TRAINOVER": "לא", "STATUS": "קיימת", "YEARMONTH": "202406", "MAINTENANC": "עיריית באר שבע", "TRAFCODE": "9000", "TRAFTYPE": "רשות מקומית" }, "geometry": { "type": "Point", "coordinates": [ 34.80896, 31.26232 ] } },
{ "type": "Feature", "properties": { "OID": "-1", "NUM": "74.550", "RAILNAME": "באר שבע-דימונה", "X": "183678.6889", "Y": "573261.5209", "ROAD": "כביש 40", "HEKTOMETER": "74550.0", "LOCATION": "באר שבע, בין באר שבע לתל שבע", "DESCRPTION": "גשר מסילה מעל כביש", "TRAINOVER": "כן", "STATUS": "קיימת", "YEARMONTH": "202406", "MAINTENANC": "רכבת ישראל", "TRAFCODE": "10105", "TRAFTYPE": "רכבת ישראל" }, "geometry": { "type": "Point", "coordinates": [ 34.82884, 31.25039 ] } },
{ "type": "Feature", "properties": { "OID": "-1", "NUM": "75.665", "RAILNAME": "באר שבע-דימונה", "X": "184550.0517", "Y": "572664.5075", "ROAD": "כביש 4060", "HEKTOMETER": "75665.0", "LOCATION": "תל שבע, מערבית לגן לאומי תל-באר שבע", "DESCRPTION": "גשר מסילה מעל שביל עפר", "TRAINOVER": "כן", "STATUS": "קיימת", "YEARMONTH": "202406", "MAINTENANC": "רכבת ישראל", "TRAFCODE": "10105", "TRAFTYPE": "רכבת ישראל" }, "geometry": { "type": "Point", "coordinates": [ 34.83801, 31.24503 ] } },
{ "type": "Feature", "properties": { "OID": "-1", "NUM": "75.88", "RAILNAME": "באר שבע-דימונה", "X": "184666.154", "Y": "572479.5187", "ROAD": "כביש 4060", "HEKTOMETER": "75880.0", "LOCATION": "תל שבע, מערבית לתל שבע", "DESCRPTION": "גשר מסילה מעל שביל עפר", "TRAINOVER": "כן", "STATUS": "קיימת", "YEARMONTH": "202406", "MAINTENANC": "רכבת ישראל", "TRAFCODE": "10105", "TRAFTYPE": "רכבת ישראל" }, "geometry": { "type": "Point", "coordinates": [ 34.83924, 31.24337 ] } },
{ "type": "Feature", "properties": { "OID": "-1", "NUM": "84.33", "RAILNAME": "באר שבע-דימונה", "X": "191291.7498", "Y": "568337.6101", "ROAD": "כביש 25", "HEKTOMETER": "84330.0", "LOCATION": "אבו רוקייק, איזור השבטים הבדואיים", "DESCRPTION": "גשר מסילה מעל שביל עפר", "TRAINOVER": "כן", "STATUS": "קיימת", "YEARMONTH": "202406", "MAINTENANC": "רכבת ישראל", "TRAFCODE": "10105", "TRAFTYPE": "רכבת ישראל" }, "geometry": { "type": "Point", "coordinates": [ 34.9089, 31.20619 ] } },
{ "type": "Feature", "properties": { "OID": "-1", "NUM": "85.292", "RAILNAME": "נען - הר צין", "X": "192383.8212", "Y": "567795.9376", "ROAD": "כביש 25", "HEKTOMETER": "85290.0", "LOCATION": "אבו קויידר, כביש גישה לאבו קוידר", "DESCRPTION": "גשר כלי רכב מעל מסילה", "TRAINOVER": "לא", "STATUS": "קיימת", "YEARMONTH": "202406", "MAINTENANC": "רכבת ישראל", "TRAFCODE": "10105", "TRAFTYPE": "רכבת ישראל" }, "geometry": { "type": "Point", "coordinates": [ 34.92038, 31.20133 ] } },
{ "type": "Feature", "properties": { "OID": "-1", "NUM": "89.010", "RAILNAME": "באר שבע-דימונה", "X": "195719.8959", "Y": "566143.6889", "ROAD": "כביש 25", "HEKTOMETER": "89010.0", "LOCATION": "שבט פריג'ת, איזור השבטים הבדואיים", "DESCRPTION": "גשר כביש מעל מסילה", "TRAINOVER": "לא", "STATUS": "קיימת", "YEARMONTH": "202406", "MAINTENANC": "רכבת ישראל", "TRAFCODE": "10105", "TRAFTYPE": "רכבת ישראל" }, "geometry": { "type": "Point", "coordinates": [ 34.95542, 31.1865 ] } },
{ "type": "Feature", "properties": { "OID": "-1", "NUM": "92.950", "RAILNAME": "באר שבע-דימונה", "X": "198362.2529", "Y": "563490.3743", "ROAD": "כביש 25", "HEKTOMETER": "92950.0", "LOCATION": "ערערה, מערבית לערערה", "DESCRPTION": "גשר מסילה מעל שביל עפר", "TRAINOVER": "כן", "STATUS": "קיימת", "YEARMONTH": "202406", "MAINTENANC": "רכבת ישראל", "TRAFCODE": "10105", "TRAFTYPE": "רכבת ישראל" }, "geometry": { "type": "Point", "coordinates": [ 34.9832, 31.16262 ] } },
{ "type": "Feature", "properties": { "OID": "-1", "NUM": "96.565", "RAILNAME": "באר שבע-דימונה", "X": "199502.5718", "Y": "562863.9122", "ROAD": "כביש 80", "HEKTOMETER": "96565.0", "LOCATION": "ערערה, ממזרח לרמת ברע", "DESCRPTION": "גשר כביש מעל מסילה", "TRAINOVER": "לא", "STATUS": "קיימת", "YEARMONTH": "202406", "MAINTENANC": "נתיבי ישראל", "TRAFCODE": "10101", "TRAFTYPE": "נתיבי ישראל" }, "geometry": { "type": "Point", "coordinates": [ 34.99517, 31.15699 ] } },
{ "type": "Feature", "properties": { "OID": "-1", "NUM": "100.140", "RAILNAME": "באר שבע-דימונה", "X": "200963.2822", "Y": "559634.8517", "ROAD": "כביש 25", "HEKTOMETER": "100140.0", "LOCATION": "דרומית לערערה, כביש גישה לפזורה בדואית", "DESCRPTION": "גשר כביש מעל מסילה", "TRAINOVER": "לא", "STATUS": "קיימת", "YEARMONTH": "202406", "MAINTENANC": "רכבת ישראל", "TRAFCODE": "10105", "TRAFTYPE": "רכבת ישראל" }, "geometry": { "type": "Point", "coordinates": [ 35.01055, 31.12789 ] } },
{ "type": "Feature", "properties": { "OID": "-1", "NUM": "104.367", "RAILNAME": "באר שבע-דימונה", "X": "199962.9132", "Y": "556024.5914", "ROAD": "כביש 25", "HEKTOMETER": "104367.0", "LOCATION": "מערבית לדימונה, צמוד לכביש 25", "DESCRPTION": "גשר כביש מעל מסילה", "TRAINOVER": "לא", "STATUS": "קיימת", "YEARMONTH": "202406", "MAINTENANC": "רכבת ישראל", "TRAFCODE": "10105", "TRAFTYPE": "רכבת ישראל" }, "geometry": { "type": "Point", "coordinates": [ 35.00013, 31.09531 ] } },
{ "type": "Feature", "properties": { "OID": "-1", "NUM": "109.980", "RAILNAME": "באר שבע-דימונה", "X": "201990.044", "Y": "552507.5239", "ROAD": "כביש 25", "HEKTOMETER": "109980.0", "LOCATION": "דימונה, רחוב הרצל", "DESCRPTION": "גשר כביש מעל מסילה", "TRAINOVER": "לא", "STATUS": "קיימת", "YEARMONTH": "202406", "MAINTENANC": "רכבת ישראל", "TRAFCODE": "10105", "TRAFTYPE": "רכבת ישראל" }, "geometry": { "type": "Point", "coordinates": [ 35.02144, 31.06362 ] } },
{ "type": "Feature", "properties": { "OID": "-1", "NUM": "110.520", "RAILNAME": "באר שבע-דימונה", "X": "202308.3961", "Y": "552077.7012", "ROAD": "כביש 25", "HEKTOMETER": "110520.0", "LOCATION": "דימונה, שד' אריאל שרון", "DESCRPTION": "גשר כביש מעל מסילה", "TRAINOVER": "לא", "STATUS": "קיימת", "YEARMONTH": "202406", "MAINTENANC": "רכבת ישראל", "TRAFCODE": "10105", "TRAFTYPE": "רכבת ישראל" }, "geometry": { "type": "Point", "coordinates": [ 35.02478, 31.05975 ] } },
{ "type": "Feature", "properties": { "OID": "-1", "NUM": "119.470", "RAILNAME": "דימונה-צין", "X": "208108.3826", "Y": "549567.7703", "ROAD": "כביש 25", "HEKTOMETER": "119470.0", "LOCATION": "דימונה, מערבית לצומת רתם", "DESCRPTION": "גשר מסילה מעל כביש", "TRAINOVER": "כן", "STATUS": "קיימת", "YEARMONTH": "202406", "MAINTENANC": "רכבת ישראל", "TRAFCODE": "10105", "TRAFTYPE": "רכבת ישראל" }, "geometry": { "type": "Point", "coordinates": [ 35.08557, 31.03719 ] } },
{ "type": "Feature", "properties": { "OID": "-1", "NUM": "132.400", "RAILNAME": "דימונה-צין", "X": "203067.157", "Y": "539624.0792", "ROAD": "כביש 225", "HEKTOMETER": "132400.0", "LOCATION": "מקטע בין ירוחם לאורון, צפוני ממפעל אורון", "DESCRPTION": "גשר מסילה מעל כביש", "TRAINOVER": "כן", "STATUS": "קיימת", "YEARMONTH": "202406", "MAINTENANC": "רכבת ישראל", "TRAFCODE": "10105", "TRAFTYPE": "רכבת ישראל" }, "geometry": { "type": "Point", "coordinates": [ 35.03293, 30.94744 ] } },
{ "type": "Feature", "properties": { "OID": "-1", "NUM": "154.625", "RAILNAME": "מסילת הבשור", "X": "162605.1345", "Y": "618852.8205", "ROAD": "כביש 4", "HEKTOMETER": "154625.0", "LOCATION": "אשקלון, בין צומץ ברכיה לצומת אשקלון", "DESCRPTION": "גשר כביש מעל מסילה", "TRAINOVER": "לא", "STATUS": "קיימת", "YEARMONTH": "202406", "MAINTENANC": "נתיבי ישראל", "TRAFCODE": "10101", "TRAFTYPE": "נתיבי ישראל" }, "geometry": { "type": "Point", "coordinates": [ 34.60501, 31.66072 ] } },
{ "type": "Feature", "properties": { "OID": "-1", "NUM": "161.140", "RAILNAME": "מסילת הבשור", "X": "158255.1724", "Y": "594518.5735", "ROAD": "כביש 25", "HEKTOMETER": "161140.0", "LOCATION": "זמרת, אזור חקלאי דרומית לזמרת", "DESCRPTION": "גשר מסילה מעל כביש", "TRAINOVER": "כן", "STATUS": "קיימת", "YEARMONTH": "202406", "MAINTENANC": "רכבת ישראל", "TRAFCODE": "10105", "TRAFTYPE": "רכבת ישראל" }, "geometry": { "type": "Point", "coordinates": [ 34.56065, 31.44104 ] } },
{ "type": "Feature", "properties": { "OID": "-1", "NUM": "162.23", "RAILNAME": "מסילת הבשור", "X": "159996.5775", "Y": "608282.37", "ROAD": "כביש 34", "HEKTOMETER": "162230.0", "LOCATION": "בין ארז לאור הנר, ממערב ליער ארז", "DESCRPTION": "גשר מסילה מעל שביל עפר", "TRAINOVER": "כן", "STATUS": "קיימת", "YEARMONTH": "202406", "MAINTENANC": "רכבת ישראל", "TRAFCODE": "10105", "TRAFTYPE": "רכבת ישראל" }, "geometry": { "type": "Point", "coordinates": [ 34.57814, 31.56526 ] } },
{ "type": "Feature", "properties": { "OID": "-1", "NUM": "163", "RAILNAME": "מסילת הבשור", "X": "162581.1706", "Y": "617580.5029", "ROAD": "כביש 3412", "HEKTOMETER": "155900.0", "LOCATION": "מושב גיאה, גישה למושב גיאה", "DESCRPTION": "גשר כביש מעל מסילה", "TRAINOVER": "לא", "STATUS": "קיימת", "YEARMONTH": "202406", "MAINTENANC": "נתיבי ישראל", "TRAFCODE": "10101", "TRAFTYPE": "נתיבי ישראל" }, "geometry": { "type": "Point", "coordinates": [ 34.60483, 31.64924 ] } },
{ "type": "Feature", "properties": { "OID": "-1", "NUM": "163.485", "RAILNAME": "מסילת הבשור", "X": "159270.7933", "Y": "610902.2683", "ROAD": "כביש 34", "HEKTOMETER": "163485.0", "LOCATION": "יד מרדכי, צפונית לצומת יד מרדכי", "DESCRPTION": "גשר מסילה מעל שביל עפר", "TRAINOVER": "כן", "STATUS": "קיימת", "YEARMONTH": "202406", "MAINTENANC": "רכבת ישראל", "TRAFCODE": "10105", "TRAFTYPE": "רכבת ישראל" }, "geometry": { "type": "Point", "coordinates": [ 34.57034, 31.58885 ] } },
{ "type": "Feature", "properties": { "OID": "-1", "NUM": "164", "RAILNAME": "מסילת הבשור", "X": "161569.0463", "Y": "615740.7477", "ROAD": "כביש 4", "HEKTOMETER": "158000.0", "LOCATION": "מושב גיאה, מעבר חקלאי למושב גיאה", "DESCRPTION": "גשר כביש מעל מסילה", "TRAINOVER": "לא", "STATUS": "קיימת", "YEARMONTH": "202406", "MAINTENANC": "רכבת ישראל", "TRAFCODE": "10105", "TRAFTYPE": "רכבת ישראל" }, "geometry": { "type": "Point", "coordinates": [ 34.59427, 31.6326 ] } },
{ "type": "Feature", "properties": { "OID": "-1", "NUM": "166", "RAILNAME": "מסילת הבשור", "X": "160462.4223", "Y": "614411.7413", "ROAD": "כביש 4", "HEKTOMETER": "159740.0", "LOCATION": "מבקיעים, שדות קיבוץ מבקיעים", "DESCRPTION": "גשר כביש מעל מסילה", "TRAINOVER": "לא", "STATUS": "קיימת", "YEARMONTH": "202406", "MAINTENANC": "רכבת ישראל", "TRAFCODE": "10105", "TRAFTYPE": "רכבת ישראל" }, "geometry": { "type": "Point", "coordinates": [ 34.58268, 31.62056 ] } },
{ "type": "Feature", "properties": { "OID": "-1", "NUM": "167.045", "RAILNAME": "מסילת הבשור", "X": "160187.6649", "Y": "607503.5805", "ROAD": "כביש 34", "HEKTOMETER": "167045.0", "LOCATION": "בין ארז לאור הנר, ממזרח לארז", "DESCRPTION": "גשר מסילה מעל כביש", "TRAINOVER": "כן", "STATUS": "קיימת", "YEARMONTH": "202406", "MAINTENANC": "רכבת ישראל", "TRAFCODE": "10105", "TRAFTYPE": "רכבת ישראל" }, "geometry": { "type": "Point", "coordinates": [ 34.5802, 31.55824 ] } },
{ "type": "Feature", "properties": { "OID": "-1", "NUM": "167.245", "RAILNAME": "מסילת הבשור", "X": "160166.561", "Y": "607300.1834", "ROAD": "כביש 34", "HEKTOMETER": "167245.0", "LOCATION": "ארז, כביש גישה לארז", "DESCRPTION": "גשר מסילה מעל כביש", "TRAINOVER": "כן", "STATUS": "קיימת", "YEARMONTH": "202406", "MAINTENANC": "רכבת ישראל", "TRAFCODE": "10105", "TRAFTYPE": "רכבת ישראל" }, "geometry": { "type": "Point", "coordinates": [ 34.57999, 31.55641 ] } },
{ "type": "Feature", "properties": { "OID": "-1", "NUM": "168", "RAILNAME": "מסילת הבשור", "X": "159686.728", "Y": "612502.2383", "ROAD": "כביש 3421", "HEKTOMETER": "161830.0", "LOCATION": "גברעם, גישה לישוב גברעם", "DESCRPTION": "גשר כביש מעל מסילה", "TRAINOVER": "לא", "STATUS": "קיימת", "YEARMONTH": "202406", "MAINTENANC": "נתיבי ישראל", "TRAFCODE": "10101", "TRAFTYPE": "נתיבי ישראל" }, "geometry": { "type": "Point", "coordinates": [ 34.57462, 31.6033 ] } },
{ "type": "Feature", "properties": { "OID": "-1", "NUM": "169.77", "RAILNAME": "מסילת הבשור", "X": "159940.601", "Y": "604789.6978", "ROAD": "כביש 34", "HEKTOMETER": "169770.0", "LOCATION": "שדרות, מערבית לכביש 34", "DESCRPTION": "גשר חקלאי מעל מסילה", "TRAINOVER": "לא", "STATUS": "קיימת", "YEARMONTH": "202406", "MAINTENANC": "רכבת ישראל לקונסטרוקציה בל", "TRAFCODE": "10105", "TRAFTYPE": "רכבת ישראל" }, "geometry": { "type": "Point", "coordinates": [ 34.57776, 31.53376 ] } },
{ "type": "Feature", "properties": { "OID": "-1", "NUM": "170.68", "RAILNAME": "מסילת הבשור", "X": "160182.7563", "Y": "603936.324", "ROAD": "כביש 34", "HEKTOMETER": "170680.0", "LOCATION": "ניר עם, תחנת תדלוק צפונית לניר עם", "DESCRPTION": "גשר כביש מעל מסילה", "TRAINOVER": "לא", "STATUS": "קיימת", "YEARMONTH": "202406", "MAINTENANC": "רכבת ישראל", "TRAFCODE": "10105", "TRAFTYPE": "רכבת ישראל" }, "geometry": { "type": "Point", "coordinates": [ 34.58036, 31.52607 ] } },
{ "type": "Feature", "properties": { "OID": "-1", "NUM": "171.76", "RAILNAME": "מסילת הבשור", "X": "160665.2273", "Y": "602989.2078", "ROAD": "כביש 34", "HEKTOMETER": "171760.0", "LOCATION": "ניר עם, כביש גישה לניר עם", "DESCRPTION": "גשר כביש מעל מסילה", "TRAINOVER": "לא", "STATUS": "קיימת", "YEARMONTH": "202406", "MAINTENANC": "נתיבי ישראל", "TRAFCODE": "10101", "TRAFTYPE": "נתיבי ישראל" }, "geometry": { "type": "Point", "coordinates": [ 34.5855, 31.51756 ] } },
{ "type": "Feature", "properties": { "OID": "-1", "NUM": "172.8", "RAILNAME": "מסילת הבשור", "X": "160654.6912", "Y": "601950.8732", "ROAD": "כביש 232", "HEKTOMETER": "172800.0", "LOCATION": "מפלסים, צומת שער הנגב כביש גישה למפלסים", "DESCRPTION": "גשר מסילה מעל כביש", "TRAINOVER": "כן", "STATUS": "קיימת", "YEARMONTH": "202406", "MAINTENANC": "רכבת ישראל", "TRAFCODE": "10105", "TRAFTYPE": "רכבת ישראל" }, "geometry": { "type": "Point", "coordinates": [ 34.58545, 31.50819 ] } },
{ "type": "Feature", "properties": { "OID": "-1", "NUM": "175.585", "RAILNAME": "מסילת הבשור", "X": "160989.003", "Y": "599311.8033", "ROAD": "כביש 34", "HEKTOMETER": "175585.0", "LOCATION": "יכיני, מערבית לכביש 34 וליישוב יכיני", "DESCRPTION": "גשר מסילה מעל שביל עפר", "TRAINOVER": "כן", "STATUS": "קיימת", "YEARMONTH": "202406", "MAINTENANC": "רכבת ישראל", "TRAFCODE": "10105", "TRAFTYPE": "רכבת ישראל" }, "geometry": { "type": "Point", "coordinates": [ 34.58913, 31.48441 ] } },
{ "type": "Feature", "properties": { "OID": "-1", "NUM": "177.35", "RAILNAME": "מסילת הבשור", "X": "160076.4231", "Y": "597803.7692", "ROAD": "כביש 34", "HEKTOMETER": "177350.0", "LOCATION": "בין יכיני לתקומה, מצפון לנתיבות", "DESCRPTION": "גשר מסילה מעל שביל עפר", "TRAINOVER": "כן", "STATUS": "קיימת", "YEARMONTH": "202406", "MAINTENANC": "רכבת ישראל", "TRAFCODE": "10105", "TRAFTYPE": "רכבת ישראל" }, "geometry": { "type": "Point", "coordinates": [ 34.57961, 31.47076 ] } },
{ "type": "Feature", "properties": { "OID": "-1", "NUM": "180.325", "RAILNAME": "מסילת הבשור", "X": "158502.323", "Y": "595304.3425", "ROAD": "כביש 25", "HEKTOMETER": "180325.0", "LOCATION": "זמרת, מזרחית לזמרת", "DESCRPTION": "גשר מסילה מעל כביש", "TRAINOVER": "כן", "STATUS": "קיימת", "YEARMONTH": "202406", "MAINTENANC": "רכבת ישראל", "TRAFCODE": "10105", "TRAFTYPE": "רכבת ישראל" }, "geometry": { "type": "Point", "coordinates": [ 34.5632, 31.44814 ] } },
{ "type": "Feature", "properties": { "OID": "-1", "NUM": "183.740", "RAILNAME": "מסילת הבשור", "X": "158128.9707", "Y": "592051.4897", "ROAD": "כביש 25", "HEKTOMETER": "183740.0", "LOCATION": "בין נתיבות לכפר מימון, מערבי לנתיבות", "DESCRPTION": "גשר מסילה מעל שביל עפר", "TRAINOVER": "כן", "STATUS": "בביצוע", "YEARMONTH": "202406", "MAINTENANC": "רכבת ישראל", "TRAFCODE": "10105", "TRAFTYPE": "רכבת ישראל" }, "geometry": { "type": "Point", "coordinates": [ 34.55948, 31.41879 ] } },
{ "type": "Feature", "properties": { "OID": "-1", "NUM": "184.325", "RAILNAME": "מסילת הבשור", "X": "158253.3838", "Y": "591910.5088", "ROAD": "כביש 25", "HEKTOMETER": "184325.0", "LOCATION": "בין נתיבות לכפר מימון, מערבי לנתיבות", "DESCRPTION": "גשר מסילה מעל שביל עפר", "TRAINOVER": "כן", "STATUS": "קיימת", "YEARMONTH": "202406", "MAINTENANC": "רכבת ישראל", "TRAFCODE": "10105", "TRAFTYPE": "רכבת ישראל" }, "geometry": { "type": "Point", "coordinates": [ 34.56079, 31.41752 ] } },
{ "type": "Feature", "properties": { "OID": "-1", "NUM": "186.300", "RAILNAME": "מסילת הבשור", "X": "160122.1343", "Y": "590465.0807", "ROAD": "כביש 25", "HEKTOMETER": "186300.0", "LOCATION": "נתיבות, בין נתיבות ליישוב גבעולים", "DESCRPTION": "גשר חקלאי מעל מסילה", "TRAINOVER": "לא", "STATUS": "קיימת", "YEARMONTH": "202406", "MAINTENANC": "רכבת ישראל לקונסטרוקציה בל", "TRAFCODE": "10105", "TRAFTYPE": "רכבת ישראל" }, "geometry": { "type": "Point", "coordinates": [ 34.58053, 31.40458 ] } },
{ "type": "Feature", "properties": { "OID": "-1", "NUM": "188.6", "RAILNAME": "מסילת הבשור", "X": "160492.0601", "Y": "588226.4163", "ROAD": "כביש 25", "HEKTOMETER": "188600.0", "LOCATION": "מלילות, דרום מערבית ליישוב מלילות", "DESCRPTION": "גשר חקלאי מעל מסילה", "TRAINOVER": "לא", "STATUS": "קיימת", "YEARMONTH": "202406", "MAINTENANC": "רכבת ישראל לקונסטרוקציה בל", "TRAFCODE": "10105", "TRAFTYPE": "רכבת ישראל" }, "geometry": { "type": "Point", "coordinates": [ 34.58455, 31.38441 ] } },
{ "type": "Feature", "properties": { "OID": "-1", "NUM": "190.315", "RAILNAME": "מסילת הבשור", "X": "161503.1102", "Y": "586849.6709", "ROAD": "כביש 25", "HEKTOMETER": "190315.0", "LOCATION": "בין מלילות לאופקים, ממערב לברוש", "DESCRPTION": "גשר מסילה מעל שביל עפר", "TRAINOVER": "כן", "STATUS": "קיימת", "YEARMONTH": "202406", "MAINTENANC": "רכבת ישראל", "TRAFCODE": "10105", "TRAFTYPE": "רכבת ישראל" }, "geometry": { "type": "Point", "coordinates": [ 34.59526, 31.37205 ] } },
{ "type": "Feature", "properties": { "OID": "-1", "NUM": "190.42", "RAILNAME": "מסילת הבשור", "X": "161563.8388", "Y": "586770.2416", "ROAD": "כביש 25", "HEKTOMETER": "190420.0", "LOCATION": "בין מלילות לאופקים, ממערב לברוש", "DESCRPTION": "גשר מסילה מעל שביל עפר", "TRAINOVER": "כן", "STATUS": "קיימת", "YEARMONTH": "202406", "MAINTENANC": "רכבת ישראל", "TRAFCODE": "10105", "TRAFTYPE": "רכבת ישראל" }, "geometry": { "type": "Point", "coordinates": [ 34.59591, 31.37133 ] } },
{ "type": "Feature", "properties": { "OID": "-1", "NUM": "191.56", "RAILNAME": "מסילת הבשור", "X": "162087.8235", "Y": "585759.4355", "ROAD": "כביש 25", "HEKTOMETER": "191560.0", "LOCATION": "בין מלילות לאופקים, מערבית לכביש 25", "DESCRPTION": "גשר חקלאי מעל מסילה", "TRAINOVER": "לא", "STATUS": "קיימת", "YEARMONTH": "202406", "MAINTENANC": "רכבת ישראל לקונסטרוקציה בל", "TRAFCODE": "10105", "TRAFTYPE": "רכבת ישראל" }, "geometry": { "type": "Point", "coordinates": [ 34.60147, 31.36224 ] } },
{ "type": "Feature", "properties": { "OID": "-1", "NUM": "193.800", "RAILNAME": "יד מרדכי - צ. גורל", "X": "163006.3687", "Y": "583733.799", "ROAD": "כביש 25", "HEKTOMETER": "193800.0", "LOCATION": "רנן, מזרחית ליישוב רנן", "DESCRPTION": "גשר מסילה מעל שביל עפר", "TRAINOVER": "כן", "STATUS": "קיימת", "YEARMONTH": "202406", "MAINTENANC": "רכבת ישראל", "TRAFCODE": "10105", "TRAFTYPE": "רכבת ישראל" }, "geometry": { "type": "Point", "coordinates": [ 34.61124, 31.34402 ] } },
{ "type": "Feature", "properties": { "OID": "-1", "NUM": "194.700", "RAILNAME": "מסילת הבשור", "X": "163387.308", "Y": "582901.631", "ROAD": "כביש 25", "HEKTOMETER": "194700.0", "LOCATION": "רנן, מזרחית ליישוב רנן", "DESCRPTION": "גשר חקלאי מעל מסילה", "TRAINOVER": "לא", "STATUS": "קיימת", "YEARMONTH": "202406", "MAINTENANC": "רכבת ישראל לקונסטרוקציה בל", "TRAFCODE": "10105", "TRAFTYPE": "רכבת ישראל" }, "geometry": { "type": "Point", "coordinates": [ 34.61529, 31.33653 ] } },
{ "type": "Feature", "properties": { "OID": "-1", "NUM": "199.490", "RAILNAME": "מסילת הבשור", "X": "167301.1241", "Y": "580478.3631", "ROAD": "כביש 241", "HEKTOMETER": "199490.0", "LOCATION": "אופקים, מזרחית לאופקים", "DESCRPTION": "גשר חקלאי מעל מסילה", "TRAINOVER": "לא", "STATUS": "קיימת", "YEARMONTH": "202406", "MAINTENANC": "רכבת ישראל לקונסטרוקציה בל", "TRAFCODE": "10105", "TRAFTYPE": "רכבת ישראל" }, "geometry": { "type": "Point", "coordinates": [ 34.65654, 31.31486 ] } },
{ "type": "Feature", "properties": { "OID": "-1", "NUM": "200.340", "RAILNAME": "מסילת הבשור", "X": "168144.7686", "Y": "580409.3839", "ROAD": "כביש 25", "HEKTOMETER": "200340.0", "LOCATION": "תפרח, דרומית ליישוב תפרח", "DESCRPTION": "גשר מסילה מעל שביל עפר", "TRAINOVER": "כן", "STATUS": "קיימת", "YEARMONTH": "202406", "MAINTENANC": "רכבת ישראל", "TRAFCODE": "10105", "TRAFTYPE": "רכבת ישראל" }, "geometry": { "type": "Point", "coordinates": [ 34.6654, 31.31428 ] } },
{ "type": "Feature", "properties": { "OID": "-1", "NUM": "201.08", "RAILNAME": "מסילת הבשור", "X": "168886.6691", "Y": "580427.4999", "ROAD": "כביש 25", "HEKTOMETER": "201080.0", "LOCATION": "תפרח, דרומית ליישוב תפרח", "DESCRPTION": "גשר מסילה מעל שביל עפר", "TRAINOVER": "כן", "STATUS": "קיימת", "YEARMONTH": "202406", "MAINTENANC": "רכבת ישראל", "TRAFCODE": "10105", "TRAFTYPE": "רכבת ישראל" }, "geometry": { "type": "Point", "coordinates": [ 34.6732, 31.31447 ] } },
{ "type": "Feature", "properties": { "OID": "-1", "NUM": "202.75", "RAILNAME": "מסילת הבשור", "X": "170525.1983", "Y": "580211.0585", "ROAD": "כביש 25", "HEKTOMETER": "202750.0", "LOCATION": "תפרח, דרומית ליישוב תפרח", "DESCRPTION": "גשר מסילה מעל שביל עפר", "TRAINOVER": "כן", "STATUS": "קיימת", "YEARMONTH": "202406", "MAINTENANC": "רכבת ישראל", "TRAFCODE": "10105", "TRAFTYPE": "רכבת ישראל" }, "geometry": { "type": "Point", "coordinates": [ 34.69042, 31.31259 ] } },
{ "type": "Feature", "properties": { "OID": "-1", "NUM": "203.320", "RAILNAME": "מסילת הבשור", "X": "171091.3869", "Y": "580318.0341", "ROAD": "כביש 25", "HEKTOMETER": "203320.0", "LOCATION": "תפרח, דרומית ליישוב תפרח", "DESCRPTION": "גשר מסילה מעל שביל עפר", "TRAINOVER": "כן", "STATUS": "קיימת", "YEARMONTH": "202406", "MAINTENANC": "רכבת ישראל", "TRAFCODE": "10105", "TRAFTYPE": "רכבת ישראל" }, "geometry": { "type": "Point", "coordinates": [ 34.69636, 31.31358 ] } },
{ "type": "Feature", "properties": { "OID": "-1", "NUM": "204.000", "RAILNAME": "מסילת הבשור", "X": "171660.109", "Y": "580653.8495", "ROAD": "כביש 25", "HEKTOMETER": "204000.0", "LOCATION": "אשל הנשיא, דרומית לאשל הנשיא", "DESCRPTION": "גשר מסילה מעל כביש", "TRAINOVER": "כן", "STATUS": "קיימת", "YEARMONTH": "202406", "MAINTENANC": "רכבת ישראל", "TRAFCODE": "10105", "TRAFTYPE": "רכבת ישראל" }, "geometry": { "type": "Point", "coordinates": [ 34.70232, 31.31663 ] } },
{ "type": "Feature", "properties": { "OID": "-1", "NUM": "212.75", "RAILNAME": "קרית גת-באר שבע", "X": "179687.6373", "Y": "581526.4952", "ROAD": "כביש 40", "HEKTOMETER": "212750.0", "LOCATION": "דרומית ללקיא, איזור שבטים בדואיםם", "DESCRPTION": "גשר כביש מעל מסילה", "TRAINOVER": "לא", "STATUS": "קיימת", "YEARMONTH": "202406", "MAINTENANC": "נתיבי ישראל", "TRAFCODE": "10101", "TRAFTYPE": "נתיבי ישראל" }, "geometry": { "type": "Point", "coordinates": [ 34.78662, 31.3248 ] } },
{ "type": "Feature", "properties": { "OID": "-1", "NUM": "65.600", "RAILNAME": "נען - הר צין", "X": "180275.4913", "Y": "579920.6195", "ROAD": "כביש 40", "HEKTOMETER": "65600.0", "LOCATION": "צפונית לבאר שבע, מזרחית לצומת גורל", "DESCRPTION": "גשר כביש מעל מסילה", "TRAINOVER": "לא", "STATUS": "קיימת", "YEARMONTH": "202406", "MAINTENANC": "אין מידע", "TRAFCODE": "0", "TRAFTYPE": "אין מידע" }, "geometry": { "type": "Point", "coordinates": [ 34.79286, 31.31034 ] } },
{ "type": "Feature", "properties": { "OID": "-1", "NUM": "252", "RAILNAME": "לוד-קריית גת", "X": "179003.3311", "Y": "617172.2717", "ROAD": "כביש 353", "HEKTOMETER": "27075.0", "LOCATION": "גת, כביש גת לי-און", "DESCRPTION": "גשר כביש מעל מסילה", "TRAINOVER": "לא", "STATUS": "קיימת", "YEARMONTH": "202406", "MAINTENANC": "נתיבי ישראל", "TRAFCODE": "10101", "TRAFTYPE": "נתיבי ישראל" }, "geometry": { "type": "Point", "coordinates": [ 34.77797, 31.64625 ] } },
{ "type": "Feature", "properties": { "OID": "-1", "NUM": "255", "RAILNAME": "קריית גת-באר שבע", "X": "178797.5395", "Y": "611896.7035", "ROAD": "כביש 3444", "HEKTOMETER": "32480.0", "LOCATION": "קריית גת, שדרות ישראל פולק", "DESCRPTION": "גשר כביש מעל מסילה", "TRAINOVER": "לא", "STATUS": "קיימת", "YEARMONTH": "202406", "MAINTENANC": "רכבת ישראל", "TRAFCODE": "10105", "TRAFTYPE": "רכבת ישראל" }, "geometry": { "type": "Point", "coordinates": [ 34.77602, 31.59867 ] } },
{ "type": "Feature", "properties": { "OID": "-1", "NUM": "256", "RAILNAME": "מסילת חלץ", "X": "176823.207", "Y": "611691.7846", "ROAD": "כביש 40", "HEKTOMETER": "17750.0", "LOCATION": "קריית גת, דרום מערב מקרית גת", "DESCRPTION": "גשר כביש מעל מסילה", "TRAINOVER": "לא", "STATUS": "קיימת", "YEARMONTH": "202406", "MAINTENANC": "נתיבי ישראל", "TRAFCODE": "10101", "TRAFTYPE": "נתיבי ישראל" }, "geometry": { "type": "Point", "coordinates": [ 34.75523, 31.59675 ] } },
{ "type": "Feature", "properties": { "OID": "-1", "NUM": "257", "RAILNAME": "קריית גת-באר שבע", "X": "178823.6747", "Y": "608910.1244", "ROAD": "כביש 3403", "HEKTOMETER": "35600.0", "LOCATION": "נועם/אבן שמואל, כביש גישה לאבן שמואל ונועם", "DESCRPTION": "גשר מסילה מעל כביש", "TRAINOVER": "כן", "STATUS": "קיימת", "YEARMONTH": "202406", "MAINTENANC": "רכבת ישראל", "TRAFCODE": "10105", "TRAFTYPE": "רכבת ישראל" }, "geometry": { "type": "Point", "coordinates": [ 34.77642, 31.57174 ] } },
{ "type": "Feature", "properties": { "OID": "-1", "NUM": "261", "RAILNAME": "קריית גת-באר שבע", "X": "179191.3342", "Y": "594897.8789", "ROAD": "כביש 6", "HEKTOMETER": "50280.0", "LOCATION": "בית קמה, מזרחית לבית קמה", "DESCRPTION": "גשר חקלאי מעל מסילה", "TRAINOVER": "לא", "STATUS": "קיימת", "YEARMONTH": "202406", "MAINTENANC": "רכבת ישראל לקונסטרוקציה בל", "TRAFCODE": "10105", "TRAFTYPE": "רכבת ישראל" }, "geometry": { "type": "Point", "coordinates": [ 34.78086, 31.44538 ] } },
{ "type": "Feature", "properties": { "OID": "-1", "NUM": "262", "RAILNAME": "קריית גת-באר שבע", "X": "180215.4735", "Y": "592244.3486", "ROAD": "כביש 325", "HEKTOMETER": "53150.0", "LOCATION": "דבירה, מערבית לדבירה", "DESCRPTION": "גשר כביש מעל מסילה", "TRAINOVER": "לא", "STATUS": "קיימת", "YEARMONTH": "202406", "MAINTENANC": "נתיבי ישראל", "TRAFCODE": "10101", "TRAFTYPE": "נתיבי ישראל" }, "geometry": { "type": "Point", "coordinates": [ 34.79174, 31.42148 ] } },
{ "type": "Feature", "properties": { "OID": "-1", "NUM": "160.200", "RAILNAME": "אשקלון - תכ רוטנברג", "X": "160133.8", "Y": "614070.0", "ROAD": "כביש 4", "HEKTOMETER": "160200.0", "LOCATION": "אשקלון, דרומית מצומת מבקיעים", "DESCRPTION": "גשר כביש מעל מסילה", "TRAINOVER": "לא", "STATUS": "מתוכננת", "YEARMONTH": "202406", "MAINTENANC": "נתיבי ישראל", "TRAFCODE": "10101", "TRAFTYPE": "נתיבי ישראל" }, "geometry": { "type": "Point", "coordinates": [ 34.57924, 31.61746 ] } },
{ "type": "Feature", "properties": { "OID": "-1", "NUM": "258א", "RAILNAME": "קריית גת-באר שבע", "X": "179022.6461", "Y": "607307.2397", "ROAD": "כביש 40", "HEKTOMETER": "37250.0", "LOCATION": "אחוזם, שדות מושב שלוה ואחוזם", "DESCRPTION": "גשר חקלאי מעל מסילה", "TRAINOVER": "לא", "STATUS": "קיימת", "YEARMONTH": "202406", "MAINTENANC": "רכבת ישראל לקונסטרוקציה בל", "TRAFCODE": "10105", "TRAFTYPE": "רכבת ישראל" }, "geometry": { "type": "Point", "coordinates": [ 34.77858, 31.55729 ] } },
{ "type": "Feature", "properties": { "OID": "-1", "NUM": "56.600A", "RAILNAME": "קריית גת-באר שבע", "X": "180570.68", "Y": "588852.7763", "ROAD": "כביש 6", "HEKTOMETER": "56600.0", "LOCATION": "רהט, מזרחית לרהט", "DESCRPTION": "גשר כביש מעל מסילה", "TRAINOVER": "לא", "STATUS": "קיימת", "YEARMONTH": "202406", "MAINTENANC": "נתיבי ישראל", "TRAFCODE": "10101", "TRAFTYPE": "נתיבי ישראל" }, "geometry": { "type": "Point", "coordinates": [ 34.79561, 31.39091 ] } },
{ "type": "Feature", "properties": { "OID": "-1", "NUM": "56.600B", "RAILNAME": "קריית גת-באר שבע", "X": "180571.3164", "Y": "588821.9085", "ROAD": "כביש 6", "HEKTOMETER": "56630.0", "LOCATION": "רהט, מזרחית לרהט", "DESCRPTION": "גשר כביש מעל מסילה", "TRAINOVER": "לא", "STATUS": "קיימת", "YEARMONTH": "202406", "MAINTENANC": "נתיבי ישראל", "TRAFCODE": "10101", "TRAFTYPE": "נתיבי ישראל" }, "geometry": { "type": "Point", "coordinates": [ 34.79562, 31.39063 ] } },
{ "type": "Feature", "properties": { "OID": "-1", "NUM": "44.867", "RAILNAME": "נען - הר צין", "X": "179693.422219", "Y": "600030.186741", "ROAD": "כביש 6", "HEKTOMETER": "44867.0", "LOCATION": "שמורת טבע פורה, שמורת טבע פורה", "DESCRPTION": "גשר מסילה מעל שביל עפר", "TRAINOVER": "כן", "STATUS": "קיימת", "YEARMONTH": "202406", "MAINTENANC": "רכבת ישראל", "TRAFCODE": "10105", "TRAFTYPE": "רכבת ישראל" }, "geometry": { "type": "Point", "coordinates": [ 34.78594, 31.49168 ] } },
{ "type": "Feature", "properties": { "OID": "-1", "NUM": "46.851", "RAILNAME": "נען - הר צין", "X": "179076.948509", "Y": "598158.032306", "ROAD": "כביש 6", "HEKTOMETER": "46851.0", "LOCATION": "שמורת טבע פורה, שמורת טבע פורה", "DESCRPTION": "גשר מסילה מעל שביל עפר", "TRAINOVER": "כן", "STATUS": "קיימת", "YEARMONTH": "202406", "MAINTENANC": "רכבת ישראל", "TRAFCODE": "10105", "TRAFTYPE": "רכבת ישראל" }, "geometry": { "type": "Point", "coordinates": [ 34.77953, 31.47478 ] } },
{ "type": "Feature", "properties": { "OID": "-1", "NUM": "57.157", "RAILNAME": "נען - הר צין", "X": "180629.499436", "Y": "588273.502644", "ROAD": "כביש 6", "HEKTOMETER": "57157.0", "LOCATION": "רהט, רהט", "DESCRPTION": "גשר מסילה מעל שביל עפר", "TRAINOVER": "כן", "STATUS": "קיימת", "YEARMONTH": "202406", "MAINTENANC": "רכבת ישראל", "TRAFCODE": "10105", "TRAFTYPE": "רכבת ישראל" }, "geometry": { "type": "Point", "coordinates": [ 34.79625, 31.38569 ] } },
{ "type": "Feature", "properties": { "OID": "-1", "NUM": "58.004", "RAILNAME": "נען - הר צין", "X": "180704.385614", "Y": "587452.429199", "ROAD": "כביש 40", "HEKTOMETER": "58004.0", "LOCATION": "רהט, רהט", "DESCRPTION": "גשר מסילה מעל שביל עפר", "TRAINOVER": "כן", "STATUS": "קיימת", "YEARMONTH": "202406", "MAINTENANC": "רכבת ישראל", "TRAFCODE": "10105", "TRAFTYPE": "רכבת ישראל" }, "geometry": { "type": "Point", "coordinates": [ 34.79707, 31.37828 ] } },
{ "type": "Feature", "properties": { "OID": "-1", "NUM": "193.7", "RAILNAME": "יד מרדכי - צ. גורל", "X": "162964.385095", "Y": "583818.220841", "ROAD": "כביש 25", "HEKTOMETER": "193700.0", "LOCATION": "רנן, רנן", "DESCRPTION": "גשר מסילה מעל שביל עפר", "TRAINOVER": "כן", "STATUS": "קיימת", "YEARMONTH": "202406", "MAINTENANC": "רכבת ישראל", "TRAFCODE": "10105", "TRAFTYPE": "רכבת ישראל" }, "geometry": { "type": "Point", "coordinates": [ 34.61079, 31.34478 ] } },
{ "type": "Feature", "properties": { "OID": "-1", "NUM": "196.2", "RAILNAME": "יד מרדכי - צ. גורל", "X": "164307.585532", "Y": "581752.376528", "ROAD": "כביש 241", "HEKTOMETER": "196200.0", "LOCATION": "אופקים, אופקים", "DESCRPTION": "גשר מסילה מעל כביש", "TRAINOVER": "כן", "STATUS": "קיימת", "YEARMONTH": "202406", "MAINTENANC": "רכבת ישראל", "TRAFCODE": "10105", "TRAFTYPE": "רכבת ישראל" }, "geometry": { "type": "Point", "coordinates": [ 34.62502, 31.32621 ] } },
{ "type": "Feature", "properties": { "OID": "-1", "NUM": "197.7", "RAILNAME": "יד מרדכי - צ. גורל", "X": "165603.677096", "Y": "581015.003889", "ROAD": " ", "HEKTOMETER": "197700.0", "LOCATION": "אופקים, אופקים", "DESCRPTION": "גשר מסילה מעל שביל עפר", "TRAINOVER": "כן", "STATUS": "קיימת", "YEARMONTH": "202406", "MAINTENANC": "רכבת ישראל", "TRAFCODE": "10105", "TRAFTYPE": "רכבת ישראל" }, "geometry": { "type": "Point", "coordinates": [ 34.63868, 31.31962 ] } },
{ "type": "Feature", "properties": { "OID": "-1", "NUM": "211.373", "RAILNAME": "יד מרדכי - צ. גורל", "X": "178394.949394", "Y": "581988.635633", "ROAD": " ", "HEKTOMETER": "211373.0", "LOCATION": "צומת גורל, בין יער נחל עשן ליער משמר הנגב", "DESCRPTION": "גשר מסילה מעל שביל עפר", "TRAINOVER": "כן", "STATUS": "קיימת", "YEARMONTH": "202406", "MAINTENANC": "רכבת ישראל", "TRAFCODE": "10105", "TRAFTYPE": "רכבת ישראל" }, "geometry": { "type": "Point", "coordinates": [ 34.77302, 31.32893 ] } },
{ "type": "Feature", "properties": { "OID": "-1", "NUM": "64.9", "RAILNAME": "נען - הר צין", "X": "180374.084081", "Y": "580606.80736", "ROAD": "כביש 40", "HEKTOMETER": "64900.0", "LOCATION": "להבים, להבים", "DESCRPTION": "גשר מסילה מעל שביל עפר", "TRAINOVER": "כן", "STATUS": "קיימת", "YEARMONTH": "202406", "MAINTENANC": "רכבת ישראל", "TRAFCODE": "10105", "TRAFTYPE": "רכבת ישראל" }, "geometry": { "type": "Point", "coordinates": [ 34.79386, 31.31653 ] } },
{ "type": "Feature", "properties": { "OID": "-1", "NUM": "130.95", "RAILNAME": "נען - הר צין", "X": "204075.113469", "Y": "540549.834482", "ROAD": "כביש 206", "HEKTOMETER": "130950.0", "LOCATION": "מועצה אזורית רמת נגב, שמורת טבע מכתשים", "DESCRPTION": "גשר מסילה מעל כביש", "TRAINOVER": "כן", "STATUS": "קיימת", "YEARMONTH": "202406", "MAINTENANC": "רכבת ישראל", "TRAFCODE": "10105", "TRAFTYPE": "רכבת ישראל" }, "geometry": { "type": "Point", "coordinates": [ 35.04346, 30.9558 ] } },
{ "type": "Feature", "properties": { "OID": "-1", "NUM": "130.78", "RAILNAME": "נען - הר צין", "X": "204259.208655", "Y": "540544.485469", "ROAD": "כביש 206", "HEKTOMETER": "130780.0", "LOCATION": "מועצה אזורית רמת נגב, שמורת טבע מכתשים", "DESCRPTION": "גשר מסילה מעל שביל עפר", "TRAINOVER": "כן", "STATUS": "קיימת", "YEARMONTH": "202406", "MAINTENANC": "רכבת ישראל", "TRAFCODE": "10105", "TRAFTYPE": "רכבת ישראל" }, "geometry": { "type": "Point", "coordinates": [ 35.04539, 30.95576 ] } },
{ "type": "Feature", "properties": { "OID": "-1", "NUM": "31.92", "RAILNAME": "נען - הר צין", "X": "178988.022942", "Y": "612428.076111", "ROAD": " ", "HEKTOMETER": "31920.0", "LOCATION": "קריית גת, תחנת קריית גת", "DESCRPTION": "גשר הולכי רגל מעל מסילה", "TRAINOVER": "לא", "STATUS": "קיימת", "YEARMONTH": "202406", "MAINTENANC": "רכבת ישראל", "TRAFCODE": "10105", "TRAFTYPE": "רכבת ישראל" }, "geometry": { "type": "Point", "coordinates": [ 34.77801, 31.60347 ] } },
{ "type": "Feature", "properties": { "OID": "-1", "NUM": "4.504", "RAILNAME": "צ. שקמה - רוטנברג", "X": "155972.064093", "Y": "614496.586307", "ROAD": " ", "HEKTOMETER": "4504.0", "LOCATION": "אשקלון, רחוב הטוחן אשקלון", "DESCRPTION": "גשר כלי רכב מעל מסילה לא פעילה", "TRAINOVER": "לא", "STATUS": "קיימת", "YEARMONTH": "202406", "MAINTENANC": "רכבת ישראל", "TRAFCODE": "10105", "TRAFTYPE": "רכבת ישראל" }, "geometry": { "type": "Point", "coordinates": [ 34.53535, 31.62108 ] } },
{ "type": "Feature", "properties": { "OID": "-1", "NUM": "35.620", "RAILNAME": "קריית גת-באר שבע", "X": "178826.986118", "Y": "608895.345673", "ROAD": "כביש 3403", "HEKTOMETER": "35620.0", "LOCATION": "נועם/אבן שמואל, כביש גישה לאבן שמואל ונועם", "DESCRPTION": "גשר מסילה מעל שביל עפר", "TRAINOVER": "כן", "STATUS": "קיימת", "YEARMONTH": "202406", "MAINTENANC": "רכבת ישראל", "TRAFCODE": "10105", "TRAFTYPE": "רכבת ישראל" }, "geometry": { "type": "Point", "coordinates": [ 34.77645, 31.5716 ] } },
{ "type": "Feature", "properties": { "OID": "-1", "NUM": "41.175", "RAILNAME": "קריית גת-באר שבע", "X": "179955.287425", "Y": "603695.542117", "ROAD": "כביש 6", "HEKTOMETER": "41175.0", "LOCATION": "יער מאחז, כביש חוצה ישראל", "DESCRPTION": "גשר מסילה מעל שביל עפר", "TRAINOVER": "כן", "STATUS": "קיימת", "YEARMONTH": "202406", "MAINTENANC": "רכבת ישראל", "TRAFCODE": "10105", "TRAFTYPE": "רכבת ישראל" }, "geometry": { "type": "Point", "coordinates": [ 34.78855, 31.52475 ] } },
{ "type": "Feature", "properties": { "OID": "-1", "NUM": "26.79", "RAILNAME": "עכו - נהריה", "X": "208548.381913", "Y": "765292.840284", "ROAD": "כביש 4", "HEKTOMETER": "26790.0", "LOCATION": "שבי ציון, מסילת חוף", "DESCRPTION": "גשר מסילה מעל נחל", "TRAINOVER": "כן", "STATUS": "קיימת", "YEARMONTH": "202406", "MAINTENANC": "רכבת ישראל", "TRAFCODE": "10105", "TRAFTYPE": "רכבת ישראל" }, "geometry": { "type": "Point", "coordinates": [ 35.08774, 32.98261 ] } },
{ "type": "Feature", "properties": { "OID": "-1", "NUM": "23.95", "RAILNAME": "עכו - נהריה", "X": "208315.789425", "Y": "762491.489299", "ROAD": "כביש 4", "HEKTOMETER": "23950.0", "LOCATION": "בוסתן הגליל, מסילת חוף", "DESCRPTION": "גשר מסילה מעל נחל", "TRAINOVER": "כן", "STATUS": "קיימת", "YEARMONTH": "202406", "MAINTENANC": "רכבת ישראל", "TRAFCODE": "10105", "TRAFTYPE": "רכבת ישראל" }, "geometry": { "type": "Point", "coordinates": [ 35.08529, 32.95735 ] } },
{ "type": "Feature", "properties": { "OID": "-1", "NUM": "18.82", "RAILNAME": "עכו - נהריה", "X": "208177.851029", "Y": "757444.502043", "ROAD": "כביש 8510", "HEKTOMETER": "18820.0", "LOCATION": "עכו, מסילת חוף", "DESCRPTION": "גשר מסילה מעל נחל", "TRAINOVER": "כן", "STATUS": "קיימת", "YEARMONTH": "202406", "MAINTENANC": "רכבת ישראל", "TRAFCODE": "10105", "TRAFTYPE": "רכבת ישראל" }, "geometry": { "type": "Point", "coordinates": [ 35.08388, 32.91184 ] } },
{ "type": "Feature", "properties": { "OID": "-1", "NUM": "1.71", "RAILNAME": "קריית ים - כרמיאל", "X": "208925.449939", "Y": "757384.593204", "ROAD": "כביש 4", "HEKTOMETER": "1710.0", "LOCATION": "עיו המפרץ, מסילת כרמיאל", "DESCRPTION": "גשר מסילה מעל נחל", "TRAINOVER": "כן", "STATUS": "קיימת", "YEARMONTH": "202406", "MAINTENANC": "רכבת ישראל", "TRAFCODE": "10105", "TRAFTYPE": "רכבת ישראל" }, "geometry": { "type": "Point", "coordinates": [ 35.09187, 32.91131 ] } },
{ "type": "Feature", "properties": { "OID": "-1", "NUM": "2.205", "RAILNAME": "קריית ים - כרמיאל", "X": "209415.646054", "Y": "757494.949197", "ROAD": "כביש 85", "HEKTOMETER": "2205.0", "LOCATION": "עיו המפרץ, מסילת כרמיאל", "DESCRPTION": "גשר מסילה מעל נחל", "TRAINOVER": "כן", "STATUS": "קיימת", "YEARMONTH": "202406", "MAINTENANC": "רכבת ישראל", "TRAFCODE": "10105", "TRAFTYPE": "רכבת ישראל" }, "geometry": { "type": "Point", "coordinates": [ 35.09711, 32.91231 ] } },
{ "type": "Feature", "properties": { "OID": "-1", "NUM": "5.03", "RAILNAME": "חיפה - כרמיאל", "X": "204604.322725", "Y": "745212.992554", "ROAD": "יגאל ידין", "HEKTOMETER": "5030.0", "LOCATION": "חיפה, יגאל ידין", "DESCRPTION": "גשר מסילה מעל נחל", "TRAINOVER": "כן", "STATUS": "קיימת", "YEARMONTH": "202406", "MAINTENANC": "רכבת ישראל", "TRAFCODE": "10105", "TRAFTYPE": "רכבת ישראל" }, "geometry": { "type": "Point", "coordinates": [ 35.04587, 32.80151 ] } },
{ "type": "Feature", "properties": { "OID": "-1", "NUM": "2.170", "RAILNAME": "חיפה - כרמיאל", "X": "203894.674674", "Y": "743203.427245", "ROAD": "העמקים", "HEKTOMETER": "2170.0", "LOCATION": "חיפה, מורג", "DESCRPTION": "גשר מסילה מעל נחל", "TRAINOVER": "כן", "STATUS": "קיימת", "YEARMONTH": "202406", "MAINTENANC": "רכבת ישראל", "TRAFCODE": "10105", "TRAFTYPE": "רכבת ישראל" }, "geometry": { "type": "Point", "coordinates": [ 35.03833, 32.78338 ] } },
{ "type": "Feature", "properties": { "OID": "-1", "NUM": "14.866", "RAILNAME": "חיפה - עפולה", "X": "210250.205668", "Y": "732730.750928", "ROAD": "מסילת העמק", "HEKTOMETER": "14866.0", "LOCATION": "קרית חרושת, כביש חוצה ישראל", "DESCRPTION": "גשר מסילה מעל נחל", "TRAINOVER": "כן", "STATUS": "קיימת", "YEARMONTH": "202406", "MAINTENANC": "רכבת ישראל", "TRAFCODE": "10105", "TRAFTYPE": "רכבת ישראל" }, "geometry": { "type": "Point", "coordinates": [ 35.10627, 32.68902 ] } },
{ "type": "Feature", "properties": { "OID": "-1", "NUM": "19.69", "RAILNAME": "חיפה - עפולה", "X": "214128.314626", "Y": "730070.890729", "ROAD": "מסילת העמק", "HEKTOMETER": "19690.0", "LOCATION": "כפר יהושע, כביש 7224", "DESCRPTION": "גשר מסילה מעל נחל", "TRAINOVER": "כן", "STATUS": "קיימת", "YEARMONTH": "202406", "MAINTENANC": "רכבת ישראל", "TRAFCODE": "10105", "TRAFTYPE": "רכבת ישראל" }, "geometry": { "type": "Point", "coordinates": [ 35.14764, 32.66506 ] } },
{ "type": "Feature", "properties": { "OID": "-1", "NUM": "24.03", "RAILNAME": "חיפה - עפולה", "X": "218071.48565", "Y": "728656.943473", "ROAD": "מסילת העמק", "HEKTOMETER": "24030.0", "LOCATION": "כפר ברוך, מערב משדרות העמק", "DESCRPTION": "גשר מסילה מעל נחל", "TRAINOVER": "כן", "STATUS": "קיימת", "YEARMONTH": "202406", "MAINTENANC": "רכבת ישראל", "TRAFCODE": "10105", "TRAFTYPE": "רכבת ישראל" }, "geometry": { "type": "Point", "coordinates": [ 35.18968, 32.65232 ] } },
{ "type": "Feature", "properties": { "OID": "-1", "NUM": "27.09", "RAILNAME": "חיפה - עפולה", "X": "220907.064657", "Y": "727562.67125", "ROAD": "מסילת העמק", "HEKTOMETER": "27090.0", "LOCATION": "כפר ברוך, מזרחה מתחנת מגדל העמק - כפר ברוך", "DESCRPTION": "גשר מסילה מעל נחל", "TRAINOVER": "כן", "STATUS": "קיימת", "YEARMONTH": "202406", "MAINTENANC": "רכבת ישראל", "TRAFCODE": "10105", "TRAFTYPE": "רכבת ישראל" }, "geometry": { "type": "Point", "coordinates": [ 35.2199, 32.64245 ] } },
{ "type": "Feature", "properties": { "OID": "-1", "NUM": "33.52", "RAILNAME": "חיפה - עפולה", "X": "226951.689174", "Y": "725935.095007", "ROAD": "מסילת העמק", "HEKTOMETER": "33520.0", "LOCATION": "עפולה, צפונה מכביש 65", "DESCRPTION": "גשר מסילה מעל נחל", "TRAINOVER": "כן", "STATUS": "קיימת", "YEARMONTH": "202406", "MAINTENANC": "רכבת ישראל", "TRAFCODE": "10105", "TRAFTYPE": "רכבת ישראל" }, "geometry": { "type": "Point", "coordinates": [ 35.28431, 32.62775 ] } },
{ "type": "Feature", "properties": { "OID": "-1", "NUM": "36.88", "RAILNAME": "חיפה - עפולה", "X": "228644.327482", "Y": "723531.384672", "ROAD": "מסילת העמק", "HEKTOMETER": "36880.0", "LOCATION": "עפולה, כביש 71", "DESCRPTION": "גשר מסילה מעל נחל", "TRAINOVER": "כן", "STATUS": "קיימת", "YEARMONTH": "202406", "MAINTENANC": "רכבת ישראל", "TRAFCODE": "10105", "TRAFTYPE": "רכבת ישראל" }, "geometry": { "type": "Point", "coordinates": [ 35.30232, 32.60607 ] } },
{ "type": "Feature", "properties": { "OID": "-1", "NUM": "43.5", "RAILNAME": "חיפה - תנתיה", "X": "195849.945875", "Y": "711045.520999", "ROAD": "כביש 4", "HEKTOMETER": "43500.0", "LOCATION": "קיסריה, מסילת קיסריה", "DESCRPTION": "גשר מסילה מעל נחל", "TRAINOVER": "כן", "STATUS": "קיימת", "YEARMONTH": "202406", "MAINTENANC": "רכבת ישראל", "TRAFCODE": "10105", "TRAFTYPE": "רכבת ישראל" }, "geometry": { "type": "Point", "coordinates": [ 34.95327, 32.49326 ] } },
{ "type": "Feature", "properties": { "OID": "-1", "NUM": "49.9", "RAILNAME": "מסילת חדרה", "X": "195816.287895", "Y": "705179.408415", "ROAD": "ואדי עארה", "HEKTOMETER": "49900.0", "LOCATION": "חדרה, ואדי עארה", "DESCRPTION": "גשר מסילה מעל נחל", "TRAINOVER": "כן", "STATUS": "קיימת", "YEARMONTH": "202406", "MAINTENANC": "רכבת ישראל", "TRAFCODE": "10105", "TRAFTYPE": "רכבת ישראל" }, "geometry": { "type": "Point", "coordinates": [ 34.95306, 32.44037 ] } },
{ "type": "Feature", "properties": { "OID": "-1", "NUM": "48.9", "RAILNAME": "חיפה - נתניה", "X": "193512.112204", "Y": "706475.135801", "ROAD": "כביש 65", "HEKTOMETER": "48900.0", "LOCATION": "חדרה, כביש 65", "DESCRPTION": "גשר מסילה מעל נחל", "TRAINOVER": "כן", "STATUS": "קיימת", "YEARMONTH": "202406", "MAINTENANC": "רכבת ישראל", "TRAFCODE": "10105", "TRAFTYPE": "רכבת ישראל" }, "geometry": { "type": "Point", "coordinates": [ 34.92852, 32.452 ] } },
{ "type": "Feature", "properties": { "OID": "-1", "NUM": "57.9", "RAILNAME": "חיפה - נתניה", "X": "189772.556102", "Y": "699481.072245", "ROAD": "מסילת נתניה", "HEKTOMETER": "57900.0", "LOCATION": "נתניה, מסילת נתניה", "DESCRPTION": "גשר מסילה מעל נחל", "TRAINOVER": "כן", "STATUS": "קיימת", "YEARMONTH": "202406", "MAINTENANC": "רכבת ישראל", "TRAFCODE": "10105", "TRAFTYPE": "רכבת ישראל" }, "geometry": { "type": "Point", "coordinates": [ 34.88897, 32.38884 ] } },
{ "type": "Feature", "properties": { "OID": "-1", "NUM": "73.75", "RAILNAME": "נתניה - הרצליה", "X": "186605.756161", "Y": "684092.935152", "ROAD": "כביש 553", "HEKTOMETER": "73750.0", "LOCATION": "נתניה, כביש 553", "DESCRPTION": "גשר מסילה מעל נחל", "TRAINOVER": "כן", "STATUS": "קיימת", "YEARMONTH": "202406", "MAINTENANC": "רכבת ישראל", "TRAFCODE": "10105", "TRAFTYPE": "רכבת ישראל" }, "geometry": { "type": "Point", "coordinates": [ 34.85585, 32.24999 ] } },
{ "type": "Feature", "properties": { "OID": "-1", "NUM": "90.77", "RAILNAME": "הרצליה - ראש העין", "X": "194021.183628", "Y": "668491.103659", "ROAD": "המסילה המזרחית", "HEKTOMETER": "90770.0", "LOCATION": "ראש העין, כביש חוצה ישראל", "DESCRPTION": "גשר מסילה מעל נחל", "TRAINOVER": "כן", "STATUS": "קיימת", "YEARMONTH": "202406", "MAINTENANC": "רכבת ישראל", "TRAFCODE": "10105", "TRAFTYPE": "רכבת ישראל" }, "geometry": { "type": "Point", "coordinates": [ 34.93495, 32.10949 ] } },
{ "type": "Feature", "properties": { "OID": "-1", "NUM": "0.76", "RAILNAME": "ראש העין - תל אביב", "X": "193719.69664", "Y": "668627.205873", "ROAD": "כביש 6", "HEKTOMETER": "760.0", "LOCATION": "ראש העין, כביש חוצה ישראל", "DESCRPTION": "גשר מסילה מעל נחל", "TRAINOVER": "כן", "STATUS": "קיימת", "YEARMONTH": "202406", "MAINTENANC": "רכבת ישראל", "TRAFCODE": "10105", "TRAFTYPE": "רכבת ישראל" }, "geometry": { "type": "Point", "coordinates": [ 34.93175, 32.11071 ] } },
{ "type": "Feature", "properties": { "OID": "-1", "NUM": "11.63", "RAILNAME": "ראש העין - תל אביב", "X": "192515.684158", "Y": "668656.524687", "ROAD": "כביש 6", "HEKTOMETER": "11630.0", "LOCATION": "פתח תקווה, כביש חוצה ישראל", "DESCRPTION": "גשר מסילה מעל נחל", "TRAINOVER": "כן", "STATUS": "קיימת", "YEARMONTH": "202406", "MAINTENANC": "רכבת ישראל", "TRAFCODE": "10105", "TRAFTYPE": "רכבת ישראל" }, "geometry": { "type": "Point", "coordinates": [ 34.91899, 32.11094 ] } },
{ "type": "Feature", "properties": { "OID": "-1", "NUM": "2.36", "RAILNAME": "פתח תקווה - תל אביב", "X": "183436.243194", "Y": "667866.114524", "ROAD": "מבצע קדש", "HEKTOMETER": "2360.0", "LOCATION": "רמת גן, מבצע קדש", "DESCRPTION": "גשר מסילה מעל נחל", "TRAINOVER": "כן", "STATUS": "קיימת", "YEARMONTH": "202406", "MAINTENANC": "רכבת ישראל", "TRAFCODE": "10105", "TRAFTYPE": "רכבת ישראל" }, "geometry": { "type": "Point", "coordinates": [ 34.82282, 32.10356 ] } },
{ "type": "Feature", "properties": { "OID": "-1", "NUM": "91.4", "RAILNAME": "הרצליה - תל אביב", "X": "181528.000332", "Y": "667452.403732", "ROAD": "איילון", "HEKTOMETER": "91400.0", "LOCATION": "תל אביב, איילון", "DESCRPTION": "גשר מסילה מעל נחל", "TRAINOVER": "כן", "STATUS": "קיימת", "YEARMONTH": "202406", "MAINTENANC": "רכבת ישראל", "TRAFCODE": "10105", "TRAFTYPE": "רכבת ישראל" }, "geometry": { "type": "Point", "coordinates": [ 34.80262, 32.09977 ] } },
{ "type": "Feature", "properties": { "OID": "-1", "NUM": "113.55", "RAILNAME": "ראשון לציון - יבנה", "X": "175624.019982", "Y": "648272.98968", "ROAD": "כביש 4", "HEKTOMETER": "113550.0", "LOCATION": "ראשון לציון, כביש 4", "DESCRPTION": "גשר מסילה מעל נחל", "TRAINOVER": "כן", "STATUS": "קיימת", "YEARMONTH": "202406", "MAINTENANC": "רכבת ישראל", "TRAFCODE": "10105", "TRAFTYPE": "רכבת ישראל" }, "geometry": { "type": "Point", "coordinates": [ 34.74095, 31.9266 ] } },
{ "type": "Feature", "properties": { "OID": "-1", "NUM": "0.7", "RAILNAME": "באר שבע - נאות חובב", "X": "181241.248558", "Y": "571502.117234", "ROAD": "מסילה הדרומית", "HEKTOMETER": "700.0", "LOCATION": "באר שבע, אילת", "DESCRPTION": "גשר מסילה מעל נחל", "TRAINOVER": "כן", "STATUS": "קיימת", "YEARMONTH": "202406", "MAINTENANC": "רכבת ישראל", "TRAFCODE": "10105", "TRAFTYPE": "רכבת ישראל" }, "geometry": { "type": "Point", "coordinates": [ 34.80332, 31.23445 ] } },
{ "type": "Feature", "properties": { "OID": "-1", "NUM": "75.68", "RAILNAME": "באר שבע - דימונה", "X": "184554.402193", "Y": "572659.937275", "ROAD": "כביש 40", "HEKTOMETER": "75680.0", "LOCATION": "באר שבע, מסילת הנגב", "DESCRPTION": "גשר מסילה מעל נחל", "TRAINOVER": "כן", "STATUS": "קיימת", "YEARMONTH": "202406", "MAINTENANC": "רכבת ישראל", "TRAFCODE": "10105", "TRAFTYPE": "רכבת ישראל" }, "geometry": { "type": "Point", "coordinates": [ 34.83806, 31.24499 ] } },
{ "type": "Feature", "properties": { "OID": "-1", "NUM": "75.89", "RAILNAME": "באר שבע - דימונה", "X": "184659.775388", "Y": "572485.739759", "ROAD": "כביש 40", "HEKTOMETER": "75890.0", "LOCATION": "באר שבע, מסילת הנגב", "DESCRPTION": "גשר מסילה מעל נחל", "TRAINOVER": "כן", "STATUS": "קיימת", "YEARMONTH": "202406", "MAINTENANC": "רכבת ישראל", "TRAFCODE": "10105", "TRAFTYPE": "רכבת ישראל" }, "geometry": { "type": "Point", "coordinates": [ 34.83917, 31.24343 ] } },
{ "type": "Feature", "properties": { "OID": "-1", "NUM": "102.6", "RAILNAME": "באר שבע - דימונה", "X": "201125.9483", "Y": "557258.32562", "ROAD": "כביש 25", "HEKTOMETER": "102600.0", "LOCATION": "דימונה, כביש 25", "DESCRPTION": "גשר מסילה מעל נחל", "TRAINOVER": "כן", "STATUS": "קיימת", "YEARMONTH": "202406", "MAINTENANC": "רכבת ישראל", "TRAFCODE": "10105", "TRAFTYPE": "רכבת ישראל" }, "geometry": { "type": "Point", "coordinates": [ 35.0123, 31.10646 ] } },
{ "type": "Feature", "properties": { "OID": "-1", "NUM": "150.19", "RAILNAME": "דימונה - אורון", "X": "192611.316945", "Y": "526163.260982", "ROAD": "מסילת נגב", "HEKTOMETER": "150190.0", "LOCATION": "אורון, מסילת נגב", "DESCRPTION": "גשר מסילה מעל נחל", "TRAINOVER": "כן", "STATUS": "קיימת", "YEARMONTH": "202406", "MAINTENANC": "רכבת ישראל", "TRAFCODE": "10105", "TRAFTYPE": "רכבת ישראל" }, "geometry": { "type": "Point", "coordinates": [ 34.92387, 30.82584 ] } },
{ "type": "Feature", "properties": { "OID": "-1", "NUM": "91.8", "RAILNAME": "ראש העין - לוד", "X": "193981.467991", "Y": "667475.730085", "ROAD": "כביש 6", "HEKTOMETER": "91800.0", "LOCATION": "ראש העין, כביש חוצה ישראל", "DESCRPTION": "גשר מסילה מעל נחל", "TRAINOVER": "כן", "STATUS": "קיימת", "YEARMONTH": "202406", "MAINTENANC": "רכבת ישראל", "TRAFCODE": "10105", "TRAFTYPE": "רכבת ישראל" }, "geometry": { "type": "Point", "coordinates": [ 34.93456, 32.10033 ] } },
{ "type": "Feature", "properties": { "OID": "-1", "NUM": "102.48", "RAILNAME": "ראש העין - לוד", "X": "192149.023265", "Y": "657495.67248", "ROAD": "כביש 46", "HEKTOMETER": "102480.0", "LOCATION": "נפת רמלה, כביש 46", "DESCRPTION": "גשר מסילה מעל נחל", "TRAINOVER": "כן", "STATUS": "קיימת", "YEARMONTH": "202406", "MAINTENANC": "רכבת ישראל", "TRAFCODE": "10105", "TRAFTYPE": "רכבת ישראל" }, "geometry": { "type": "Point", "coordinates": [ 34.91543, 32.01029 ] } },
{ "type": "Feature", "properties": { "OID": "-1", "NUM": "107.35", "RAILNAME": "ראש העין - לוד", "X": "190699.527141", "Y": "652888.362159", "ROAD": "כביש 4404", "HEKTOMETER": "107350.0", "LOCATION": "לוד, פסח לב", "DESCRPTION": "גשר מסילה מעל נחל", "TRAINOVER": "כן", "STATUS": "קיימת", "YEARMONTH": "202406", "MAINTENANC": "רכבת ישראל", "TRAFCODE": "10105", "TRAFTYPE": "רכבת ישראל" }, "geometry": { "type": "Point", "coordinates": [ 34.90022, 31.9687 ] } },
{ "type": "Feature", "properties": { "OID": "-1", "NUM": "16.9", "RAILNAME": "חולון - לוד", "X": "188954.628803", "Y": "652349.299334", "ROAD": "כביש 4404", "HEKTOMETER": "16900.0", "LOCATION": "לוד, רגבים", "DESCRPTION": "גשר מסילה מעל נחל", "TRAINOVER": "כן", "STATUS": "קיימת", "YEARMONTH": "202406", "MAINTENANC": "רכבת ישראל", "TRAFCODE": "10105", "TRAFTYPE": "רכבת ישראל" }, "geometry": { "type": "Point", "coordinates": [ 34.88178, 31.9638 ] } },
{ "type": "Feature", "properties": { "OID": "-1", "NUM": "36.5", "RAILNAME": "רמלה - ירושלים", "X": "187909.127478", "Y": "635225.668314", "ROAD": "כביש 3", "HEKTOMETER": "36500.0", "LOCATION": "יסודות, כביש 3", "DESCRPTION": "גשר מסילה מעל נחל", "TRAINOVER": "כן", "STATUS": "קיימת", "YEARMONTH": "202406", "MAINTENANC": "רכבת ישראל", "TRAFCODE": "10105", "TRAFTYPE": "רכבת ישראל" }, "geometry": { "type": "Point", "coordinates": [ 34.87128, 31.80934 ] } },
{ "type": "Feature", "properties": { "OID": "-1", "NUM": "15.39", "RAILNAME": "קריית מלאכי - קרית גת", "X": "183231.839301", "Y": "627842.763029", "ROAD": "כביש 6", "HEKTOMETER": "15390.0", "LOCATION": "כפר צנחם, כביש 6", "DESCRPTION": "גשר מסילה מעל נחל", "TRAINOVER": "כן", "STATUS": "קיימת", "YEARMONTH": "202406", "MAINTENANC": "רכבת ישראל", "TRAFCODE": "10105", "TRAFTYPE": "רכבת ישראל" }, "geometry": { "type": "Point", "coordinates": [ 34.82215, 31.74263 ] } },
{ "type": "Feature", "properties": { "OID": "-1", "NUM": "30.050", "RAILNAME": "קריית מלאכי - קרית גת", "X": "179146.056519", "Y": "614237.226759", "ROAD": "כביש 3444", "HEKTOMETER": "30050.0", "LOCATION": "קרית גת, הדרום", "DESCRPTION": "גשר מסילה מעל נחל", "TRAINOVER": "כן", "STATUS": "קיימת", "YEARMONTH": "202406", "MAINTENANC": "רכבת ישראל", "TRAFCODE": "10105", "TRAFTYPE": "רכבת ישראל" }, "geometry": { "type": "Point", "coordinates": [ 34.7796, 31.61979 ] } },
{ "type": "Feature", "properties": { "OID": "-1", "NUM": "190.41", "RAILNAME": "נתיבות - אופקים", "X": "161549.678822", "Y": "586780.223788", "ROAD": "כביש 25", "HEKTOMETER": "190410.0", "LOCATION": "נתיבות, כביש 25", "DESCRPTION": "גשר מסילה מעל נחל", "TRAINOVER": "כן", "STATUS": "קיימת", "YEARMONTH": "202406", "MAINTENANC": "רכבת ישראל", "TRAFCODE": "10105", "TRAFTYPE": "רכבת ישראל" }, "geometry": { "type": "Point", "coordinates": [ 34.59576, 31.37142 ] } },
{ "type": "Feature", "properties": { "OID": "-1", "NUM": "126.84", "RAILNAME": "יבנה - ראשון לציון", "X": "176676.005096", "Y": "641704.829121", "ROAD": "כביש 410", "HEKTOMETER": "126840.0", "LOCATION": "יבנה, הראשונים", "DESCRPTION": "גשר מסילה מעל נחל", "TRAINOVER": "כן", "STATUS": "קיימת", "YEARMONTH": "202406", "MAINTENANC": "רכבת ישראל", "TRAFCODE": "10105", "TRAFTYPE": "רכבת ישראל" }, "geometry": { "type": "Point", "coordinates": [ 34.75236, 31.86741 ] } },
{ "type": "Feature", "properties": { "OID": "-1", "NUM": "0.5", "RAILNAME": "ראש העין - כפר סבא", "X": "194109.52336", "Y": "673171.430361", "ROAD": "כביש 531", "HEKTOMETER": "500.0", "LOCATION": "ג'לג'וליה, כביש 531", "DESCRPTION": "גשר מסילה מעל נחל", "TRAINOVER": "כן", "STATUS": "קיימת", "YEARMONTH": "202406", "MAINTENANC": "רכבת ישראל", "TRAFCODE": "10105", "TRAFTYPE": "רכבת ישראל" }, "geometry": { "type": "Point", "coordinates": [ 34.93576, 32.1517 ] } },
{ "type": "Feature", "properties": { "OID": "-1", "NUM": "42.33", "RAILNAME": "חיפה - נתניה", "X": "195711.408663", "Y": "712189.460705", "ROAD": "כביש 652", "HEKTOMETER": "42330.0", "LOCATION": "אור עקיבה, גביש 652", "DESCRPTION": "גשר מסילה מעל נחל", "TRAINOVER": "כן", "STATUS": "קיימת", "YEARMONTH": "202406", "MAINTENANC": "רכבת ישראל", "TRAFCODE": "10105", "TRAFTYPE": "רכבת ישראל" }, "geometry": { "type": "Point", "coordinates": [ 34.95177, 32.50358 ] } },
{ "type": "Feature", "properties": { "OID": "-1", "NUM": "32.2", "RAILNAME": "חיפה - נתניה", "X": "193298.529878", "Y": "721638.415616", "ROAD": "כביש החוף", "HEKTOMETER": "32200.0", "LOCATION": "זכרון יעקב, כביש 2", "DESCRPTION": "גשר מסילה מעל נחל", "TRAINOVER": "כן", "STATUS": "קיימת", "YEARMONTH": "202406", "MAINTENANC": "רכבת ישראל", "TRAFCODE": "10105", "TRAFTYPE": "רכבת ישראל" }, "geometry": { "type": "Point", "coordinates": [ 34.92583, 32.58873 ] } },
{ "type": "Feature", "properties": { "OID": "-1", "NUM": "18.58", "RAILNAME": "חיפה - נתניה", "X": "195069.213013", "Y": "735083.71708", "ROAD": "כביש החוף", "HEKTOMETER": "18580.0", "LOCATION": "עתלית, כביש 2", "DESCRPTION": "גשר מסילה מעל נחל", "TRAINOVER": "כן", "STATUS": "קיימת", "YEARMONTH": "202406", "MAINTENANC": "רכבת ישראל", "TRAFCODE": "10105", "TRAFTYPE": "רכבת ישראל" }, "geometry": { "type": "Point", "coordinates": [ 34.94434, 32.71 ] } },
{ "type": "Feature", "properties": { "OID": "-1", "NUM": "197.55", "RAILNAME": "נתיבות - באר שבע", "X": "165469.422316", "Y": "581089.859533", "ROAD": "כביש 241", "HEKTOMETER": "197550.0", "LOCATION": "נתיבות, כביש 241", "DESCRPTION": "גשר מסילה מעל נחל", "TRAINOVER": "כן", "STATUS": "קיימת", "YEARMONTH": "202406", "MAINTENANC": "רכבת ישראל", "TRAFCODE": "10105", "TRAFTYPE": "רכבת ישראל" }, "geometry": { "type": "Point", "coordinates": [ 34.63726, 31.32029 ] } },
{ "type": "Feature", "properties": { "OID": "-1", "NUM": "M01", "RAILNAME": "מסילה מזרחית", "X": "200455.471944", "Y": "697459.820967", "ROAD": "כביש 581", "HEKTOMETER": "0.0", "LOCATION": "אומץ, כביש 581", "DESCRPTION": "גשר מסילה מעל נחל", "TRAINOVER": "כן", "STATUS": "מתוכננת", "YEARMONTH": "202406", "MAINTENANC": "רכבת ישראל", "TRAFCODE": "10105", "TRAFTYPE": "רכבת ישראל" }, "geometry": { "type": "Point", "coordinates": [ 35.00255, 32.37084 ] } },
{ "type": "Feature", "properties": { "OID": "-1", "NUM": "M02", "RAILNAME": "מסילה מזרחית", "X": "200637.534403", "Y": "695671.542501", "ROAD": "כביש 5803", "HEKTOMETER": "0.0", "LOCATION": "גן יאשיה, כביש 5803", "DESCRPTION": "גשר מסילה מעל נחל", "TRAINOVER": "כן", "STATUS": "מתוכננת", "YEARMONTH": "202406", "MAINTENANC": "רכבת ישראל", "TRAFCODE": "10105", "TRAFTYPE": "רכבת ישראל" }, "geometry": { "type": "Point", "coordinates": [ 35.00452, 32.35472 ] } },
{ "type": "Feature", "properties": { "OID": "-1", "NUM": "M03", "RAILNAME": "מסילה מזרחית", "X": "201213.757464", "Y": "692513.636806", "ROAD": "כביש 6", "HEKTOMETER": "0.0", "LOCATION": "יד חנה, כביש 5714", "DESCRPTION": "גשר מסילה מעל נחל", "TRAINOVER": "כן", "STATUS": "מתוכננת", "YEARMONTH": "202406", "MAINTENANC": "רכבת ישראל", "TRAFCODE": "10105", "TRAFTYPE": "רכבת ישראל" }, "geometry": { "type": "Point", "coordinates": [ 35.0107, 32.32625 ] } },
{ "type": "Feature", "properties": { "OID": "-1", "NUM": "M04", "RAILNAME": "מסילה מזרחית", "X": "201171.12", "Y": "691349.77", "ROAD": "כביש 6", "HEKTOMETER": "0.0", "LOCATION": "ניצני עוז, כביש 6", "DESCRPTION": "גשר מסילה מעל נחל", "TRAINOVER": "כן", "STATUS": "מתוכננת", "YEARMONTH": "202406", "MAINTENANC": "רכבת ישראל", "TRAFCODE": "10105", "TRAFTYPE": "רכבת ישראל" }, "geometry": { "type": "Point", "coordinates": [ 35.01027, 32.31576 ] } },
{ "type": "Feature", "properties": { "OID": "-1", "NUM": "M05", "RAILNAME": "מסילה מזרחית", "X": "200979.633151", "Y": "688983.904736", "ROAD": "כביש 6", "HEKTOMETER": "0.0", "LOCATION": "שער אפרים, כביש 6", "DESCRPTION": "גשר מסילה מעל נחל", "TRAINOVER": "כן", "STATUS": "מתוכננת", "YEARMONTH": "202406", "MAINTENANC": "רכבת ישראל", "TRAFCODE": "10105", "TRAFTYPE": "רכבת ישראל" }, "geometry": { "type": "Point", "coordinates": [ 35.00828, 32.29442 ] } },
{ "type": "Feature", "properties": { "OID": "-1", "NUM": "M06", "RAILNAME": "מסילה מזרחית", "X": "200101.821008", "Y": "687483.968845", "ROAD": "כביש 5614", "HEKTOMETER": "0.0", "LOCATION": "טייבה, כביש 5614", "DESCRPTION": "גשר מסילה מעל נחל", "TRAINOVER": "כן", "STATUS": "מתוכננת", "YEARMONTH": "202406", "MAINTENANC": "רכבת ישראל", "TRAFCODE": "10105", "TRAFTYPE": "רכבת ישראל" }, "geometry": { "type": "Point", "coordinates": [ 34.99899, 32.28088 ] } },
{ "type": "Feature", "properties": { "OID": "-1", "NUM": "M07", "RAILNAME": "מסילה מזרחית", "X": "199458.595266", "Y": "685846.741635", "ROAD": "כביש 6", "HEKTOMETER": "0.0", "LOCATION": "טייבה, כביש 6", "DESCRPTION": "גשר מסילה מעל נחל", "TRAINOVER": "כן", "STATUS": "מתוכננת", "YEARMONTH": "202406", "MAINTENANC": "רכבת ישראל", "TRAFCODE": "10105", "TRAFTYPE": "רכבת ישראל" }, "geometry": { "type": "Point", "coordinates": [ 34.9922, 32.26611 ] } },
{ "type": "Feature", "properties": { "OID": "-1", "NUM": "M08", "RAILNAME": "מסילה מזרחית", "X": "199265.134649", "Y": "685318.627012", "ROAD": "כביש 6", "HEKTOMETER": "0.0", "LOCATION": "טייבה, כביש 6", "DESCRPTION": "גשר מסילה מעל נחל", "TRAINOVER": "כן", "STATUS": "מתוכננת", "YEARMONTH": "202406", "MAINTENANC": "רכבת ישראל", "TRAFCODE": "10105", "TRAFTYPE": "רכבת ישראל" }, "geometry": { "type": "Point", "coordinates": [ 34.99015, 32.26134 ] } },
{ "type": "Feature", "properties": { "OID": "-1", "NUM": "M09", "RAILNAME": "מסילה מזרחית", "X": "197829.274885", "Y": "681338.513699", "ROAD": "כביש 6", "HEKTOMETER": "0.0", "LOCATION": "טירה, כביש 6", "DESCRPTION": "גשר מסילה מעל נחל", "TRAINOVER": "כן", "STATUS": "מתוכננת", "YEARMONTH": "202406", "MAINTENANC": "רכבת ישראל", "TRAFCODE": "10105", "TRAFTYPE": "רכבת ישראל" }, "geometry": { "type": "Point", "coordinates": [ 34.97501, 32.22542 ] } },
{ "type": "Feature", "properties": { "OID": "-1", "NUM": "M10", "RAILNAME": "מסילה מזרחית", "X": "195974.147767", "Y": "676046.380061", "ROAD": "כביש 55", "HEKTOMETER": "0.0", "LOCATION": "נווה ימין, כביש 55", "DESCRPTION": "גשר מסילה מעל נחל", "TRAINOVER": "כן", "STATUS": "מתוכננת", "YEARMONTH": "202406", "MAINTENANC": "רכבת ישראל", "TRAFCODE": "10105", "TRAFTYPE": "רכבת ישראל" }, "geometry": { "type": "Point", "coordinates": [ 34.95546, 32.17766 ] } },
{ "type": "Feature", "properties": { "OID": "-1", "NUM": "M11", "RAILNAME": "מסילה מזרחית", "X": "195897.749307", "Y": "675893.583141", "ROAD": "כביש 55", "HEKTOMETER": "0.0", "LOCATION": "נווה ימין, כביש 55", "DESCRPTION": "גשר מסילה מעל נחל", "TRAINOVER": "כן", "STATUS": "מתוכננת", "YEARMONTH": "202406", "MAINTENANC": "רכבת ישראל", "TRAFCODE": "10105", "TRAFTYPE": "רכבת ישראל" }, "geometry": { "type": "Point", "coordinates": [ 34.95465, 32.17628 ] } },
{ "type": "Feature", "properties": { "OID": "-1", "NUM": "M12", "RAILNAME": "מסילה מזרחית", "X": "194391.960307", "Y": "674232.840814", "ROAD": "כביש 531", "HEKTOMETER": "0.0", "LOCATION": "שדי חמד, כביש 531", "DESCRPTION": "גשר מסילה מעל נחל", "TRAINOVER": "כן", "STATUS": "מתוכננת", "YEARMONTH": "202406", "MAINTENANC": "רכבת ישראל", "TRAFCODE": "10105", "TRAFTYPE": "רכבת ישראל" }, "geometry": { "type": "Point", "coordinates": [ 34.93873, 32.16127 ] } },
{ "type": "Feature", "properties": { "OID": "-1", "NUM": "M13", "RAILNAME": "מסילה מזרחית", "X": "194097.808645", "Y": "673568.047768", "ROAD": "כביש 531", "HEKTOMETER": "0.0", "LOCATION": "שדי חמד, כביש 531", "DESCRPTION": "גשר מסילה מעל נחל", "TRAINOVER": "כן", "STATUS": "מתוכננת", "YEARMONTH": "202406", "MAINTENANC": "רכבת ישראל", "TRAFCODE": "10105", "TRAFTYPE": "רכבת ישראל" }, "geometry": { "type": "Point", "coordinates": [ 34.93563, 32.15527 ] } },
{ "type": "Feature", "properties": { "OID": "-1", "NUM": "0.86", "RAILNAME": "שלוחת דשנים", "X": "205516.771092", "Y": "745498.935498", "ROAD": "כביש 4, כביש 22", "HEKTOMETER": "860.0", "LOCATION": "חיפה, נחל קישון", "DESCRPTION": "גשר מסילה מעל נחל", "TRAINOVER": "כן", "STATUS": "קיימת", "YEARMONTH": "202406", "MAINTENANC": "רכבת ישראל", "TRAFCODE": "10105", "TRAFTYPE": "רכבת ישראל" }, "geometry": { "type": "Point", "coordinates": [ 35.05561, 32.8041 ] } },
{ "type": "Feature", "properties": { "OID": "-1", "NUM": "9.18", "RAILNAME": "אונ' - ראש העין", "X": "190097.522796", "Y": "668811.292398", "ROAD": "כביש 40", "HEKTOMETER": "9180.0", "LOCATION": "סגולה, נחל שילה", "DESCRPTION": "גשר מסילה מעל נחל", "TRAINOVER": "כן", "STATUS": "קיימת", "YEARMONTH": "202406", "MAINTENANC": "רכבת ישראל", "TRAFCODE": "10105", "TRAFTYPE": "רכבת ישראל" }, "geometry": { "type": "Point", "coordinates": [ 34.89337, 32.11228 ] } },
{ "type": "Feature", "properties": { "OID": "-1", "NUM": "7.55", "RAILNAME": "לוד-קריית גת", "X": "184606.447888", "Y": "635322.514867", "ROAD": "כביש 6", "HEKTOMETER": "7550.0", "LOCATION": "יד בנימין, נחל שורק", "DESCRPTION": "גשר מסילה מעל נחל", "TRAINOVER": "כן", "STATUS": "קיימת", "YEARMONTH": "202406", "MAINTENANC": "רכבת ישראל", "TRAFCODE": "10105", "TRAFTYPE": "רכבת ישראל" }, "geometry": { "type": "Point", "coordinates": [ 34.83639, 31.81012 ] } },
{ "type": "Feature", "properties": { "OID": "-1", "NUM": "7.900", "RAILNAME": "גנות - צ. דניאל", "X": "189902.833511", "Y": "654862.15992", "ROAD": "כביש 1", "HEKTOMETER": "7900.0", "LOCATION": "נתב\"ג, נחל טוף", "DESCRPTION": "גשר מסילה מעל נחל", "TRAINOVER": "כן", "STATUS": "קיימת", "YEARMONTH": "202406", "MAINTENANC": "רכבת ישראל", "TRAFCODE": "10105", "TRAFTYPE": "רכבת ישראל" }, "geometry": { "type": "Point", "coordinates": [ 34.89173, 31.98648 ] } },
{ "type": "Feature", "properties": { "OID": "-1", "NUM": "200.3", "RAILNAME": "אשקלון - באר שבע", "X": "168090.669648", "Y": "580401.09136", "ROAD": " ", "HEKTOMETER": "200300.0", "LOCATION": "אופקים, נחל פטיש", "DESCRPTION": "גשר מסילה מעל נחל", "TRAINOVER": "כן", "STATUS": "קיימת", "YEARMONTH": "202406", "MAINTENANC": "רכבת ישראל", "TRAFCODE": "10105", "TRAFTYPE": "רכבת ישראל" }, "geometry": { "type": "Point", "coordinates": [ 34.66484, 31.3142 ] } },
{ "type": "Feature", "properties": { "OID": "-1", "NUM": "40.15", "RAILNAME": "מסילת העמק", "X": "230521.998925", "Y": "720882.251194", "ROAD": "כביש 71", "HEKTOMETER": "40150.0", "LOCATION": "עפולה, כביש 71", "DESCRPTION": "גשר מסילה מעל נחל", "TRAINOVER": "כן", "STATUS": "קיימת", "YEARMONTH": "202406", "MAINTENANC": "רכבת ישראל", "TRAFCODE": "10105", "TRAFTYPE": "רכבת ישראל" }, "geometry": { "type": "Point", "coordinates": [ 35.3223, 32.58216 ] } },
{ "type": "Feature", "properties": { "OID": "-1", "NUM": "40.62", "RAILNAME": "מסילת העמק", "X": "230771.7769", "Y": "720465.022065", "ROAD": "כביש 71", "HEKTOMETER": "40620.0", "LOCATION": "עפולה, כביש 71", "DESCRPTION": "גשר מסילה מעל נחל", "TRAINOVER": "כן", "STATUS": "קיימת", "YEARMONTH": "202406", "MAINTENANC": "רכבת ישראל", "TRAFCODE": "10105", "TRAFTYPE": "רכבת ישראל" }, "geometry": { "type": "Point", "coordinates": [ 35.32495, 32.5784 ] } },
{ "type": "Feature", "properties": { "OID": "-1", "NUM": "47.15", "RAILNAME": "מסילת העמק", "X": "236370.400336", "Y": "717522.637523", "ROAD": "כביש 71", "HEKTOMETER": "47150.0", "LOCATION": "כפר יחזקאל, כביש 71", "DESCRPTION": "גשר מסילה מעל נחל", "TRAINOVER": "כן", "STATUS": "קיימת", "YEARMONTH": "202406", "MAINTENANC": "רכבת ישראל", "TRAFCODE": "10105", "TRAFTYPE": "רכבת ישראל" }, "geometry": { "type": "Point", "coordinates": [ 35.38452, 32.55179 ] } },
{ "type": "Feature", "properties": { "OID": "-1", "NUM": "51.1", "RAILNAME": "מסילת העמק", "X": "240190.204948", "Y": "716752.122427", "ROAD": "כביש 71", "HEKTOMETER": "51100.0", "LOCATION": "בית השיטה, כביש 71", "DESCRPTION": "גשר מסילה מעל נחל", "TRAINOVER": "כן", "STATUS": "קיימת", "YEARMONTH": "202406", "MAINTENANC": "רכבת ישראל", "TRAFCODE": "10105", "TRAFTYPE": "רכבת ישראל" }, "geometry": { "type": "Point", "coordinates": [ 35.42518, 32.54478 ] } },
{ "type": "Feature", "properties": { "OID": "-1", "NUM": "56.25", "RAILNAME": "מסילת העמק", "X": "244570.711158", "Y": "714115.266303", "ROAD": "מסילת העמק", "HEKTOMETER": "56250.0", "LOCATION": "בית שאן", "DESCRPTION": "גשר מסילה מעל נחל", "TRAINOVER": "כן", "STATUS": "קיימת", "YEARMONTH": "202406", "MAINTENANC": "רכבת ישראל", "TRAFCODE": "10105", "TRAFTYPE": "רכבת ישראל" }, "geometry": { "type": "Point", "coordinates": [ 35.47174, 32.52091 ] } },
{ "type": "Feature", "properties": { "OID": "-1", "NUM": "38.95", "RAILNAME": "מסילת החוף", "X": "194482.034508", "Y": "715215.887971", "ROAD": "כביש 652", "HEKTOMETER": "38950.0", "LOCATION": "בנימינה, נחל תבינים", "DESCRPTION": "גשר מסילה מעל נחל", "TRAINOVER": "כן", "STATUS": "קיימת", "YEARMONTH": "202406", "MAINTENANC": "רכבת ישראל", "TRAFCODE": "10105", "TRAFTYPE": "רכבת ישראל" }, "geometry": { "type": "Point", "coordinates": [ 34.9386, 32.53084 ] } },
{ "type": "Feature", "properties": { "OID": "-1", "NUM": "64.62", "RAILNAME": "מסילת החוף", "X": "188103.903968", "Y": "693030.808078", "ROAD": "כביש 2", "HEKTOMETER": "64620.0", "LOCATION": "נתניה, אביחיל", "DESCRPTION": "גשר מסילה מעל נחל", "TRAINOVER": "כן", "STATUS": "קיימת", "YEARMONTH": "202406", "MAINTENANC": "רכבת ישראל", "TRAFCODE": "10105", "TRAFTYPE": "רכבת ישראל" }, "geometry": { "type": "Point", "coordinates": [ 34.87145, 32.33063 ] } },
{ "type": "Feature", "properties": { "OID": "-1", "NUM": "77.3", "RAILNAME": "מסילת החוף", "X": "185303.992782", "Y": "680786.491935", "ROAD": "כביש 5511", "HEKTOMETER": "77300.0", "LOCATION": "בני ציון", "DESCRPTION": "גשר מסילה מעל נחל", "TRAINOVER": "כן", "STATUS": "קיימת", "YEARMONTH": "202406", "MAINTENANC": "רכבת ישראל", "TRAFCODE": "10105", "TRAFTYPE": "רכבת ישראל" }, "geometry": { "type": "Point", "coordinates": [ 34.84215, 32.22013 ] } },
{ "type": "Feature", "properties": { "OID": "-1", "NUM": "105.5", "RAILNAME": "צ.רמז - יד מרדכי", "X": "190932.189931", "Y": "654699.28061", "ROAD": "כביש 40", "HEKTOMETER": "105500.0", "LOCATION": "נתב\"ג, נחל גטוף", "DESCRPTION": "גשר מסילה מעל נחל", "TRAINOVER": "כן", "STATUS": "קיימת", "YEARMONTH": "202406", "MAINTENANC": "רכבת ישראל", "TRAFCODE": "10105", "TRAFTYPE": "רכבת ישראל" }, "geometry": { "type": "Point", "coordinates": [ 34.90263, 31.98504 ] } },
{ "type": "Feature", "properties": { "OID": "-1", "NUM": "12.38", "RAILNAME": "נתבג-ירושלים", "X": "191864.9608", "Y": "650947.015963", "ROAD": "כביש 40", "HEKTOMETER": "12380.0", "LOCATION": "לוד, נחל איילון", "DESCRPTION": "גשר מסילה מעל נחל", "TRAINOVER": "כן", "STATUS": "קיימת", "YEARMONTH": "202406", "MAINTENANC": "רכבת ישראל", "TRAFCODE": "10105", "TRAFTYPE": "רכבת ישראל" }, "geometry": { "type": "Point", "coordinates": [ 34.91261, 31.95122 ] } },
{ "type": "Feature", "properties": { "OID": "-1", "NUM": "163.5", "RAILNAME": "אשקלון - באר שבע", "X": "159262.562363", "Y": "610892.905083", "ROAD": "כביש 34", "HEKTOMETER": "163500.0", "LOCATION": "יד מרדכי, נחל עובד", "DESCRPTION": "גשר מסילה מעל נחל", "TRAINOVER": "כן", "STATUS": "קיימת", "YEARMONTH": "202406", "MAINTENANC": "רכבת ישראל", "TRAFCODE": "10105", "TRAFTYPE": "רכבת ישראל" }, "geometry": { "type": "Point", "coordinates": [ 34.57025, 31.58876 ] } },
{ "type": "Feature", "properties": { "OID": "-1", "NUM": "196.4", "RAILNAME": "אשקלון - באר שבע", "X": "164471.532159", "Y": "581650.098737", "ROAD": "כביש 241", "HEKTOMETER": "196400.0", "LOCATION": "אופקים, נחל פטיש", "DESCRPTION": "גשר מסילה מעל נחל", "TRAINOVER": "כן", "STATUS": "קיימת", "YEARMONTH": "202406", "MAINTENANC": "רכבת ישראל", "TRAFCODE": "10105", "TRAFTYPE": "רכבת ישראל" }, "geometry": { "type": "Point", "coordinates": [ 34.62675, 31.3253 ] } },
{ "type": "Feature", "properties": { "OID": "-1", "NUM": "74.9", "RAILNAME": "מסילת הנגב", "X": "184040.937101", "Y": "573169.237294", "ROAD": "כביש 4060", "HEKTOMETER": "74900.0", "LOCATION": "באר שבע, נחל בתרים", "DESCRPTION": "גשר מסילה מעל נחל", "TRAINOVER": "כן", "STATUS": "קיימת", "YEARMONTH": "202406", "MAINTENANC": "רכבת ישראל", "TRAFCODE": "10105", "TRAFTYPE": "רכבת ישראל" }, "geometry": { "type": "Point", "coordinates": [ 34.83265, 31.24957 ] } },
{ "type": "Feature", "properties": { "OID": "-1", "NUM": "151.35", "RAILNAME": "מסילת הנגב", "X": "192904.258578", "Y": "525071.990481", "ROAD": " ", "HEKTOMETER": "151350.0", "LOCATION": "נחל צמא", "DESCRPTION": "גשר מסילה מעל נחל", "TRAINOVER": "כן", "STATUS": "קיימת", "YEARMONTH": "202406", "MAINTENANC": "רכבת ישראל", "TRAFCODE": "10105", "TRAFTYPE": "רכבת ישראל" }, "geometry": { "type": "Point", "coordinates": [ 34.92696, 30.816 ] } },
{ "type": "Feature", "properties": { "OID": "-1", "NUM": "156.6", "RAILNAME": "מסילת הנגב", "X": "197399.462834", "Y": "523038.597945", "ROAD": " ", "HEKTOMETER": "156600.0", "LOCATION": "נחל צינים", "DESCRPTION": "גשר מסילה מעל נחל", "TRAINOVER": "כן", "STATUS": "קיימת", "YEARMONTH": "202406", "MAINTENANC": "רכבת ישראל", "TRAFCODE": "10105", "TRAFTYPE": "רכבת ישראל" }, "geometry": { "type": "Point", "coordinates": [ 34.97398, 30.79775 ] } },
{ "type": "Feature", "properties": { "OID": "-1", "NUM": "47.55", "RAILNAME": "קריית גת-באר שבע", "X": "178825.572988", "Y": "597503.606703", "ROAD": "כביש 6", "HEKTOMETER": "47550.0", "LOCATION": "בית קמה, נחל שיקמה", "DESCRPTION": "גשר מסילה מעל כביש", "TRAINOVER": "כן", "STATUS": "קיימת", "YEARMONTH": "202406", "MAINTENANC": "רכבת ישראל", "TRAFCODE": "10105", "TRAFTYPE": "רכבת ישראל" }, "geometry": { "type": "Point", "coordinates": [ 34.77691, 31.46887 ] } },
{ "type": "Feature", "properties": { "OID": "-1", "NUM": "19.25", "RAILNAME": "מסילת חלץ", "X": "178227.704428", "Y": "612123.411298", "ROAD": "כביש 3444", "HEKTOMETER": "19250.0", "LOCATION": "עוזה", "DESCRPTION": "גשר מסילה מעל כביש", "TRAINOVER": "כן", "STATUS": "קיימת", "YEARMONTH": "202406", "MAINTENANC": "רכבת ישראל", "TRAFCODE": "10105", "TRAFTYPE": "רכבת ישראל" }, "geometry": { "type": "Point", "coordinates": [ 34.77001, 31.60069 ] } },
{ "type": "Feature", "properties": { "OID": "-1", "NUM": "26.7", "RAILNAME": "לוד-קריית גת", "X": "179091.736398", "Y": "617527.407736", "ROAD": "כביש 353", "HEKTOMETER": "26700.0", "LOCATION": "מנוחה, נחל גוברין", "DESCRPTION": "גשר מסילה מעל נחל", "TRAINOVER": "כן", "STATUS": "קיימת", "YEARMONTH": "202406", "MAINTENANC": "רכבת ישראל", "TRAFCODE": "10105", "TRAFTYPE": "רכבת ישראל" }, "geometry": { "type": "Point", "coordinates": [ 34.77889, 31.64946 ] } },
{ "type": "Feature", "properties": { "OID": "-1", "NUM": "2.175", "RAILNAME": "נתבג-ירושלים", "X": "185221.088076", "Y": "657288.464509", "ROAD": "כביש 1, כביש 412", "HEKTOMETER": "2175.0", "LOCATION": "נתב\"ג, נחל שפירים", "DESCRPTION": "נחל מעל מסילת רכבת", "TRAINOVER": "לא", "STATUS": "קיימת", "YEARMONTH": "202406", "MAINTENANC": "רכבת ישראל", "TRAFCODE": "10105", "TRAFTYPE": "רכבת ישראל" }, "geometry": { "type": "Point", "coordinates": [ 34.84211, 32.00823 ] } },
{ "type": "Feature", "properties": { "OID": "-1", "NUM": "3.95", "RAILNAME": "נתבג-ירושלים", "X": "186959.54278", "Y": "657354.00625", "ROAD": "כביש 4404", "HEKTOMETER": "3950.0", "LOCATION": "נתב\"ג, נחל איילון", "DESCRPTION": "גשר מסילה מעל נחל", "TRAINOVER": "כן", "STATUS": "קיימת", "YEARMONTH": "202406", "MAINTENANC": "רכבת ישראל", "TRAFCODE": "10105", "TRAFTYPE": "רכבת ישראל" }, "geometry": { "type": "Point", "coordinates": [ 34.86051, 32.00887 ] } },
{ "type": "Feature", "properties": { "OID": "-1", "NUM": "7.725", "RAILNAME": "מסילת העמק", "X": "207593.401538", "Y": "739139.108247", "ROAD": "כביש 75", "HEKTOMETER": "7725.0", "LOCATION": "יגור, נחל יגור", "DESCRPTION": "גשר מסילה מעל נחל", "TRAINOVER": "כן", "STATUS": "קיימת", "YEARMONTH": "202406", "MAINTENANC": "רכבת ישראל", "TRAFCODE": "10105", "TRAFTYPE": "רכבת ישראל" }, "geometry": { "type": "Point", "coordinates": [ 35.07786, 32.74678 ] } },
{ "type": "Feature", "properties": { "OID": "-1", "NUM": "139.3", "RAILNAME": "צ.רמז - יד מרדכי", "X": "168769.511726", "Y": "632267.305581", "ROAD": "כביש 4", "HEKTOMETER": "139300.0", "LOCATION": "אשדוד, נחל לכיש", "DESCRPTION": "גשר מסילה מעל נחל", "TRAINOVER": "כן", "STATUS": "קיימת", "YEARMONTH": "202406", "MAINTENANC": "רכבת ישראל", "TRAFCODE": "10105", "TRAFTYPE": "רכבת ישראל" }, "geometry": { "type": "Point", "coordinates": [ 34.66931, 31.78198 ] } },
{ "type": "Feature", "properties": { "OID": "-1", "NUM": "133.25", "RAILNAME": "אשקלון-ראשון", "X": "172306.367848", "Y": "637072.63417", "ROAD": "כביש 41", "HEKTOMETER": "133250.0", "LOCATION": "אשדוד, נחל יבנה", "DESCRPTION": "גשר מסילה מעל נחל", "TRAINOVER": "כן", "STATUS": "קיימת", "YEARMONTH": "202406", "MAINTENANC": "רכבת ישראל", "TRAFCODE": "10105", "TRAFTYPE": "רכבת ישראל" }, "geometry": { "type": "Point", "coordinates": [ 34.70641, 31.82546 ] } },
{ "type": "Feature", "properties": { "OID": "-1", "NUM": "133.65", "RAILNAME": "אשקלון-ראשון", "X": "172090.559678", "Y": "636776.897047", "ROAD": "כביש 41, כביש 42", "HEKTOMETER": "133650.0", "LOCATION": "בני דרום, נחל יבנה", "DESCRPTION": "גשר מסילה מעל נחל", "TRAINOVER": "כן", "STATUS": "קיימת", "YEARMONTH": "202406", "MAINTENANC": "רכבת ישראל", "TRAFCODE": "10105", "TRAFTYPE": "רכבת ישראל" }, "geometry": { "type": "Point", "coordinates": [ 34.70415, 31.82279 ] } },
{ "type": "Feature", "properties": { "OID": "-1", "NUM": "0.41", "RAILNAME": "נמל אשדוד", "X": "173092.868735", "Y": "638694.392604", "ROAD": "כביש 4", "HEKTOMETER": "410.0", "LOCATION": "משולש פלשת, נחל יבנה", "DESCRPTION": "גשר מסילה מעל נחל", "TRAINOVER": "כן", "STATUS": "קיימת", "YEARMONTH": "202406", "MAINTENANC": "רכבת ישראל", "TRAFCODE": "10105", "TRAFTYPE": "רכבת ישראל" }, "geometry": { "type": "Point", "coordinates": [ 34.71464, 31.84012 ] } },
{ "type": "Feature", "properties": { "OID": "-1", "NUM": "0.83", "RAILNAME": "מסילת השפלה", "X": "173130.435342", "Y": "638842.261165", "ROAD": "כביש 4", "HEKTOMETER": "830.0", "LOCATION": "משולש פלשת, נחל יבנה", "DESCRPTION": "גשר מסילה מעל נחל", "TRAINOVER": "כן", "STATUS": "קיימת", "YEARMONTH": "202406", "MAINTENANC": "רכבת ישראל", "TRAFCODE": "10105", "TRAFTYPE": "רכבת ישראל" }, "geometry": { "type": "Point", "coordinates": [ 34.71503, 31.84146 ] } },
{ "type": "Feature", "properties": { "OID": "-1", "NUM": "122.9", "RAILNAME": "אשקלון-ראשון", "X": "173402.993068", "Y": "639436.932567", "ROAD": "כביש 4102", "HEKTOMETER": "122900.0", "LOCATION": "כפר אביב, נחל יבנה", "DESCRPTION": "גשר מסילה מעל נחל", "TRAINOVER": "כן", "STATUS": "קיימת", "YEARMONTH": "202406", "MAINTENANC": "רכבת ישראל", "TRAFCODE": "10105", "TRAFTYPE": "רכבת ישראל" }, "geometry": { "type": "Point", "coordinates": [ 34.71788, 31.84683 ] } },
{ "type": "Feature", "properties": { "OID": "-1", "NUM": "125.7", "RAILNAME": "מסילת השפלה", "X": "177464.982405", "Y": "642501.808228", "ROAD": "כביש 410", "HEKTOMETER": "125700.0", "LOCATION": "יבנה, נחל גמליאל", "DESCRPTION": "גשר מסילה מעל נחל", "TRAINOVER": "כן", "STATUS": "קיימת", "YEARMONTH": "202406", "MAINTENANC": "רכבת ישראל", "TRAFCODE": "10105", "TRAFTYPE": "רכבת ישראל" }, "geometry": { "type": "Point", "coordinates": [ 34.76067, 31.87463 ] } },
{ "type": "Feature", "properties": { "OID": "-1", "NUM": "130.45", "RAILNAME": "מסילת השפלה", "X": "173920.607965", "Y": "639387.201772", "ROAD": "כביש 42", "HEKTOMETER": "130450.0", "LOCATION": "כפר אביב, כביש 42", "DESCRPTION": "גשר מסילה מעל נחל", "TRAINOVER": "כן", "STATUS": "קיימת", "YEARMONTH": "202406", "MAINTENANC": "רכבת ישראל", "TRAFCODE": "10105", "TRAFTYPE": "רכבת ישראל" }, "geometry": { "type": "Point", "coordinates": [ 34.72336, 31.8464 ] } },
{ "type": "Feature", "properties": { "OID": "-1", "NUM": "89.19", "RAILNAME": "מסילה מזרחית", "X": "193955.299318", "Y": "670080.318951", "ROAD": "כביש 444", "HEKTOMETER": "89190.0", "LOCATION": "נווה ירק, כביש 444", "DESCRPTION": "גשר מסילה מעל נחל", "TRAINOVER": "כן", "STATUS": "קיימת", "YEARMONTH": "202406", "MAINTENANC": "רכבת ישראל", "TRAFCODE": "10105", "TRAFTYPE": "רכבת ישראל" }, "geometry": { "type": "Point", "coordinates": [ 34.93421, 32.12382 ] } },
{ "type": "Feature", "properties": { "OID": "-1", "NUM": "13.3", "RAILNAME": "מסילת החוף", "X": "195901.569297", "Y": "740324.27976", "ROAD": "כביש 2", "HEKTOMETER": "13300.0", "LOCATION": "טירת כרמל, נחל נדר", "DESCRPTION": "גשר מסילה מעל נחל", "TRAINOVER": "כן", "STATUS": "קיימת", "YEARMONTH": "202406", "MAINTENANC": "רכבת ישראל", "TRAFCODE": "10105", "TRAFTYPE": "רכבת ישראל" }, "geometry": { "type": "Point", "coordinates": [ 34.95308, 32.75728 ] } },
{ "type": "Feature", "properties": { "OID": "-1", "NUM": "15.25", "RAILNAME": "מסילת החוף", "X": "195743.309972", "Y": "738357.228253", "ROAD": "כביש 2", "HEKTOMETER": "15250.0", "LOCATION": "טירת כרמל, נחל ספונים", "DESCRPTION": "גשר מסילה מעל נחל", "TRAINOVER": "כן", "STATUS": "קיימת", "YEARMONTH": "202406", "MAINTENANC": "רכבת ישראל", "TRAFCODE": "10105", "TRAFTYPE": "רכבת ישראל" }, "geometry": { "type": "Point", "coordinates": [ 34.95144, 32.73954 ] } },
{ "type": "Feature", "properties": { "OID": "-1", "NUM": "23.01", "RAILNAME": "מסילת החוף", "X": "194254.233598", "Y": "730743.595939", "ROAD": "כביש 2", "HEKTOMETER": "23010.0", "LOCATION": "עין כרמל, נחל מערות", "DESCRPTION": "גשר מסילה מעל נחל", "TRAINOVER": "כן", "STATUS": "קיימת", "YEARMONTH": "202406", "MAINTENANC": "רכבת ישראל", "TRAFCODE": "10105", "TRAFTYPE": "רכבת ישראל" }, "geometry": { "type": "Point", "coordinates": [ 34.93576, 32.67085 ] } },
{ "type": "Feature", "properties": { "OID": "-1", "NUM": "25.77", "RAILNAME": "מסילת החוף", "X": "193887.359709", "Y": "728015.221165", "ROAD": "כביש 2", "HEKTOMETER": "25770.0", "LOCATION": "צרופה, מכחת הבונים", "DESCRPTION": "גשר מסילה מעל נחל", "TRAINOVER": "כן", "STATUS": "קיימת", "YEARMONTH": "202406", "MAINTENANC": "רכבת ישראל", "TRAFCODE": "10105", "TRAFTYPE": "רכבת ישראל" }, "geometry": { "type": "Point", "coordinates": [ 34.93193, 32.64624 ] } },
{ "type": "Feature", "properties": { "OID": "-1", "NUM": "12.950", "RAILNAME": "גנות - צ. דניאל", "X": "192242.4", "Y": "650519.5", "ROAD": "כביש 443", "HEKTOMETER": "12950.0", "LOCATION": "לוד, נחל איילון", "DESCRPTION": "גשר מסילה מעל נחל", "TRAINOVER": "כן", "STATUS": "קיימת", "YEARMONTH": "202406", "MAINTENANC": "רכבת ישראל", "TRAFCODE": "10105", "TRAFTYPE": "רכבת ישראל" }, "geometry": { "type": "Point", "coordinates": [ 34.91661, 31.94738 ] } },
{ "type": "Feature", "properties": { "OID": "-1", "NUM": "26.200", "RAILNAME": "מסילת המלך דוד", "X": "199766.2", "Y": "640491.5", "ROAD": "כביש 3", "HEKTOMETER": "26200.0", "LOCATION": "שעלבים, נחל איילון", "DESCRPTION": "גשר מסילה מעל נחל", "TRAINOVER": "כן", "STATUS": "קיימת", "YEARMONTH": "202406", "MAINTENANC": "רכבת ישראל", "TRAFCODE": "10105", "TRAFTYPE": "רכבת ישראל" }, "geometry": { "type": "Point", "coordinates": [ 34.99639, 31.8571 ] } },
{ "type": "Feature", "properties": { "OID": "-1", "NUM": "45.550", "RAILNAME": "מסילת המלך דוד", "X": "217352.6", "Y": "634646.5", "ROAD": "כביש 1", "HEKTOMETER": "45550.0", "LOCATION": "ירושלים, נחל שורק", "DESCRPTION": "גשר מסילה מעל נחל", "TRAINOVER": "כן", "STATUS": "קיימת", "YEARMONTH": "202406", "MAINTENANC": "רכבת ישראל", "TRAFCODE": "10105", "TRAFTYPE": "רכבת ישראל" }, "geometry": { "type": "Point", "coordinates": [ 35.18222, 31.80456 ] } },
{ "type": "Feature", "properties": { "OID": "-1", "NUM": "BR-05", "RAILNAME": "מסילה מזרחית - מקטע A", "X": "198264.5997", "Y": "701479.4515", "ROAD": "כביש 9", "HEKTOMETER": "0.0", "LOCATION": "שדה יצחק, גשר כביש 9", "DESCRPTION": "גשר כביש קיים", "TRAINOVER": "לא", "STATUS": "מתוכננת", "YEARMONTH": "202406", "MAINTENANC": "אין מידע", "TRAFCODE": "0", "TRAFTYPE": "אין מידע" }, "geometry": { "type": "Point", "coordinates": [ 34.97918, 32.40705 ] } },
{ "type": "Feature", "properties": { "OID": "-1", "NUM": "BR-08", "RAILNAME": "מסילה מזרחית - מקטע A", "X": "195515.7074", "Y": "705825.5372", "ROAD": "כביש 65", "HEKTOMETER": "49150.0", "LOCATION": "גן שמואל, גשר כביש 65 מעל מסילה", "DESCRPTION": "גשר כביש קיים", "TRAINOVER": "לא", "STATUS": "מתוכננת", "YEARMONTH": "202406", "MAINTENANC": "אין מידע", "TRAFCODE": "0", "TRAFTYPE": "אין מידע" }, "geometry": { "type": "Point", "coordinates": [ 34.94985, 32.44619 ] } },
{ "type": "Feature", "properties": { "OID": "-1", "NUM": "BR-12", "RAILNAME": "מסילה מזרחית - מקטע A", "X": "200511.7391", "Y": "698448.3518", "ROAD": "כביש 581", "HEKTOMETER": "0.0", "LOCATION": "אומץ, גשר כביש 581 מעל המסילה ליד אחיטוב", "DESCRPTION": "גשר כביש", "TRAINOVER": "לא", "STATUS": "מתוכננת", "YEARMONTH": "202406", "MAINTENANC": "אין מידע", "TRAFCODE": "0", "TRAFTYPE": "אין מידע" }, "geometry": { "type": "Point", "coordinates": [ 35.00312, 32.37976 ] } },
{ "type": "Feature", "properties": { "OID": "-1", "NUM": "BR-14", "RAILNAME": "מסילה מזרחית - מקטע A", "X": "200675.9409", "Y": "695375.6298", "ROAD": "כביש 5803", "HEKTOMETER": "0.0", "LOCATION": "גן יאשיה, גשר כביש 5803 מעל המסילה ליד גן יאשיה", "DESCRPTION": "גשר כביש", "TRAINOVER": "לא", "STATUS": "מתוכננת", "YEARMONTH": "202406", "MAINTENANC": "אין מידע", "TRAFCODE": "0", "TRAFTYPE": "אין מידע" }, "geometry": { "type": "Point", "coordinates": [ 35.00493, 32.35205 ] } },
{ "type": "Feature", "properties": { "OID": "-1", "NUM": "BR-018", "RAILNAME": "מסילה מזרחית - מקטע A", "X": "200954.0318", "Y": "693617.8939", "ROAD": "כביש 5714", "HEKTOMETER": "0.0", "LOCATION": "בת חפר, גשר כביש 5714 מעל המסילה ליד בת חפר", "DESCRPTION": "גשר כביש", "TRAINOVER": "לא", "STATUS": "מתוכננת", "YEARMONTH": "202406", "MAINTENANC": "אין מידע", "TRAFCODE": "0", "TRAFTYPE": "אין מידע" }, "geometry": { "type": "Point", "coordinates": [ 35.00792, 32.33621 ] } },
{ "type": "Feature", "properties": { "OID": "-1", "NUM": "BR-20", "RAILNAME": "מסילה מזרחית - מקטע A", "X": "201132.6412", "Y": "692870.5245", "ROAD": "שדרות השרון", "HEKTOMETER": "0.0", "LOCATION": "בת חפר, גשר דרך מילוט מעל המסילה ליד בת חפר", "DESCRPTION": "גשר חקלאי", "TRAINOVER": "לא", "STATUS": "מתוכננת", "YEARMONTH": "202406", "MAINTENANC": "אין מידע", "TRAFCODE": "0", "TRAFTYPE": "אין מידע" }, "geometry": { "type": "Point", "coordinates": [ 35.00983, 32.32947 ] } },
{ "type": "Feature", "properties": { "OID": "-1", "NUM": "OP-104", "RAILNAME": "מסילה מזרחית - מקטע A", "X": "201250.8756", "Y": "692160.8895", "ROAD": "כביש 6", "HEKTOMETER": "0.0", "LOCATION": "יד חנה, גשר דרך חקלאי מעל המסילה ליד יד חנה", "DESCRPTION": "גשר חקלאי", "TRAINOVER": "לא", "STATUS": "מתוכננת", "YEARMONTH": "202406", "MAINTENANC": "אין מידע", "TRAFCODE": "0", "TRAFTYPE": "אין מידע" }, "geometry": { "type": "Point", "coordinates": [ 35.0111, 32.32307 ] } },
{ "type": "Feature", "properties": { "OID": "-1", "NUM": "BR-24", "RAILNAME": "מסילה מזרחית - מקטע B", "X": "201136.4146", "Y": "691008.9618", "ROAD": "כביש 57", "HEKTOMETER": "0.0", "LOCATION": "טול כרם, גשר כביש 57 מעל מסילה, מחלף ניצני עוז", "DESCRPTION": "גשר כביש", "TRAINOVER": "לא", "STATUS": "מתוכננת", "YEARMONTH": "202406", "MAINTENANC": "אין מידע", "TRAFCODE": "0", "TRAFTYPE": "אין מידע" }, "geometry": { "type": "Point", "coordinates": [ 35.0099, 32.31269 ] } },
{ "type": "Feature", "properties": { "OID": "-1", "NUM": "A15-05", "RAILNAME": "מסילה מזרחית - מקטע B", "X": "200180.3627", "Y": "687615.4977", "ROAD": "כביש 5614", "HEKTOMETER": "0.0", "LOCATION": "טייבה, גשר כביש 5614מעל מסילה, לידשדה אפרים", "DESCRPTION": "גשר כביש קיים", "TRAINOVER": "לא", "STATUS": "מתוכננת", "YEARMONTH": "202406", "MAINTENANC": "אין מידע", "TRAFCODE": "0", "TRAFTYPE": "אין מידע" }, "geometry": { "type": "Point", "coordinates": [ 34.99982, 32.28207 ] } },
{ "type": "Feature", "properties": { "OID": "-1", "NUM": "OP-06", "RAILNAME": "מסילה מזרחית - מקטע B", "X": "199782.3", "Y": "686741.5", "ROAD": "כביש 6", "HEKTOMETER": "0.0", "LOCATION": "טייבה, גשר דרך חקלאיתמעל מסילה, צמודלתחנת טייבהמדרום", "DESCRPTION": "גשר חקלאי", "TRAINOVER": "לא", "STATUS": "מתוכננת", "YEARMONTH": "202406", "MAINTENANC": "אין מידע", "TRAFCODE": "0", "TRAFTYPE": "אין מידע" }, "geometry": { "type": "Point", "coordinates": [ 34.99561, 32.27418 ] } },
{ "type": "Feature", "properties": { "OID": "-1", "NUM": "OP-08", "RAILNAME": "מסילה מזרחית - מקטע B", "X": "199421.3", "Y": "685723.0", "ROAD": "כביש 6", "HEKTOMETER": "0.0", "LOCATION": "טייבה, גשר דרך חקלאיתמעל מסילה, ביןטירה לטייבה", "DESCRPTION": "גשר חקלאי", "TRAINOVER": "לא", "STATUS": "מתוכננת", "YEARMONTH": "202406", "MAINTENANC": "אין מידע", "TRAFCODE": "0", "TRAFTYPE": "אין מידע" }, "geometry": { "type": "Point", "coordinates": [ 34.9918, 32.26499 ] } },
{ "type": "Feature", "properties": { "OID": "-1", "NUM": "OP-10", "RAILNAME": "מסילה מזרחית - מקטע B", "X": "198830.9", "Y": "684122.9", "ROAD": "כביש 6", "HEKTOMETER": "0.0", "LOCATION": "טייבה, גשר דרך חקלאיתמעל מסילה, ביןטירה לטייבה", "DESCRPTION": "גשר חקלאי", "TRAINOVER": "לא", "STATUS": "מתוכננת", "YEARMONTH": "202406", "MAINTENANC": "אין מידע", "TRAFCODE": "0", "TRAFTYPE": "אין מידע" }, "geometry": { "type": "Point", "coordinates": [ 34.98557, 32.25055 ] } },
{ "type": "Feature", "properties": { "OID": "-1", "NUM": "A15-01", "RAILNAME": "מסילה מזרחית - מקטע B", "X": "198152.197", "Y": "682128.8046", "ROAD": "כביש 554", "HEKTOMETER": "0.0", "LOCATION": "טירה, גשר כביש 554מעל המסילה,בכניסה לטירה", "DESCRPTION": "גשר כביש קיים", "TRAINOVER": "לא", "STATUS": "מתוכננת", "YEARMONTH": "202406", "MAINTENANC": "אין מידע", "TRAFCODE": "0", "TRAFTYPE": "אין מידע" }, "geometry": { "type": "Point", "coordinates": [ 34.97841, 32.23255 ] } },
{ "type": "Feature", "properties": { "OID": "-1", "NUM": "OP-12", "RAILNAME": "מסילה מזרחית - מקטע B", "X": "197729.7", "Y": "681115.8", "ROAD": "כביש 6", "HEKTOMETER": "0.0", "LOCATION": "אייל, גשר דרך חקלאיתמעל מסילה, ביןמחלף אייל לטירה", "DESCRPTION": "גשר חקלאי", "TRAINOVER": "לא", "STATUS": "מתוכננת", "YEARMONTH": "202406", "MAINTENANC": "אין מידע", "TRAFCODE": "0", "TRAFTYPE": "אין מידע" }, "geometry": { "type": "Point", "coordinates": [ 34.97396, 32.22341 ] } },
{ "type": "Feature", "properties": { "OID": "-1", "NUM": "BR-32", "RAILNAME": "מסילה מזרחית - מקטע B", "X": "196483.8801", "Y": "679389.06", "ROAD": "כביש 551", "HEKTOMETER": "0.0", "LOCATION": "אייל, גשר כביש 551מעל המסילה,מחלף אייל", "DESCRPTION": "גשר כביש", "TRAINOVER": "לא", "STATUS": "מתוכננת", "YEARMONTH": "202406", "MAINTENANC": "אין מידע", "TRAFCODE": "0", "TRAFTYPE": "אין מידע" }, "geometry": { "type": "Point", "coordinates": [ 34.96078, 32.20782 ] } },
{ "type": "Feature", "properties": { "OID": "-1", "NUM": "BR-34", "RAILNAME": "מסילה מזרחית - מקטע B", "X": "195647.7777", "Y": "675571.713", "ROAD": "כביש 55", "HEKTOMETER": "0.0", "LOCATION": "נווה ימין, גשר כביש 55מעל המסילה, ביןצומת כביש 444לכביש 5504 לידנווה ימין", "DESCRPTION": "גשר כביש", "TRAINOVER": "לא", "STATUS": "מתוכננת", "YEARMONTH": "202406", "MAINTENANC": "אין מידע", "TRAFCODE": "0", "TRAFTYPE": "אין מידע" }, "geometry": { "type": "Point", "coordinates": [ 34.95201, 32.17337 ] } },
{ "type": "Feature", "properties": { "OID": "-1", "NUM": "OP-14", "RAILNAME": "מסילה מזרחית - מקטע B", "X": "194202.7", "Y": "673668.5", "ROAD": "כביש 531", "HEKTOMETER": "0.0", "LOCATION": "שדי חמד, גשר דרך חקלאיתמעל מסילה,בצמוד לגשר קייםשל כביש 531", "DESCRPTION": "גשר חקלאי", "TRAINOVER": "לא", "STATUS": "מתוכננת", "YEARMONTH": "202406", "MAINTENANC": "אין מידע", "TRAFCODE": "0", "TRAFTYPE": "אין מידע" }, "geometry": { "type": "Point", "coordinates": [ 34.93674, 32.15618 ] } },
{ "type": "Feature", "properties": { "OID": "-1", "NUM": "גשר כביש 531", "RAILNAME": "מסילה מזרחית - מקטע B", "X": "194199.2349", "Y": "673638.7981", "ROAD": "כביש 531", "HEKTOMETER": "0.0", "LOCATION": "אלישמע, גשר כביש 531מעל המסילה, ביןשדי חמד לנווהימין", "DESCRPTION": "גשר כביש קיים", "TRAINOVER": "לא", "STATUS": "מתוכננת", "YEARMONTH": "202406", "MAINTENANC": "אין מידע", "TRAFCODE": "0", "TRAFTYPE": "אין מידע" }, "geometry": { "type": "Point", "coordinates": [ 34.9367, 32.15591 ] } },
{ "type": "Feature", "properties": { "OID": "-1", "NUM": "BR-38", "RAILNAME": "מסילה מזרחית - מקטע B", "X": "194124.2236", "Y": "673173.6361", "ROAD": "כביש 531", "HEKTOMETER": "0.0", "LOCATION": "אלישמע, גשר דרך שירותמעל נחל קנה", "DESCRPTION": "גשר דרך שירות", "TRAINOVER": "לא", "STATUS": "מתוכננת", "YEARMONTH": "202406", "MAINTENANC": "אין מידע", "TRAFCODE": "0", "TRAFTYPE": "אין מידע" }, "geometry": { "type": "Point", "coordinates": [ 34.93592, 32.15172 ] } }
]
}
