{
"type": "FeatureCollection",
"name": "l",
"features": [
{ "type": "Feature", "properties": { "OID": "-1", "X": "178968.35620000027", "Y": "663428.9838999994", "ENTRC_EXIT": "יציאה A - רח' יהודה הלוי / רח' רמחל", "ACSBL_ENTR": "<Null>", "ENTRC_TYPE": "מדרגות + דרגנועים", "NOTES": " ", "LINE": "אדום", "TYPE": "תחתית", "STATUS": "קיימת", "YEARMONTH": "202502.0", "COMP": "נתע", "MTR_AREA": "מטרופולין תל אביב", "STAT_NAME": "אלנבי", "ENTRC_LBL": "A" }, "geometry": { "type": "Point", "coordinates": [ 34.77568, 32.0634 ] } },
{ "type": "Feature", "properties": { "OID": "-1", "X": "178889.99980000034", "Y": "663316.0755000003", "ENTRC_EXIT": "יציאה B - רח' מקווה ישראל", "ACSBL_ENTR": "כניסה / יציאה נגישה", "ENTRC_TYPE": "מדרגות + דרגנועים + מעלית", "NOTES": " ", "LINE": "אדום", "TYPE": "תחתית", "STATUS": "קיימת", "YEARMONTH": "202502.0", "COMP": "נתע", "MTR_AREA": "מטרופולין תל אביב", "STAT_NAME": "אלנבי", "ENTRC_LBL": "B" }, "geometry": { "type": "Point", "coordinates": [ 34.77485, 32.06238 ] } },
{ "type": "Feature", "properties": { "OID": "-1", "X": "178788.87009999994", "Y": "663294.4118000008", "ENTRC_EXIT": "יציאה C - רח' אלנבי", "ACSBL_ENTR": "<Null>", "ENTRC_TYPE": "מדרגות + דרגנועים", "NOTES": " ", "LINE": "אדום", "TYPE": "תחתית", "STATUS": "קיימת", "YEARMONTH": "202502.0", "COMP": "נתע", "MTR_AREA": "מטרופולין תל אביב", "STAT_NAME": "אלנבי", "ENTRC_LBL": "C" }, "geometry": { "type": "Point", "coordinates": [ 34.77378, 32.06218 ] } },
{ "type": "Feature", "properties": { "OID": "-1", "X": "179676.49010000005", "Y": "663716.3937999997", "ENTRC_EXIT": "יציאה A - רח' לינקולן", "ACSBL_ENTR": "כניסה / יציאה נגישה", "ENTRC_TYPE": "מדרגות + דרגנועים + מעלית", "NOTES": " ", "LINE": "אדום", "TYPE": "תחתית", "STATUS": "קיימת", "YEARMONTH": "202502.0", "COMP": "נתע", "MTR_AREA": "מטרופולין תל אביב", "STAT_NAME": "קרליבך", "ENTRC_LBL": "A" }, "geometry": { "type": "Point", "coordinates": [ 34.78316, 32.06602 ] } },
{ "type": "Feature", "properties": { "OID": "-1", "X": "179707.32930000033", "Y": "663658.0550999995", "ENTRC_EXIT": "יציאה B - רח' יצחק שדה", "ACSBL_ENTR": "כניסה / יציאה נגישה", "ENTRC_TYPE": "מדרגות + דרגנועים + מעלית", "NOTES": " ", "LINE": "אדום", "TYPE": "תחתית", "STATUS": "קיימת", "YEARMONTH": "202502.0", "COMP": "נתע", "MTR_AREA": "מטרופולין תל אביב", "STAT_NAME": "קרליבך", "ENTRC_LBL": "B" }, "geometry": { "type": "Point", "coordinates": [ 34.78349, 32.06549 ] } },
{ "type": "Feature", "properties": { "OID": "-1", "X": "179593.08499999996", "Y": "663541.5113999993", "ENTRC_EXIT": "יציאה C - דרך מנחם בגין (דרום)", "ACSBL_ENTR": "כניסה / יציאה נגישה", "ENTRC_TYPE": "מדרגות + דרגנועים + מעלית", "NOTES": " ", "LINE": "אדום", "TYPE": "תחתית", "STATUS": "קיימת", "YEARMONTH": "202502.0", "COMP": "נתע", "MTR_AREA": "מטרופולין תל אביב", "STAT_NAME": "קרליבך", "ENTRC_LBL": "C" }, "geometry": { "type": "Point", "coordinates": [ 34.78229, 32.06444 ] } },
{ "type": "Feature", "properties": { "OID": "-1", "X": "180155.17040000018", "Y": "664210.3298000004", "ENTRC_EXIT": "יציאה A - רח' הארבעה / מתחם שרונה", "ACSBL_ENTR": "כניסה / יציאה נגישה", "ENTRC_TYPE": "מדרגות + דרגנועים + מעלית", "NOTES": " ", "LINE": "אדום", "TYPE": "תחתית", "STATUS": "קיימת", "YEARMONTH": "202502.0", "COMP": "נתע", "MTR_AREA": "מטרופולין תל אביב", "STAT_NAME": "יהודית", "ENTRC_LBL": "A" }, "geometry": { "type": "Point", "coordinates": [ 34.78821, 32.07049 ] } },
{ "type": "Feature", "properties": { "OID": "-1", "X": "180244.9413999999", "Y": "664227.9476999994", "ENTRC_EXIT": "יציאה B - דרך מנחם בגין (צפון) / שד' יהודית", "ACSBL_ENTR": "<Null>", "ENTRC_TYPE": "מדרגות + דרגנועים", "NOTES": " ", "LINE": "אדום", "TYPE": "תחתית", "STATUS": "קיימת", "YEARMONTH": "202502.0", "COMP": "נתע", "MTR_AREA": "מטרופולין תל אביב", "STAT_NAME": "יהודית", "ENTRC_LBL": "B" }, "geometry": { "type": "Point", "coordinates": [ 34.78916, 32.07065 ] } },
{ "type": "Feature", "properties": { "OID": "-1", "X": "180130.30209999997", "Y": "664079.2410000004", "ENTRC_EXIT": "יציאה C - רח' המסגר", "ACSBL_ENTR": "<Null>", "ENTRC_TYPE": "מדרגות + דרגנועים", "NOTES": " ", "LINE": "אדום", "TYPE": "תחתית", "STATUS": "קיימת", "YEARMONTH": "202502.0", "COMP": "נתע", "MTR_AREA": "מטרופולין תל אביב", "STAT_NAME": "יהודית", "ENTRC_LBL": "C" }, "geometry": { "type": "Point", "coordinates": [ 34.78796, 32.0693 ] } },
{ "type": "Feature", "properties": { "OID": "-1", "X": "180077.81039999984", "Y": "664105.9472000003", "ENTRC_EXIT": "יציאה D - רח' החשמונאים", "ACSBL_ENTR": "<Null>", "ENTRC_TYPE": "מדרגות + דרגנועים", "NOTES": " ", "LINE": "אדום", "TYPE": "תחתית", "STATUS": "קיימת", "YEARMONTH": "202502.0", "COMP": "נתע", "MTR_AREA": "מטרופולין תל אביב", "STAT_NAME": "יהודית", "ENTRC_LBL": "D" }, "geometry": { "type": "Point", "coordinates": [ 34.7874, 32.06954 ] } },
{ "type": "Feature", "properties": { "OID": "-1", "X": "180528.58880000003", "Y": "664967.1711999997", "ENTRC_EXIT": "יציאה A - שד' שאול המלך / מחנה רבין (הקריה)", "ACSBL_ENTR": "כניסה / יציאה נגישה", "ENTRC_TYPE": "מדרגות + דרגנועים + מעלית", "NOTES": " ", "LINE": "אדום", "TYPE": "תחתית", "STATUS": "קיימת", "YEARMONTH": "202502.0", "COMP": "נתע", "MTR_AREA": "מטרופולין תל אביב", "STAT_NAME": "שאול המלך", "ENTRC_LBL": "A" }, "geometry": { "type": "Point", "coordinates": [ 34.79214, 32.07732 ] } },
{ "type": "Feature", "properties": { "OID": "-1", "X": "180599.2296000002", "Y": "664971.5584999993", "ENTRC_EXIT": "יציאה B - דרך מנחם בגין (צפון)", "ACSBL_ENTR": "<Null>", "ENTRC_TYPE": "מדרגות + דרגנועים", "NOTES": " ", "LINE": "אדום", "TYPE": "תחתית", "STATUS": "קיימת", "YEARMONTH": "202502.0", "COMP": "נתע", "MTR_AREA": "מטרופולין תל אביב", "STAT_NAME": "שאול המלך", "ENTRC_LBL": "B" }, "geometry": { "type": "Point", "coordinates": [ 34.79289, 32.07737 ] } },
{ "type": "Feature", "properties": { "OID": "-1", "X": "180506.98830000032", "Y": "664800.1401000004", "ENTRC_EXIT": "יציאה C - מרכז עזריאלי", "ACSBL_ENTR": "כניסה / יציאה נגישה", "ENTRC_TYPE": "מדרגות + דרגנועים + מעלית", "NOTES": "שימו לב כי עד שלא יושלם הקניון החדש מדובר במדרגות בלבד", "LINE": "אדום", "TYPE": "תחתית", "STATUS": "קיימת", "YEARMONTH": "202502.0", "COMP": "נתע", "MTR_AREA": "מטרופולין תל אביב", "STAT_NAME": "שאול המלך", "ENTRC_LBL": "C" }, "geometry": { "type": "Point", "coordinates": [ 34.79192, 32.07582 ] } },
{ "type": "Feature", "properties": { "OID": "-1", "X": "180958.73730000015", "Y": "665436.6016000006", "ENTRC_EXIT": "יציאה A - מסוף סבידור", "ACSBL_ENTR": "כניסה / יציאה נגישה", "ENTRC_TYPE": "מדרגות + דרגנועים + מעלית", "NOTES": " ", "LINE": "אדום", "TYPE": "תחתית", "STATUS": "קיימת", "YEARMONTH": "202502.0", "COMP": "נתע", "MTR_AREA": "מטרופולין תל אביב", "STAT_NAME": "ארלוזורוב", "ENTRC_LBL": "A" }, "geometry": { "type": "Point", "coordinates": [ 34.79667, 32.08157 ] } },
{ "type": "Feature", "properties": { "OID": "-1", "X": "180877.1514999997", "Y": "665433.1405999996", "ENTRC_EXIT": "יציאה B - רח' על פרשת דרכים", "ACSBL_ENTR": "כניסה / יציאה נגישה", "ENTRC_TYPE": "מדרגות + דרגנועים + מעלית", "NOTES": " ", "LINE": "אדום", "TYPE": "תחתית", "STATUS": "קיימת", "YEARMONTH": "202502.0", "COMP": "נתע", "MTR_AREA": "מטרופולין תל אביב", "STAT_NAME": "ארלוזורוב", "ENTRC_LBL": "B" }, "geometry": { "type": "Point", "coordinates": [ 34.79581, 32.08154 ] } },
{ "type": "Feature", "properties": { "OID": "-1", "X": "181620.4380999999", "Y": "665603.8923000004", "ENTRC_EXIT": "יציאה A - דרך אבא הלל / מגדל משה אביב", "ACSBL_ENTR": "<Null>", "ENTRC_TYPE": "מדרגות + דרגנועים", "NOTES": " ", "LINE": "אדום", "TYPE": "תחתית", "STATUS": "קיימת", "YEARMONTH": "202502.0", "COMP": "נתע", "MTR_AREA": "מטרופולין תל אביב", "STAT_NAME": "אבא הלל", "ENTRC_LBL": "A" }, "geometry": { "type": "Point", "coordinates": [ 34.80368, 32.0831 ] } },
{ "type": "Feature", "properties": { "OID": "-1", "X": "181532.2999999998", "Y": "665564.5216000006", "ENTRC_EXIT": "יציאה B - רחוב ארלוזורוב", "ACSBL_ENTR": "<Null>", "ENTRC_TYPE": "מדרגות + דרגנועים", "NOTES": " ", "LINE": "אדום", "TYPE": "תחתית", "STATUS": "קיימת", "YEARMONTH": "202502.0", "COMP": "נתע", "MTR_AREA": "מטרופולין תל אביב", "STAT_NAME": "אבא הלל", "ENTRC_LBL": "B" }, "geometry": { "type": "Point", "coordinates": [ 34.80274, 32.08275 ] } },
{ "type": "Feature", "properties": { "OID": "-1", "X": "181531.99430000037", "Y": "665609.1011999995", "ENTRC_EXIT": "יציאה C - דרך אבא הלל / מתחם הבורסה", "ACSBL_ENTR": "כניסה / יציאה נגישה", "ENTRC_TYPE": "מדרגות + דרגנועים + מעלית", "NOTES": " ", "LINE": "אדום", "TYPE": "תחתית", "STATUS": "קיימת", "YEARMONTH": "202502.0", "COMP": "נתע", "MTR_AREA": "מטרופולין תל אביב", "STAT_NAME": "אבא הלל", "ENTRC_LBL": "C" }, "geometry": { "type": "Point", "coordinates": [ 34.80274, 32.08315 ] } },
{ "type": "Feature", "properties": { "OID": "-1", "X": "182540.5455", "Y": "666117.3748000003", "ENTRC_EXIT": "יציאה A - דרך ז'בוטינסקי (מזרח) / רח' התקווה", "ACSBL_ENTR": "<Null>", "ENTRC_TYPE": "מדרגות + דרגנועים", "NOTES": " ", "LINE": "אדום", "TYPE": "תחתית", "STATUS": "קיימת", "YEARMONTH": "202502.0", "COMP": "נתע", "MTR_AREA": "מטרופולין תל אביב", "STAT_NAME": "ביאליק", "ENTRC_LBL": "A" }, "geometry": { "type": "Point", "coordinates": [ 34.8134, 32.08776 ] } },
{ "type": "Feature", "properties": { "OID": "-1", "X": "182433.93510000035", "Y": "666006.6491999999", "ENTRC_EXIT": "יציאה B - לרח' ביאליק (דרום)", "ACSBL_ENTR": "<Null>", "ENTRC_TYPE": "מדרגות", "NOTES": " ", "LINE": "אדום", "TYPE": "תחתית", "STATUS": "קיימת", "YEARMONTH": "202502.0", "COMP": "נתע", "MTR_AREA": "מטרופולין תל אביב", "STAT_NAME": "ביאליק", "ENTRC_LBL": "B" }, "geometry": { "type": "Point", "coordinates": [ 34.81228, 32.08676 ] } },
{ "type": "Feature", "properties": { "OID": "-1", "X": "182421.83550000004", "Y": "666028.3171999995", "ENTRC_EXIT": "יציאה C - לרח' ביאליק (צפון)", "ACSBL_ENTR": "כניסה / יציאה נגישה", "ENTRC_TYPE": "מדרגות + דרגנועים + מעלית", "NOTES": " ", "LINE": "אדום", "TYPE": "תחתית", "STATUS": "קיימת", "YEARMONTH": "202502.0", "COMP": "נתע", "MTR_AREA": "מטרופולין תל אביב", "STAT_NAME": "ביאליק", "ENTRC_LBL": "C" }, "geometry": { "type": "Point", "coordinates": [ 34.81215, 32.08696 ] } },
{ "type": "Feature", "properties": { "OID": "-1", "X": "183583.87569999974", "Y": "666478.4714000002", "ENTRC_EXIT": "יציאה A - דרך ז'בוטינסקי (מזרח) / רח' רבי עקיבא", "ACSBL_ENTR": "כניסה / יציאה נגישה", "ENTRC_TYPE": "מדרגות + דרגנועים + מעלית", "NOTES": " ", "LINE": "אדום", "TYPE": "תחתית", "STATUS": "קיימת", "YEARMONTH": "202502.0", "COMP": "נתע", "MTR_AREA": "מטרופולין תל אביב", "STAT_NAME": "בן־גוריון", "ENTRC_LBL": "A" }, "geometry": { "type": "Point", "coordinates": [ 34.82444, 32.09105 ] } },
{ "type": "Feature", "properties": { "OID": "-1", "X": "183469.02950000018", "Y": "666490.2993999999", "ENTRC_EXIT": "יציאה B - דרך ז'בוטינסקי (מערב) / רח' בן־גוריון", "ACSBL_ENTR": "כניסה / יציאה נגישה", "ENTRC_TYPE": "מדרגות + דרגנועים + מעלית", "NOTES": " ", "LINE": "אדום", "TYPE": "תחתית", "STATUS": "קיימת", "YEARMONTH": "202502.0", "COMP": "נתע", "MTR_AREA": "מטרופולין תל אביב", "STAT_NAME": "בן־גוריון", "ENTRC_LBL": "B" }, "geometry": { "type": "Point", "coordinates": [ 34.82322, 32.09116 ] } },
{ "type": "Feature", "properties": { "OID": "-1", "X": "184936.27280000038", "Y": "666640.6778999995", "ENTRC_EXIT": "יציאה A - דרך ז'בוטינסקי (מזרח) / רח' אהרונוביץ'", "ACSBL_ENTR": "כניסה / יציאה נגישה", "ENTRC_TYPE": "מדרגות + דרגנועים + מעלית", "NOTES": " ", "LINE": "אדום", "TYPE": "תחתית", "STATUS": "קיימת", "YEARMONTH": "202502.0", "COMP": "נתע", "MTR_AREA": "מטרופולין תל אביב", "STAT_NAME": "אהרונוביץ׳", "ENTRC_LBL": "A" }, "geometry": { "type": "Point", "coordinates": [ 34.83876, 32.09256 ] } },
{ "type": "Feature", "properties": { "OID": "-1", "X": "184882.56479999982", "Y": "666670.2467999998", "ENTRC_EXIT": "יציאה B - דרך ז'בוטינסקי (מערב) / רח' אוסישקין", "ACSBL_ENTR": "כניסה / יציאה נגישה", "ENTRC_TYPE": "מדרגות + דרגנועים + מעלית", "NOTES": " ", "LINE": "אדום", "TYPE": "תחתית", "STATUS": "קיימת", "YEARMONTH": "202502.0", "COMP": "נתע", "MTR_AREA": "מטרופולין תל אביב", "STAT_NAME": "אהרונוביץ׳", "ENTRC_LBL": "B" }, "geometry": { "type": "Point", "coordinates": [ 34.83819, 32.09282 ] } },
{ "type": "Feature", "properties": { "OID": "-1", "X": "185640.32529999968", "Y": "667380.8387000002", "ENTRC_EXIT": "יציאה A - בני ברק", "ACSBL_ENTR": "כניסה / יציאה נגישה", "ENTRC_TYPE": "מדרגות + דרגנועים + מעלית", "NOTES": " ", "LINE": "אדום", "TYPE": "תחתית", "STATUS": "קיימת", "YEARMONTH": "202502.0", "COMP": "נתע", "MTR_AREA": "מטרופולין תל אביב", "STAT_NAME": "גשר אם המושבות", "ENTRC_LBL": "A" }, "geometry": { "type": "Point", "coordinates": [ 34.84619, 32.09925 ] } },
{ "type": "Feature", "properties": { "OID": "-1", "X": "185616.99430000037", "Y": "667319.4825999998", "ENTRC_EXIT": "יציאה B - לאזור התעשייה קריית אריה, פתח תקווה", "ACSBL_ENTR": "כניסה / יציאה נגישה", "ENTRC_TYPE": "מדרגות + דרגנועים + מעלית", "NOTES": " ", "LINE": "אדום", "TYPE": "תחתית", "STATUS": "קיימת", "YEARMONTH": "202502.0", "COMP": "נתע", "MTR_AREA": "מטרופולין תל אביב", "STAT_NAME": "גשר אם המושבות", "ENTRC_LBL": "B" }, "geometry": { "type": "Point", "coordinates": [ 34.84595, 32.0987 ] } },
{ "type": "Feature", "properties": { "OID": "-1", "X": "230666.19350000005", "Y": "737008.9332999997", "ENTRC_EXIT": "", "ACSBL_ENTR": "", "ENTRC_TYPE": "", "NOTES": "", "LINE": "נופית", "TYPE": "עילית", "STATUS": "מתוכננת", "YEARMONTH": "202602.0", "COMP": "חוצה ישראל", "MTR_AREA": "מטרופולין חיפה", "STAT_NAME": "ריינה", "ENTRC_LBL": "" }, "geometry": { "type": "Point", "coordinates": [ 35.32403, 32.72758 ] } },
{ "type": "Feature", "properties": { "OID": "-1", "X": "231907.11950000003", "Y": "735684.9009000007", "ENTRC_EXIT": "", "ACSBL_ENTR": "", "ENTRC_TYPE": "", "NOTES": "", "LINE": "נופית", "TYPE": "עילית", "STATUS": "מתוכננת", "YEARMONTH": "202602.0", "COMP": "חוצה ישראל", "MTR_AREA": "מטרופולין חיפה", "STAT_NAME": "הר יונה_אזור התעשיה", "ENTRC_LBL": "" }, "geometry": { "type": "Point", "coordinates": [ 35.33725, 32.71562 ] } },
{ "type": "Feature", "properties": { "OID": "-1", "X": "231602.8711000001", "Y": "734817.4366999995", "ENTRC_EXIT": "", "ACSBL_ENTR": "", "ENTRC_TYPE": "", "NOTES": "", "LINE": "נופית", "TYPE": "עילית", "STATUS": "מתוכננת", "YEARMONTH": "202602.0", "COMP": "חוצה ישראל", "MTR_AREA": "מטרופולין חיפה", "STAT_NAME": "אלון", "ENTRC_LBL": "" }, "geometry": { "type": "Point", "coordinates": [ 35.33399, 32.70781 ] } },
{ "type": "Feature", "properties": { "OID": "-1", "X": "230802.4930999996", "Y": "734379.5846999995", "ENTRC_EXIT": "", "ACSBL_ENTR": "", "ENTRC_TYPE": "", "NOTES": "", "LINE": "נופית", "TYPE": "עילית", "STATUS": "מתוכננת", "YEARMONTH": "202602.0", "COMP": "חוצה ישראל", "MTR_AREA": "מטרופולין חיפה", "STAT_NAME": "גלעד", "ENTRC_LBL": "" }, "geometry": { "type": "Point", "coordinates": [ 35.32545, 32.70387 ] } },
{ "type": "Feature", "properties": { "OID": "-1", "X": "230426.21889999975", "Y": "734111.9770999998", "ENTRC_EXIT": "", "ACSBL_ENTR": "", "ENTRC_TYPE": "", "NOTES": "", "LINE": "נופית", "TYPE": "עילית", "STATUS": "מתוכננת", "YEARMONTH": "202602.0", "COMP": "חוצה ישראל", "MTR_AREA": "מטרופולין חיפה", "STAT_NAME": "הגליל", "ENTRC_LBL": "" }, "geometry": { "type": "Point", "coordinates": [ 35.32143, 32.70146 ] } },
{ "type": "Feature", "properties": { "OID": "-1", "X": "229950.25370000023", "Y": "733892.2379000001", "ENTRC_EXIT": "", "ACSBL_ENTR": "", "ENTRC_TYPE": "", "NOTES": "", "LINE": "נופית", "TYPE": "עילית", "STATUS": "מתוכננת", "YEARMONTH": "202602.0", "COMP": "חוצה ישראל", "MTR_AREA": "מטרופולין חיפה", "STAT_NAME": "שרת", "ENTRC_LBL": "" }, "geometry": { "type": "Point", "coordinates": [ 35.31635, 32.69948 ] } },
{ "type": "Feature", "properties": { "OID": "-1", "X": "229556.78969999962", "Y": "734036.4542999994", "ENTRC_EXIT": "", "ACSBL_ENTR": "", "ENTRC_TYPE": "", "NOTES": "", "LINE": "נופית", "TYPE": "עילית", "STATUS": "מתוכננת", "YEARMONTH": "202602.0", "COMP": "חוצה ישראל", "MTR_AREA": "מטרופולין חיפה", "STAT_NAME": "קרית הממשלה", "ENTRC_LBL": "" }, "geometry": { "type": "Point", "coordinates": [ 35.31216, 32.70078 ] } },
{ "type": "Feature", "properties": { "OID": "-1", "X": "229048.3973000003", "Y": "733440.0677000005", "ENTRC_EXIT": "", "ACSBL_ENTR": "", "ENTRC_TYPE": "", "NOTES": "", "LINE": "נופית", "TYPE": "עילית", "STATUS": "מתוכננת", "YEARMONTH": "202602.0", "COMP": "חוצה ישראל", "MTR_AREA": "מטרופולין חיפה", "STAT_NAME": "השוק", "ENTRC_LBL": "" }, "geometry": { "type": "Point", "coordinates": [ 35.30673, 32.69541 ] } },
{ "type": "Feature", "properties": { "OID": "-1", "X": "228346.70830000006", "Y": "733329.8358999994", "ENTRC_EXIT": "", "ACSBL_ENTR": "", "ENTRC_TYPE": "", "NOTES": "", "LINE": "נופית", "TYPE": "עילית", "STATUS": "מתוכננת", "YEARMONTH": "202602.0", "COMP": "חוצה ישראל", "MTR_AREA": "מטרופולין חיפה", "STAT_NAME": "זיאד", "ENTRC_LBL": "" }, "geometry": { "type": "Point", "coordinates": [ 35.29925, 32.69442 ] } },
{ "type": "Feature", "properties": { "OID": "-1", "X": "226655.66110000014", "Y": "737025.5719000008", "ENTRC_EXIT": "", "ACSBL_ENTR": "", "ENTRC_TYPE": "", "NOTES": "", "LINE": "נופית", "TYPE": "עילית", "STATUS": "מתוכננת", "YEARMONTH": "202602.0", "COMP": "חוצה ישראל", "MTR_AREA": "מטרופולין חיפה", "STAT_NAME": "נצרת צפון", "ENTRC_LBL": "" }, "geometry": { "type": "Point", "coordinates": [ 35.28124, 32.72776 ] } },
{ "type": "Feature", "properties": { "OID": "-1", "X": "218428.1481999997", "Y": "743692.6699999999", "ENTRC_EXIT": "", "ACSBL_ENTR": "", "ENTRC_TYPE": "", "NOTES": "", "LINE": "נופית", "TYPE": "עילית", "STATUS": "מתוכננת", "YEARMONTH": "202602.0", "COMP": "חוצה ישראל", "MTR_AREA": "מטרופולין חיפה", "STAT_NAME": "שפרעם מזרח", "ENTRC_LBL": "" }, "geometry": { "type": "Point", "coordinates": [ 35.19347, 32.7879 ] } },
{ "type": "Feature", "properties": { "OID": "-1", "X": "204901.34920000006", "Y": "745263.3813000005", "ENTRC_EXIT": "", "ACSBL_ENTR": "", "ENTRC_TYPE": "", "NOTES": "", "LINE": "נופית", "TYPE": "עילית", "STATUS": "מתוכננת", "YEARMONTH": "202602.0", "COMP": "חוצה ישראל", "MTR_AREA": "מטרופולין חיפה", "STAT_NAME": "דיין", "ENTRC_LBL": "" }, "geometry": { "type": "Point", "coordinates": [ 35.04904, 32.80197 ] } },
{ "type": "Feature", "properties": { "OID": "-1", "X": "207215.9433000004", "Y": "746003.7558999993", "ENTRC_EXIT": "", "ACSBL_ENTR": "", "ENTRC_TYPE": "", "NOTES": "", "LINE": "נופית", "TYPE": "עילית", "STATUS": "מתוכננת", "YEARMONTH": "202602.0", "COMP": "חוצה ישראל", "MTR_AREA": "מטרופולין חיפה", "STAT_NAME": "אתא דרום", "ENTRC_LBL": "" }, "geometry": { "type": "Point", "coordinates": [ 35.07375, 32.80867 ] } },
{ "type": "Feature", "properties": { "OID": "-1", "X": "213312.69130000006", "Y": "746172.1734999996", "ENTRC_EXIT": "", "ACSBL_ENTR": "", "ENTRC_TYPE": "", "NOTES": "", "LINE": "נופית", "TYPE": "עילית", "STATUS": "מתוכננת", "YEARMONTH": "202602.0", "COMP": "חוצה ישראל", "MTR_AREA": "מטרופולין חיפה", "STAT_NAME": "גבעת טל", "ENTRC_LBL": "" }, "geometry": { "type": "Point", "coordinates": [ 35.13884, 32.81024 ] } },
{ "type": "Feature", "properties": { "OID": "-1", "X": "221248.90710000042", "Y": "741540.7585000005", "ENTRC_EXIT": "", "ACSBL_ENTR": "", "ENTRC_TYPE": "", "NOTES": "", "LINE": "נופית", "TYPE": "עילית", "STATUS": "מתוכננת", "YEARMONTH": "202602.0", "COMP": "חוצה ישראל", "MTR_AREA": "מטרופולין חיפה", "STAT_NAME": "יפתחאל", "ENTRC_LBL": "" }, "geometry": { "type": "Point", "coordinates": [ 35.22357, 32.7685 ] } },
{ "type": "Feature", "properties": { "OID": "-1", "X": "203637.13549999986", "Y": "744391.1125000007", "ENTRC_EXIT": "", "ACSBL_ENTR": "", "ENTRC_TYPE": "", "NOTES": "", "LINE": "נופית", "TYPE": "עילית", "STATUS": "מתוכננת", "YEARMONTH": "202602.0", "COMP": "חוצה ישראל", "MTR_AREA": "מטרופולין חיפה", "STAT_NAME": "לב המפרץ", "ENTRC_LBL": "" }, "geometry": { "type": "Point", "coordinates": [ 35.03556, 32.79408 ] } },
{ "type": "Feature", "properties": { "OID": "-1", "X": "210157.80510000046", "Y": "747112.1059000008", "ENTRC_EXIT": "", "ACSBL_ENTR": "", "ENTRC_TYPE": "", "NOTES": "", "LINE": "נופית", "TYPE": "עילית", "STATUS": "מתוכננת", "YEARMONTH": "202602.0", "COMP": "חוצה ישראל", "MTR_AREA": "מטרופולין חיפה", "STAT_NAME": "העצמאות", "ENTRC_LBL": "" }, "geometry": { "type": "Point", "coordinates": [ 35.10515, 32.81869 ] } },
{ "type": "Feature", "properties": { "OID": "-1", "X": "210974.78019999992", "Y": "747432.9539000001", "ENTRC_EXIT": "", "ACSBL_ENTR": "", "ENTRC_TYPE": "", "NOTES": "", "LINE": "נופית", "TYPE": "עילית", "STATUS": "מתוכננת", "YEARMONTH": "202602.0", "COMP": "חוצה ישראל", "MTR_AREA": "מטרופולין חיפה", "STAT_NAME": "בגין", "ENTRC_LBL": "" }, "geometry": { "type": "Point", "coordinates": [ 35.11387, 32.82159 ] } },
{ "type": "Feature", "properties": { "OID": "-1", "X": "212745.48209999967", "Y": "747439.3068000004", "ENTRC_EXIT": "", "ACSBL_ENTR": "", "ENTRC_TYPE": "", "NOTES": "", "LINE": "נופית", "TYPE": "עילית", "STATUS": "מתוכננת", "YEARMONTH": "202602.0", "COMP": "חוצה ישראל", "MTR_AREA": "מטרופולין חיפה", "STAT_NAME": "גלעם", "ENTRC_LBL": "" }, "geometry": { "type": "Point", "coordinates": [ 35.13278, 32.82166 ] } },
{ "type": "Feature", "properties": { "OID": "-1", "X": "216191.6434000004", "Y": "744616.3084999993", "ENTRC_EXIT": "", "ACSBL_ENTR": "", "ENTRC_TYPE": "", "NOTES": "", "LINE": "נופית", "TYPE": "עילית", "STATUS": "מתוכננת", "YEARMONTH": "202602.0", "COMP": "חוצה ישראל", "MTR_AREA": "מטרופולין חיפה", "STAT_NAME": "שפרעם מערב", "ENTRC_LBL": "" }, "geometry": { "type": "Point", "coordinates": [ 35.16959, 32.79622 ] } },
{ "type": "Feature", "properties": { "OID": "-1", "X": "176214.14719999954", "Y": "656662.7283999994", "ENTRC_EXIT": "", "ACSBL_ENTR": "", "ENTRC_TYPE": "", "NOTES": "", "LINE": "אדום", "TYPE": "עילית", "STATUS": "מתוכננת", "YEARMONTH": "202411.0", "COMP": "נתע", "MTR_AREA": "מטרופולין תל אביב", "STAT_NAME": "הקוממיות", "ENTRC_LBL": "" }, "geometry": { "type": "Point", "coordinates": [ 34.74681, 32.00228 ] } },
{ "type": "Feature", "properties": { "OID": "-1", "X": "176418.41309999954", "Y": "657058.1893000007", "ENTRC_EXIT": "", "ACSBL_ENTR": "", "ENTRC_TYPE": "", "NOTES": "", "LINE": "אדום", "TYPE": "עילית", "STATUS": "מתוכננת", "YEARMONTH": "202411.0", "COMP": "נתע", "MTR_AREA": "מטרופולין תל אביב", "STAT_NAME": "העמל", "ENTRC_LBL": "" }, "geometry": { "type": "Point", "coordinates": [ 34.74896, 32.00585 ] } },
{ "type": "Feature", "properties": { "OID": "-1", "X": "176658.7379999999", "Y": "657606.5327000003", "ENTRC_EXIT": "", "ACSBL_ENTR": "", "ENTRC_TYPE": "", "NOTES": "", "LINE": "אדום", "TYPE": "עילית", "STATUS": "מתוכננת", "YEARMONTH": "202411.0", "COMP": "נתע", "MTR_AREA": "מטרופולין תל אביב", "STAT_NAME": "כט בנובמבר", "ENTRC_LBL": "" }, "geometry": { "type": "Point", "coordinates": [ 34.75148, 32.01081 ] } },
{ "type": "Feature", "properties": { "OID": "-1", "X": "176019.4922000002", "Y": "658349.3253000006", "ENTRC_EXIT": "", "ACSBL_ENTR": "", "ENTRC_TYPE": "", "NOTES": "", "LINE": "אדום", "TYPE": "עילית", "STATUS": "מתוכננת", "YEARMONTH": "202411.0", "COMP": "נתע", "MTR_AREA": "מטרופולין תל אביב", "STAT_NAME": "בלפור", "ENTRC_LBL": "" }, "geometry": { "type": "Point", "coordinates": [ 34.74468, 32.01748 ] } },
{ "type": "Feature", "properties": { "OID": "-1", "X": "175885.17870000005", "Y": "658821.8528000005", "ENTRC_EXIT": "", "ACSBL_ENTR": "", "ENTRC_TYPE": "", "NOTES": "", "LINE": "אדום", "TYPE": "עילית", "STATUS": "מתוכננת", "YEARMONTH": "202411.0", "COMP": "נתע", "MTR_AREA": "מטרופולין תל אביב", "STAT_NAME": "זבוטנסקי", "ENTRC_LBL": "" }, "geometry": { "type": "Point", "coordinates": [ 34.74324, 32.02174 ] } },
{ "type": "Feature", "properties": { "OID": "-1", "X": "176365.2410000004", "Y": "658226.8751999997", "ENTRC_EXIT": "", "ACSBL_ENTR": "", "ENTRC_TYPE": "", "NOTES": "", "LINE": "אדום", "TYPE": "עילית", "STATUS": "מתוכננת", "YEARMONTH": "202411.0", "COMP": "נתע", "MTR_AREA": "מטרופולין תל אביב", "STAT_NAME": "בנימין", "ENTRC_LBL": "" }, "geometry": { "type": "Point", "coordinates": [ 34.74834, 32.01639 ] } },
{ "type": "Feature", "properties": { "OID": "-1", "X": "175995.22730000038", "Y": "659372.1812999994", "ENTRC_EXIT": "", "ACSBL_ENTR": "", "ENTRC_TYPE": "", "NOTES": "", "LINE": "אדום", "TYPE": "עילית", "STATUS": "מתוכננת", "YEARMONTH": "202411.0", "COMP": "נתע", "MTR_AREA": "מטרופולין תל אביב", "STAT_NAME": "רוטשילד", "ENTRC_LBL": "" }, "geometry": { "type": "Point", "coordinates": [ 34.74438, 32.0267 ] } },
{ "type": "Feature", "properties": { "OID": "-1", "X": "176429.7076000003", "Y": "659532.0172000006", "ENTRC_EXIT": "", "ACSBL_ENTR": "", "ENTRC_TYPE": "", "NOTES": "", "LINE": "אדום", "TYPE": "עילית", "STATUS": "מתוכננת", "YEARMONTH": "202411.0", "COMP": "נתע", "MTR_AREA": "מטרופולין תל אביב", "STAT_NAME": "העצמאות", "ENTRC_LBL": "" }, "geometry": { "type": "Point", "coordinates": [ 34.74897, 32.02816 ] } },
{ "type": "Feature", "properties": { "OID": "-1", "X": "176731.25509999972", "Y": "658113.5559999999", "ENTRC_EXIT": "", "ACSBL_ENTR": "", "ENTRC_TYPE": "", "NOTES": "", "LINE": "אדום", "TYPE": "עילית", "STATUS": "מתוכננת", "YEARMONTH": "202411.0", "COMP": "נתע", "MTR_AREA": "מטרופולין תל אביב", "STAT_NAME": "יוספטל", "ENTRC_LBL": "" }, "geometry": { "type": "Point", "coordinates": [ 34.75222, 32.01538 ] } },
{ "type": "Feature", "properties": { "OID": "-1", "X": "176677.9095999999", "Y": "660102.5072000008", "ENTRC_EXIT": "", "ACSBL_ENTR": "", "ENTRC_TYPE": "", "NOTES": "", "LINE": "אדום", "TYPE": "עילית", "STATUS": "מתוכננת", "YEARMONTH": "202411.0", "COMP": "נתע", "MTR_AREA": "מטרופולין תל אביב", "STAT_NAME": "מחרוזת", "ENTRC_LBL": "" }, "geometry": { "type": "Point", "coordinates": [ 34.75157, 32.03332 ] } },
{ "type": "Feature", "properties": { "OID": "-1", "X": "177080.07880000025", "Y": "660702.5240000002", "ENTRC_EXIT": "", "ACSBL_ENTR": "", "ENTRC_TYPE": "", "NOTES": "", "LINE": "אדום", "TYPE": "עילית", "STATUS": "מתוכננת", "YEARMONTH": "202411.0", "COMP": "נתע", "MTR_AREA": "מטרופולין תל אביב", "STAT_NAME": "הבעשט", "ENTRC_LBL": "" }, "geometry": { "type": "Point", "coordinates": [ 34.7558, 32.03874 ] } },
{ "type": "Feature", "properties": { "OID": "-1", "X": "177201.4249999998", "Y": "661081.9345999993", "ENTRC_EXIT": "", "ACSBL_ENTR": "", "ENTRC_TYPE": "", "NOTES": "", "LINE": "אדום", "TYPE": "עילית", "STATUS": "מתוכננת", "YEARMONTH": "202411.0", "COMP": "נתע", "MTR_AREA": "מטרופולין תל אביב", "STAT_NAME": "איסקוב", "ENTRC_LBL": "" }, "geometry": { "type": "Point", "coordinates": [ 34.75707, 32.04217 ] } },
{ "type": "Feature", "properties": { "OID": "-1", "X": "177324.75939999986", "Y": "661510.2416999992", "ENTRC_EXIT": "", "ACSBL_ENTR": "", "ENTRC_TYPE": "", "NOTES": "", "LINE": "אדום", "TYPE": "עילית", "STATUS": "מתוכננת", "YEARMONTH": "202411.0", "COMP": "נתע", "MTR_AREA": "מטרופולין תל אביב", "STAT_NAME": "ארליך", "ENTRC_LBL": "" }, "geometry": { "type": "Point", "coordinates": [ 34.75836, 32.04604 ] } },
{ "type": "Feature", "properties": { "OID": "-1", "X": "177382.4252000004", "Y": "661979.7408000007", "ENTRC_EXIT": "", "ACSBL_ENTR": "", "ENTRC_TYPE": "", "NOTES": "", "LINE": "אדום", "TYPE": "עילית", "STATUS": "מתוכננת", "YEARMONTH": "202411.0", "COMP": "נתע", "MTR_AREA": "מטרופולין תל אביב", "STAT_NAME": "בן צבי", "ENTRC_LBL": "" }, "geometry": { "type": "Point", "coordinates": [ 34.75895, 32.05027 ] } },
{ "type": "Feature", "properties": { "OID": "-1", "X": "177434.90130000003", "Y": "662428.6359000001", "ENTRC_EXIT": "", "ACSBL_ENTR": "", "ENTRC_TYPE": "", "NOTES": "", "LINE": "אדום", "TYPE": "עילית", "STATUS": "מתוכננת", "YEARMONTH": "202411.0", "COMP": "נתע", "MTR_AREA": "מטרופולין תל אביב", "STAT_NAME": "סלמה", "ENTRC_LBL": "" }, "geometry": { "type": "Point", "coordinates": [ 34.75948, 32.05432 ] } },
{ "type": "Feature", "properties": { "OID": "-1", "X": "177768.33550000004", "Y": "662880.4795999993", "ENTRC_EXIT": "", "ACSBL_ENTR": "", "ENTRC_TYPE": "", "NOTES": "", "LINE": "אדום", "TYPE": "עילית", "STATUS": "מתוכננת", "YEARMONTH": "202411.0", "COMP": "נתע", "MTR_AREA": "מטרופולין תל אביב", "STAT_NAME": "אליפלט", "ENTRC_LBL": "" }, "geometry": { "type": "Point", "coordinates": [ 34.76299, 32.05841 ] } },
{ "type": "Feature", "properties": { "OID": "-1", "X": "186298.31790000014", "Y": "666649.3367999997", "ENTRC_EXIT": "", "ACSBL_ENTR": "", "ENTRC_TYPE": "", "NOTES": "", "LINE": "אדום", "TYPE": "עילית", "STATUS": "מתוכננת", "YEARMONTH": "202411.0", "COMP": "נתע", "MTR_AREA": "מטרופולין תל אביב", "STAT_NAME": "שנקר", "ENTRC_LBL": "" }, "geometry": { "type": "Point", "coordinates": [ 34.85319, 32.09268 ] } },
{ "type": "Feature", "properties": { "OID": "-1", "X": "187060.2474999996", "Y": "666567.2583000008", "ENTRC_EXIT": "", "ACSBL_ENTR": "", "ENTRC_TYPE": "", "NOTES": "", "LINE": "אדום", "TYPE": "עילית", "STATUS": "מתוכננת", "YEARMONTH": "202411.0", "COMP": "נתע", "MTR_AREA": "מטרופולין תל אביב", "STAT_NAME": "שחם", "ENTRC_LBL": "" }, "geometry": { "type": "Point", "coordinates": [ 34.86126, 32.09196 ] } },
{ "type": "Feature", "properties": { "OID": "-1", "X": "187120.49810000043", "Y": "668115.7739000004", "ENTRC_EXIT": "", "ACSBL_ENTR": "", "ENTRC_TYPE": "", "NOTES": "", "LINE": "אדום", "TYPE": "עילית", "STATUS": "מתוכננת", "YEARMONTH": "202411.0", "COMP": "נתע", "MTR_AREA": "מטרופולין תל אביב", "STAT_NAME": "קרית אריה", "ENTRC_LBL": "" }, "geometry": { "type": "Point", "coordinates": [ 34.86185, 32.10593 ] } },
{ "type": "Feature", "properties": { "OID": "-1", "X": "187579.46800000034", "Y": "666511.1679999996", "ENTRC_EXIT": "", "ACSBL_ENTR": "", "ENTRC_TYPE": "", "NOTES": "", "LINE": "אדום", "TYPE": "עילית", "STATUS": "מתוכננת", "YEARMONTH": "202411.0", "COMP": "נתע", "MTR_AREA": "מטרופולין תל אביב", "STAT_NAME": "בילינסון", "ENTRC_LBL": "" }, "geometry": { "type": "Point", "coordinates": [ 34.86676, 32.09147 ] } },
{ "type": "Feature", "properties": { "OID": "-1", "X": "188085.37569999974", "Y": "666452.7058000006", "ENTRC_EXIT": "", "ACSBL_ENTR": "", "ENTRC_TYPE": "", "NOTES": "", "LINE": "אדום", "TYPE": "עילית", "STATUS": "מתוכננת", "YEARMONTH": "202411.0", "COMP": "נתע", "MTR_AREA": "מטרופולין תל אביב", "STAT_NAME": "דנקנר", "ENTRC_LBL": "" }, "geometry": { "type": "Point", "coordinates": [ 34.87213, 32.09096 ] } },
{ "type": "Feature", "properties": { "OID": "-1", "X": "188591.77689999994", "Y": "666554.8374000005", "ENTRC_EXIT": "", "ACSBL_ENTR": "", "ENTRC_TYPE": "", "NOTES": "", "LINE": "אדום", "TYPE": "עילית", "STATUS": "מתוכננת", "YEARMONTH": "202411.0", "COMP": "נתע", "MTR_AREA": "מטרופולין תל אביב", "STAT_NAME": "קרול", "ENTRC_LBL": "" }, "geometry": { "type": "Point", "coordinates": [ 34.87749, 32.09189 ] } },
{ "type": "Feature", "properties": { "OID": "-1", "X": "189033.3284", "Y": "666756.1029000003", "ENTRC_EXIT": "", "ACSBL_ENTR": "", "ENTRC_TYPE": "", "NOTES": "", "LINE": "אדום", "TYPE": "עילית", "STATUS": "מתוכננת", "YEARMONTH": "202411.0", "COMP": "נתע", "MTR_AREA": "מטרופולין תל אביב", "STAT_NAME": "פינסקר", "ENTRC_LBL": "" }, "geometry": { "type": "Point", "coordinates": [ 34.88216, 32.09372 ] } },
{ "type": "Feature", "properties": { "OID": "-1", "X": "189442.38650000002", "Y": "666860.5647", "ENTRC_EXIT": "", "ACSBL_ENTR": "", "ENTRC_TYPE": "", "NOTES": "", "LINE": "אדום", "TYPE": "עילית", "STATUS": "מתוכננת", "YEARMONTH": "202411.0", "COMP": "נתע", "MTR_AREA": "מטרופולין תל אביב", "STAT_NAME": "תחנה מרכזית פתח", "ENTRC_LBL": "" }, "geometry": { "type": "Point", "coordinates": [ 34.88649, 32.09467 ] } },
{ "type": "Feature", "properties": { "OID": "-1", "X": "190680.95359999966", "Y": "659174.5077", "ENTRC_EXIT": "", "ACSBL_ENTR": "", "ENTRC_TYPE": "", "NOTES": "", "LINE": "סגול", "TYPE": "עילית", "STATUS": "מתוכננת", "YEARMONTH": "202411.0", "COMP": "נתע", "MTR_AREA": "מטרופולין תל אביב", "STAT_NAME": "אופק", "ENTRC_LBL": "" }, "geometry": { "type": "Point", "coordinates": [ 34.89984, 32.02539 ] } },
{ "type": "Feature", "properties": { "OID": "-1", "X": "189991.8688000003", "Y": "659296.6830000002", "ENTRC_EXIT": "", "ACSBL_ENTR": "", "ENTRC_TYPE": "", "NOTES": "", "LINE": "סגול", "TYPE": "עילית", "STATUS": "מתוכננת", "YEARMONTH": "202411.0", "COMP": "נתע", "MTR_AREA": "מטרופולין תל אביב", "STAT_NAME": "וייצמן", "ENTRC_LBL": "" }, "geometry": { "type": "Point", "coordinates": [ 34.89254, 32.02647 ] } },
{ "type": "Feature", "properties": { "OID": "-1", "X": "185838.44600000046", "Y": "664238.1897999998", "ENTRC_EXIT": "", "ACSBL_ENTR": "", "ENTRC_TYPE": "", "NOTES": "", "LINE": "סגול", "TYPE": "עילית", "STATUS": "מתוכננת", "YEARMONTH": "202411.0", "COMP": "נתע", "MTR_AREA": "מטרופולין תל אביב", "STAT_NAME": "אוניברסיטת בר-אילן - מזרח", "ENTRC_LBL": "" }, "geometry": { "type": "Point", "coordinates": [ 34.8484, 32.07092 ] } },
{ "type": "Feature", "properties": { "OID": "-1", "X": "185520.1074000001", "Y": "663972.2219999991", "ENTRC_EXIT": "", "ACSBL_ENTR": "", "ENTRC_TYPE": "", "NOTES": "", "LINE": "סגול", "TYPE": "עילית", "STATUS": "מתוכננת", "YEARMONTH": "202411.0", "COMP": "נתע", "MTR_AREA": "מטרופולין תל אביב", "STAT_NAME": "אוניברסיטת בר-אילן - מרכז", "ENTRC_LBL": "" }, "geometry": { "type": "Point", "coordinates": [ 34.84504, 32.06851 ] } },
{ "type": "Feature", "properties": { "OID": "-1", "X": "185571.07610000018", "Y": "663342.4135999996", "ENTRC_EXIT": "", "ACSBL_ENTR": "", "ENTRC_TYPE": "", "NOTES": "", "LINE": "סגול", "TYPE": "עילית", "STATUS": "מתוכננת", "YEARMONTH": "202411.0", "COMP": "נתע", "MTR_AREA": "מטרופולין תל אביב", "STAT_NAME": "גני אילן", "ENTRC_LBL": "" }, "geometry": { "type": "Point", "coordinates": [ 34.8456, 32.06283 ] } },
{ "type": "Feature", "properties": { "OID": "-1", "X": "187412.88680000044", "Y": "660050.2079000007", "ENTRC_EXIT": "", "ACSBL_ENTR": "", "ENTRC_TYPE": "", "NOTES": "", "LINE": "סגול", "TYPE": "עילית", "STATUS": "מתוכננת", "YEARMONTH": "202411.0", "COMP": "נתע", "MTR_AREA": "מטרופולין תל אביב", "STAT_NAME": "צומת סביון", "ENTRC_LBL": "" }, "geometry": { "type": "Point", "coordinates": [ 34.86521, 32.0332 ] } },
{ "type": "Feature", "properties": { "OID": "-1", "X": "184815.29509999976", "Y": "660471.6706000008", "ENTRC_EXIT": "", "ACSBL_ENTR": "", "ENTRC_TYPE": "", "NOTES": "", "LINE": "סגול", "TYPE": "עילית", "STATUS": "מתוכננת", "YEARMONTH": "202411.0", "COMP": "נתע", "MTR_AREA": "מטרופולין תל אביב", "STAT_NAME": "מסובים", "ENTRC_LBL": "" }, "geometry": { "type": "Point", "coordinates": [ 34.8377, 32.03692 ] } },
{ "type": "Feature", "properties": { "OID": "-1", "X": "186291.94930000044", "Y": "660265.8198000006", "ENTRC_EXIT": "", "ACSBL_ENTR": "", "ENTRC_TYPE": "", "NOTES": "", "LINE": "סגול", "TYPE": "עילית", "STATUS": "מתוכננת", "YEARMONTH": "202411.0", "COMP": "נתע", "MTR_AREA": "מטרופולין תל אביב", "STAT_NAME": "יגאל אלון", "ENTRC_LBL": "" }, "geometry": { "type": "Point", "coordinates": [ 34.85334, 32.03511 ] } },
{ "type": "Feature", "properties": { "OID": "-1", "X": "188495.1403000001", "Y": "659741.5789000001", "ENTRC_EXIT": "", "ACSBL_ENTR": "", "ENTRC_TYPE": "", "NOTES": "", "LINE": "סגול", "TYPE": "עילית", "STATUS": "מתוכננת", "YEARMONTH": "202411.0", "COMP": "נתע", "MTR_AREA": "מטרופולין תל אביב", "STAT_NAME": "סביונים", "ENTRC_LBL": "" }, "geometry": { "type": "Point", "coordinates": [ 34.87668, 32.03045 ] } },
{ "type": "Feature", "properties": { "OID": "-1", "X": "187842.43850000016", "Y": "660122.0523000006", "ENTRC_EXIT": "", "ACSBL_ENTR": "", "ENTRC_TYPE": "", "NOTES": "", "LINE": "סגול", "TYPE": "עילית", "STATUS": "מתוכננת", "YEARMONTH": "202411.0", "COMP": "נתע", "MTR_AREA": "מטרופולין תל אביב", "STAT_NAME": "מונוסון - גדות", "ENTRC_LBL": "" }, "geometry": { "type": "Point", "coordinates": [ 34.86976, 32.03386 ] } },
{ "type": "Feature", "properties": { "OID": "-1", "X": "179623.88650000002", "Y": "665835.7437999994", "ENTRC_EXIT": "", "ACSBL_ENTR": "", "ENTRC_TYPE": "", "NOTES": "", "LINE": "סגול", "TYPE": "עילית", "STATUS": "מתוכננת", "YEARMONTH": "202411.0", "COMP": "נתע", "MTR_AREA": "מטרופולין תל אביב", "STAT_NAME": "אבן גבירול - ארלוזורוב", "ENTRC_LBL": "" }, "geometry": { "type": "Point", "coordinates": [ 34.78252, 32.08513 ] } },
{ "type": "Feature", "properties": { "OID": "-1", "X": "185033.6638000002", "Y": "661527.4948999994", "ENTRC_EXIT": "", "ACSBL_ENTR": "", "ENTRC_TYPE": "", "NOTES": "", "LINE": "סגול", "TYPE": "עילית", "STATUS": "מתוכננת", "YEARMONTH": "202411.0", "COMP": "נתע", "MTR_AREA": "מטרופולין תל אביב", "STAT_NAME": "שיבא - מרכז", "ENTRC_LBL": "" }, "geometry": { "type": "Point", "coordinates": [ 34.83998, 32.04645 ] } },
{ "type": "Feature", "properties": { "OID": "-1", "X": "184916.40749999974", "Y": "662098.3138999995", "ENTRC_EXIT": "", "ACSBL_ENTR": "", "ENTRC_TYPE": "", "NOTES": "", "LINE": "סגול", "TYPE": "עילית", "STATUS": "מתוכננת", "YEARMONTH": "202411.0", "COMP": "נתע", "MTR_AREA": "מטרופולין תל אביב", "STAT_NAME": "רמת אפעל", "ENTRC_LBL": "" }, "geometry": { "type": "Point", "coordinates": [ 34.83871, 32.0516 ] } },
{ "type": "Feature", "properties": { "OID": "-1", "X": "184546.2940999996", "Y": "662596.4787000008", "ENTRC_EXIT": "", "ACSBL_ENTR": "", "ENTRC_TYPE": "", "NOTES": "", "LINE": "סגול", "TYPE": "עילית", "STATUS": "מתוכננת", "YEARMONTH": "202411.0", "COMP": "נתע", "MTR_AREA": "מטרופולין תל אביב", "STAT_NAME": "אלוף שדה", "ENTRC_LBL": "" }, "geometry": { "type": "Point", "coordinates": [ 34.83478, 32.05608 ] } },
{ "type": "Feature", "properties": { "OID": "-1", "X": "183855.99560000002", "Y": "662933.9834000003", "ENTRC_EXIT": "", "ACSBL_ENTR": "", "ENTRC_TYPE": "", "NOTES": "", "LINE": "סגול", "TYPE": "עילית", "STATUS": "מתוכננת", "YEARMONTH": "202411.0", "COMP": "נתע", "MTR_AREA": "מטרופולין תל אביב", "STAT_NAME": "הירדן", "ENTRC_LBL": "" }, "geometry": { "type": "Point", "coordinates": [ 34.82745, 32.0591 ] } },
{ "type": "Feature", "properties": { "OID": "-1", "X": "183194.60780000035", "Y": "662997.9748999998", "ENTRC_EXIT": "", "ACSBL_ENTR": "", "ENTRC_TYPE": "", "NOTES": "", "LINE": "סגול", "TYPE": "עילית", "STATUS": "מתוכננת", "YEARMONTH": "202411.0", "COMP": "נתע", "MTR_AREA": "מטרופולין תל אביב", "STAT_NAME": "רזיאל", "ENTRC_LBL": "" }, "geometry": { "type": "Point", "coordinates": [ 34.82045, 32.05966 ] } },
{ "type": "Feature", "properties": { "OID": "-1", "X": "182772.51080000028", "Y": "662874.7357999999", "ENTRC_EXIT": "", "ACSBL_ENTR": "", "ENTRC_TYPE": "", "NOTES": "", "LINE": "סגול", "TYPE": "עילית", "STATUS": "מתוכננת", "YEARMONTH": "202411.0", "COMP": "נתע", "MTR_AREA": "מטרופולין תל אביב", "STAT_NAME": "כורזין", "ENTRC_LBL": "" }, "geometry": { "type": "Point", "coordinates": [ 34.81598, 32.05853 ] } },
{ "type": "Feature", "properties": { "OID": "-1", "X": "182207.00679999962", "Y": "662921.0362", "ENTRC_EXIT": "", "ACSBL_ENTR": "", "ENTRC_TYPE": "", "NOTES": "", "LINE": "סגול", "TYPE": "עילית", "STATUS": "מתוכננת", "YEARMONTH": "202411.0", "COMP": "נתע", "MTR_AREA": "מטרופולין תל אביב", "STAT_NAME": "המאבק", "ENTRC_LBL": "" }, "geometry": { "type": "Point", "coordinates": [ 34.80999, 32.05893 ] } },
{ "type": "Feature", "properties": { "OID": "-1", "X": "181836.43030000012", "Y": "662611.9042000007", "ENTRC_EXIT": "", "ACSBL_ENTR": "", "ENTRC_TYPE": "", "NOTES": "", "LINE": "סגול", "TYPE": "עילית", "STATUS": "מתוכננת", "YEARMONTH": "202411.0", "COMP": "נתע", "MTR_AREA": "מטרופולין תל אביב", "STAT_NAME": "כפר שלם", "ENTRC_LBL": "" }, "geometry": { "type": "Point", "coordinates": [ 34.80608, 32.05613 ] } },
{ "type": "Feature", "properties": { "OID": "-1", "X": "181195.48340000026", "Y": "662313.1133999992", "ENTRC_EXIT": "", "ACSBL_ENTR": "", "ENTRC_TYPE": "", "NOTES": "", "LINE": "סגול", "TYPE": "עילית", "STATUS": "מתוכננת", "YEARMONTH": "202411.0", "COMP": "נתע", "MTR_AREA": "מטרופולין תל אביב", "STAT_NAME": "דרך משה דיין", "ENTRC_LBL": "" }, "geometry": { "type": "Point", "coordinates": [ 34.79931, 32.05341 ] } },
{ "type": "Feature", "properties": { "OID": "-1", "X": "180850.30480000004", "Y": "662339.5894000009", "ENTRC_EXIT": "", "ACSBL_ENTR": "", "ENTRC_TYPE": "", "NOTES": "", "LINE": "סגול", "TYPE": "עילית", "STATUS": "מתוכננת", "YEARMONTH": "202411.0", "COMP": "נתע", "MTR_AREA": "מטרופולין תל אביב", "STAT_NAME": "גבעתי", "ENTRC_LBL": "" }, "geometry": { "type": "Point", "coordinates": [ 34.79565, 32.05364 ] } },
{ "type": "Feature", "properties": { "OID": "-1", "X": "180342.2927000001", "Y": "662385.8859000001", "ENTRC_EXIT": "", "ACSBL_ENTR": "", "ENTRC_TYPE": "", "NOTES": "", "LINE": "סגול", "TYPE": "עילית", "STATUS": "מתוכננת", "YEARMONTH": "202411.0", "COMP": "נתע", "MTR_AREA": "מטרופולין תל אביב", "STAT_NAME": "התקווה", "ENTRC_LBL": "" }, "geometry": { "type": "Point", "coordinates": [ 34.79027, 32.05404 ] } },
{ "type": "Feature", "properties": { "OID": "-1", "X": "179746.15350000001", "Y": "662500.1950000003", "ENTRC_EXIT": "", "ACSBL_ENTR": "", "ENTRC_TYPE": "", "NOTES": "", "LINE": "סגול", "TYPE": "עילית", "STATUS": "מתוכננת", "YEARMONTH": "202411.0", "COMP": "נתע", "MTR_AREA": "מטרופולין תל אביב", "STAT_NAME": "ההגנה", "ENTRC_LBL": "" }, "geometry": { "type": "Point", "coordinates": [ 34.78395, 32.05505 ] } },
{ "type": "Feature", "properties": { "OID": "-1", "X": "179416.90409999993", "Y": "662660.3927999996", "ENTRC_EXIT": "", "ACSBL_ENTR": "", "ENTRC_TYPE": "", "NOTES": "", "LINE": "סגול", "TYPE": "עילית", "STATUS": "מתוכננת", "YEARMONTH": "202411.0", "COMP": "נתע", "MTR_AREA": "מטרופולין תל אביב", "STAT_NAME": "נוה שאנן", "ENTRC_LBL": "" }, "geometry": { "type": "Point", "coordinates": [ 34.78046, 32.05648 ] } },
{ "type": "Feature", "properties": { "OID": "-1", "X": "178740.2319", "Y": "663340.2937000003", "ENTRC_EXIT": "", "ACSBL_ENTR": "", "ENTRC_TYPE": "", "NOTES": "", "LINE": "סגול", "TYPE": "עילית", "STATUS": "מתוכננת", "YEARMONTH": "202411.0", "COMP": "נתע", "MTR_AREA": "מטרופולין תל אביב", "STAT_NAME": "אלנבי - ליליינבלום", "ENTRC_LBL": "" }, "geometry": { "type": "Point", "coordinates": [ 34.77327, 32.06259 ] } },
{ "type": "Feature", "properties": { "OID": "-1", "X": "178615.5245000003", "Y": "663702.6337000001", "ENTRC_EXIT": "", "ACSBL_ENTR": "", "ENTRC_TYPE": "", "NOTES": "", "LINE": "סגול", "TYPE": "עילית", "STATUS": "מתוכננת", "YEARMONTH": "202411.0", "COMP": "נתע", "MTR_AREA": "מטרופולין תל אביב", "STAT_NAME": "מונטיפיורי", "ENTRC_LBL": "" }, "geometry": { "type": "Point", "coordinates": [ 34.77193, 32.06585 ] } },
{ "type": "Feature", "properties": { "OID": "-1", "X": "178451.1671000002", "Y": "664205.4135999996", "ENTRC_EXIT": "", "ACSBL_ENTR": "", "ENTRC_TYPE": "", "NOTES": "", "LINE": "סגול", "TYPE": "עילית", "STATUS": "מתוכננת", "YEARMONTH": "202411.0", "COMP": "נתע", "MTR_AREA": "מטרופולין תל אביב", "STAT_NAME": "הכרמל", "ENTRC_LBL": "" }, "geometry": { "type": "Point", "coordinates": [ 34.77017, 32.07038 ] } },
{ "type": "Feature", "properties": { "OID": "-1", "X": "178272.67090000026", "Y": "664570.1933999993", "ENTRC_EXIT": "", "ACSBL_ENTR": "", "ENTRC_TYPE": "", "NOTES": "", "LINE": "סגול", "TYPE": "עילית", "STATUS": "מתוכננת", "YEARMONTH": "202411.0", "COMP": "נתע", "MTR_AREA": "מטרופולין תל אביב", "STAT_NAME": "אידלסון", "ENTRC_LBL": "" }, "geometry": { "type": "Point", "coordinates": [ 34.76826, 32.07366 ] } },
{ "type": "Feature", "properties": { "OID": "-1", "X": "178300.26599999983", "Y": "665019.4165000003", "ENTRC_EXIT": "", "ACSBL_ENTR": "", "ENTRC_TYPE": "", "NOTES": "", "LINE": "סגול", "TYPE": "עילית", "STATUS": "מתוכננת", "YEARMONTH": "202411.0", "COMP": "נתע", "MTR_AREA": "מטרופולין תל אביב", "STAT_NAME": "בוגרשוב", "ENTRC_LBL": "" }, "geometry": { "type": "Point", "coordinates": [ 34.76853, 32.07772 ] } },
{ "type": "Feature", "properties": { "OID": "-1", "X": "178551.9508999996", "Y": "665527.9502000008", "ENTRC_EXIT": "", "ACSBL_ENTR": "", "ENTRC_TYPE": "", "NOTES": "", "LINE": "סגול", "TYPE": "עילית", "STATUS": "מתוכננת", "YEARMONTH": "202411.0", "COMP": "נתע", "MTR_AREA": "מטרופולין תל אביב", "STAT_NAME": "גורדון", "ENTRC_LBL": "" }, "geometry": { "type": "Point", "coordinates": [ 34.77118, 32.08231 ] } },
{ "type": "Feature", "properties": { "OID": "-1", "X": "178909.63740000036", "Y": "666038.1738000009", "ENTRC_EXIT": "", "ACSBL_ENTR": "", "ENTRC_TYPE": "", "NOTES": "", "LINE": "סגול", "TYPE": "עילית", "STATUS": "מתוכננת", "YEARMONTH": "202411.0", "COMP": "נתע", "MTR_AREA": "מטרופולין תל אביב", "STAT_NAME": "דיזנגוף", "ENTRC_LBL": "" }, "geometry": { "type": "Point", "coordinates": [ 34.77495, 32.08693 ] } },
{ "type": "Feature", "properties": { "OID": "-1", "X": "180247.29920000024", "Y": "665671.7502999995", "ENTRC_EXIT": "", "ACSBL_ENTR": "", "ENTRC_TYPE": "", "NOTES": "", "LINE": "סגול", "TYPE": "עילית", "STATUS": "מתוכננת", "YEARMONTH": "202411.0", "COMP": "נתע", "MTR_AREA": "מטרופולין תל אביב", "STAT_NAME": "איכילוב", "ENTRC_LBL": "" }, "geometry": { "type": "Point", "coordinates": [ 34.78913, 32.08367 ] } },
{ "type": "Feature", "properties": { "OID": "-1", "X": "179189.60039999988", "Y": "662782.3834000006", "ENTRC_EXIT": "", "ACSBL_ENTR": "", "ENTRC_TYPE": "", "NOTES": "", "LINE": "סגול", "TYPE": "עילית", "STATUS": "מתוכננת", "YEARMONTH": "202411.0", "COMP": "נתע", "MTR_AREA": "מטרופולין תל אביב", "STAT_NAME": "גינת לוינסקי", "ENTRC_LBL": "" }, "geometry": { "type": "Point", "coordinates": [ 34.77805, 32.05758 ] } },
{ "type": "Feature", "properties": { "OID": "-1", "X": "185582.95749999955", "Y": "660386.8068000004", "ENTRC_EXIT": "", "ACSBL_ENTR": "", "ENTRC_TYPE": "", "NOTES": "", "LINE": "סגול", "TYPE": "עילית", "STATUS": "מתוכננת", "YEARMONTH": "202411.0", "COMP": "נתע", "MTR_AREA": "מטרופולין תל אביב", "STAT_NAME": "קזז", "ENTRC_LBL": "" }, "geometry": { "type": "Point", "coordinates": [ 34.84583, 32.03618 ] } },
{ "type": "Feature", "properties": { "OID": "-1", "X": "186856.12959999964", "Y": "660138.9134", "ENTRC_EXIT": "", "ACSBL_ENTR": "", "ENTRC_TYPE": "", "NOTES": "", "LINE": "סגול", "TYPE": "עילית", "STATUS": "מתוכננת", "YEARMONTH": "202411.0", "COMP": "נתע", "MTR_AREA": "מטרופולין תל אביב", "STAT_NAME": "שמעון פרס", "ENTRC_LBL": "" }, "geometry": { "type": "Point", "coordinates": [ 34.85932, 32.03398 ] } },
{ "type": "Feature", "properties": { "OID": "-1", "X": "178843.40890000015", "Y": "662952.3146000002", "ENTRC_EXIT": "", "ACSBL_ENTR": "", "ENTRC_TYPE": "", "NOTES": "", "LINE": "סגול", "TYPE": "עילית", "STATUS": "מתוכננת", "YEARMONTH": "202411.0", "COMP": "נתע", "MTR_AREA": "מטרופולין תל אביב", "STAT_NAME": "העליה", "ENTRC_LBL": "" }, "geometry": { "type": "Point", "coordinates": [ 34.77437, 32.0591 ] } },
{ "type": "Feature", "properties": { "OID": "-1", "X": "180930.1610000003", "Y": "665594.1762000006", "ENTRC_EXIT": "", "ACSBL_ENTR": "", "ENTRC_TYPE": "", "NOTES": "", "LINE": "סגול", "TYPE": "עילית", "STATUS": "מתוכננת", "YEARMONTH": "202411.0", "COMP": "נתע", "MTR_AREA": "מטרופולין תל אביב", "STAT_NAME": "תל אביב - מרכז", "ENTRC_LBL": "" }, "geometry": { "type": "Point", "coordinates": [ 34.79637, 32.08299 ] } },
{ "type": "Feature", "properties": { "OID": "-1", "X": "191527.65189999994", "Y": "659748.5534000006", "ENTRC_EXIT": "", "ACSBL_ENTR": "", "ENTRC_TYPE": "", "NOTES": "", "LINE": "סגול", "TYPE": "עילית", "STATUS": "מתוכננת", "YEARMONTH": "202411.0", "COMP": "נתע", "MTR_AREA": "מטרופולין תל אביב", "STAT_NAME": "הטייסים", "ENTRC_LBL": "" }, "geometry": { "type": "Point", "coordinates": [ 34.90878, 32.03059 ] } },
{ "type": "Feature", "properties": { "OID": "-1", "X": "185518.46889999975", "Y": "662858.6614999995", "ENTRC_EXIT": "", "ACSBL_ENTR": "", "ENTRC_TYPE": "", "NOTES": "", "LINE": "סגול", "TYPE": "עילית", "STATUS": "מתוכננת", "YEARMONTH": "202411.0", "COMP": "נתע", "MTR_AREA": "מטרופולין תל אביב", "STAT_NAME": "קריית קריניצי", "ENTRC_LBL": "" }, "geometry": { "type": "Point", "coordinates": [ 34.84506, 32.05847 ] } },
{ "type": "Feature", "properties": { "OID": "-1", "X": "184892.82459999993", "Y": "660994.1449999996", "ENTRC_EXIT": "", "ACSBL_ENTR": "", "ENTRC_TYPE": "", "NOTES": "", "LINE": "סגול", "TYPE": "עילית", "STATUS": "מתוכננת", "YEARMONTH": "202411.0", "COMP": "נתע", "MTR_AREA": "מטרופולין תל אביב", "STAT_NAME": "שיבא - דרום", "ENTRC_LBL": "" }, "geometry": { "type": "Point", "coordinates": [ 34.8385, 32.04164 ] } },
{ "type": "Feature", "properties": { "OID": "-1", "X": "185176.26389999967", "Y": "660456.6983000003", "ENTRC_EXIT": "", "ACSBL_ENTR": "", "ENTRC_TYPE": "", "NOTES": "", "LINE": "סגול", "TYPE": "עילית", "STATUS": "מתוכננת", "YEARMONTH": "202411.0", "COMP": "נתע", "MTR_AREA": "מטרופולין תל אביב", "STAT_NAME": "רמת פנקס", "ENTRC_LBL": "" }, "geometry": { "type": "Point", "coordinates": [ 34.84152, 32.0368 ] } },
{ "type": "Feature", "properties": { "OID": "-1", "X": "189516.55449999962", "Y": "659346.0848999992", "ENTRC_EXIT": "", "ACSBL_ENTR": "", "ENTRC_TYPE": "", "NOTES": "", "LINE": "סגול", "TYPE": "עילית", "STATUS": "מתוכננת", "YEARMONTH": "202411.0", "COMP": "נתע", "MTR_AREA": "מטרופולין תל אביב", "STAT_NAME": "יהוד - מרכז", "ENTRC_LBL": "" }, "geometry": { "type": "Point", "coordinates": [ 34.88751, 32.02691 ] } },
{ "type": "Feature", "properties": { "OID": "-1", "X": "188914.81070000026", "Y": "659351.9749999996", "ENTRC_EXIT": "", "ACSBL_ENTR": "", "ENTRC_TYPE": "", "NOTES": "", "LINE": "סגול", "TYPE": "עילית", "STATUS": "מתוכננת", "YEARMONTH": "202411.0", "COMP": "נתע", "MTR_AREA": "מטרופולין תל אביב", "STAT_NAME": "צומת יהוד - מערב", "ENTRC_LBL": "" }, "geometry": { "type": "Point", "coordinates": [ 34.88114, 32.02694 ] } },
{ "type": "Feature", "properties": { "OID": "-1", "X": "181482.29729999974", "Y": "673520.2383999992", "ENTRC_EXIT": "", "ACSBL_ENTR": "", "ENTRC_TYPE": "", "NOTES": "", "LINE": "ירוק", "TYPE": "עילית", "STATUS": "מתוכננת", "YEARMONTH": "202411.0", "COMP": "נתע", "MTR_AREA": "מטרופולין תל אביב", "STAT_NAME": "אלטנוילנד", "ENTRC_LBL": "" }, "geometry": { "type": "Point", "coordinates": [ 34.8019, 32.15449 ] } },
{ "type": "Feature", "properties": { "OID": "-1", "X": "179697.95380000025", "Y": "668791.2876999993", "ENTRC_EXIT": "", "ACSBL_ENTR": "", "ENTRC_TYPE": "", "NOTES": "", "LINE": "ירוק", "TYPE": "עילית", "STATUS": "מתוכננת", "YEARMONTH": "202411.0", "COMP": "נתע", "MTR_AREA": "מטרופולין תל אביב", "STAT_NAME": "איינשטיין", "ENTRC_LBL": "" }, "geometry": { "type": "Point", "coordinates": [ 34.78318, 32.11178 ] } },
{ "type": "Feature", "properties": { "OID": "-1", "X": "181714.7293999996", "Y": "674022.6028000005", "ENTRC_EXIT": "", "ACSBL_ENTR": "", "ENTRC_TYPE": "", "NOTES": "", "LINE": "ירוק", "TYPE": "עילית", "STATUS": "מתוכננת", "YEARMONTH": "202411.0", "COMP": "נתע", "MTR_AREA": "מטרופולין תל אביב", "STAT_NAME": "החושלים", "ENTRC_LBL": "" }, "geometry": { "type": "Point", "coordinates": [ 34.80434, 32.15902 ] } },
{ "type": "Feature", "properties": { "OID": "-1", "X": "184811.6841000002", "Y": "668583.5903999992", "ENTRC_EXIT": "", "ACSBL_ENTR": "", "ENTRC_TYPE": "", "NOTES": "", "LINE": "ירוק", "TYPE": "עילית", "STATUS": "מתוכננת", "YEARMONTH": "202411.0", "COMP": "נתע", "MTR_AREA": "מטרופולין תל אביב", "STAT_NAME": "הנחושת", "ENTRC_LBL": "" }, "geometry": { "type": "Point", "coordinates": [ 34.83737, 32.11008 ] } },
{ "type": "Feature", "properties": { "OID": "-1", "X": "181306.99019999988", "Y": "673111.8124000002", "ENTRC_EXIT": "", "ACSBL_ENTR": "", "ENTRC_TYPE": "", "NOTES": "", "LINE": "ירוק", "TYPE": "עילית", "STATUS": "מתוכננת", "YEARMONTH": "202411.0", "COMP": "נתע", "MTR_AREA": "מטרופולין תל אביב", "STAT_NAME": "חוף תכלת - צפון", "ENTRC_LBL": "" }, "geometry": { "type": "Point", "coordinates": [ 34.80006, 32.1508 ] } },
{ "type": "Feature", "properties": { "OID": "-1", "X": "181186.9095999999", "Y": "672691.2043999992", "ENTRC_EXIT": "", "ACSBL_ENTR": "", "ENTRC_TYPE": "", "NOTES": "", "LINE": "ירוק", "TYPE": "עילית", "STATUS": "מתוכננת", "YEARMONTH": "202411.0", "COMP": "נתע", "MTR_AREA": "מטרופולין תל אביב", "STAT_NAME": "חוף תכלת - דרום", "ENTRC_LBL": "" }, "geometry": { "type": "Point", "coordinates": [ 34.7988, 32.147 ] } },
{ "type": "Feature", "properties": { "OID": "-1", "X": "181865.8367999997", "Y": "674425.6919", "ENTRC_EXIT": "", "ACSBL_ENTR": "", "ENTRC_TYPE": "", "NOTES": "", "LINE": "ירוק", "TYPE": "עילית", "STATUS": "מתוכננת", "YEARMONTH": "202411.0", "COMP": "נתע", "MTR_AREA": "מטרופולין תל אביב", "STAT_NAME": "אבא אבן", "ENTRC_LBL": "" }, "geometry": { "type": "Point", "coordinates": [ 34.80593, 32.16266 ] } },
{ "type": "Feature", "properties": { "OID": "-1", "X": "181031.61539999954", "Y": "672267.5153999999", "ENTRC_EXIT": "", "ACSBL_ENTR": "", "ENTRC_TYPE": "", "NOTES": "", "LINE": "ירוק", "TYPE": "עילית", "STATUS": "מתוכננת", "YEARMONTH": "202411.0", "COMP": "נתע", "MTR_AREA": "מטרופולין תל אביב", "STAT_NAME": "יוניצמן", "ENTRC_LBL": "" }, "geometry": { "type": "Point", "coordinates": [ 34.79717, 32.14317 ] } },
{ "type": "Feature", "properties": { "OID": "-1", "X": "180924.47479999997", "Y": "671855.9550000001", "ENTRC_EXIT": "", "ACSBL_ENTR": "", "ENTRC_TYPE": "", "NOTES": "", "LINE": "ירוק", "TYPE": "עילית", "STATUS": "מתוכננת", "YEARMONTH": "202411.0", "COMP": "נתע", "MTR_AREA": "מטרופולין תל אביב", "STAT_NAME": "מרים ילין-שטקליס", "ENTRC_LBL": "" }, "geometry": { "type": "Point", "coordinates": [ 34.79605, 32.13946 ] } },
{ "type": "Feature", "properties": { "OID": "-1", "X": "180768.04310000036", "Y": "671511.2302000001", "ENTRC_EXIT": "", "ACSBL_ENTR": "", "ENTRC_TYPE": "", "NOTES": "", "LINE": "ירוק", "TYPE": "עילית", "STATUS": "מתוכננת", "YEARMONTH": "202411.0", "COMP": "נתע", "MTR_AREA": "מטרופולין תל אביב", "STAT_NAME": "מרים בן-פורת", "ENTRC_LBL": "" }, "geometry": { "type": "Point", "coordinates": [ 34.79441, 32.13634 ] } },
{ "type": "Feature", "properties": { "OID": "-1", "X": "180555.17599999998", "Y": "671093.2022999991", "ENTRC_EXIT": "", "ACSBL_ENTR": "", "ENTRC_TYPE": "", "NOTES": "", "LINE": "ירוק", "TYPE": "עילית", "STATUS": "מתוכננת", "YEARMONTH": "202411.0", "COMP": "נתע", "MTR_AREA": "מטרופולין תל אביב", "STAT_NAME": "שושנה פרסיץ", "ENTRC_LBL": "" }, "geometry": { "type": "Point", "coordinates": [ 34.79217, 32.13257 ] } },
{ "type": "Feature", "properties": { "OID": "-1", "X": "180344.99650000036", "Y": "670471.1258000005", "ENTRC_EXIT": "", "ACSBL_ENTR": "", "ENTRC_TYPE": "", "NOTES": "", "LINE": "ירוק", "TYPE": "עילית", "STATUS": "מתוכננת", "YEARMONTH": "202411.0", "COMP": "נתע", "MTR_AREA": "מטרופולין תל אביב", "STAT_NAME": "אזורי חן", "ENTRC_LBL": "" }, "geometry": { "type": "Point", "coordinates": [ 34.78997, 32.12695 ] } },
{ "type": "Feature", "properties": { "OID": "-1", "X": "180201.02410000004", "Y": "670039.8655999992", "ENTRC_EXIT": "", "ACSBL_ENTR": "", "ENTRC_TYPE": "", "NOTES": "", "LINE": "ירוק", "TYPE": "עילית", "STATUS": "מתוכננת", "YEARMONTH": "202411.0", "COMP": "נתע", "MTR_AREA": "מטרופולין תל אביב", "STAT_NAME": "פרופס", "ENTRC_LBL": "" }, "geometry": { "type": "Point", "coordinates": [ 34.78846, 32.12306 ] } },
{ "type": "Feature", "properties": { "OID": "-1", "X": "179959.20129999984", "Y": "669470.1502999999", "ENTRC_EXIT": "", "ACSBL_ENTR": "", "ENTRC_TYPE": "", "NOTES": "", "LINE": "ירוק", "TYPE": "עילית", "STATUS": "מתוכננת", "YEARMONTH": "202411.0", "COMP": "נתע", "MTR_AREA": "מטרופולין תל אביב", "STAT_NAME": "נופי ים", "ENTRC_LBL": "" }, "geometry": { "type": "Point", "coordinates": [ 34.78592, 32.11791 ] } },
{ "type": "Feature", "properties": { "OID": "-1", "X": "180580.94099999964", "Y": "668877.0262000002", "ENTRC_EXIT": "", "ACSBL_ENTR": "", "ENTRC_TYPE": "", "NOTES": "", "LINE": "ירוק", "TYPE": "עילית", "STATUS": "מתוכננת", "YEARMONTH": "202411.0", "COMP": "נתע", "MTR_AREA": "מטרופולין תל אביב", "STAT_NAME": "נמיר", "ENTRC_LBL": "" }, "geometry": { "type": "Point", "coordinates": [ 34.79253, 32.11258 ] } },
{ "type": "Feature", "properties": { "OID": "-1", "X": "180994.0159", "Y": "668918.8118999992", "ENTRC_EXIT": "", "ACSBL_ENTR": "", "ENTRC_TYPE": "", "NOTES": "", "LINE": "ירוק", "TYPE": "עילית", "STATUS": "מתוכננת", "YEARMONTH": "202411.0", "COMP": "נתע", "MTR_AREA": "מטרופולין תל אביב", "STAT_NAME": "בורודצקי", "ENTRC_LBL": "" }, "geometry": { "type": "Point", "coordinates": [ 34.79691, 32.11297 ] } },
{ "type": "Feature", "properties": { "OID": "-1", "X": "181448.5214999998", "Y": "668734.1280000005", "ENTRC_EXIT": "", "ACSBL_ENTR": "", "ENTRC_TYPE": "", "NOTES": "", "LINE": "ירוק", "TYPE": "עילית", "STATUS": "מתוכננת", "YEARMONTH": "202411.0", "COMP": "נתע", "MTR_AREA": "מטרופולין תל אביב", "STAT_NAME": "אוניברסיטת תל אביב", "ENTRC_LBL": "" }, "geometry": { "type": "Point", "coordinates": [ 34.80173, 32.11132 ] } },
{ "type": "Feature", "properties": { "OID": "-1", "X": "181400.3788999999", "Y": "668303.9355999995", "ENTRC_EXIT": "", "ACSBL_ENTR": "", "ENTRC_TYPE": "", "NOTES": "", "LINE": "ירוק", "TYPE": "עילית", "STATUS": "מתוכננת", "YEARMONTH": "202411.0", "COMP": "נתע", "MTR_AREA": "מטרופולין תל אביב", "STAT_NAME": "ברושים", "ENTRC_LBL": "" }, "geometry": { "type": "Point", "coordinates": [ 34.80124, 32.10744 ] } },
{ "type": "Feature", "properties": { "OID": "-1", "X": "181821.85950000025", "Y": "667883.5252999999", "ENTRC_EXIT": "", "ACSBL_ENTR": "", "ENTRC_TYPE": "", "NOTES": "", "LINE": "ירוק", "TYPE": "עילית", "STATUS": "מתוכננת", "YEARMONTH": "202411.0", "COMP": "נתע", "MTR_AREA": "מטרופולין תל אביב", "STAT_NAME": "הירידים", "ENTRC_LBL": "" }, "geometry": { "type": "Point", "coordinates": [ 34.80572, 32.10367 ] } },
{ "type": "Feature", "properties": { "OID": "-1", "X": "179524.8300999999", "Y": "668088.2433000002", "ENTRC_EXIT": "", "ACSBL_ENTR": "", "ENTRC_TYPE": "", "NOTES": "", "LINE": "ירוק", "TYPE": "עילית", "STATUS": "מתוכננת", "YEARMONTH": "202411.0", "COMP": "נתע", "MTR_AREA": "מטרופולין תל אביב", "STAT_NAME": "זהרה לביטוב", "ENTRC_LBL": "" }, "geometry": { "type": "Point", "coordinates": [ 34.78138, 32.10543 ] } },
{ "type": "Feature", "properties": { "OID": "-1", "X": "183178.41229999997", "Y": "668116.1193000004", "ENTRC_EXIT": "", "ACSBL_ENTR": "", "ENTRC_TYPE": "", "NOTES": "", "LINE": "ירוק", "TYPE": "עילית", "STATUS": "מתוכננת", "YEARMONTH": "202411.0", "COMP": "נתע", "MTR_AREA": "מטרופולין תל אביב", "STAT_NAME": "הדר יוסף", "ENTRC_LBL": "" }, "geometry": { "type": "Point", "coordinates": [ 34.82008, 32.10581 ] } },
{ "type": "Feature", "properties": { "OID": "-1", "X": "183969.26960000023", "Y": "668219.5590000004", "ENTRC_EXIT": "", "ACSBL_ENTR": "", "ENTRC_TYPE": "", "NOTES": "", "LINE": "ירוק", "TYPE": "עילית", "STATUS": "מתוכננת", "YEARMONTH": "202411.0", "COMP": "נתע", "MTR_AREA": "מטרופולין תל אביב", "STAT_NAME": "גשר פנחס רוזן", "ENTRC_LBL": "" }, "geometry": { "type": "Point", "coordinates": [ 34.82846, 32.10677 ] } },
{ "type": "Feature", "properties": { "OID": "-1", "X": "185398.22520000022", "Y": "669328.3507000003", "ENTRC_EXIT": "", "ACSBL_ENTR": "", "ENTRC_TYPE": "", "NOTES": "", "LINE": "ירוק", "TYPE": "עילית", "STATUS": "מתוכננת", "YEARMONTH": "202411.0", "COMP": "נתע", "MTR_AREA": "מטרופולין תל אביב", "STAT_NAME": "נווה שרת", "ENTRC_LBL": "" }, "geometry": { "type": "Point", "coordinates": [ 34.84356, 32.11681 ] } },
{ "type": "Feature", "properties": { "OID": "-1", "X": "184476.08880000003", "Y": "668263.8203999996", "ENTRC_EXIT": "", "ACSBL_ENTR": "", "ENTRC_TYPE": "", "NOTES": "", "LINE": "ירוק", "TYPE": "עילית", "STATUS": "מתוכננת", "YEARMONTH": "202411.0", "COMP": "נתע", "MTR_AREA": "מטרופולין תל אביב", "STAT_NAME": "הברזל", "ENTRC_LBL": "" }, "geometry": { "type": "Point", "coordinates": [ 34.83383, 32.10718 ] } },
{ "type": "Feature", "properties": { "OID": "-1", "X": "180224.52520000003", "Y": "668844.0204000007", "ENTRC_EXIT": "", "ACSBL_ENTR": "", "ENTRC_TYPE": "", "NOTES": "", "LINE": "ירוק", "TYPE": "עילית", "STATUS": "מתוכננת", "YEARMONTH": "202411.0", "COMP": "נתע", "MTR_AREA": "מטרופולין תל אביב", "STAT_NAME": "לוי אשכול", "ENTRC_LBL": "" }, "geometry": { "type": "Point", "coordinates": [ 34.78876, 32.11227 ] } },
{ "type": "Feature", "properties": { "OID": "-1", "X": "179603.66359999962", "Y": "667419.4745000005", "ENTRC_EXIT": "", "ACSBL_ENTR": "", "ENTRC_TYPE": "", "NOTES": "", "LINE": "ירוק", "TYPE": "עילית", "STATUS": "מתוכננת", "YEARMONTH": "202411.0", "COMP": "נתע", "MTR_AREA": "מטרופולין תל אביב", "STAT_NAME": "רדינג", "ENTRC_LBL": "" }, "geometry": { "type": "Point", "coordinates": [ 34.78224, 32.09941 ] } },
{ "type": "Feature", "properties": { "OID": "-1", "X": "179706.3345999997", "Y": "666760.2613999993", "ENTRC_EXIT": "", "ACSBL_ENTR": "", "ENTRC_TYPE": "", "NOTES": "", "LINE": "ירוק", "TYPE": "עילית", "STATUS": "מתוכננת", "YEARMONTH": "202411.0", "COMP": "נתע", "MTR_AREA": "מטרופולין תל אביב", "STAT_NAME": "יהודה המכבי", "ENTRC_LBL": "" }, "geometry": { "type": "Point", "coordinates": [ 34.78335, 32.09347 ] } },
{ "type": "Feature", "properties": { "OID": "-1", "X": "182465.48510000017", "Y": "655951.6146000009", "ENTRC_EXIT": "", "ACSBL_ENTR": "", "ENTRC_TYPE": "", "NOTES": "", "LINE": "ירוק", "TYPE": "עילית", "STATUS": "מתוכננת", "YEARMONTH": "202411.0", "COMP": "נתע", "MTR_AREA": "מטרופולין תל אביב", "STAT_NAME": "נחלת יהודה", "ENTRC_LBL": "" }, "geometry": { "type": "Point", "coordinates": [ 34.813, 31.99609 ] } },
{ "type": "Feature", "properties": { "OID": "-1", "X": "179579.32469999976", "Y": "666004.0308999997", "ENTRC_EXIT": "", "ACSBL_ENTR": "", "ENTRC_TYPE": "", "NOTES": "", "LINE": "ירוק", "TYPE": "תחתית", "STATUS": "מתוכננת", "YEARMONTH": "202411.0", "COMP": "נתע", "MTR_AREA": "מטרופולין תל אביב", "STAT_NAME": "אבן גבירול - ארלוזורוב", "ENTRC_LBL": "" }, "geometry": { "type": "Point", "coordinates": [ 34.78204, 32.08664 ] } },
{ "type": "Feature", "properties": { "OID": "-1", "X": "179147.32400000002", "Y": "655866.1616999991", "ENTRC_EXIT": "", "ACSBL_ENTR": "", "ENTRC_TYPE": "", "NOTES": "", "LINE": "ירוק", "TYPE": "עילית", "STATUS": "מתוכננת", "YEARMONTH": "202411.0", "COMP": "נתע", "MTR_AREA": "מטרופולין תל אביב", "STAT_NAME": "פארק החולות", "ENTRC_LBL": "" }, "geometry": { "type": "Point", "coordinates": [ 34.77789, 31.9952 ] } },
{ "type": "Feature", "properties": { "OID": "-1", "X": "179503.82270000037", "Y": "665313.5808000006", "ENTRC_EXIT": "", "ACSBL_ENTR": "", "ENTRC_TYPE": "", "NOTES": "", "LINE": "ירוק", "TYPE": "תחתית", "STATUS": "מתוכננת", "YEARMONTH": "202411.0", "COMP": "נתע", "MTR_AREA": "מטרופולין תל אביב", "STAT_NAME": "כיכר רבין", "ENTRC_LBL": "" }, "geometry": { "type": "Point", "coordinates": [ 34.78127, 32.08041 ] } },
{ "type": "Feature", "properties": { "OID": "-1", "X": "179554.93209999986", "Y": "664431.3456999995", "ENTRC_EXIT": "", "ACSBL_ENTR": "", "ENTRC_TYPE": "", "NOTES": "", "LINE": "ירוק", "TYPE": "תחתית", "STATUS": "מתוכננת", "YEARMONTH": "202411.0", "COMP": "נתע", "MTR_AREA": "מטרופולין תל אביב", "STAT_NAME": "קפלן", "ENTRC_LBL": "" }, "geometry": { "type": "Point", "coordinates": [ 34.78185, 32.07246 ] } },
{ "type": "Feature", "properties": { "OID": "-1", "X": "182324.80570000038", "Y": "667867.7016000003", "ENTRC_EXIT": "", "ACSBL_ENTR": "", "ENTRC_TYPE": "", "NOTES": "", "LINE": "ירוק", "TYPE": "עילית", "STATUS": "מתוכננת", "YEARMONTH": "202411.0", "COMP": "נתע", "MTR_AREA": "מטרופולין תל אביב", "STAT_NAME": "גני יהושע", "ENTRC_LBL": "" }, "geometry": { "type": "Point", "coordinates": [ 34.81105, 32.10354 ] } },
{ "type": "Feature", "properties": { "OID": "-1", "X": "179635.33800000045", "Y": "663624.7365000006", "ENTRC_EXIT": "", "ACSBL_ENTR": "", "ENTRC_TYPE": "", "NOTES": "", "LINE": "ירוק", "TYPE": "תחתית", "STATUS": "מתוכננת", "YEARMONTH": "202411.0", "COMP": "נתע", "MTR_AREA": "מטרופולין תל אביב", "STAT_NAME": "קרליבך", "ENTRC_LBL": "" }, "geometry": { "type": "Point", "coordinates": [ 34.78273, 32.06519 ] } },
{ "type": "Feature", "properties": { "OID": "-1", "X": "178882.1180999996", "Y": "662334.0500000007", "ENTRC_EXIT": "", "ACSBL_ENTR": "", "ENTRC_TYPE": "", "NOTES": "", "LINE": "ירוק", "TYPE": "עילית", "STATUS": "מתוכננת", "YEARMONTH": "202411.0", "COMP": "נתע", "MTR_AREA": "מטרופולין תל אביב", "STAT_NAME": "שפירא", "ENTRC_LBL": "" }, "geometry": { "type": "Point", "coordinates": [ 34.77481, 32.05352 ] } },
{ "type": "Feature", "properties": { "OID": "-1", "X": "179141.37569999974", "Y": "662886.0362999998", "ENTRC_EXIT": "", "ACSBL_ENTR": "", "ENTRC_TYPE": "", "NOTES": "", "LINE": "ירוק", "TYPE": "עילית", "STATUS": "מתוכננת", "YEARMONTH": "202411.0", "COMP": "נתע", "MTR_AREA": "מטרופולין תל אביב", "STAT_NAME": "גינת לוינסקי", "ENTRC_LBL": "" }, "geometry": { "type": "Point", "coordinates": [ 34.77753, 32.05851 ] } },
{ "type": "Feature", "properties": { "OID": "-1", "X": "178727.2076000003", "Y": "661808.3772", "ENTRC_EXIT": "", "ACSBL_ENTR": "", "ENTRC_TYPE": "", "NOTES": "", "LINE": "ירוק", "TYPE": "עילית", "STATUS": "מתוכננת", "YEARMONTH": "202411.0", "COMP": "נתע", "MTR_AREA": "מטרופולין תל אביב", "STAT_NAME": "קיבוץ גלויות", "ENTRC_LBL": "" }, "geometry": { "type": "Point", "coordinates": [ 34.77319, 32.04878 ] } },
{ "type": "Feature", "properties": { "OID": "-1", "X": "178573.57239999995", "Y": "661227.8104999997", "ENTRC_EXIT": "", "ACSBL_ENTR": "", "ENTRC_TYPE": "", "NOTES": "", "LINE": "ירוק", "TYPE": "עילית", "STATUS": "מתוכננת", "YEARMONTH": "202411.0", "COMP": "נתע", "MTR_AREA": "מטרופולין תל אביב", "STAT_NAME": "פארק החורשות", "ENTRC_LBL": "" }, "geometry": { "type": "Point", "coordinates": [ 34.77159, 32.04353 ] } },
{ "type": "Feature", "properties": { "OID": "-1", "X": "178804.4643000001", "Y": "660956.6436000001", "ENTRC_EXIT": "", "ACSBL_ENTR": "", "ENTRC_TYPE": "", "NOTES": "", "LINE": "ירוק", "TYPE": "עילית", "STATUS": "מתוכננת", "YEARMONTH": "202411.0", "COMP": "נתע", "MTR_AREA": "מטרופולין תל אביב", "STAT_NAME": "קריית שלום", "ENTRC_LBL": "" }, "geometry": { "type": "Point", "coordinates": [ 34.77405, 32.0411 ] } },
{ "type": "Feature", "properties": { "OID": "-1", "X": "179159.0451999996", "Y": "660502.6865999997", "ENTRC_EXIT": "", "ACSBL_ENTR": "", "ENTRC_TYPE": "", "NOTES": "", "LINE": "ירוק", "TYPE": "עילית", "STATUS": "מתוכננת", "YEARMONTH": "202411.0", "COMP": "נתע", "MTR_AREA": "מטרופולין תל אביב", "STAT_NAME": "צומת חולון", "ENTRC_LBL": "" }, "geometry": { "type": "Point", "coordinates": [ 34.77782, 32.03702 ] } },
{ "type": "Feature", "properties": { "OID": "-1", "X": "178780.45990000013", "Y": "659297.6949000005", "ENTRC_EXIT": "", "ACSBL_ENTR": "", "ENTRC_TYPE": "", "NOTES": "", "LINE": "ירוק", "TYPE": "עילית", "STATUS": "מתוכננת", "YEARMONTH": "202411.0", "COMP": "נתע", "MTR_AREA": "מטרופולין תל אביב", "STAT_NAME": "תיאטרון חולון", "ENTRC_LBL": "" }, "geometry": { "type": "Point", "coordinates": [ 34.77386, 32.02614 ] } },
{ "type": "Feature", "properties": { "OID": "-1", "X": "177409.4994000001", "Y": "654987.4924999997", "ENTRC_EXIT": "", "ACSBL_ENTR": "", "ENTRC_TYPE": "", "NOTES": "", "LINE": "ירוק", "TYPE": "עילית", "STATUS": "מתוכננת", "YEARMONTH": "202411.0", "COMP": "נתע", "MTR_AREA": "מטרופולין תל אביב", "STAT_NAME": "מסוף דיין", "ENTRC_LBL": "" }, "geometry": { "type": "Point", "coordinates": [ 34.75954, 31.98722 ] } },
{ "type": "Feature", "properties": { "OID": "-1", "X": "177842.24170000013", "Y": "654843.6676000003", "ENTRC_EXIT": "", "ACSBL_ENTR": "", "ENTRC_TYPE": "", "NOTES": "", "LINE": "ירוק", "TYPE": "עילית", "STATUS": "מתוכננת", "YEARMONTH": "202411.0", "COMP": "נתע", "MTR_AREA": "מטרופולין תל אביב", "STAT_NAME": "לישנסקי", "ENTRC_LBL": "" }, "geometry": { "type": "Point", "coordinates": [ 34.76412, 31.98594 ] } },
{ "type": "Feature", "properties": { "OID": "-1", "X": "178989.29710000008", "Y": "655217.8560000006", "ENTRC_EXIT": "", "ACSBL_ENTR": "", "ENTRC_TYPE": "", "NOTES": "", "LINE": "ירוק", "TYPE": "עילית", "STATUS": "מתוכננת", "YEARMONTH": "202411.0", "COMP": "נתע", "MTR_AREA": "מטרופולין תל אביב", "STAT_NAME": "סחרוב", "ENTRC_LBL": "" }, "geometry": { "type": "Point", "coordinates": [ 34.77624, 31.98935 ] } },
{ "type": "Feature", "properties": { "OID": "-1", "X": "185092.35699999984", "Y": "669023.0986000001", "ENTRC_EXIT": "", "ACSBL_ENTR": "", "ENTRC_TYPE": "", "NOTES": "", "LINE": "ירוק", "TYPE": "עילית", "STATUS": "מתוכננת", "YEARMONTH": "202411.0", "COMP": "נתע", "MTR_AREA": "מטרופולין תל אביב", "STAT_NAME": "דבורה הנביאה", "ENTRC_LBL": "" }, "geometry": { "type": "Point", "coordinates": [ 34.84033, 32.11405 ] } },
{ "type": "Feature", "properties": { "OID": "-1", "X": "178885.9698999999", "Y": "656160.7252999991", "ENTRC_EXIT": "", "ACSBL_ENTR": "", "ENTRC_TYPE": "", "NOTES": "", "LINE": "ירוק", "TYPE": "עילית", "STATUS": "מתוכננת", "YEARMONTH": "202411.0", "COMP": "נתע", "MTR_AREA": "מטרופולין תל אביב", "STAT_NAME": "לסקוב", "ENTRC_LBL": "" }, "geometry": { "type": "Point", "coordinates": [ 34.77511, 31.99785 ] } },
{ "type": "Feature", "properties": { "OID": "-1", "X": "178714.22530000005", "Y": "656529.2344000004", "ENTRC_EXIT": "", "ACSBL_ENTR": "", "ENTRC_TYPE": "", "NOTES": "", "LINE": "ירוק", "TYPE": "עילית", "STATUS": "מתוכננת", "YEARMONTH": "202411.0", "COMP": "נתע", "MTR_AREA": "מטרופולין תל אביב", "STAT_NAME": "בר-לב", "ENTRC_LBL": "" }, "geometry": { "type": "Point", "coordinates": [ 34.77328, 32.00117 ] } },
{ "type": "Feature", "properties": { "OID": "-1", "X": "178802.68699999992", "Y": "657409.5758999996", "ENTRC_EXIT": "", "ACSBL_ENTR": "", "ENTRC_TYPE": "", "NOTES": "", "LINE": "ירוק", "TYPE": "עילית", "STATUS": "מתוכננת", "YEARMONTH": "202411.0", "COMP": "נתע", "MTR_AREA": "מטרופולין תל אביב", "STAT_NAME": "לבון", "ENTRC_LBL": "" }, "geometry": { "type": "Point", "coordinates": [ 34.77418, 32.00911 ] } },
{ "type": "Feature", "properties": { "OID": "-1", "X": "178754.18560000043", "Y": "656976.1863000002", "ENTRC_EXIT": "", "ACSBL_ENTR": "", "ENTRC_TYPE": "", "NOTES": "", "LINE": "ירוק", "TYPE": "עילית", "STATUS": "מתוכננת", "YEARMONTH": "202411.0", "COMP": "נתע", "MTR_AREA": "מטרופולין תל אביב", "STAT_NAME": "בגין", "ENTRC_LBL": "" }, "geometry": { "type": "Point", "coordinates": [ 34.77368, 32.0052 ] } },
{ "type": "Feature", "properties": { "OID": "-1", "X": "178889.85369999986", "Y": "657920.5465999991", "ENTRC_EXIT": "", "ACSBL_ENTR": "", "ENTRC_TYPE": "", "NOTES": "", "LINE": "ירוק", "TYPE": "עילית", "STATUS": "מתוכננת", "YEARMONTH": "202411.0", "COMP": "נתע", "MTR_AREA": "מטרופולין תל אביב", "STAT_NAME": "המכון הטכנולוגי חולון", "ENTRC_LBL": "" }, "geometry": { "type": "Point", "coordinates": [ 34.77508, 32.01372 ] } },
{ "type": "Feature", "properties": { "OID": "-1", "X": "178934.18730000034", "Y": "658258.5876000002", "ENTRC_EXIT": "", "ACSBL_ENTR": "", "ENTRC_TYPE": "", "NOTES": "", "LINE": "ירוק", "TYPE": "עילית", "STATUS": "מתוכננת", "YEARMONTH": "202411.0", "COMP": "נתע", "MTR_AREA": "מטרופולין תל אביב", "STAT_NAME": "ההסתדרות", "ENTRC_LBL": "" }, "geometry": { "type": "Point", "coordinates": [ 34.77553, 32.01677 ] } },
{ "type": "Feature", "properties": { "OID": "-1", "X": "178980.91830000002", "Y": "658915.4311999995", "ENTRC_EXIT": "", "ACSBL_ENTR": "", "ENTRC_TYPE": "", "NOTES": "", "LINE": "ירוק", "TYPE": "עילית", "STATUS": "מתוכננת", "YEARMONTH": "202411.0", "COMP": "נתע", "MTR_AREA": "מטרופולין תל אביב", "STAT_NAME": "סוקולוב - מערב", "ENTRC_LBL": "" }, "geometry": { "type": "Point", "coordinates": [ 34.776, 32.0227 ] } },
{ "type": "Feature", "properties": { "OID": "-1", "X": "179437.2991000004", "Y": "658886.1274999995", "ENTRC_EXIT": "", "ACSBL_ENTR": "", "ENTRC_TYPE": "", "NOTES": "", "LINE": "ירוק", "TYPE": "עילית", "STATUS": "מתוכננת", "YEARMONTH": "202411.0", "COMP": "נתע", "MTR_AREA": "מטרופולין תל אביב", "STAT_NAME": "קראוזה", "ENTRC_LBL": "" }, "geometry": { "type": "Point", "coordinates": [ 34.78083, 32.02245 ] } },
{ "type": "Feature", "properties": { "OID": "-1", "X": "179953.84800000023", "Y": "658780.0961000007", "ENTRC_EXIT": "", "ACSBL_ENTR": "", "ENTRC_TYPE": "", "NOTES": "", "LINE": "ירוק", "TYPE": "עילית", "STATUS": "מתוכננת", "YEARMONTH": "202411.0", "COMP": "נתע", "MTR_AREA": "מטרופולין תל אביב", "STAT_NAME": "סוקולוב - מזרח", "ENTRC_LBL": "" }, "geometry": { "type": "Point", "coordinates": [ 34.7863, 32.02151 ] } },
{ "type": "Feature", "properties": { "OID": "-1", "X": "180125.01609999966", "Y": "658358.8249999993", "ENTRC_EXIT": "", "ACSBL_ENTR": "", "ENTRC_TYPE": "", "NOTES": "", "LINE": "ירוק", "TYPE": "עילית", "STATUS": "מתוכננת", "YEARMONTH": "202411.0", "COMP": "נתע", "MTR_AREA": "מטרופולין תל אביב", "STAT_NAME": "גאולים", "ENTRC_LBL": "" }, "geometry": { "type": "Point", "coordinates": [ 34.78813, 32.01772 ] } },
{ "type": "Feature", "properties": { "OID": "-1", "X": "180533.9826999996", "Y": "657856.0287999995", "ENTRC_EXIT": "", "ACSBL_ENTR": "", "ENTRC_TYPE": "", "NOTES": "", "LINE": "ירוק", "TYPE": "עילית", "STATUS": "מתוכננת", "YEARMONTH": "202411.0", "COMP": "נתע", "MTR_AREA": "מטרופולין תל אביב", "STAT_NAME": "גן הקקטוסים", "ENTRC_LBL": "" }, "geometry": { "type": "Point", "coordinates": [ 34.79248, 32.0132 ] } },
{ "type": "Feature", "properties": { "OID": "-1", "X": "180804.76960000023", "Y": "657481.8515000008", "ENTRC_EXIT": "", "ACSBL_ENTR": "", "ENTRC_TYPE": "", "NOTES": "", "LINE": "ירוק", "TYPE": "עילית", "STATUS": "מתוכננת", "YEARMONTH": "202411.0", "COMP": "נתע", "MTR_AREA": "מטרופולין תל אביב", "STAT_NAME": "המלאכה", "ENTRC_LBL": "" }, "geometry": { "type": "Point", "coordinates": [ 34.79536, 32.00983 ] } },
{ "type": "Feature", "properties": { "OID": "-1", "X": "181121.5273000002", "Y": "657090.2100000009", "ENTRC_EXIT": "", "ACSBL_ENTR": "", "ENTRC_TYPE": "", "NOTES": "", "LINE": "ירוק", "TYPE": "עילית", "STATUS": "מתוכננת", "YEARMONTH": "202411.0", "COMP": "נתע", "MTR_AREA": "מטרופולין תל אביב", "STAT_NAME": "פארק פרס", "ENTRC_LBL": "" }, "geometry": { "type": "Point", "coordinates": [ 34.79873, 32.00631 ] } },
{ "type": "Feature", "properties": { "OID": "-1", "X": "181920.00399999972", "Y": "656201.6689999998", "ENTRC_EXIT": "", "ACSBL_ENTR": "", "ENTRC_TYPE": "", "NOTES": "", "LINE": "ירוק", "TYPE": "עילית", "STATUS": "מתוכננת", "YEARMONTH": "202411.0", "COMP": "נתע", "MTR_AREA": "מטרופולין תל אביב", "STAT_NAME": "חולון - מזרח", "ENTRC_LBL": "" }, "geometry": { "type": "Point", "coordinates": [ 34.80722, 31.99833 ] } },
{ "type": "Feature", "properties": { "OID": "-1", "X": "182435.52630000003", "Y": "655690.6881000008", "ENTRC_EXIT": "", "ACSBL_ENTR": "", "ENTRC_TYPE": "", "NOTES": "", "LINE": "ירוק", "TYPE": "עילית", "STATUS": "מתוכננת", "YEARMONTH": "202411.0", "COMP": "נתע", "MTR_AREA": "מטרופולין תל אביב", "STAT_NAME": "הקריה החקלאית", "ENTRC_LBL": "" }, "geometry": { "type": "Point", "coordinates": [ 34.81269, 31.99373 ] } },
{ "type": "Feature", "properties": { "OID": "-1", "X": "181485.04870000016", "Y": "656638.4127999991", "ENTRC_EXIT": "", "ACSBL_ENTR": "", "ENTRC_TYPE": "", "NOTES": "", "LINE": "ירוק", "TYPE": "עילית", "STATUS": "מתוכננת", "YEARMONTH": "202411.0", "COMP": "נתע", "MTR_AREA": "מטרופולין תל אביב", "STAT_NAME": "המרכבה", "ENTRC_LBL": "" }, "geometry": { "type": "Point", "coordinates": [ 34.8026, 32.00225 ] } },
{ "type": "Feature", "properties": { "OID": "-1", "X": "175927.88760000002", "Y": "656167.4864000008", "ENTRC_EXIT": "", "ACSBL_ENTR": "", "ENTRC_TYPE": "", "NOTES": "", "LINE": "אדום", "TYPE": "עילית", "STATUS": "מתוכננת", "YEARMONTH": "202411.0", "COMP": "נתע", "MTR_AREA": "מטרופולין תל אביב", "STAT_NAME": "מנחם בגין", "ENTRC_LBL": "" }, "geometry": { "type": "Point", "coordinates": [ 34.74381, 31.9978 ] } },
{ "type": "Feature", "properties": { "OID": "-1", "X": "175781.96879999992", "Y": "655745.3933000006", "ENTRC_EXIT": "", "ACSBL_ENTR": "", "ENTRC_TYPE": "", "NOTES": "", "LINE": "אדום", "TYPE": "עילית", "STATUS": "מתוכננת", "YEARMONTH": "202411.0", "COMP": "נתע", "MTR_AREA": "מטרופולין תל אביב", "STAT_NAME": "כורש", "ENTRC_LBL": "" }, "geometry": { "type": "Point", "coordinates": [ 34.74228, 31.99399 ] } },
{ "type": "Feature", "properties": { "OID": "-1", "X": "176619.6774000004", "Y": "655302.6026000008", "ENTRC_EXIT": "", "ACSBL_ENTR": "", "ENTRC_TYPE": "", "NOTES": "", "LINE": "אדום", "TYPE": "עילית", "STATUS": "מתוכננת", "YEARMONTH": "202411.0", "COMP": "נתע", "MTR_AREA": "מטרופולין תל אביב", "STAT_NAME": "רחבעם זאבי", "ENTRC_LBL": "" }, "geometry": { "type": "Point", "coordinates": [ 34.75117, 31.99003 ] } },
{ "type": "Feature", "properties": { "OID": "-1", "X": "177179.32490000036", "Y": "655159.7697000001", "ENTRC_EXIT": "", "ACSBL_ENTR": "", "ENTRC_TYPE": "", "NOTES": "", "LINE": "אדום", "TYPE": "עילית", "STATUS": "מתוכננת", "YEARMONTH": "202411.0", "COMP": "נתע", "MTR_AREA": "מטרופולין תל אביב", "STAT_NAME": "שמעון ישראלי", "ENTRC_LBL": "" }, "geometry": { "type": "Point", "coordinates": [ 34.75709, 31.98876 ] } },
{ "type": "Feature", "properties": { "OID": "-1", "X": "178608.9779000003", "Y": "654528.1911999993", "ENTRC_EXIT": "", "ACSBL_ENTR": "", "ENTRC_TYPE": "", "NOTES": "", "LINE": "ירוק", "TYPE": "עילית", "STATUS": "מתוכננת", "YEARMONTH": "202411.0", "COMP": "נתע", "MTR_AREA": "מטרופולין תל אביב", "STAT_NAME": "ילדי טהרן", "ENTRC_LBL": "" }, "geometry": { "type": "Point", "coordinates": [ 34.77225, 31.98312 ] } },
{ "type": "Feature", "properties": { "OID": "-1", "X": "223155.95500000007", "Y": "633358.5782999992", "ENTRC_EXIT": "", "ACSBL_ENTR": "", "ENTRC_TYPE": "", "NOTES": "", "LINE": "ירוק_תכלת", "TYPE": "תחתית", "STATUS": "מתוכננת", "YEARMONTH": "202409.0", "COMP": "צתאל", "MTR_AREA": "מטרופולין ירושלים", "STAT_NAME": "האוניברסיטה הר הצופים", "ENTRC_LBL": "" }, "geometry": { "type": "Point", "coordinates": [ 35.24351, 31.79294 ] } },
{ "type": "Feature", "properties": { "OID": "-1", "X": "222176.8058000002", "Y": "633684.8220000006", "ENTRC_EXIT": "", "ACSBL_ENTR": "", "ENTRC_TYPE": "", "NOTES": "", "LINE": "ירוק_תכלת", "TYPE": "עילית", "STATUS": "מתוכננת", "YEARMONTH": "202409.0", "COMP": "צתאל", "MTR_AREA": "מטרופולין ירושלים", "STAT_NAME": "קריית הממשלה בגין", "ENTRC_LBL": "" }, "geometry": { "type": "Point", "coordinates": [ 35.23317, 31.79588 ] } },
{ "type": "Feature", "properties": { "OID": "-1", "X": "222826.96160000004", "Y": "633763.1543000005", "ENTRC_EXIT": "", "ACSBL_ENTR": "", "ENTRC_TYPE": "", "NOTES": "", "LINE": "ירוק_תכלת", "TYPE": "עילית", "STATUS": "מתוכננת", "YEARMONTH": "202409.0", "COMP": "צתאל", "MTR_AREA": "מטרופולין ירושלים", "STAT_NAME": "הדסה הר הצופים", "ENTRC_LBL": "" }, "geometry": { "type": "Point", "coordinates": [ 35.24003, 31.79659 ] } },
{ "type": "Feature", "properties": { "OID": "-1", "X": "222517.1749999998", "Y": "633832.9354999997", "ENTRC_EXIT": "", "ACSBL_ENTR": "", "ENTRC_TYPE": "", "NOTES": "", "LINE": "ירוק_תכלת", "TYPE": "עילית", "STATUS": "מתוכננת", "YEARMONTH": "202409.0", "COMP": "צתאל", "MTR_AREA": "מטרופולין ירושלים", "STAT_NAME": "אהרון קציר", "ENTRC_LBL": "" }, "geometry": { "type": "Point", "coordinates": [ 35.23676, 31.79722 ] } },
{ "type": "Feature", "properties": { "OID": "-1", "X": "217967.33829999994", "Y": "626496.4142000005", "ENTRC_EXIT": "", "ACSBL_ENTR": "", "ENTRC_TYPE": "", "NOTES": "", "LINE": "ירוק_כחול", "TYPE": "עילית", "STATUS": "מתוכננת", "YEARMONTH": "202409.0", "COMP": "צתאל", "MTR_AREA": "מטרופולין ירושלים", "STAT_NAME": "לשם", "ENTRC_LBL": "" }, "geometry": { "type": "Point", "coordinates": [ 35.18873, 31.73106 ] } },
{ "type": "Feature", "properties": { "OID": "-1", "X": "218371.09310000017", "Y": "626508.2988000009", "ENTRC_EXIT": "", "ACSBL_ENTR": "", "ENTRC_TYPE": "", "NOTES": "", "LINE": "ירוק_כחול", "TYPE": "עילית", "STATUS": "מתוכננת", "YEARMONTH": "202409.0", "COMP": "צתאל", "MTR_AREA": "מטרופולין ירושלים", "STAT_NAME": "הגננת", "ENTRC_LBL": "" }, "geometry": { "type": "Point", "coordinates": [ 35.19299, 31.73116 ] } },
{ "type": "Feature", "properties": { "OID": "-1", "X": "217677.89580000006", "Y": "626657.3392999992", "ENTRC_EXIT": "", "ACSBL_ENTR": "", "ENTRC_TYPE": "", "NOTES": "", "LINE": "ירוק_כחול", "TYPE": "עילית", "STATUS": "מתוכננת", "YEARMONTH": "202409.0", "COMP": "צתאל", "MTR_AREA": "מטרופולין ירושלים", "STAT_NAME": "צביה ויצחק", "ENTRC_LBL": "" }, "geometry": { "type": "Point", "coordinates": [ 35.18567, 31.73251 ] } },
{ "type": "Feature", "properties": { "OID": "-1", "X": "218527.8091000002", "Y": "626770.4624000005", "ENTRC_EXIT": "", "ACSBL_ENTR": "", "ENTRC_TYPE": "", "NOTES": "", "LINE": "ירוק", "TYPE": "עילית", "STATUS": "מתוכננת", "YEARMONTH": "202409.0", "COMP": "צתאל", "MTR_AREA": "מטרופולין ירושלים", "STAT_NAME": "הרוזמרין", "ENTRC_LBL": "" }, "geometry": { "type": "Point", "coordinates": [ 35.19464, 31.73353 ] } },
{ "type": "Feature", "properties": { "OID": "-1", "X": "217321.79279999994", "Y": "626827.0490000006", "ENTRC_EXIT": "", "ACSBL_ENTR": "", "ENTRC_TYPE": "", "NOTES": "", "LINE": "ירוק_כחול", "TYPE": "עילית", "STATUS": "מתוכננת", "YEARMONTH": "202409.0", "COMP": "צתאל", "MTR_AREA": "מטרופולין ירושלים", "STAT_NAME": "החסידה", "ENTRC_LBL": "" }, "geometry": { "type": "Point", "coordinates": [ 35.18192, 31.73404 ] } },
{ "type": "Feature", "properties": { "OID": "-1", "X": "217307.4512", "Y": "627200.1749000009", "ENTRC_EXIT": "", "ACSBL_ENTR": "", "ENTRC_TYPE": "", "NOTES": "", "LINE": "ירוק_כחול", "TYPE": "עילית", "STATUS": "מתוכננת", "YEARMONTH": "202409.0", "COMP": "צתאל", "MTR_AREA": "מטרופולין ירושלים", "STAT_NAME": "אודם", "ENTRC_LBL": "" }, "geometry": { "type": "Point", "coordinates": [ 35.18176, 31.7374 ] } },
{ "type": "Feature", "properties": { "OID": "-1", "X": "218555.6662999997", "Y": "627267.5596999992", "ENTRC_EXIT": "", "ACSBL_ENTR": "", "ENTRC_TYPE": "", "NOTES": "", "LINE": "ירוק", "TYPE": "עילית", "STATUS": "מתוכננת", "YEARMONTH": "202409.0", "COMP": "צתאל", "MTR_AREA": "מטרופולין ירושלים", "STAT_NAME": "שבתאי נגבי", "ENTRC_LBL": "" }, "geometry": { "type": "Point", "coordinates": [ 35.19494, 31.73801 ] } },
{ "type": "Feature", "properties": { "OID": "-1", "X": "217243.02840000018", "Y": "627421.8661000002", "ENTRC_EXIT": "", "ACSBL_ENTR": "", "ENTRC_TYPE": "", "NOTES": "", "LINE": "ירוק_כחול", "TYPE": "עילית", "STATUS": "מתוכננת", "YEARMONTH": "202409.0", "COMP": "צתאל", "MTR_AREA": "מטרופולין ירושלים", "STAT_NAME": "יער גילה", "ENTRC_LBL": "" }, "geometry": { "type": "Point", "coordinates": [ 35.18108, 31.7394 ] } },
{ "type": "Feature", "properties": { "OID": "-1", "X": "218743.04679999966", "Y": "627722.8446999993", "ENTRC_EXIT": "", "ACSBL_ENTR": "", "ENTRC_TYPE": "", "NOTES": "", "LINE": "ירוק", "TYPE": "עילית", "STATUS": "מתוכננת", "YEARMONTH": "202409.0", "COMP": "צתאל", "MTR_AREA": "מטרופולין ירושלים", "STAT_NAME": "דב יוסף - מרכז", "ENTRC_LBL": "" }, "geometry": { "type": "Point", "coordinates": [ 35.19691, 31.74212 ] } },
{ "type": "Feature", "properties": { "OID": "-1", "X": "218867.1808000002", "Y": "628319.2070000004", "ENTRC_EXIT": "", "ACSBL_ENTR": "", "ENTRC_TYPE": "", "NOTES": "", "LINE": "ירוק", "TYPE": "עילית", "STATUS": "מתוכננת", "YEARMONTH": "202409.0", "COMP": "צתאל", "MTR_AREA": "מטרופולין ירושלים", "STAT_NAME": "בית צפאפא", "ENTRC_LBL": "" }, "geometry": { "type": "Point", "coordinates": [ 35.19822, 31.7475 ] } },
{ "type": "Feature", "properties": { "OID": "-1", "X": "220041.78770000022", "Y": "628696.3476999998", "ENTRC_EXIT": "", "ACSBL_ENTR": "", "ENTRC_TYPE": "", "NOTES": "", "LINE": "תכלת_ורוד", "TYPE": "עילית", "STATUS": "מתוכננת", "YEARMONTH": "202409.0", "COMP": "צתאל", "MTR_AREA": "מטרופולין ירושלים", "STAT_NAME": "הפרסה", "ENTRC_LBL": "" }, "geometry": { "type": "Point", "coordinates": [ 35.21062, 31.7509 ] } },
{ "type": "Feature", "properties": { "OID": "-1", "X": "218940.36209999956", "Y": "628862.9739999995", "ENTRC_EXIT": "", "ACSBL_ENTR": "", "ENTRC_TYPE": "", "NOTES": "", "LINE": "ירוק_תכלת_סגול_ירוק מקוקו", "TYPE": "עילית", "STATUS": "מתוכננת", "YEARMONTH": "202409.0", "COMP": "צתאל", "MTR_AREA": "מטרופולין ירושלים", "STAT_NAME": "גוננים", "ENTRC_LBL": "" }, "geometry": { "type": "Point", "coordinates": [ 35.199, 31.7524 ] } },
{ "type": "Feature", "properties": { "OID": "-1", "X": "220366.21079999954", "Y": "628898.5752000008", "ENTRC_EXIT": "", "ACSBL_ENTR": "", "ENTRC_TYPE": "", "NOTES": "", "LINE": "תכלת_סגול", "TYPE": "עילית", "STATUS": "מתוכננת", "YEARMONTH": "202409.0", "COMP": "צתאל", "MTR_AREA": "מטרופולין ירושלים", "STAT_NAME": "פייר קניג", "ENTRC_LBL": "" }, "geometry": { "type": "Point", "coordinates": [ 35.21404, 31.75272 ] } },
{ "type": "Feature", "properties": { "OID": "-1", "X": "218858.57689999975", "Y": "629300.2407000009", "ENTRC_EXIT": "", "ACSBL_ENTR": "", "ENTRC_TYPE": "", "NOTES": "", "LINE": "ירוק_ורוד_ירוק מקוקו", "TYPE": "עילית", "STATUS": "מתוכננת", "YEARMONTH": "202409.0", "COMP": "צתאל", "MTR_AREA": "מטרופולין ירושלים", "STAT_NAME": "צומת פת", "ENTRC_LBL": "" }, "geometry": { "type": "Point", "coordinates": [ 35.19813, 31.75634 ] } },
{ "type": "Feature", "properties": { "OID": "-1", "X": "220477.35580000002", "Y": "629534.1063999999", "ENTRC_EXIT": "", "ACSBL_ENTR": "", "ENTRC_TYPE": "", "NOTES": "", "LINE": "תכלת_סגול", "TYPE": "עילית", "STATUS": "מתוכננת", "YEARMONTH": "202409.0", "COMP": "צתאל", "MTR_AREA": "מטרופולין ירושלים", "STAT_NAME": "אורנים", "ENTRC_LBL": "" }, "geometry": { "type": "Point", "coordinates": [ 35.21522, 31.75845 ] } },
{ "type": "Feature", "properties": { "OID": "-1", "X": "219026.69180000015", "Y": "629837.9444999993", "ENTRC_EXIT": "", "ACSBL_ENTR": "", "ENTRC_TYPE": "", "NOTES": "", "LINE": "ירוק_ורוד_ירוק מקוקו", "TYPE": "עילית", "STATUS": "מתוכננת", "YEARMONTH": "202409.0", "COMP": "צתאל", "MTR_AREA": "מטרופולין ירושלים", "STAT_NAME": "גבעת מרדכי", "ENTRC_LBL": "" }, "geometry": { "type": "Point", "coordinates": [ 35.19991, 31.76119 ] } },
{ "type": "Feature", "properties": { "OID": "-1", "X": "218707.22080000024", "Y": "630461.1340999994", "ENTRC_EXIT": "", "ACSBL_ENTR": "", "ENTRC_TYPE": "", "NOTES": "", "LINE": "ירוק_ורוד_ירוק מקוקו", "TYPE": "עילית", "STATUS": "מתוכננת", "YEARMONTH": "202409.0", "COMP": "צתאל", "MTR_AREA": "מטרופולין ירושלים", "STAT_NAME": "בצלאל בזק", "ENTRC_LBL": "" }, "geometry": { "type": "Point", "coordinates": [ 35.19653, 31.76681 ] } },
{ "type": "Feature", "properties": { "OID": "-1", "X": "218667.86519999988", "Y": "631060.4159999993", "ENTRC_EXIT": "", "ACSBL_ENTR": "", "ENTRC_TYPE": "", "NOTES": "", "LINE": "ירוק_ורוד_ירוק מקוקו", "TYPE": "עילית", "STATUS": "מתוכננת", "YEARMONTH": "202409.0", "COMP": "צתאל", "MTR_AREA": "מטרופולין ירושלים", "STAT_NAME": "פארק העברית", "ENTRC_LBL": "" }, "geometry": { "type": "Point", "coordinates": [ 35.19612, 31.77222 ] } },
{ "type": "Feature", "properties": { "OID": "-1", "X": "218592.90830000024", "Y": "631622.2123000007", "ENTRC_EXIT": "", "ACSBL_ENTR": "", "ENTRC_TYPE": "", "NOTES": "", "LINE": "ירוק_ורוד_ירוק מקוקו", "TYPE": "עילית", "STATUS": "מתוכננת", "YEARMONTH": "202409.0", "COMP": "צתאל", "MTR_AREA": "מטרופולין ירושלים", "STAT_NAME": "קריית האוניברסיטה ספרא", "ENTRC_LBL": "" }, "geometry": { "type": "Point", "coordinates": [ 35.19533, 31.77728 ] } },
{ "type": "Feature", "properties": { "OID": "-1", "X": "218828.52890000027", "Y": "632000.2937000003", "ENTRC_EXIT": "", "ACSBL_ENTR": "", "ENTRC_TYPE": "", "NOTES": "", "LINE": "ירוק_ורוד_ירוק מקוקו", "TYPE": "עילית", "STATUS": "מתוכננת", "YEARMONTH": "202409.0", "COMP": "צתאל", "MTR_AREA": "מטרופולין ירושלים", "STAT_NAME": "גבעת רם", "ENTRC_LBL": "" }, "geometry": { "type": "Point", "coordinates": [ 35.19781, 31.78069 ] } },
{ "type": "Feature", "properties": { "OID": "-1", "X": "219097.94099999964", "Y": "632458.8069000002", "ENTRC_EXIT": "", "ACSBL_ENTR": "", "ENTRC_TYPE": "", "NOTES": "", "LINE": "ירוק_ורוד_צהוב_ירוק מקוקו", "TYPE": "עילית", "STATUS": "מתוכננת", "YEARMONTH": "202409.0", "COMP": "צתאל", "MTR_AREA": "מטרופולין ירושלים", "STAT_NAME": "קריית הממשלה", "ENTRC_LBL": "" }, "geometry": { "type": "Point", "coordinates": [ 35.20066, 31.78483 ] } },
{ "type": "Feature", "properties": { "OID": "-1", "X": "219368.00850000046", "Y": "632791.7752999999", "ENTRC_EXIT": "", "ACSBL_ENTR": "", "ENTRC_TYPE": "", "NOTES": "", "LINE": "ירוק_ירוק בהיר_ירוק מקוקו", "TYPE": "עילית", "STATUS": "מתוכננת", "YEARMONTH": "202409.0", "COMP": "צתאל", "MTR_AREA": "מטרופולין ירושלים", "STAT_NAME": "בנייני האומה", "ENTRC_LBL": "" }, "geometry": { "type": "Point", "coordinates": [ 35.20351, 31.78783 ] } },
{ "type": "Feature", "properties": { "OID": "-1", "X": "219701.6886", "Y": "633028.2309000008", "ENTRC_EXIT": "", "ACSBL_ENTR": "", "ENTRC_TYPE": "", "NOTES": "", "LINE": "ירוק_ירוק בהיר", "TYPE": "עילית", "STATUS": "מתוכננת", "YEARMONTH": "202409.0", "COMP": "צתאל", "MTR_AREA": "מטרופולין ירושלים", "STAT_NAME": "שרי ישראל", "ENTRC_LBL": "" }, "geometry": { "type": "Point", "coordinates": [ 35.20703, 31.78996 ] } },
{ "type": "Feature", "properties": { "OID": "-1", "X": "219938.06020000018", "Y": "633302.2345000003", "ENTRC_EXIT": "", "ACSBL_ENTR": "", "ENTRC_TYPE": "", "NOTES": "", "LINE": "ירוק_ירוק בהיר", "TYPE": "עילית", "STATUS": "מתוכננת", "YEARMONTH": "202409.0", "COMP": "צתאל", "MTR_AREA": "מטרופולין ירושלים", "STAT_NAME": "שמגר", "ENTRC_LBL": "" }, "geometry": { "type": "Point", "coordinates": [ 35.20953, 31.79243 ] } },
{ "type": "Feature", "properties": { "OID": "-1", "X": "220331.36390000023", "Y": "633362.7130999994", "ENTRC_EXIT": "", "ACSBL_ENTR": "", "ENTRC_TYPE": "", "NOTES": "", "LINE": "ירוק_ירוק בהיר", "TYPE": "עילית", "STATUS": "מתוכננת", "YEARMONTH": "202409.0", "COMP": "צתאל", "MTR_AREA": "מטרופולין ירושלים", "STAT_NAME": "ירמיהו", "ENTRC_LBL": "" }, "geometry": { "type": "Point", "coordinates": [ 35.21368, 31.79298 ] } },
{ "type": "Feature", "properties": { "OID": "-1", "X": "220844.46079999954", "Y": "633623.7265000008", "ENTRC_EXIT": "", "ACSBL_ENTR": "", "ENTRC_TYPE": "", "NOTES": "", "LINE": "ירוק_ירוק בהיר", "TYPE": "עילית", "STATUS": "מתוכננת", "YEARMONTH": "202409.0", "COMP": "צתאל", "MTR_AREA": "מטרופולין ירושלים", "STAT_NAME": "צומת מרן הרב עובדיה יוסף", "ENTRC_LBL": "" }, "geometry": { "type": "Point", "coordinates": [ 35.2191, 31.79533 ] } },
{ "type": "Feature", "properties": { "OID": "-1", "X": "221178.89470000006", "Y": "633858.7294999994", "ENTRC_EXIT": "", "ACSBL_ENTR": "", "ENTRC_TYPE": "", "NOTES": "", "LINE": "ירוק_ירוק בהיר", "TYPE": "עילית", "STATUS": "מתוכננת", "YEARMONTH": "202409.0", "COMP": "צתאל", "MTR_AREA": "מטרופולין ירושלים", "STAT_NAME": "שדרות אשכול", "ENTRC_LBL": "" }, "geometry": { "type": "Point", "coordinates": [ 35.22263, 31.79745 ] } },
{ "type": "Feature", "properties": { "OID": "-1", "X": "221785.86209999956", "Y": "633889.3466999996", "ENTRC_EXIT": "", "ACSBL_ENTR": "", "ENTRC_TYPE": "", "NOTES": "", "LINE": "ירוק_ירוק בהיר_תכלת", "TYPE": "עילית", "STATUS": "מתוכננת", "YEARMONTH": "202409.0", "COMP": "צתאל", "MTR_AREA": "מטרופולין ירושלים", "STAT_NAME": "זלמן שרגאי", "ENTRC_LBL": "" }, "geometry": { "type": "Point", "coordinates": [ 35.22904, 31.79773 ] } },
{ "type": "Feature", "properties": { "OID": "-1", "X": "221427.10709999967", "Y": "633666.8423999995", "ENTRC_EXIT": "", "ACSBL_ENTR": "", "ENTRC_TYPE": "", "NOTES": "", "LINE": "תכלת", "TYPE": "עילית", "STATUS": "מתוכננת", "YEARMONTH": "202409.0", "COMP": "צתאל", "MTR_AREA": "מטרופולין ירושלים", "STAT_NAME": "קרל נטר", "ENTRC_LBL": "" }, "geometry": { "type": "Point", "coordinates": [ 35.22525, 31.79572 ] } },
{ "type": "Feature", "properties": { "OID": "-1", "X": "222680.99010000005", "Y": "634247.2956000008", "ENTRC_EXIT": "", "ACSBL_ENTR": "", "ENTRC_TYPE": "", "NOTES": "", "LINE": "ירוק_תכלת", "TYPE": "עילית", "STATUS": "מתוכננת", "YEARMONTH": "202409.0", "COMP": "צתאל", "MTR_AREA": "מטרופולין ירושלים", "STAT_NAME": "הגבעה הצרפתית", "ENTRC_LBL": "" }, "geometry": { "type": "Point", "coordinates": [ 35.23849, 31.80095 ] } },
{ "type": "Feature", "properties": { "OID": "-1", "X": "219404.6339999996", "Y": "626584.0768999998", "ENTRC_EXIT": "", "ACSBL_ENTR": "", "ENTRC_TYPE": "", "NOTES": "", "LINE": "כחול", "TYPE": "עילית", "STATUS": "מתוכננת", "YEARMONTH": "202409.0", "COMP": "צתאל", "MTR_AREA": "מטרופולין ירושלים", "STAT_NAME": "בית צפאפא", "ENTRC_LBL": "" }, "geometry": { "type": "Point", "coordinates": [ 35.2039, 31.73185 ] } },
{ "type": "Feature", "properties": { "OID": "-1", "X": "219070.8509999998", "Y": "626637.4290999994", "ENTRC_EXIT": "", "ACSBL_ENTR": "", "ENTRC_TYPE": "", "NOTES": "", "LINE": "כחול", "TYPE": "עילית", "STATUS": "מתוכננת", "YEARMONTH": "202409.0", "COMP": "צתאל", "MTR_AREA": "מטרופולין ירושלים", "STAT_NAME": "המור", "ENTRC_LBL": "" }, "geometry": { "type": "Point", "coordinates": [ 35.20037, 31.73233 ] } },
{ "type": "Feature", "properties": { "OID": "-1", "X": "218646.2402999997", "Y": "626692.0688000005", "ENTRC_EXIT": "", "ACSBL_ENTR": "", "ENTRC_TYPE": "", "NOTES": "", "LINE": "כחול", "TYPE": "עילית", "STATUS": "מתוכננת", "YEARMONTH": "202409.0", "COMP": "צתאל", "MTR_AREA": "מטרופולין ירושלים", "STAT_NAME": "דב יוסף (כחול)", "ENTRC_LBL": "" }, "geometry": { "type": "Point", "coordinates": [ 35.19589, 31.73282 ] } },
{ "type": "Feature", "properties": { "OID": "-1", "X": "220094.23209999967", "Y": "627204.4842000008", "ENTRC_EXIT": "", "ACSBL_ENTR": "", "ENTRC_TYPE": "", "NOTES": "", "LINE": "כחול_סגול", "TYPE": "עילית", "STATUS": "מתוכננת", "YEARMONTH": "202409.0", "COMP": "צתאל", "MTR_AREA": "מטרופולין ירושלים", "STAT_NAME": "שמואל מאיר", "ENTRC_LBL": "" }, "geometry": { "type": "Point", "coordinates": [ 35.21117, 31.73744 ] } },
{ "type": "Feature", "properties": { "OID": "-1", "X": "220278.65899999999", "Y": "627548.7441000007", "ENTRC_EXIT": "", "ACSBL_ENTR": "", "ENTRC_TYPE": "", "NOTES": "", "LINE": "כחול_סגול", "TYPE": "עילית", "STATUS": "מתוכננת", "YEARMONTH": "202409.0", "COMP": "צתאל", "MTR_AREA": "מטרופולין ירושלים", "STAT_NAME": "גבעת המטוס", "ENTRC_LBL": "" }, "geometry": { "type": "Point", "coordinates": [ 35.21312, 31.74055 ] } },
{ "type": "Feature", "properties": { "OID": "-1", "X": "220609.99519999977", "Y": "628087.1967999991", "ENTRC_EXIT": "", "ACSBL_ENTR": "", "ENTRC_TYPE": "", "NOTES": "", "LINE": "כחול_סגול_ורוד", "TYPE": "עילית", "STATUS": "מתוכננת", "YEARMONTH": "202409.0", "COMP": "צתאל", "MTR_AREA": "מטרופולין ירושלים", "STAT_NAME": "ברעם", "ENTRC_LBL": "" }, "geometry": { "type": "Point", "coordinates": [ 35.21662, 31.7454 ] } },
{ "type": "Feature", "properties": { "OID": "-1", "X": "217875.10580000002", "Y": "628456.7043999992", "ENTRC_EXIT": "", "ACSBL_ENTR": "", "ENTRC_TYPE": "", "NOTES": "", "LINE": "תכלת_ירוק מקוקו", "TYPE": "עילית", "STATUS": "מתוכננת", "YEARMONTH": "202409.0", "COMP": "צתאל", "MTR_AREA": "מטרופולין ירושלים", "STAT_NAME": "יצחק מודעי", "ENTRC_LBL": "" }, "geometry": { "type": "Point", "coordinates": [ 35.18775, 31.74873 ] } },
{ "type": "Feature", "properties": { "OID": "-1", "X": "217649.97690000013", "Y": "628517.6118000001", "ENTRC_EXIT": "", "ACSBL_ENTR": "", "ENTRC_TYPE": "", "NOTES": "", "LINE": "תכלת_ירוק מקוקו", "TYPE": "עילית", "STATUS": "מתוכננת", "YEARMONTH": "202409.0", "COMP": "צתאל", "MTR_AREA": "מטרופולין ירושלים", "STAT_NAME": "מנחת (מלחה)", "ENTRC_LBL": "" }, "geometry": { "type": "Point", "coordinates": [ 35.18538, 31.74928 ] } },
{ "type": "Feature", "properties": { "OID": "-1", "X": "220842.96030000038", "Y": "628657.5157999992", "ENTRC_EXIT": "", "ACSBL_ENTR": "", "ENTRC_TYPE": "", "NOTES": "", "LINE": "כחול", "TYPE": "עילית", "STATUS": "מתוכננת", "YEARMONTH": "202409.0", "COMP": "צתאל", "MTR_AREA": "מטרופולין ירושלים", "STAT_NAME": "התנופה", "ENTRC_LBL": "" }, "geometry": { "type": "Point", "coordinates": [ 35.21908, 31.75055 ] } },
{ "type": "Feature", "properties": { "OID": "-1", "X": "219279.2410000004", "Y": "628737.6193000004", "ENTRC_EXIT": "", "ACSBL_ENTR": "", "ENTRC_TYPE": "", "NOTES": "", "LINE": "תכלת_ורוד", "TYPE": "עילית", "STATUS": "מתוכננת", "YEARMONTH": "202409.0", "COMP": "צתאל", "MTR_AREA": "מטרופולין ירושלים", "STAT_NAME": "פת", "ENTRC_LBL": "" }, "geometry": { "type": "Point", "coordinates": [ 35.20257, 31.75127 ] } },
{ "type": "Feature", "properties": { "OID": "-1", "X": "218340.03419999965", "Y": "628809.8120000008", "ENTRC_EXIT": "", "ACSBL_ENTR": "", "ENTRC_TYPE": "", "NOTES": "", "LINE": "תכלת_סגול_ירוק מקוקו", "TYPE": "עילית", "STATUS": "מתוכננת", "YEARMONTH": "202409.0", "COMP": "צתאל", "MTR_AREA": "מטרופולין ירושלים", "STAT_NAME": "קריית הספורט מלחה (מנחת)", "ENTRC_LBL": "" }, "geometry": { "type": "Point", "coordinates": [ 35.19266, 31.75192 ] } },
{ "type": "Feature", "properties": { "OID": "-1", "X": "219743.78589999955", "Y": "628858.3081", "ENTRC_EXIT": "", "ACSBL_ENTR": "", "ENTRC_TYPE": "", "NOTES": "", "LINE": "תכלת_ורוד", "TYPE": "עילית", "STATUS": "מתוכננת", "YEARMONTH": "202409.0", "COMP": "צתאל", "MTR_AREA": "מטרופולין ירושלים", "STAT_NAME": "תלפיות", "ENTRC_LBL": "" }, "geometry": { "type": "Point", "coordinates": [ 35.20747, 31.75236 ] } },
{ "type": "Feature", "properties": { "OID": "-1", "X": "217902.9480999997", "Y": "628912.5212999992", "ENTRC_EXIT": "", "ACSBL_ENTR": "", "ENTRC_TYPE": "", "NOTES": "", "LINE": "תכלת_סגול_ירוק מקוקו", "TYPE": "עילית", "STATUS": "מתוכננת", "YEARMONTH": "202409.0", "COMP": "צתאל", "MTR_AREA": "מטרופולין ירושלים", "STAT_NAME": "האייל", "ENTRC_LBL": "" }, "geometry": { "type": "Point", "coordinates": [ 35.18805, 31.75285 ] } },
{ "type": "Feature", "properties": { "OID": "-1", "X": "221011.40660000034", "Y": "629094.6947000008", "ENTRC_EXIT": "", "ACSBL_ENTR": "", "ENTRC_TYPE": "", "NOTES": "", "LINE": "כחול", "TYPE": "עילית", "STATUS": "מתוכננת", "YEARMONTH": "202409.0", "COMP": "צתאל", "MTR_AREA": "מטרופולין ירושלים", "STAT_NAME": "עין גדי", "ENTRC_LBL": "" }, "geometry": { "type": "Point", "coordinates": [ 35.22085, 31.75449 ] } },
{ "type": "Feature", "properties": { "OID": "-1", "X": "221215.67119999975", "Y": "629510.9284000006", "ENTRC_EXIT": "", "ACSBL_ENTR": "", "ENTRC_TYPE": "", "NOTES": "", "LINE": "כחול", "TYPE": "עילית", "STATUS": "מתוכננת", "YEARMONTH": "202409.0", "COMP": "צתאל", "MTR_AREA": "מטרופולין ירושלים", "STAT_NAME": "אסתר המלכה", "ENTRC_LBL": "" }, "geometry": { "type": "Point", "coordinates": [ 35.22301, 31.75824 ] } },
{ "type": "Feature", "properties": { "OID": "-1", "X": "221365.66640000045", "Y": "629862.1977999993", "ENTRC_EXIT": "", "ACSBL_ENTR": "", "ENTRC_TYPE": "", "NOTES": "", "LINE": "כחול", "TYPE": "עילית", "STATUS": "מתוכננת", "YEARMONTH": "202409.0", "COMP": "צתאל", "MTR_AREA": "מטרופולין ירושלים", "STAT_NAME": "דרך חברון", "ENTRC_LBL": "" }, "geometry": { "type": "Point", "coordinates": [ 35.22459, 31.76141 ] } },
{ "type": "Feature", "properties": { "OID": "-1", "X": "220904.64059999958", "Y": "630122.3926999997", "ENTRC_EXIT": "", "ACSBL_ENTR": "", "ENTRC_TYPE": "", "NOTES": "", "LINE": "תכלת", "TYPE": "עילית", "STATUS": "מתוכננת", "YEARMONTH": "202409.0", "COMP": "צתאל", "MTR_AREA": "מטרופולין ירושלים", "STAT_NAME": "רחל אמנו", "ENTRC_LBL": "" }, "geometry": { "type": "Point", "coordinates": [ 35.21973, 31.76376 ] } },
{ "type": "Feature", "properties": { "OID": "-1", "X": "221324.78129999992", "Y": "630656.0848999992", "ENTRC_EXIT": "", "ACSBL_ENTR": "", "ENTRC_TYPE": "", "NOTES": "", "LINE": "כחול_תכלת", "TYPE": "עילית", "STATUS": "מתוכננת", "YEARMONTH": "202409.0", "COMP": "צתאל", "MTR_AREA": "מטרופולין ירושלים", "STAT_NAME": "החאן", "ENTRC_LBL": "" }, "geometry": { "type": "Point", "coordinates": [ 35.22416, 31.76857 ] } },
{ "type": "Feature", "properties": { "OID": "-1", "X": "221026.05759999994", "Y": "631105.6182000004", "ENTRC_EXIT": "", "ACSBL_ENTR": "", "ENTRC_TYPE": "", "NOTES": "", "LINE": "כחול_תכלת", "TYPE": "עילית", "STATUS": "מתוכננת", "YEARMONTH": "202409.0", "COMP": "צתאל", "MTR_AREA": "מטרופולין ירושלים", "STAT_NAME": "כיכר פלומר", "ENTRC_LBL": "" }, "geometry": { "type": "Point", "coordinates": [ 35.22101, 31.77262 ] } },
{ "type": "Feature", "properties": { "OID": "-1", "X": "220678.84310000017", "Y": "631464.7733999994", "ENTRC_EXIT": "", "ACSBL_ENTR": "", "ENTRC_TYPE": "", "NOTES": "", "LINE": "כחול_תכלת", "TYPE": "עילית", "STATUS": "מתוכננת", "YEARMONTH": "202409.0", "COMP": "צתאל", "MTR_AREA": "מטרופולין ירושלים", "STAT_NAME": "כיכר צרפת", "ENTRC_LBL": "" }, "geometry": { "type": "Point", "coordinates": [ 35.21735, 31.77586 ] } },
{ "type": "Feature", "properties": { "OID": "-1", "X": "220534.1308000004", "Y": "631786.0481000002", "ENTRC_EXIT": "", "ACSBL_ENTR": "", "ENTRC_TYPE": "", "NOTES": "", "LINE": "כחול_תכלת", "TYPE": "עילית", "STATUS": "מתוכננת", "YEARMONTH": "202409.0", "COMP": "צתאל", "MTR_AREA": "מטרופולין ירושלים", "STAT_NAME": "שמואל הנגיד", "ENTRC_LBL": "" }, "geometry": { "type": "Point", "coordinates": [ 35.21582, 31.77876 ] } },
{ "type": "Feature", "properties": { "OID": "-1", "X": "220661.15610000025", "Y": "632190.1368000004", "ENTRC_EXIT": "", "ACSBL_ENTR": "", "ENTRC_TYPE": "", "NOTES": "", "LINE": "כחול_תכלת", "TYPE": "עילית", "STATUS": "מתוכננת", "YEARMONTH": "202409.0", "COMP": "צתאל", "MTR_AREA": "מטרופולין ירושלים", "STAT_NAME": "יפו מרכז", "ENTRC_LBL": "" }, "geometry": { "type": "Point", "coordinates": [ 35.21716, 31.7824 ] } },
{ "type": "Feature", "properties": { "OID": "-1", "X": "219827.34619999956", "Y": "634166.8661000002", "ENTRC_EXIT": "", "ACSBL_ENTR": "", "ENTRC_TYPE": "", "NOTES": "", "LINE": "כחול", "TYPE": "עילית", "STATUS": "מתוכננת", "YEARMONTH": "202409.0", "COMP": "צתאל", "MTR_AREA": "מטרופולין ירושלים", "STAT_NAME": "הר חוצבים", "ENTRC_LBL": "" }, "geometry": { "type": "Point", "coordinates": [ 35.20836, 31.80023 ] } },
{ "type": "Feature", "properties": { "OID": "-1", "X": "220253.44519999996", "Y": "634130.6611000001", "ENTRC_EXIT": "", "ACSBL_ENTR": "", "ENTRC_TYPE": "", "NOTES": "", "LINE": "כחול", "TYPE": "עילית", "STATUS": "מתוכננת", "YEARMONTH": "202409.0", "COMP": "צתאל", "MTR_AREA": "מטרופולין ירושלים", "STAT_NAME": "הרטום", "ENTRC_LBL": "" }, "geometry": { "type": "Point", "coordinates": [ 35.21286, 31.79991 ] } },
{ "type": "Feature", "properties": { "OID": "-1", "X": "219411.7977", "Y": "635004.6508000009", "ENTRC_EXIT": "", "ACSBL_ENTR": "", "ENTRC_TYPE": "", "NOTES": "", "LINE": "כחול", "TYPE": "עילית", "STATUS": "מתוכננת", "YEARMONTH": "202409.0", "COMP": "צתאל", "MTR_AREA": "מטרופולין ירושלים", "STAT_NAME": "יגאל ידין", "ENTRC_LBL": "" }, "geometry": { "type": "Point", "coordinates": [ 35.20397, 31.80779 ] } },
{ "type": "Feature", "properties": { "OID": "-1", "X": "218978.14890000038", "Y": "635536.7412999999", "ENTRC_EXIT": "", "ACSBL_ENTR": "", "ENTRC_TYPE": "", "NOTES": "", "LINE": "כחול", "TYPE": "עילית", "STATUS": "מתוכננת", "YEARMONTH": "202409.0", "COMP": "צתאל", "MTR_AREA": "מטרופולין ירושלים", "STAT_NAME": "טרומן", "ENTRC_LBL": "" }, "geometry": { "type": "Point", "coordinates": [ 35.19939, 31.81259 ] } },
{ "type": "Feature", "properties": { "OID": "-1", "X": "218525.57139999978", "Y": "636178.8370999992", "ENTRC_EXIT": "", "ACSBL_ENTR": "", "ENTRC_TYPE": "", "NOTES": "", "LINE": "כחול", "TYPE": "עילית", "STATUS": "מתוכננת", "YEARMONTH": "202409.0", "COMP": "צתאל", "MTR_AREA": "מטרופולין ירושלים", "STAT_NAME": "רמות מרכז", "ENTRC_LBL": "" }, "geometry": { "type": "Point", "coordinates": [ 35.19461, 31.81838 ] } },
{ "type": "Feature", "properties": { "OID": "-1", "X": "217993.16089999955", "Y": "636813.2111000009", "ENTRC_EXIT": "", "ACSBL_ENTR": "", "ENTRC_TYPE": "", "NOTES": "", "LINE": "כחול", "TYPE": "עילית", "STATUS": "מתוכננת", "YEARMONTH": "202409.0", "COMP": "צתאל", "MTR_AREA": "מטרופולין ירושלים", "STAT_NAME": "רמות אינטרמודל", "ENTRC_LBL": "" }, "geometry": { "type": "Point", "coordinates": [ 35.18899, 31.8241 ] } },
{ "type": "Feature", "properties": { "OID": "-1", "X": "220806.83139999956", "Y": "632730.2013000008", "ENTRC_EXIT": "", "ACSBL_ENTR": "", "ENTRC_TYPE": "", "NOTES": "", "LINE": "כחול_תכלת", "TYPE": "תחתית", "STATUS": "מתוכננת", "YEARMONTH": "202409.0", "COMP": "צתאל", "MTR_AREA": "מטרופולין ירושלים", "STAT_NAME": "מאה שערים", "ENTRC_LBL": "" }, "geometry": { "type": "Point", "coordinates": [ 35.2187, 31.78727 ] } },
{ "type": "Feature", "properties": { "OID": "-1", "X": "221009.7781999996", "Y": "633302.6505999994", "ENTRC_EXIT": "", "ACSBL_ENTR": "", "ENTRC_TYPE": "", "NOTES": "", "LINE": "כחול_תכלת", "TYPE": "תחתית", "STATUS": "מתוכננת", "YEARMONTH": "202409.0", "COMP": "צתאל", "MTR_AREA": "מטרופולין ירושלים", "STAT_NAME": "צפניה", "ENTRC_LBL": "" }, "geometry": { "type": "Point", "coordinates": [ 35.22084, 31.79244 ] } },
{ "type": "Feature", "properties": { "OID": "-1", "X": "220905.10140000004", "Y": "633679.6936000008", "ENTRC_EXIT": "", "ACSBL_ENTR": "", "ENTRC_TYPE": "", "NOTES": "", "LINE": "כחול", "TYPE": "תחתית", "STATUS": "מתוכננת", "YEARMONTH": "202409.0", "COMP": "צתאל", "MTR_AREA": "מטרופולין ירושלים", "STAT_NAME": "בר אילן", "ENTRC_LBL": "" }, "geometry": { "type": "Point", "coordinates": [ 35.21974, 31.79584 ] } },
{ "type": "Feature", "properties": { "OID": "-1", "X": "217268.50960000046", "Y": "632730.9842000008", "ENTRC_EXIT": "", "ACSBL_ENTR": "", "ENTRC_TYPE": "", "NOTES": "", "LINE": "ירוק בהיר_ורוד", "TYPE": "עילית", "STATUS": "מתוכננת", "YEARMONTH": "202409.0", "COMP": "צתאל", "MTR_AREA": "מטרופולין ירושלים", "STAT_NAME": "הר נוף", "ENTRC_LBL": "" }, "geometry": { "type": "Point", "coordinates": [ 35.18134, 31.78728 ] } },
{ "type": "Feature", "properties": { "OID": "-1", "X": "217620.30030000024", "Y": "632770.0366999991", "ENTRC_EXIT": "", "ACSBL_ENTR": "", "ENTRC_TYPE": "", "NOTES": "", "LINE": "ירוק בהיר_ורוד", "TYPE": "עילית", "STATUS": "מתוכננת", "YEARMONTH": "202409.0", "COMP": "צתאל", "MTR_AREA": "מטרופולין ירושלים", "STAT_NAME": "כנפי נשרים - מרכז", "ENTRC_LBL": "" }, "geometry": { "type": "Point", "coordinates": [ 35.18506, 31.78763 ] } },
{ "type": "Feature", "properties": { "OID": "-1", "X": "217986.69600000046", "Y": "632766.3855000008", "ENTRC_EXIT": "", "ACSBL_ENTR": "", "ENTRC_TYPE": "", "NOTES": "", "LINE": "ירוק בהיר_ורוד", "TYPE": "עילית", "STATUS": "מתוכננת", "YEARMONTH": "202409.0", "COMP": "צתאל", "MTR_AREA": "מטרופולין ירושלים", "STAT_NAME": "גבעת שאול", "ENTRC_LBL": "" }, "geometry": { "type": "Point", "coordinates": [ 35.18892, 31.7876 ] } },
{ "type": "Feature", "properties": { "OID": "-1", "X": "218633.19079999998", "Y": "632765.0625999998", "ENTRC_EXIT": "", "ACSBL_ENTR": "", "ENTRC_TYPE": "", "NOTES": "", "LINE": "ירוק בהיר_ורוד", "TYPE": "עילית", "STATUS": "מתוכננת", "YEARMONTH": "202409.0", "COMP": "צתאל", "MTR_AREA": "מטרופולין ירושלים", "STAT_NAME": "הרב צבי יהודה", "ENTRC_LBL": "" }, "geometry": { "type": "Point", "coordinates": [ 35.19575, 31.78759 ] } },
{ "type": "Feature", "properties": { "OID": "-1", "X": "219472.2991000004", "Y": "631283.5896000005", "ENTRC_EXIT": "", "ACSBL_ENTR": "", "ENTRC_TYPE": "", "NOTES": "", "LINE": "צהוב", "TYPE": "עילית", "STATUS": "מתוכננת", "YEARMONTH": "202409.0", "COMP": "צתאל", "MTR_AREA": "מטרופולין ירושלים", "STAT_NAME": "מוזיאון ישראל", "ENTRC_LBL": "" }, "geometry": { "type": "Point", "coordinates": [ 35.20461, 31.77423 ] } },
{ "type": "Feature", "properties": { "OID": "-1", "X": "219376.2023", "Y": "631615.6952999998", "ENTRC_EXIT": "", "ACSBL_ENTR": "", "ENTRC_TYPE": "", "NOTES": "", "LINE": "צהוב", "TYPE": "עילית", "STATUS": "מתוכננת", "YEARMONTH": "202409.0", "COMP": "צתאל", "MTR_AREA": "מטרופולין ירושלים", "STAT_NAME": "הכנסת", "ENTRC_LBL": "" }, "geometry": { "type": "Point", "coordinates": [ 35.20359, 31.77722 ] } },
{ "type": "Feature", "properties": { "OID": "-1", "X": "219213.85360000003", "Y": "632045.5910999998", "ENTRC_EXIT": "", "ACSBL_ENTR": "", "ENTRC_TYPE": "", "NOTES": "", "LINE": "צהוב", "TYPE": "עילית", "STATUS": "מתוכננת", "YEARMONTH": "202409.0", "COMP": "צתאל", "MTR_AREA": "מטרופולין ירושלים", "STAT_NAME": "בית המשפט", "ENTRC_LBL": "" }, "geometry": { "type": "Point", "coordinates": [ 35.20188, 31.7811 ] } },
{ "type": "Feature", "properties": { "OID": "-1", "X": "217285.15450000018", "Y": "630909.0808000006", "ENTRC_EXIT": "", "ACSBL_ENTR": "", "ENTRC_TYPE": "", "NOTES": "", "LINE": "אדום_אדום מקוקו", "TYPE": "עילית", "STATUS": "קיימת", "YEARMONTH": "202409.0", "COMP": "צתאל", "MTR_AREA": "מטרופולין ירושלים", "STAT_NAME": "הר הרצל", "ENTRC_LBL": "" }, "geometry": { "type": "Point", "coordinates": [ 35.18152, 31.77085 ] } },
{ "type": "Feature", "properties": { "OID": "-1", "X": "217608.29540000018", "Y": "631580.6006000005", "ENTRC_EXIT": "", "ACSBL_ENTR": "", "ENTRC_TYPE": "", "NOTES": "", "LINE": "אדום_אדום מקוקו", "TYPE": "עילית", "STATUS": "קיימת", "YEARMONTH": "202409.0", "COMP": "צתאל", "MTR_AREA": "מטרופולין ירושלים", "STAT_NAME": "יפה נוף", "ENTRC_LBL": "" }, "geometry": { "type": "Point", "coordinates": [ 35.18493, 31.77691 ] } },
{ "type": "Feature", "properties": { "OID": "-1", "X": "217926.55599999987", "Y": "631990.1863000002", "ENTRC_EXIT": "", "ACSBL_ENTR": "", "ENTRC_TYPE": "", "NOTES": "", "LINE": "אדום_אדום מקוקו", "TYPE": "עילית", "STATUS": "קיימת", "YEARMONTH": "202409.0", "COMP": "צתאל", "MTR_AREA": "מטרופולין ירושלים", "STAT_NAME": "כיכר דניה", "ENTRC_LBL": "" }, "geometry": { "type": "Point", "coordinates": [ 35.18829, 31.7806 ] } },
{ "type": "Feature", "properties": { "OID": "-1", "X": "218225.3744000001", "Y": "632232.9223999996", "ENTRC_EXIT": "", "ACSBL_ENTR": "", "ENTRC_TYPE": "", "NOTES": "", "LINE": "אדום_אדום מקוקו", "TYPE": "עילית", "STATUS": "קיימת", "YEARMONTH": "202409.0", "COMP": "צתאל", "MTR_AREA": "מטרופולין ירושלים", "STAT_NAME": "החלוץ", "ENTRC_LBL": "" }, "geometry": { "type": "Point", "coordinates": [ 35.19144, 31.78279 ] } },
{ "type": "Feature", "properties": { "OID": "-1", "X": "220473.97140000015", "Y": "632431.6272", "ENTRC_EXIT": "", "ACSBL_ENTR": "", "ENTRC_TYPE": "", "NOTES": "", "LINE": "אדום_צהוב_ירוק מקוקו", "TYPE": "עילית", "STATUS": "קיימת", "YEARMONTH": "202409.0", "COMP": "צתאל", "MTR_AREA": "מטרופולין ירושלים", "STAT_NAME": "הדווידקה", "ENTRC_LBL": "" }, "geometry": { "type": "Point", "coordinates": [ 35.21519, 31.78458 ] } },
{ "type": "Feature", "properties": { "OID": "-1", "X": "220766.08949999977", "Y": "632246.2302999999", "ENTRC_EXIT": "", "ACSBL_ENTR": "", "ENTRC_TYPE": "", "NOTES": "", "LINE": "אדום_צהוב_ירוק מקוקו", "TYPE": "עילית", "STATUS": "קיימת", "YEARMONTH": "202409.0", "COMP": "צתאל", "MTR_AREA": "מטרופולין ירושלים", "STAT_NAME": "יפו - מרכז", "ENTRC_LBL": "" }, "geometry": { "type": "Point", "coordinates": [ 35.21827, 31.78291 ] } },
{ "type": "Feature", "properties": { "OID": "-1", "X": "221306.42509999964", "Y": "631880.9309", "ENTRC_EXIT": "", "ACSBL_ENTR": "", "ENTRC_TYPE": "", "NOTES": "", "LINE": "אדום_ירוק מקוקו", "TYPE": "עילית", "STATUS": "קיימת", "YEARMONTH": "202409.0", "COMP": "צתאל", "MTR_AREA": "מטרופולין ירושלים", "STAT_NAME": "העירייה", "ENTRC_LBL": "" }, "geometry": { "type": "Point", "coordinates": [ 35.22397, 31.77962 ] } },
{ "type": "Feature", "properties": { "OID": "-1", "X": "221673.38350000046", "Y": "632192.2708999999", "ENTRC_EXIT": "", "ACSBL_ENTR": "", "ENTRC_TYPE": "", "NOTES": "", "LINE": "אדום_חום_ירוק מקוקו", "TYPE": "עילית", "STATUS": "קיימת", "YEARMONTH": "202409.0", "COMP": "צתאל", "MTR_AREA": "מטרופולין ירושלים", "STAT_NAME": "שער שכם", "ENTRC_LBL": "" }, "geometry": { "type": "Point", "coordinates": [ 35.22785, 31.78242 ] } },
{ "type": "Feature", "properties": { "OID": "-1", "X": "218858.2394000003", "Y": "632613.6542000007", "ENTRC_EXIT": "", "ACSBL_ENTR": "", "ENTRC_TYPE": "", "NOTES": "", "LINE": "אדום_אדום מקוקו", "TYPE": "עילית", "STATUS": "קיימת", "YEARMONTH": "202409.0", "COMP": "צתאל", "MTR_AREA": "מטרופולין ירושלים", "STAT_NAME": "קריית משה", "ENTRC_LBL": "" }, "geometry": { "type": "Point", "coordinates": [ 35.19813, 31.78622 ] } },
{ "type": "Feature", "properties": { "OID": "-1", "X": "219277.38910000026", "Y": "632862.3852999993", "ENTRC_EXIT": "", "ACSBL_ENTR": "", "ENTRC_TYPE": "", "NOTES": "", "LINE": "אדום_צהוב_אדום מקוקו", "TYPE": "עילית", "STATUS": "קיימת", "YEARMONTH": "202409.0", "COMP": "צתאל", "MTR_AREA": "מטרופולין ירושלים", "STAT_NAME": "התחנה המרכזית", "ENTRC_LBL": "" }, "geometry": { "type": "Point", "coordinates": [ 35.20255, 31.78847 ] } },
{ "type": "Feature", "properties": { "OID": "-1", "X": "219688.96360000037", "Y": "632791.8999000005", "ENTRC_EXIT": "", "ACSBL_ENTR": "", "ENTRC_TYPE": "", "NOTES": "", "LINE": "אדום_צהוב_אדום מקוקו_ירוק", "TYPE": "עילית", "STATUS": "קיימת", "YEARMONTH": "202409.0", "COMP": "צתאל", "MTR_AREA": "מטרופולין ירושלים", "STAT_NAME": "הטורים", "ENTRC_LBL": "" }, "geometry": { "type": "Point", "coordinates": [ 35.2069, 31.78783 ] } },
{ "type": "Feature", "properties": { "OID": "-1", "X": "220115.17669999972", "Y": "632591.4180999994", "ENTRC_EXIT": "", "ACSBL_ENTR": "", "ENTRC_TYPE": "", "NOTES": "", "LINE": "אדום_צהוב_ירוק מקוקו", "TYPE": "עילית", "STATUS": "קיימת", "YEARMONTH": "202409.0", "COMP": "צתאל", "MTR_AREA": "מטרופולין ירושלים", "STAT_NAME": "מחנה יהודה", "ENTRC_LBL": "" }, "geometry": { "type": "Point", "coordinates": [ 35.2114, 31.78602 ] } },
{ "type": "Feature", "properties": { "OID": "-1", "X": "221605.19379999954", "Y": "632620.9821000006", "ENTRC_EXIT": "", "ACSBL_ENTR": "", "ENTRC_TYPE": "", "NOTES": "", "LINE": "אדום_חום", "TYPE": "עילית", "STATUS": "קיימת", "YEARMONTH": "202409.0", "COMP": "צתאל", "MTR_AREA": "מטרופולין ירושלים", "STAT_NAME": "שבטי ישראל", "ENTRC_LBL": "" }, "geometry": { "type": "Point", "coordinates": [ 35.22713, 31.78629 ] } },
{ "type": "Feature", "properties": { "OID": "-1", "X": "221528.19359999988", "Y": "633366.9097000007", "ENTRC_EXIT": "", "ACSBL_ENTR": "", "ENTRC_TYPE": "", "NOTES": "", "LINE": "אדום_חום", "TYPE": "עילית", "STATUS": "קיימת", "YEARMONTH": "202409.0", "COMP": "צתאל", "MTR_AREA": "מטרופולין ירושלים", "STAT_NAME": "שמעון הצדיק", "ENTRC_LBL": "" }, "geometry": { "type": "Point", "coordinates": [ 35.22632, 31.79302 ] } },
{ "type": "Feature", "properties": { "OID": "-1", "X": "222068.28689999972", "Y": "634041.8655999992", "ENTRC_EXIT": "", "ACSBL_ENTR": "", "ENTRC_TYPE": "", "NOTES": "", "LINE": "אדום_ירוק בהיר_חום", "TYPE": "עילית", "STATUS": "קיימת", "YEARMONTH": "202409.0", "COMP": "צתאל", "MTR_AREA": "מטרופולין ירושלים", "STAT_NAME": "גבעת התחמושת", "ENTRC_LBL": "" }, "geometry": { "type": "Point", "coordinates": [ 35.23202, 31.7991 ] } },
{ "type": "Feature", "properties": { "OID": "-1", "X": "221854.43090000004", "Y": "635734.1978999991", "ENTRC_EXIT": "", "ACSBL_ENTR": "", "ENTRC_TYPE": "", "NOTES": "", "LINE": "אדום_ירוק בהיר_חום", "TYPE": "עילית", "STATUS": "קיימת", "YEARMONTH": "202409.0", "COMP": "צתאל", "MTR_AREA": "מטרופולין ירושלים", "STAT_NAME": "שועפאט", "ENTRC_LBL": "" }, "geometry": { "type": "Point", "coordinates": [ 35.22977, 31.81436 ] } },
{ "type": "Feature", "properties": { "OID": "-1", "X": "222136.83189999964", "Y": "635379.7361999992", "ENTRC_EXIT": "", "ACSBL_ENTR": "", "ENTRC_TYPE": "", "NOTES": "", "LINE": "אדום_ירוק בהיר_חום", "TYPE": "עילית", "STATUS": "קיימת", "YEARMONTH": "202409.0", "COMP": "צתאל", "MTR_AREA": "מטרופולין ירושלים", "STAT_NAME": "א-סהל", "ENTRC_LBL": "" }, "geometry": { "type": "Point", "coordinates": [ 35.23275, 31.81117 ] } },
{ "type": "Feature", "properties": { "OID": "-1", "X": "222277.6546", "Y": "634749.4966000002", "ENTRC_EXIT": "", "ACSBL_ENTR": "", "ENTRC_TYPE": "", "NOTES": "", "LINE": "אדום_ירוק בהיר_חום", "TYPE": "עילית", "STATUS": "קיימת", "YEARMONTH": "202409.0", "COMP": "צתאל", "MTR_AREA": "מטרופולין ירושלים", "STAT_NAME": "גבעת המבתר", "ENTRC_LBL": "" }, "geometry": { "type": "Point", "coordinates": [ 35.23424, 31.80548 ] } },
{ "type": "Feature", "properties": { "OID": "-1", "X": "221790.14120000042", "Y": "636334.4802999999", "ENTRC_EXIT": "", "ACSBL_ENTR": "", "ENTRC_TYPE": "", "NOTES": "", "LINE": "אדום_ירוק בהיר", "TYPE": "עילית", "STATUS": "קיימת", "YEARMONTH": "202409.0", "COMP": "צתאל", "MTR_AREA": "מטרופולין ירושלים", "STAT_NAME": "בית חנינא", "ENTRC_LBL": "" }, "geometry": { "type": "Point", "coordinates": [ 35.22909, 31.81978 ] } },
{ "type": "Feature", "properties": { "OID": "-1", "X": "222595.5114000002", "Y": "636770.0943", "ENTRC_EXIT": "", "ACSBL_ENTR": "", "ENTRC_TYPE": "", "NOTES": "", "LINE": "אדום_ירוק בהיר", "TYPE": "עילית", "STATUS": "קיימת", "YEARMONTH": "202409.0", "COMP": "צתאל", "MTR_AREA": "מטרופולין ירושלים", "STAT_NAME": "פסגת זאב - מרכז", "ENTRC_LBL": "" }, "geometry": { "type": "Point", "coordinates": [ 35.2376, 31.8237 ] } },
{ "type": "Feature", "properties": { "OID": "-1", "X": "222754.30229999963", "Y": "636285.716", "ENTRC_EXIT": "", "ACSBL_ENTR": "", "ENTRC_TYPE": "", "NOTES": "", "LINE": "אדום_ירוק בהיר", "TYPE": "עילית", "STATUS": "קיימת", "YEARMONTH": "202409.0", "COMP": "צתאל", "MTR_AREA": "מטרופולין ירושלים", "STAT_NAME": "יקותיאל אדם", "ENTRC_LBL": "" }, "geometry": { "type": "Point", "coordinates": [ 35.23927, 31.81934 ] } },
{ "type": "Feature", "properties": { "OID": "-1", "X": "222840.25600000005", "Y": "637035.3863999993", "ENTRC_EXIT": "", "ACSBL_ENTR": "", "ENTRC_TYPE": "", "NOTES": "", "LINE": "אדום_ירוק בהיר", "TYPE": "עילית", "STATUS": "קיימת", "YEARMONTH": "202409.0", "COMP": "צתאל", "MTR_AREA": "מטרופולין ירושלים", "STAT_NAME": "סיירת דוכיפת", "ENTRC_LBL": "" }, "geometry": { "type": "Point", "coordinates": [ 35.24018, 31.8261 ] } },
{ "type": "Feature", "properties": { "OID": "-1", "X": "222667.6785000004", "Y": "637351.8944000006", "ENTRC_EXIT": "", "ACSBL_ENTR": "", "ENTRC_TYPE": "", "NOTES": "", "LINE": "אדום_ירוק בהיר", "TYPE": "עילית", "STATUS": "קיימת", "YEARMONTH": "202409.0", "COMP": "צתאל", "MTR_AREA": "מטרופולין ירושלים", "STAT_NAME": "חיל האוויר", "ENTRC_LBL": "" }, "geometry": { "type": "Point", "coordinates": [ 35.23836, 31.82895 ] } },
{ "type": "Feature", "properties": { "OID": "-1", "X": "222273.1026999997", "Y": "638280.5572999995", "ENTRC_EXIT": "", "ACSBL_ENTR": "", "ENTRC_TYPE": "", "NOTES": "", "LINE": "אדום_ירוק בהיר", "TYPE": "עילית", "STATUS": "מתוכננת", "YEARMONTH": "202409.0", "COMP": "צתאל", "MTR_AREA": "מטרופולין ירושלים", "STAT_NAME": "מזל קשת", "ENTRC_LBL": "" }, "geometry": { "type": "Point", "coordinates": [ 35.2342, 31.83733 ] } },
{ "type": "Feature", "properties": { "OID": "-1", "X": "222321.0762", "Y": "637850.7898999993", "ENTRC_EXIT": "", "ACSBL_ENTR": "", "ENTRC_TYPE": "", "NOTES": "", "LINE": "אדום_ירוק בהיר", "TYPE": "עילית", "STATUS": "מתוכננת", "YEARMONTH": "202409.0", "COMP": "צתאל", "MTR_AREA": "מטרופולין ירושלים", "STAT_NAME": "משה דיין - צפון", "ENTRC_LBL": "" }, "geometry": { "type": "Point", "coordinates": [ 35.2347, 31.83345 ] } },
{ "type": "Feature", "properties": { "OID": "-1", "X": "222589.8108000001", "Y": "638366.8762999997", "ENTRC_EXIT": "", "ACSBL_ENTR": "", "ENTRC_TYPE": "", "NOTES": "", "LINE": "אדום_ירוק בהיר", "TYPE": "עילית", "STATUS": "מתוכננת", "YEARMONTH": "202409.0", "COMP": "צתאל", "MTR_AREA": "מטרופולין ירושלים", "STAT_NAME": "יצחק טבנקין", "ENTRC_LBL": "" }, "geometry": { "type": "Point", "coordinates": [ 35.23754, 31.8381 ] } },
{ "type": "Feature", "properties": { "OID": "-1", "X": "222844.86199999973", "Y": "638689.0426000003", "ENTRC_EXIT": "", "ACSBL_ENTR": "", "ENTRC_TYPE": "", "NOTES": "", "LINE": "אדום_ירוק בהיר", "TYPE": "עילית", "STATUS": "מתוכננת", "YEARMONTH": "202409.0", "COMP": "צתאל", "MTR_AREA": "מטרופולין ירושלים", "STAT_NAME": "נווה יעקב - צפון", "ENTRC_LBL": "" }, "geometry": { "type": "Point", "coordinates": [ 35.24024, 31.84101 ] } },
{ "type": "Feature", "properties": { "OID": "-1", "X": "216611.42239999957", "Y": "630483.8463000003", "ENTRC_EXIT": "", "ACSBL_ENTR": "", "ENTRC_TYPE": "", "NOTES": "", "LINE": "אדום_אדום מקוקו", "TYPE": "עילית", "STATUS": "מתוכננת", "YEARMONTH": "202409.0", "COMP": "צתאל", "MTR_AREA": "מטרופולין ירושלים", "STAT_NAME": "קריית היובל - מערב", "ENTRC_LBL": "" }, "geometry": { "type": "Point", "coordinates": [ 35.17441, 31.76701 ] } },
{ "type": "Feature", "properties": { "OID": "-1", "X": "216008.00050000008", "Y": "629693.7168000005", "ENTRC_EXIT": "", "ACSBL_ENTR": "", "ENTRC_TYPE": "", "NOTES": "", "LINE": "אדום_סגול_אדום מקוקו", "TYPE": "עילית", "STATUS": "מתוכננת", "YEARMONTH": "202409.0", "COMP": "צתאל", "MTR_AREA": "מטרופולין ירושלים", "STAT_NAME": "הנרייטה סאלד - מזרח", "ENTRC_LBL": "" }, "geometry": { "type": "Point", "coordinates": [ 35.16804, 31.75989 ] } },
{ "type": "Feature", "properties": { "OID": "-1", "X": "215635.75189999957", "Y": "629709.0358000007", "ENTRC_EXIT": "", "ACSBL_ENTR": "", "ENTRC_TYPE": "", "NOTES": "", "LINE": "אדום_סגול_אדום מקוקו", "TYPE": "עילית", "STATUS": "מתוכננת", "YEARMONTH": "202409.0", "COMP": "צתאל", "MTR_AREA": "מטרופולין ירושלים", "STAT_NAME": "קריית מנחם", "ENTRC_LBL": "" }, "geometry": { "type": "Point", "coordinates": [ 35.16411, 31.76002 ] } },
{ "type": "Feature", "properties": { "OID": "-1", "X": "215238.82400000002", "Y": "629378.6201000009", "ENTRC_EXIT": "", "ACSBL_ENTR": "", "ENTRC_TYPE": "", "NOTES": "", "LINE": "אדום_סגול_אדום מקוקו", "TYPE": "עילית", "STATUS": "מתוכננת", "YEARMONTH": "202409.0", "COMP": "צתאל", "MTR_AREA": "מטרופולין ירושלים", "STAT_NAME": "צומת אורה", "ENTRC_LBL": "" }, "geometry": { "type": "Point", "coordinates": [ 35.15993, 31.75704 ] } },
{ "type": "Feature", "properties": { "OID": "-1", "X": "214078.3694000002", "Y": "630241.3179000001", "ENTRC_EXIT": "", "ACSBL_ENTR": "", "ENTRC_TYPE": "", "NOTES": "", "LINE": "אדום_סגול", "TYPE": "עילית", "STATUS": "מתוכננת", "YEARMONTH": "202409.0", "COMP": "צתאל", "MTR_AREA": "מטרופולין ירושלים", "STAT_NAME": "הדסה עין כרם", "ENTRC_LBL": "" }, "geometry": { "type": "Point", "coordinates": [ 35.14767, 31.76482 ] } },
{ "type": "Feature", "properties": { "OID": "-1", "X": "216913.04750000034", "Y": "630681.5625", "ENTRC_EXIT": "", "ACSBL_ENTR": "", "ENTRC_TYPE": "", "NOTES": "", "LINE": "אדום_אדום מקוקו", "TYPE": "עילית", "STATUS": "מתוכננת", "YEARMONTH": "202409.0", "COMP": "צתאל", "MTR_AREA": "מטרופולין ירושלים", "STAT_NAME": "שמריהו לוין", "ENTRC_LBL": "" }, "geometry": { "type": "Point", "coordinates": [ 35.17759, 31.7688 ] } },
{ "type": "Feature", "properties": { "OID": "-1", "X": "216334.63609999977", "Y": "629925.1281000003", "ENTRC_EXIT": "", "ACSBL_ENTR": "", "ENTRC_TYPE": "", "NOTES": "", "LINE": "אדום_סגול_אדום מקוקו", "TYPE": "עילית", "STATUS": "מתוכננת", "YEARMONTH": "202409.0", "COMP": "צתאל", "MTR_AREA": "מטרופולין ירושלים", "STAT_NAME": "גן המפלצת", "ENTRC_LBL": "" }, "geometry": { "type": "Point", "coordinates": [ 35.17149, 31.76197 ] } },
{ "type": "Feature", "properties": { "OID": "-1", "X": "214412.11760000046", "Y": "630165.8881000001", "ENTRC_EXIT": "", "ACSBL_ENTR": "", "ENTRC_TYPE": "", "NOTES": "", "LINE": "אדום_סגול", "TYPE": "עילית", "STATUS": "מתוכננת", "YEARMONTH": "202409.0", "COMP": "צתאל", "MTR_AREA": "מטרופולין ירושלים", "STAT_NAME": "בית הספר לרפואה", "ENTRC_LBL": "" }, "geometry": { "type": "Point", "coordinates": [ 35.1512, 31.76414 ] } },
{ "type": "Feature", "properties": { "OID": "-1", "X": "216670.69020000007", "Y": "629854.4925999995", "ENTRC_EXIT": "", "ACSBL_ENTR": "", "ENTRC_TYPE": "", "NOTES": "", "LINE": "סגול", "TYPE": "עילית", "STATUS": "מתוכננת", "YEARMONTH": "202409.0", "COMP": "צתאל", "MTR_AREA": "מטרופולין ירושלים", "STAT_NAME": "חנה סנש", "ENTRC_LBL": "" }, "geometry": { "type": "Point", "coordinates": [ 35.17504, 31.76134 ] } },
{ "type": "Feature", "properties": { "OID": "-1", "X": "217283.09939999972", "Y": "629438.3395000007", "ENTRC_EXIT": "", "ACSBL_ENTR": "", "ENTRC_TYPE": "", "NOTES": "", "LINE": "סגול", "TYPE": "עילית", "STATUS": "מתוכננת", "YEARMONTH": "202409.0", "COMP": "צתאל", "MTR_AREA": "מטרופולין ירושלים", "STAT_NAME": "בוליביה", "ENTRC_LBL": "" }, "geometry": { "type": "Point", "coordinates": [ 35.1815, 31.75759 ] } },
{ "type": "Feature", "properties": { "OID": "-1", "X": "220582.94489999954", "Y": "640814.3968000002", "ENTRC_EXIT": "", "ACSBL_ENTR": "", "ENTRC_TYPE": "", "NOTES": "", "LINE": "חום", "TYPE": "עילית", "STATUS": "מתוכננת", "YEARMONTH": "202409.0", "COMP": "צתאל", "MTR_AREA": "מטרופולין ירושלים", "STAT_NAME": "עטרות דרום", "ENTRC_LBL": "" }, "geometry": { "type": "Point", "coordinates": [ 35.21635, 31.86018 ] } },
{ "type": "Feature", "properties": { "OID": "-1", "X": "221461.84949999955", "Y": "640991.4572999999", "ENTRC_EXIT": "", "ACSBL_ENTR": "", "ENTRC_TYPE": "", "NOTES": "", "LINE": "חום", "TYPE": "עילית", "STATUS": "מתוכננת", "YEARMONTH": "202409.0", "COMP": "צתאל", "MTR_AREA": "מטרופולין ירושלים", "STAT_NAME": "דרך רמאללה", "ENTRC_LBL": "" }, "geometry": { "type": "Point", "coordinates": [ 35.22563, 31.86178 ] } },
{ "type": "Feature", "properties": { "OID": "-1", "X": "220579.74179999996", "Y": "640329.1651000008", "ENTRC_EXIT": "", "ACSBL_ENTR": "", "ENTRC_TYPE": "", "NOTES": "", "LINE": "חום", "TYPE": "עילית", "STATUS": "מתוכננת", "YEARMONTH": "202409.0", "COMP": "צתאל", "MTR_AREA": "מטרופולין ירושלים", "STAT_NAME": "מפעלות", "ENTRC_LBL": "" }, "geometry": { "type": "Point", "coordinates": [ 35.21631, 31.85581 ] } },
{ "type": "Feature", "properties": { "OID": "-1", "X": "221095.99340000004", "Y": "639610.3032000009", "ENTRC_EXIT": "", "ACSBL_ENTR": "", "ENTRC_TYPE": "", "NOTES": "", "LINE": "חום", "TYPE": "עילית", "STATUS": "מתוכננת", "YEARMONTH": "202409.0", "COMP": "צתאל", "MTR_AREA": "מטרופולין ירושלים", "STAT_NAME": "מארג' אבן עמאר", "ENTRC_LBL": "" }, "geometry": { "type": "Point", "coordinates": [ 35.22176, 31.84932 ] } },
{ "type": "Feature", "properties": { "OID": "-1", "X": "221231.1180999996", "Y": "639285.3066000007", "ENTRC_EXIT": "", "ACSBL_ENTR": "", "ENTRC_TYPE": "", "NOTES": "", "LINE": "חום", "TYPE": "עילית", "STATUS": "מתוכננת", "YEARMONTH": "202409.0", "COMP": "צתאל", "MTR_AREA": "מטרופולין ירושלים", "STAT_NAME": "אל בניאס", "ENTRC_LBL": "" }, "geometry": { "type": "Point", "coordinates": [ 35.22319, 31.84639 ] } },
{ "type": "Feature", "properties": { "OID": "-1", "X": "221736.25769999996", "Y": "637421.6220999993", "ENTRC_EXIT": "", "ACSBL_ENTR": "", "ENTRC_TYPE": "", "NOTES": "", "LINE": "חום", "TYPE": "עילית", "STATUS": "מתוכננת", "YEARMONTH": "202409.0", "COMP": "צתאל", "MTR_AREA": "מטרופולין ירושלים", "STAT_NAME": "עבד אל חמיד שומאן", "ENTRC_LBL": "" }, "geometry": { "type": "Point", "coordinates": [ 35.22852, 31.82958 ] } },
{ "type": "Feature", "properties": { "OID": "-1", "X": "221677.58139999956", "Y": "636609.5491000004", "ENTRC_EXIT": "", "ACSBL_ENTR": "", "ENTRC_TYPE": "", "NOTES": "", "LINE": "חום", "TYPE": "עילית", "STATUS": "מתוכננת", "YEARMONTH": "202409.0", "COMP": "צתאל", "MTR_AREA": "מטרופולין ירושלים", "STAT_NAME": "אל סלאח", "ENTRC_LBL": "" }, "geometry": { "type": "Point", "coordinates": [ 35.2279, 31.82226 ] } },
{ "type": "Feature", "properties": { "OID": "-1", "X": "222135.81429999974", "Y": "632244.0787000004", "ENTRC_EXIT": "", "ACSBL_ENTR": "", "ENTRC_TYPE": "", "NOTES": "", "LINE": "חום", "TYPE": "עילית", "STATUS": "מתוכננת", "YEARMONTH": "202409.0", "COMP": "צתאל", "MTR_AREA": "מטרופולין ירושלים", "STAT_NAME": "שער הפרחים", "ENTRC_LBL": "" }, "geometry": { "type": "Point", "coordinates": [ 35.23273, 31.78289 ] } },
{ "type": "Feature", "properties": { "OID": "-1", "X": "222725.65380000044", "Y": "631939.2796", "ENTRC_EXIT": "", "ACSBL_ENTR": "", "ENTRC_TYPE": "", "NOTES": "", "LINE": "חום דרומי", "TYPE": "עילית", "STATUS": "מתוכננת", "YEARMONTH": "202409.0", "COMP": "צתאל", "MTR_AREA": "מטרופולין ירושלים", "STAT_NAME": "העופל", "ENTRC_LBL": "" }, "geometry": { "type": "Point", "coordinates": [ 35.23896, 31.78014 ] } },
{ "type": "Feature", "properties": { "OID": "-1", "X": "222861.01460000034", "Y": "631446.1467000004", "ENTRC_EXIT": "", "ACSBL_ENTR": "", "ENTRC_TYPE": "", "NOTES": "", "LINE": "חום דרומי", "TYPE": "עילית", "STATUS": "מתוכננת", "YEARMONTH": "202409.0", "COMP": "צתאל", "MTR_AREA": "מטרופולין ירושלים", "STAT_NAME": "יריחו", "ENTRC_LBL": "" }, "geometry": { "type": "Point", "coordinates": [ 35.24038, 31.77569 ] } },
{ "type": "Feature", "properties": { "OID": "-1", "X": "222932.07820000034", "Y": "631028.6709000003", "ENTRC_EXIT": "", "ACSBL_ENTR": "", "ENTRC_TYPE": "", "NOTES": "", "LINE": "חום דרומי", "TYPE": "עילית", "STATUS": "מתוכננת", "YEARMONTH": "202409.0", "COMP": "צתאל", "MTR_AREA": "מטרופולין ירושלים", "STAT_NAME": "ראס אל עמוד", "ENTRC_LBL": "" }, "geometry": { "type": "Point", "coordinates": [ 35.24113, 31.77193 ] } },
{ "type": "Feature", "properties": { "OID": "-1", "X": "223235.13430000003", "Y": "630802.1187999994", "ENTRC_EXIT": "", "ACSBL_ENTR": "", "ENTRC_TYPE": "", "NOTES": "", "LINE": "חום דרומי", "TYPE": "עילית", "STATUS": "מתוכננת", "YEARMONTH": "202409.0", "COMP": "צתאל", "MTR_AREA": "מטרופולין ירושלים", "STAT_NAME": "אסאלחין", "ENTRC_LBL": "" }, "geometry": { "type": "Point", "coordinates": [ 35.24433, 31.76988 ] } },
{ "type": "Feature", "properties": { "OID": "-1", "X": "223503.19959999993", "Y": "630333.9811000004", "ENTRC_EXIT": "", "ACSBL_ENTR": "", "ENTRC_TYPE": "", "NOTES": "", "LINE": "חום דרומי", "TYPE": "עילית", "STATUS": "מתוכננת", "YEARMONTH": "202409.0", "COMP": "צתאל", "MTR_AREA": "מטרופולין ירושלים", "STAT_NAME": "וואדי קדום", "ENTRC_LBL": "" }, "geometry": { "type": "Point", "coordinates": [ 35.24716, 31.76566 ] } },
{ "type": "Feature", "properties": { "OID": "-1", "X": "223469.15060000028", "Y": "629819.7750000004", "ENTRC_EXIT": "", "ACSBL_ENTR": "", "ENTRC_TYPE": "", "NOTES": "", "LINE": "חום דרומי", "TYPE": "עילית", "STATUS": "מתוכננת", "YEARMONTH": "202409.0", "COMP": "צתאל", "MTR_AREA": "מטרופולין ירושלים", "STAT_NAME": "עין אל לוזה", "ENTRC_LBL": "" }, "geometry": { "type": "Point", "coordinates": [ 35.2468, 31.76102 ] } },
{ "type": "Feature", "properties": { "OID": "-1", "X": "223783.9380999999", "Y": "629347.0833999999", "ENTRC_EXIT": "", "ACSBL_ENTR": "", "ENTRC_TYPE": "", "NOTES": "", "LINE": "חום דרומי", "TYPE": "עילית", "STATUS": "מתוכננת", "YEARMONTH": "202409.0", "COMP": "צתאל", "MTR_AREA": "מטרופולין ירושלים", "STAT_NAME": "אסלעה", "ENTRC_LBL": "" }, "geometry": { "type": "Point", "coordinates": [ 35.25012, 31.75676 ] } },
{ "type": "Feature", "properties": { "OID": "-1", "X": "223950.60419999994", "Y": "628842.3200000003", "ENTRC_EXIT": "", "ACSBL_ENTR": "", "ENTRC_TYPE": "", "NOTES": "", "LINE": "חום דרומי", "TYPE": "עילית", "STATUS": "מתוכננת", "YEARMONTH": "202409.0", "COMP": "צתאל", "MTR_AREA": "מטרופולין ירושלים", "STAT_NAME": "בשיר", "ENTRC_LBL": "" }, "geometry": { "type": "Point", "coordinates": [ 35.25187, 31.7522 ] } },
{ "type": "Feature", "properties": { "OID": "-1", "X": "223752.04849999957", "Y": "628312.7350999992", "ENTRC_EXIT": "", "ACSBL_ENTR": "", "ENTRC_TYPE": "", "NOTES": "", "LINE": "חום דרומי", "TYPE": "עילית", "STATUS": "מתוכננת", "YEARMONTH": "202409.0", "COMP": "צתאל", "MTR_AREA": "מטרופולין ירושלים", "STAT_NAME": "קומבר", "ENTRC_LBL": "" }, "geometry": { "type": "Point", "coordinates": [ 35.24978, 31.74743 ] } },
{ "type": "Feature", "properties": { "OID": "-1", "X": "223689.50519999955", "Y": "627792.3147999998", "ENTRC_EXIT": "", "ACSBL_ENTR": "", "ENTRC_TYPE": "", "NOTES": "", "LINE": "חום דרומי", "TYPE": "עילית", "STATUS": "מתוכננת", "YEARMONTH": "202409.0", "COMP": "צתאל", "MTR_AREA": "מטרופולין ירושלים", "STAT_NAME": "הכביש האמריקאי", "ENTRC_LBL": "" }, "geometry": { "type": "Point", "coordinates": [ 35.24911, 31.74274 ] } },
{ "type": "Feature", "properties": { "OID": "-1", "X": "223939.42119999975", "Y": "627428.1033999994", "ENTRC_EXIT": "", "ACSBL_ENTR": "", "ENTRC_TYPE": "", "NOTES": "", "LINE": "חום דרומי", "TYPE": "עילית", "STATUS": "מתוכננת", "YEARMONTH": "202409.0", "COMP": "צתאל", "MTR_AREA": "מטרופולין ירושלים", "STAT_NAME": "א-שיח' סעד", "ENTRC_LBL": "" }, "geometry": { "type": "Point", "coordinates": [ 35.25175, 31.73945 ] } },
{ "type": "Feature", "properties": { "OID": "-1", "X": "221076.95289999992", "Y": "631969.3279999997", "ENTRC_EXIT": "", "ACSBL_ENTR": "", "ENTRC_TYPE": "", "NOTES": "", "LINE": "צהוב", "TYPE": "עילית", "STATUS": "מתוכננת", "YEARMONTH": "202409.0", "COMP": "צתאל", "MTR_AREA": "מטרופולין ירושלים", "STAT_NAME": "שלומציון המלכה", "ENTRC_LBL": "" }, "geometry": { "type": "Point", "coordinates": [ 35.22155, 31.78041 ] } },
{ "type": "Feature", "properties": { "OID": "-1", "X": "221503.90780000016", "Y": "631540.0449000001", "ENTRC_EXIT": "", "ACSBL_ENTR": "", "ENTRC_TYPE": "", "NOTES": "", "LINE": "צהוב", "TYPE": "עילית", "STATUS": "מתוכננת", "YEARMONTH": "202409.0", "COMP": "צתאל", "MTR_AREA": "מטרופולין ירושלים", "STAT_NAME": "ממילא", "ENTRC_LBL": "" }, "geometry": { "type": "Point", "coordinates": [ 35.22606, 31.77654 ] } },
{ "type": "Feature", "properties": { "OID": "-1", "X": "222219.45500000007", "Y": "631286.8531999998", "ENTRC_EXIT": "", "ACSBL_ENTR": "", "ENTRC_TYPE": "", "NOTES": "", "LINE": "צהוב", "TYPE": "עילית", "STATUS": "מתוכננת", "YEARMONTH": "202409.0", "COMP": "צתאל", "MTR_AREA": "מטרופולין ירושלים", "STAT_NAME": "שער האשפות", "ENTRC_LBL": "" }, "geometry": { "type": "Point", "coordinates": [ 35.23361, 31.77426 ] } },
{ "type": "Feature", "properties": { "OID": "-1", "X": "219993.72690000013", "Y": "629617.4441999998", "ENTRC_EXIT": "", "ACSBL_ENTR": "", "ENTRC_TYPE": "", "NOTES": "", "LINE": "סגול", "TYPE": "עילית", "STATUS": "מתוכננת", "YEARMONTH": "202409.0", "COMP": "צתאל", "MTR_AREA": "מטרופולין ירושלים", "STAT_NAME": "יוסי בן יועזר", "ENTRC_LBL": "" }, "geometry": { "type": "Point", "coordinates": [ 35.21011, 31.7592 ] } },
{ "type": "Feature", "properties": { "OID": "-1", "X": "219491.9548000004", "Y": "629267.4068", "ENTRC_EXIT": "", "ACSBL_ENTR": "", "ENTRC_TYPE": "", "NOTES": "", "LINE": "סגול", "TYPE": "עילית", "STATUS": "מתוכננת", "YEARMONTH": "202409.0", "COMP": "צתאל", "MTR_AREA": "מטרופולין ירושלים", "STAT_NAME": "בני בתירא", "ENTRC_LBL": "" }, "geometry": { "type": "Point", "coordinates": [ 35.20482, 31.75605 ] } },
{ "type": "Feature", "properties": { "OID": "-1", "X": "219144.78789999988", "Y": "629244.6249000002", "ENTRC_EXIT": "", "ACSBL_ENTR": "", "ENTRC_TYPE": "", "NOTES": "", "LINE": "סגול", "TYPE": "עילית", "STATUS": "מתוכננת", "YEARMONTH": "202409.0", "COMP": "צתאל", "MTR_AREA": "מטרופולין ירושלים", "STAT_NAME": "אלכסנדריון", "ENTRC_LBL": "" }, "geometry": { "type": "Point", "coordinates": [ 35.20115, 31.75584 ] } },
{ "type": "Feature", "properties": { "OID": "-1", "X": "217055.60730000027", "Y": "628798.6438999996", "ENTRC_EXIT": "", "ACSBL_ENTR": "", "ENTRC_TYPE": "", "NOTES": "", "LINE": "סגול", "TYPE": "מוגבהת", "STATUS": "מתוכננת", "YEARMONTH": "202409.0", "COMP": "צתאל", "MTR_AREA": "מטרופולין ירושלים", "STAT_NAME": "קוליץ", "ENTRC_LBL": "" }, "geometry": { "type": "Point", "coordinates": [ 35.1791, 31.75182 ] } },
{ "type": "Feature", "properties": { "OID": "-1", "X": "217052.2547000004", "Y": "627166.7199000008", "ENTRC_EXIT": "", "ACSBL_ENTR": "", "ENTRC_TYPE": "", "NOTES": "", "LINE": "ירוק_כחול", "TYPE": "עילית", "STATUS": "מתוכננת", "YEARMONTH": "202409.0", "COMP": "צתאל", "MTR_AREA": "מטרופולין ירושלים", "STAT_NAME": "המרגלית", "ENTRC_LBL": "" }, "geometry": { "type": "Point", "coordinates": [ 35.17907, 31.7371 ] } },
{ "type": "Feature", "properties": { "OID": "-1", "X": "220623.96920000017", "Y": "628652.8022000007", "ENTRC_EXIT": "", "ACSBL_ENTR": "", "ENTRC_TYPE": "", "NOTES": "", "LINE": "סגול_ורוד", "TYPE": "עילית", "STATUS": "מתוכננת", "YEARMONTH": "202409.0", "COMP": "צתאל", "MTR_AREA": "מטרופולין ירושלים", "STAT_NAME": "התנופה", "ENTRC_LBL": "" }, "geometry": { "type": "Point", "coordinates": [ 35.21676, 31.7505 ] } },
{ "type": "Feature", "properties": { "OID": "-1", "X": "217218.23790000007", "Y": "626775.2895", "ENTRC_EXIT": "", "ACSBL_ENTR": "", "ENTRC_TYPE": "", "NOTES": "", "LINE": "ירוק_כחול", "TYPE": "עילית", "STATUS": "מתוכננת", "YEARMONTH": "202409.0", "COMP": "צתאל", "MTR_AREA": "מטרופולין ירושלים", "STAT_NAME": "גילה - מערב", "ENTRC_LBL": "" }, "geometry": { "type": "Point", "coordinates": [ 35.18082, 31.73357 ] } },
{ "type": "Feature", "properties": { "OID": "-1", "X": "220916.3300999999", "Y": "627803.3756000008", "ENTRC_EXIT": "", "ACSBL_ENTR": "", "ENTRC_TYPE": "", "NOTES": "", "LINE": "ורוד", "TYPE": "עילית", "STATUS": "מתוכננת", "YEARMONTH": "202409.0", "COMP": "צתאל", "MTR_AREA": "מטרופולין ירושלים", "STAT_NAME": "ארנונה-רמת רחל (טנטטיבי)", "ENTRC_LBL": "" }, "geometry": { "type": "Point", "coordinates": [ 35.21985, 31.74284 ] } },
{ "type": "Feature", "properties": { "OID": "-1", "X": "221510.83139999956", "Y": "627645.6142999995", "ENTRC_EXIT": "", "ACSBL_ENTR": "", "ENTRC_TYPE": "", "NOTES": "", "LINE": "ורוד", "TYPE": "עילית", "STATUS": "מתוכננת", "YEARMONTH": "202409.0", "COMP": "צתאל", "MTR_AREA": "מטרופולין ירושלים", "STAT_NAME": "מורדות ארנונה (טנטטיבי)", "ENTRC_LBL": "" }, "geometry": { "type": "Point", "coordinates": [ 35.22612, 31.74142 ] } },
{ "type": "Feature", "properties": { "OID": "-1", "X": "222200.43400000036", "Y": "627700.4723000005", "ENTRC_EXIT": "", "ACSBL_ENTR": "", "ENTRC_TYPE": "", "NOTES": "", "LINE": "ורוד", "TYPE": "עילית", "STATUS": "מתוכננת", "YEARMONTH": "202409.0", "COMP": "צתאל", "MTR_AREA": "מטרופולין ירושלים", "STAT_NAME": "צור בהאר (טנטטיבי)", "ENTRC_LBL": "" }, "geometry": { "type": "Point", "coordinates": [ 35.2334, 31.74191 ] } },
{ "type": "Feature", "properties": { "OID": "-1", "X": "222221.3278000001", "Y": "628621.4518999998", "ENTRC_EXIT": "", "ACSBL_ENTR": "", "ENTRC_TYPE": "", "NOTES": "", "LINE": "ורוד", "TYPE": "עילית", "STATUS": "מתוכננת", "YEARMONTH": "202409.0", "COMP": "צתאל", "MTR_AREA": "מטרופולין ירושלים", "STAT_NAME": "תלפיות מזרח (טנטטיבי)", "ENTRC_LBL": "" }, "geometry": { "type": "Point", "coordinates": [ 35.23362, 31.75022 ] } },
{ "type": "Feature", "properties": { "OID": "-1", "X": "221543.90340000018", "Y": "633942.4561000001", "ENTRC_EXIT": "", "ACSBL_ENTR": "", "ENTRC_TYPE": "", "NOTES": "", "LINE": "ירוק_ירוק בהיר_תכלת", "TYPE": "עילית", "STATUS": "מתוכננת", "YEARMONTH": "202409.0", "COMP": "צתאל", "MTR_AREA": "מטרופולין ירושלים", "STAT_NAME": "מעלות דפנה", "ENTRC_LBL": "" }, "geometry": { "type": "Point", "coordinates": [ 35.22648, 31.79821 ] } },
{ "type": "Feature", "properties": { "OID": "-1", "X": "217522.23419999983", "Y": "628490.7173999995", "ENTRC_EXIT": "", "ACSBL_ENTR": "", "ENTRC_TYPE": "", "NOTES": "", "LINE": "סגול", "TYPE": "עילית", "STATUS": "מתוכננת", "YEARMONTH": "202409.0", "COMP": "צתאל", "MTR_AREA": "מטרופולין ירושלים", "STAT_NAME": "גטי מערב", "ENTRC_LBL": "" }, "geometry": { "type": "Point", "coordinates": [ 35.18403, 31.74904 ] } },
{ "type": "Feature", "properties": { "OID": "-1", "X": "221581.5510999998", "Y": "638833.0080999993", "ENTRC_EXIT": "", "ACSBL_ENTR": "", "ENTRC_TYPE": "", "NOTES": "", "LINE": "חום", "TYPE": "עילית", "STATUS": "מתוכננת", "YEARMONTH": "202409.0", "COMP": "צתאל", "MTR_AREA": "מטרופולין ירושלים", "STAT_NAME": "הותיקן", "ENTRC_LBL": "" }, "geometry": { "type": "Point", "coordinates": [ 35.22689, 31.84231 ] } },
{ "type": "Feature", "properties": { "OID": "-1", "X": "221872.2167999996", "Y": "638592.8037", "ENTRC_EXIT": "", "ACSBL_ENTR": "", "ENTRC_TYPE": "", "NOTES": "", "LINE": "חום", "TYPE": "עילית", "STATUS": "מתוכננת", "YEARMONTH": "202409.0", "COMP": "צתאל", "MTR_AREA": "מטרופולין ירושלים", "STAT_NAME": "משה סנה", "ENTRC_LBL": "" }, "geometry": { "type": "Point", "coordinates": [ 35.22996, 31.84014 ] } },
{ "type": "Feature", "properties": { "OID": "-1", "X": "221777.25200000033", "Y": "638213.7392999995", "ENTRC_EXIT": "", "ACSBL_ENTR": "", "ENTRC_TYPE": "", "NOTES": "", "LINE": "חום", "TYPE": "עילית", "STATUS": "מתוכננת", "YEARMONTH": "202409.0", "COMP": "צתאל", "MTR_AREA": "מטרופולין ירושלים", "STAT_NAME": "אומר אל חיאם", "ENTRC_LBL": "" }, "geometry": { "type": "Point", "coordinates": [ 35.22896, 31.83673 ] } },
{ "type": "Feature", "properties": { "OID": "-1", "X": "222388.08579999954", "Y": "628333.6972000003", "ENTRC_EXIT": "", "ACSBL_ENTR": "", "ENTRC_TYPE": "", "NOTES": "", "LINE": "ורוד", "TYPE": "עילית", "STATUS": "מתוכננת", "YEARMONTH": "202409.0", "COMP": "צתאל", "MTR_AREA": "מטרופולין ירושלים", "STAT_NAME": "תלפיות מזרח (טנטטיבי)", "ENTRC_LBL": "" }, "geometry": { "type": "Point", "coordinates": [ 35.23538, 31.74762 ] } },
{ "type": "Feature", "properties": { "OID": "-1", "X": "222418.8970999997", "Y": "628017.6519000009", "ENTRC_EXIT": "", "ACSBL_ENTR": "", "ENTRC_TYPE": "", "NOTES": "", "LINE": "ורוד", "TYPE": "עילית", "STATUS": "מתוכננת", "YEARMONTH": "202409.0", "COMP": "צתאל", "MTR_AREA": "מטרופולין ירושלים", "STAT_NAME": "תלפיות מזרח (טנטטיבי)", "ENTRC_LBL": "" }, "geometry": { "type": "Point", "coordinates": [ 35.23571, 31.74477 ] } },
{ "type": "Feature", "properties": { "OID": "-1", "X": "186073.2605999997", "Y": "664377.1386999991", "ENTRC_EXIT": "", "ACSBL_ENTR": "", "ENTRC_TYPE": "", "NOTES": "", "LINE": "סגול", "TYPE": "עילית", "STATUS": "מתוכננת", "YEARMONTH": "202412.0", "COMP": "נתע", "MTR_AREA": "מטרופולין תל אביב", "STAT_NAME": "רמת הדר - דרום", "ENTRC_LBL": "" }, "geometry": { "type": "Point", "coordinates": [ 34.85088, 32.07218 ] } },
{ "type": "Feature", "properties": { "OID": "-1", "X": "186401.09700000007", "Y": "664436.3920000009", "ENTRC_EXIT": "", "ACSBL_ENTR": "", "ENTRC_TYPE": "", "NOTES": "", "LINE": "סגול", "TYPE": "עילית", "STATUS": "מתוכננת", "YEARMONTH": "202412.0", "COMP": "נתע", "MTR_AREA": "מטרופולין תל אביב", "STAT_NAME": "פארק רמון", "ENTRC_LBL": "" }, "geometry": { "type": "Point", "coordinates": [ 34.85435, 32.07272 ] } },
{ "type": "Feature", "properties": { "OID": "-1", "X": "186890.4263000004", "Y": "664625.2123000007", "ENTRC_EXIT": "", "ACSBL_ENTR": "", "ENTRC_TYPE": "", "NOTES": "", "LINE": "סגול", "TYPE": "עילית", "STATUS": "מתוכננת", "YEARMONTH": "202412.0", "COMP": "נתע", "MTR_AREA": "מטרופולין תל אביב", "STAT_NAME": "כפר גנים", "ENTRC_LBL": "" }, "geometry": { "type": "Point", "coordinates": [ 34.85953, 32.07444 ] } }
]
}
