{
"type": "FeatureCollection",
"name": "l",
"features": [
{ "type": "Feature", "properties": { "OID": "-1", "ID": "1.0", "NAME": "מ.א. אשכול", "AUTHORITY": "מועצה אזורית אשכול", "AUTH_CODE": "240P", "TRAFAUTH": "מועצה אזורית אשכול", "TRAFCODE": "240P", "DISTRICT": "דרום", "X": "145896.99", "Y": "579227.04", "PARK_N": "115.0", "DUNAM": "2.83", "COMMENTS": " ", "SOURCE": "תצא 2023", "D_UPDATE": "20/11/2024 00:00:00", "FLOORS": "1.0", "RAIL_MAKAT": "0.0", "FCL_MAKAT": "710031.0", "STATUS": "קיים", "BUS_SERV": "כן", "TRAIN_SERV": "לא", "LRT_SERV": "לא", "PAY": "לא", "BIC_PARK": "", "ELECTRIC": "", "Shape_Length": "349.91978538043077", "Shape_Area": "2826.7406653957387" }, "geometry": { "type": "Point", "coordinates": [ 34.43179, 31.30242 ] } },
{ "type": "Feature", "properties": { "OID": "-1", "ID": "2.0", "NAME": "רכבת נתיבות מערב", "AUTHORITY": "נתיבות", "AUTH_CODE": "0246", "TRAFAUTH": "רכבת ישראל", "TRAFCODE": "10105", "DISTRICT": "דרום", "X": "159304.63", "Y": "591237.36", "PARK_N": "143.0", "DUNAM": "8.2", "COMMENTS": " ", "SOURCE": "תצא 2023", "D_UPDATE": "20/11/2024 00:00:00", "FLOORS": "1.0", "RAIL_MAKAT": "17108.0", "FCL_MAKAT": "710034.0", "STATUS": "קיים", "BUS_SERV": "כן", "TRAIN_SERV": "כן", "LRT_SERV": "לא", "PAY": "לא", "BIC_PARK": "", "ELECTRIC": "", "Shape_Length": "469.0314649957588", "Shape_Area": "8197.07179906778" }, "geometry": { "type": "Point", "coordinates": [ 34.57189, 31.41151 ] } },
{ "type": "Feature", "properties": { "OID": "-1", "ID": "3.0", "NAME": "רכבת נתיבות מזרח", "AUTHORITY": "נתיבות", "AUTH_CODE": "0246", "TRAFAUTH": "רכבת ישראל", "TRAFCODE": "10105", "DISTRICT": "דרום", "X": "159458.51", "Y": "591140.56", "PARK_N": "360.0", "DUNAM": "11.82", "COMMENTS": " ", "SOURCE": "תצא 2023", "D_UPDATE": "20/11/2024 00:00:00", "FLOORS": "1.0", "RAIL_MAKAT": "17108.0", "FCL_MAKAT": "710034.0", "STATUS": "קיים", "BUS_SERV": "כן", "TRAIN_SERV": "כן", "LRT_SERV": "לא", "PAY": "לא", "BIC_PARK": "", "ELECTRIC": "", "Shape_Length": "446.81415578549826", "Shape_Area": "11807.95479523907" }, "geometry": { "type": "Point", "coordinates": [ 34.57351, 31.41064 ] } },
{ "type": "Feature", "properties": { "OID": "-1", "ID": "4.0", "NAME": "תחנה מרכזית אילת דרומית", "AUTHORITY": "אילת", "AUTH_CODE": "2600", "TRAFAUTH": "אילת", "TRAFCODE": "2600", "DISTRICT": "דרום", "X": "194956.78", "Y": "385361.96", "PARK_N": "77.0", "DUNAM": "2.1", "COMMENTS": " ", "SOURCE": "תצא 2023", "D_UPDATE": "20/11/2024 00:00:00", "FLOORS": "1.0", "RAIL_MAKAT": "0.0", "FCL_MAKAT": "710003.0", "STATUS": "קיים", "BUS_SERV": "כן", "TRAIN_SERV": "לא", "LRT_SERV": "לא", "PAY": "לא", "BIC_PARK": "", "ELECTRIC": "", "Shape_Length": "194.40066421156763", "Shape_Area": "2092.5164617636688" }, "geometry": { "type": "Point", "coordinates": [ 34.95164, 29.55578 ] } },
{ "type": "Feature", "properties": { "OID": "-1", "ID": "5.0", "NAME": "תחנה מרכזית אילת", "AUTHORITY": "אילת", "AUTH_CODE": "2600", "TRAFAUTH": "אילת", "TRAFCODE": "2600", "DISTRICT": "דרום", "X": "195011.77", "Y": "385423.03", "PARK_N": "302.0", "DUNAM": "9.99", "COMMENTS": " ", "SOURCE": "תצא 2023", "D_UPDATE": "20/11/2024 00:00:00", "FLOORS": "1.0", "RAIL_MAKAT": "0.0", "FCL_MAKAT": "710003.0", "STATUS": "קיים", "BUS_SERV": "כן", "TRAIN_SERV": "לא", "LRT_SERV": "לא", "PAY": "לא", "BIC_PARK": "", "ELECTRIC": "", "Shape_Length": "762.5637392199959", "Shape_Area": "9979.440144916636" }, "geometry": { "type": "Point", "coordinates": [ 34.95221, 29.55634 ] } },
{ "type": "Feature", "properties": { "OID": "-1", "ID": "6.0", "NAME": "נמל תעופה רמון", "AUTHORITY": "אילת", "AUTH_CODE": "2600", "TRAFAUTH": "אילת", "TRAFCODE": "2600", "DISTRICT": "דרום", "X": "200126.77", "Y": "404159.41", "PARK_N": "555.0", "DUNAM": "33.85", "COMMENTS": " ", "SOURCE": "תצא 2023", "D_UPDATE": "20/11/2024 00:00:00", "FLOORS": "1.0", "RAIL_MAKAT": "0.0", "FCL_MAKAT": "710004.0", "STATUS": "קיים", "BUS_SERV": "כן", "TRAIN_SERV": "לא", "LRT_SERV": "לא", "PAY": "לא", "BIC_PARK": "", "ELECTRIC": "", "Shape_Length": "961.4134206672268", "Shape_Area": "33806.592482444874" }, "geometry": { "type": "Point", "coordinates": [ 35.00465, 29.72545 ] } },
{ "type": "Feature", "properties": { "OID": "-1", "ID": "7.0", "NAME": "רכבת אופקים", "AUTHORITY": "אופקים", "AUTH_CODE": "0031", "TRAFAUTH": "רכבת ישראל", "TRAFCODE": "10105", "DISTRICT": "דרום", "X": "165202.19", "Y": "581144.84", "PARK_N": "386.0", "DUNAM": "9.28", "COMMENTS": " ", "SOURCE": "תצא 2023", "D_UPDATE": "20/11/2024 00:00:00", "FLOORS": "1.0", "RAIL_MAKAT": "17109.0", "FCL_MAKAT": "710002.0", "STATUS": "קיים", "BUS_SERV": "כן", "TRAIN_SERV": "כן", "LRT_SERV": "לא", "PAY": "לא", "BIC_PARK": "", "ELECTRIC": "", "Shape_Length": "433.30290276091796", "Shape_Area": "9275.768416620602" }, "geometry": { "type": "Point", "coordinates": [ 34.63445, 31.32078 ] } },
{ "type": "Feature", "properties": { "OID": "-1", "ID": "8.0", "NAME": "תחנה מרכזית באר שבע דרום", "AUTHORITY": "באר שבע", "AUTH_CODE": "9000", "TRAFAUTH": "באר שבע", "TRAFCODE": "9000", "DISTRICT": "דרום", "X": "180486.92", "Y": "572236.19", "PARK_N": "312.0", "DUNAM": "8.06", "COMMENTS": " ", "SOURCE": "תצא 2023", "D_UPDATE": "20/11/2024 00:00:00", "FLOORS": "1.0", "RAIL_MAKAT": "0.0", "FCL_MAKAT": "710016.0", "STATUS": "קיים", "BUS_SERV": "כן", "TRAIN_SERV": "כן", "LRT_SERV": "לא", "PAY": "לא", "BIC_PARK": "", "ELECTRIC": "", "Shape_Length": "470.9616447728129", "Shape_Area": "8051.214557312154" }, "geometry": { "type": "Point", "coordinates": [ 34.79538, 31.24104 ] } },
{ "type": "Feature", "properties": { "OID": "-1", "ID": "9.0", "NAME": "תחנה מרכזית באר שבע מערב", "AUTHORITY": "באר שבע", "AUTH_CODE": "9000", "TRAFAUTH": "באר שבע", "TRAFCODE": "9000", "DISTRICT": "דרום", "X": "180480.8", "Y": "572485.47", "PARK_N": "107.0", "DUNAM": "3.19", "COMMENTS": "קיים גם חניון תת קרקעי", "SOURCE": "תצא 2023", "D_UPDATE": "20/11/2024 00:00:00", "FLOORS": "-1.0", "RAIL_MAKAT": "0.0", "FCL_MAKAT": "710016.0", "STATUS": "קיים", "BUS_SERV": "כן", "TRAIN_SERV": "כן", "LRT_SERV": "לא", "PAY": "לא", "BIC_PARK": "", "ELECTRIC": "", "Shape_Length": "258.12754821760484", "Shape_Area": "3186.8066371670625" }, "geometry": { "type": "Point", "coordinates": [ 34.7953, 31.24329 ] } },
{ "type": "Feature", "properties": { "OID": "-1", "ID": "10.0", "NAME": "תחנה מרכזית באר שבע צפון", "AUTHORITY": "באר שבע", "AUTH_CODE": "9000", "TRAFAUTH": "באר שבע", "TRAFCODE": "9000", "DISTRICT": "דרום", "X": "180661.29", "Y": "572527.49", "PARK_N": "204.0", "DUNAM": "5.0", "COMMENTS": " ", "SOURCE": "תצא 2023", "D_UPDATE": "20/11/2024 00:00:00", "FLOORS": "1.0", "RAIL_MAKAT": "17084.0", "FCL_MAKAT": "710016.0", "STATUS": "קיים", "BUS_SERV": "כן", "TRAIN_SERV": "כן", "LRT_SERV": "לא", "PAY": "לא", "BIC_PARK": "", "ELECTRIC": "", "Shape_Length": "364.8398093073637", "Shape_Area": "4993.736553364555" }, "geometry": { "type": "Point", "coordinates": [ 34.7972, 31.24368 ] } },
{ "type": "Feature", "properties": { "OID": "-1", "ID": "11.0", "NAME": "רכבת באר שבע מרכז", "AUTHORITY": "באר שבע", "AUTH_CODE": "9000", "TRAFAUTH": "באר שבע", "TRAFCODE": "9000", "DISTRICT": "דרום", "X": "180879.44", "Y": "572291.85", "PARK_N": "144.0", "DUNAM": "6.11", "COMMENTS": "תצ\"א בgovmap לא עדכנית, קיימת בנייה במקום, מספר חניות נספר בsimplex", "SOURCE": "תצא 2023", "D_UPDATE": "20/11/2024 00:00:00", "FLOORS": "1.0", "RAIL_MAKAT": "0.0", "FCL_MAKAT": "710016.0", "STATUS": "קיים", "BUS_SERV": "כן", "TRAIN_SERV": "כן", "LRT_SERV": "לא", "PAY": "לא", "BIC_PARK": "", "ELECTRIC": "", "Shape_Length": "503.53224648341694", "Shape_Area": "6104.331941503896" }, "geometry": { "type": "Point", "coordinates": [ 34.79949, 31.24156 ] } },
{ "type": "Feature", "properties": { "OID": "-1", "ID": "12.0", "NAME": "רכבת באר שבע מרכז צפון", "AUTHORITY": "באר שבע", "AUTH_CODE": "9000", "TRAFAUTH": "באר שבע", "TRAFCODE": "9000", "DISTRICT": "דרום", "X": "180841.89", "Y": "572419.38", "PARK_N": "18.0", "DUNAM": "0.38", "COMMENTS": " ", "SOURCE": "תצא 2023", "D_UPDATE": "20/11/2024 00:00:00", "FLOORS": "1.0", "RAIL_MAKAT": "0.0", "FCL_MAKAT": "710016.0", "STATUS": "קיים", "BUS_SERV": "כן", "TRAIN_SERV": "כן", "LRT_SERV": "לא", "PAY": "לא", "BIC_PARK": "", "ELECTRIC": "", "Shape_Length": "129.6408469042746", "Shape_Area": "380.45749096928057" }, "geometry": { "type": "Point", "coordinates": [ 34.7991, 31.24271 ] } },
{ "type": "Feature", "properties": { "OID": "-1", "ID": "13.0", "NAME": "אצטדיון טרנד", "AUTHORITY": "באר שבע", "AUTH_CODE": "9000", "TRAFAUTH": "באר שבע", "TRAFCODE": "9000", "DISTRICT": "דרום", "X": "178992.45", "Y": "575813.55", "PARK_N": "1023.0", "DUNAM": "73.93", "COMMENTS": " ", "SOURCE": "תצא 2023", "D_UPDATE": "20/11/2024 00:00:00", "FLOORS": "1.0", "RAIL_MAKAT": "0.0", "FCL_MAKAT": "710024.0", "STATUS": "קיים", "BUS_SERV": "כן", "TRAIN_SERV": "לא", "LRT_SERV": "לא", "PAY": "לא", "BIC_PARK": "", "ELECTRIC": "", "Shape_Length": "1126.9370790653022", "Shape_Area": "73871.21504277951" }, "geometry": { "type": "Point", "coordinates": [ 34.77954, 31.27326 ] } },
{ "type": "Feature", "properties": { "OID": "-1", "ID": "14.0", "NAME": "רכבת באר שבע צפון", "AUTHORITY": "באר שבע", "AUTH_CODE": "9000", "TRAFAUTH": "רכבת ישראל", "TRAFCODE": "10105", "DISTRICT": "דרום", "X": "181887.94", "Y": "574426.9", "PARK_N": "581.0", "DUNAM": "22.65", "COMMENTS": " ", "SOURCE": "תצא 2023", "D_UPDATE": "20/11/2024 00:00:00", "FLOORS": "1.0", "RAIL_MAKAT": "0.0", "FCL_MAKAT": "710025.0", "STATUS": "קיים", "BUS_SERV": "כן", "TRAIN_SERV": "כן", "LRT_SERV": "לא", "PAY": "לא", "BIC_PARK": "", "ELECTRIC": "", "Shape_Length": "734.9165125309805", "Shape_Area": "22635.11887305453" }, "geometry": { "type": "Point", "coordinates": [ 34.81, 31.26085 ] } },
{ "type": "Feature", "properties": { "OID": "-1", "ID": "15.0", "NAME": "רכבת להבים רהט", "AUTHORITY": "להבים", "AUTH_CODE": "1271", "TRAFAUTH": "להבים", "TRAFCODE": "1271", "DISTRICT": "דרום", "X": "180880.88", "Y": "586543.69", "PARK_N": "692.0", "DUNAM": "19.3", "COMMENTS": " ", "SOURCE": "תצא 2023", "D_UPDATE": "20/11/2024 00:00:00", "FLOORS": "1.0", "RAIL_MAKAT": "17088.0", "FCL_MAKAT": "710030.0", "STATUS": "קיים", "BUS_SERV": "כן", "TRAIN_SERV": "כן", "LRT_SERV": "לא", "PAY": "", "BIC_PARK": "", "ELECTRIC": "", "Shape_Length": "586.1346938880334", "Shape_Area": "19289.539976427146" }, "geometry": { "type": "Point", "coordinates": [ 34.79896, 31.37009 ] } },
{ "type": "Feature", "properties": { "OID": "-1", "ID": "16.0", "NAME": "רכבת דימונה מערבי", "AUTHORITY": "דימונה", "AUTH_CODE": "2200", "TRAFAUTH": "רכבת ישראל", "TRAFCODE": "10105", "DISTRICT": "דרום", "X": "201019.76", "Y": "553152.49", "PARK_N": "53.0", "DUNAM": "1.33", "COMMENTS": " ", "SOURCE": "תצא 2023", "D_UPDATE": "20/11/2024 00:00:00", "FLOORS": "1.0", "RAIL_MAKAT": "17086.0", "FCL_MAKAT": "710027.0", "STATUS": "קיים", "BUS_SERV": "כן", "TRAIN_SERV": "כן", "LRT_SERV": "לא", "PAY": "", "BIC_PARK": "", "ELECTRIC": "", "Shape_Length": "193.02816230370087", "Shape_Area": "1328.672088123281" }, "geometry": { "type": "Point", "coordinates": [ 35.01126, 31.06943 ] } },
{ "type": "Feature", "properties": { "OID": "-1", "ID": "17.0", "NAME": "רכבת דימונה מזרחי", "AUTHORITY": "דימונה", "AUTH_CODE": "2200", "TRAFAUTH": "רכבת ישראל", "TRAFCODE": "10105", "DISTRICT": "דרום", "X": "201147.63", "Y": "553089.63", "PARK_N": "89.0", "DUNAM": "2.13", "COMMENTS": " ", "SOURCE": "תצא 2023", "D_UPDATE": "20/11/2024 00:00:00", "FLOORS": "1.0", "RAIL_MAKAT": "17086.0", "FCL_MAKAT": "710027.0", "STATUS": "קיים", "BUS_SERV": "כן", "TRAIN_SERV": "כן", "LRT_SERV": "לא", "PAY": "", "BIC_PARK": "", "ELECTRIC": "", "Shape_Length": "201.98056133956607", "Shape_Area": "2131.093978427546" }, "geometry": { "type": "Point", "coordinates": [ 35.0126, 31.06886 ] } },
{ "type": "Feature", "properties": { "OID": "-1", "ID": "18.0", "NAME": "תיכון מיתרים", "AUTHORITY": "מיתר", "AUTH_CODE": "1268", "TRAFAUTH": "מיתר", "TRAFCODE": "1268", "DISTRICT": "דרום", "X": "193099.53", "Y": "581618.57", "PARK_N": "155.0", "DUNAM": "3.05", "COMMENTS": " ", "SOURCE": "תצא 2023", "D_UPDATE": "20/11/2024 00:00:00", "FLOORS": "1.0", "RAIL_MAKAT": "0.0", "FCL_MAKAT": "710045.0", "STATUS": "קיים", "BUS_SERV": "כן", "TRAIN_SERV": "לא", "LRT_SERV": "לא", "PAY": "", "BIC_PARK": "", "ELECTRIC": "", "Shape_Length": "254.10917472414604", "Shape_Area": "3044.334319659848" }, "geometry": { "type": "Point", "coordinates": [ 34.92752, 31.32602 ] } },
{ "type": "Feature", "properties": { "OID": "-1", "ID": "19.0", "NAME": "הר חבון - מערב", "AUTHORITY": "אזור תעסוקה מיתרים", "AUTH_CODE": "1794", "TRAFAUTH": "אזור תעסוקה מיתרים", "TRAFCODE": "1794", "DISTRICT": "איוש", "X": "200591.69", "Y": "586890.97", "PARK_N": "90.0", "DUNAM": "2.29", "COMMENTS": " ", "SOURCE": "תצא 2023", "D_UPDATE": "20/11/2024 00:00:00", "FLOORS": "1.0", "RAIL_MAKAT": "0.0", "FCL_MAKAT": "760013.0", "STATUS": "קיים", "BUS_SERV": "כן", "TRAIN_SERV": "לא", "LRT_SERV": "לא", "PAY": "", "BIC_PARK": "", "ELECTRIC": "", "Shape_Length": "338.01293694155225", "Shape_Area": "2284.2402319305374" }, "geometry": { "type": "Point", "coordinates": [ 35.00614, 31.37371 ] } },
{ "type": "Feature", "properties": { "OID": "-1", "ID": "20.0", "NAME": "הר חברון", "AUTHORITY": "אזור תעסוקה מיתרים", "AUTH_CODE": "1794", "TRAFAUTH": "אזור תעסוקה מיתרים", "TRAFCODE": "1794", "DISTRICT": "איוש", "X": "200671.89", "Y": "586994.28", "PARK_N": "20.0", "DUNAM": "0.52", "COMMENTS": " ", "SOURCE": "תצא 2023", "D_UPDATE": "20/11/2024 00:00:00", "FLOORS": "1.0", "RAIL_MAKAT": "0.0", "FCL_MAKAT": "760013.0", "STATUS": "קיים", "BUS_SERV": "כן", "TRAIN_SERV": "לא", "LRT_SERV": "לא", "PAY": "", "BIC_PARK": "", "ELECTRIC": "", "Shape_Length": "137.0196535181313", "Shape_Area": "519.9165023297404" }, "geometry": { "type": "Point", "coordinates": [ 35.00698, 31.37465 ] } },
{ "type": "Feature", "properties": { "OID": "-1", "ID": "21.0", "NAME": "תחנה מרכזית ערד", "AUTHORITY": "ערד", "AUTH_CODE": "2560", "TRAFAUTH": "ערד", "TRAFCODE": "2560", "DISTRICT": "דרום", "X": "220064.03", "Y": "573804.17", "PARK_N": "74.0", "DUNAM": "2.63", "COMMENTS": " ", "SOURCE": "תצא 2023", "D_UPDATE": "20/11/2024 00:00:00", "FLOORS": "1.0", "RAIL_MAKAT": "0.0", "FCL_MAKAT": "710036.0", "STATUS": "קיים", "BUS_SERV": "כן", "TRAIN_SERV": "לא", "LRT_SERV": "לא", "PAY": "לא", "BIC_PARK": "", "ELECTRIC": "", "Shape_Length": "280.2879922302538", "Shape_Area": "2632.884614985572" }, "geometry": { "type": "Point", "coordinates": [ 35.21082, 31.25583 ] } },
{ "type": "Feature", "properties": { "OID": "-1", "ID": "22.0", "NAME": "רכבת שדרות", "AUTHORITY": "ניר עם", "AUTH_CODE": "0348", "TRAFAUTH": "רכבת ישראל", "TRAFCODE": "10105", "DISTRICT": "דרום", "X": "160865.8", "Y": "602754.61", "PARK_N": "323.0", "DUNAM": "11.17", "COMMENTS": " ", "SOURCE": "תצא 2023", "D_UPDATE": "20/11/2024 00:00:00", "FLOORS": "1.0", "RAIL_MAKAT": "17106.0", "FCL_MAKAT": "710033.0", "STATUS": "קיים", "BUS_SERV": "כן", "TRAIN_SERV": "כן", "LRT_SERV": "לא", "PAY": "", "BIC_PARK": "", "ELECTRIC": "", "Shape_Length": "460.39624020540816", "Shape_Area": "11158.679492219353" }, "geometry": { "type": "Point", "coordinates": [ 34.58762, 31.51545 ] } },
{ "type": "Feature", "properties": { "OID": "-1", "ID": "23.0", "NAME": "תחנה מרכזית אשקלון", "AUTHORITY": "אשקלון", "AUTH_CODE": "7100", "TRAFAUTH": "אשקלון", "TRAFCODE": "7100", "DISTRICT": "דרום", "X": "158957.41", "Y": "619189.39", "PARK_N": "27.0", "DUNAM": "0.62", "COMMENTS": " ", "SOURCE": "תצא 2023", "D_UPDATE": "20/11/2024 00:00:00", "FLOORS": "1.0", "RAIL_MAKAT": "0.0", "FCL_MAKAT": "710013.0", "STATUS": "קיים", "BUS_SERV": "כן", "TRAIN_SERV": "לא", "LRT_SERV": "לא", "PAY": "לא", "BIC_PARK": "", "ELECTRIC": "", "Shape_Length": "157.71634814022207", "Shape_Area": "623.5462529631095" }, "geometry": { "type": "Point", "coordinates": [ 34.56653, 31.66356 ] } },
{ "type": "Feature", "properties": { "OID": "-1", "ID": "24.0", "NAME": "רמז אשקלון מערב", "AUTHORITY": "אשקלון", "AUTH_CODE": "7100", "TRAFAUTH": "אשקלון", "TRAFCODE": "7100", "DISTRICT": "דרום", "X": "160618.33", "Y": "619610.5", "PARK_N": "67.0", "DUNAM": "1.63", "COMMENTS": " ", "SOURCE": "תצא 2023", "D_UPDATE": "20/11/2024 00:00:00", "FLOORS": "1.0", "RAIL_MAKAT": "0.0", "FCL_MAKAT": "710014.0", "STATUS": "קיים", "BUS_SERV": "כן", "TRAIN_SERV": "לא", "LRT_SERV": "לא", "PAY": "לא", "BIC_PARK": "", "ELECTRIC": "", "Shape_Length": "193.36901847112495", "Shape_Area": "1633.8191016460662" }, "geometry": { "type": "Point", "coordinates": [ 34.58401, 31.66745 ] } },
{ "type": "Feature", "properties": { "OID": "-1", "ID": "25.0", "NAME": "רמז אשלקון מזרח", "AUTHORITY": "אשקלון", "AUTH_CODE": "7100", "TRAFAUTH": "אשקלון", "TRAFCODE": "7100", "DISTRICT": "דרום", "X": "160809.08", "Y": "619582.36", "PARK_N": "85.0", "DUNAM": "2.8", "COMMENTS": " ", "SOURCE": "תצא 2023", "D_UPDATE": "20/11/2024 00:00:00", "FLOORS": "1.0", "RAIL_MAKAT": "0.0", "FCL_MAKAT": "710014.0", "STATUS": "קיים", "BUS_SERV": "כן", "TRAIN_SERV": "לא", "LRT_SERV": "לא", "PAY": "לא", "BIC_PARK": "", "ELECTRIC": "", "Shape_Length": "239.5675459512292", "Shape_Area": "2799.648652597666" }, "geometry": { "type": "Point", "coordinates": [ 34.58603, 31.6672 ] } },
{ "type": "Feature", "properties": { "OID": "-1", "ID": "26.0", "NAME": "רמז אשקלון צפון", "AUTHORITY": "אשקלון", "AUTH_CODE": "7100", "TRAFAUTH": "אשקלון", "TRAFCODE": "7100", "DISTRICT": "דרום", "X": "160751.06", "Y": "619670.29", "PARK_N": "49.0", "DUNAM": "1.11", "COMMENTS": " ", "SOURCE": "תצא 2023", "D_UPDATE": "20/11/2024 00:00:00", "FLOORS": "1.0", "RAIL_MAKAT": "0.0", "FCL_MAKAT": "710014.0", "STATUS": "קיים", "BUS_SERV": "כן", "TRAIN_SERV": "לא", "LRT_SERV": "לא", "PAY": "לא", "BIC_PARK": "", "ELECTRIC": "", "Shape_Length": "150.76424702696139", "Shape_Area": "1107.803275732854" }, "geometry": { "type": "Point", "coordinates": [ 34.58541, 31.66799 ] } },
{ "type": "Feature", "properties": { "OID": "-1", "ID": "27.0", "NAME": "רכבת אשקלון", "AUTHORITY": "אשקלון", "AUTH_CODE": "7100", "TRAFAUTH": "אשקלון", "TRAFCODE": "7100", "DISTRICT": "דרום", "X": "162681.88", "Y": "620654.39", "PARK_N": "430.0", "DUNAM": "8.5", "COMMENTS": " ", "SOURCE": "תצא 2023", "D_UPDATE": "20/11/2024 00:00:00", "FLOORS": "1.0", "RAIL_MAKAT": "17072.0", "FCL_MAKAT": "710011.0", "STATUS": "קיים", "BUS_SERV": "כן", "TRAIN_SERV": "כן", "LRT_SERV": "לא", "PAY": "לא", "BIC_PARK": "", "ELECTRIC": "", "Shape_Length": "382.177851437072", "Shape_Area": "8492.963065513455" }, "geometry": { "type": "Point", "coordinates": [ 34.60571, 31.67697 ] } },
{ "type": "Feature", "properties": { "OID": "-1", "ID": "28.0", "NAME": "רכבת אשקלון מזרח", "AUTHORITY": "אשקלון", "AUTH_CODE": "7100", "TRAFAUTH": "אשקלון", "TRAFCODE": "7100", "DISTRICT": "דרום", "X": "162805.45", "Y": "620534.62", "PARK_N": "600.0", "DUNAM": "23.54", "COMMENTS": " ", "SOURCE": "תצא 2023", "D_UPDATE": "20/11/2024 00:00:00", "FLOORS": "1.0", "RAIL_MAKAT": "17072.0", "FCL_MAKAT": "710011.0", "STATUS": "קיים", "BUS_SERV": "כן", "TRAIN_SERV": "כן", "LRT_SERV": "לא", "PAY": "לא", "BIC_PARK": "", "ELECTRIC": "", "Shape_Length": "599.7526854566039", "Shape_Area": "23522.4754086337" }, "geometry": { "type": "Point", "coordinates": [ 34.60702, 31.67589 ] } },
{ "type": "Feature", "properties": { "OID": "-1", "ID": "29.0", "NAME": "רכבת קרית גת", "AUTHORITY": "קרית גת", "AUTH_CODE": "2630", "TRAFAUTH": "רכבת ישראל", "TRAFCODE": "10105", "DISTRICT": "דרום", "X": "178909.68", "Y": "612447.46", "PARK_N": "252.0", "DUNAM": "7.72", "COMMENTS": " ", "SOURCE": "תצא 2023", "D_UPDATE": "20/11/2024 00:00:00", "FLOORS": "1.0", "RAIL_MAKAT": "17080.0", "FCL_MAKAT": "710041.0", "STATUS": "קיים", "BUS_SERV": "כן", "TRAIN_SERV": "כן", "LRT_SERV": "לא", "PAY": "לא", "BIC_PARK": "", "ELECTRIC": "", "Shape_Length": "475.11797068566966", "Shape_Area": "7712.337784070493" }, "geometry": { "type": "Point", "coordinates": [ 34.77718, 31.60364 ] } },
{ "type": "Feature", "properties": { "OID": "-1", "ID": "30.0", "NAME": "תחנה מרכזית קרית גת מערב", "AUTHORITY": "קרית גת", "AUTH_CODE": "2630", "TRAFAUTH": "קרית גת", "TRAFCODE": "2630", "DISTRICT": "דרום", "X": "178258.86", "Y": "612973.62", "PARK_N": "65.0", "DUNAM": "1.73", "COMMENTS": " ", "SOURCE": "תצא 2023", "D_UPDATE": "20/11/2024 00:00:00", "FLOORS": "1.0", "RAIL_MAKAT": "0.0", "FCL_MAKAT": "710039.0", "STATUS": "קיים", "BUS_SERV": "כן", "TRAIN_SERV": "לא", "LRT_SERV": "לא", "PAY": "לא", "BIC_PARK": "", "ELECTRIC": "", "Shape_Length": "246.15740947497218", "Shape_Area": "1730.9822030535101" }, "geometry": { "type": "Point", "coordinates": [ 34.7703, 31.60836 ] } },
{ "type": "Feature", "properties": { "OID": "-1", "ID": "31.0", "NAME": "תחנה מרכזית קרית גת מזרח", "AUTHORITY": "קרית גת", "AUTH_CODE": "2630", "TRAFAUTH": "קרית גת", "TRAFCODE": "2630", "DISTRICT": "דרום", "X": "178415.83", "Y": "613049.73", "PARK_N": "555.0", "DUNAM": "20.18", "COMMENTS": " ", "SOURCE": "תצא 2023", "D_UPDATE": "20/11/2024 00:00:00", "FLOORS": "1.0", "RAIL_MAKAT": "0.0", "FCL_MAKAT": "710039.0", "STATUS": "קיים", "BUS_SERV": "כן", "TRAIN_SERV": "לא", "LRT_SERV": "לא", "PAY": "לא", "BIC_PARK": "", "ELECTRIC": "", "Shape_Length": "845.9215787172602", "Shape_Area": "20164.689948645868" }, "geometry": { "type": "Point", "coordinates": [ 34.77195, 31.60905 ] } },
{ "type": "Feature", "properties": { "OID": "-1", "ID": "32.0", "NAME": "רכבת אשדוד- דרומי", "AUTHORITY": "אשדוד", "AUTH_CODE": "0070", "TRAFAUTH": "רכבת ישראל", "TRAFCODE": "10105", "DISTRICT": "דרום", "X": "168428.98", "Y": "631250.22", "PARK_N": "204.0", "DUNAM": "5.83", "COMMENTS": " ", "SOURCE": "תצא 2023", "D_UPDATE": "20/11/2024 00:00:00", "FLOORS": "1.0", "RAIL_MAKAT": "17070.0", "FCL_MAKAT": "710008.0", "STATUS": "קיים", "BUS_SERV": "כן", "TRAIN_SERV": "כן", "LRT_SERV": "לא", "PAY": "לא", "BIC_PARK": "", "ELECTRIC": "", "Shape_Length": "502.39746858313174", "Shape_Area": "5829.705026125663" }, "geometry": { "type": "Point", "coordinates": [ 34.66576, 31.77279 ] } },
{ "type": "Feature", "properties": { "OID": "-1", "ID": "33.0", "NAME": "רכבת אשדוד- צפון", "AUTHORITY": "אשדוד", "AUTH_CODE": "0070", "TRAFAUTH": "רכבת ישראל", "TRAFCODE": "10105", "DISTRICT": "דרום", "X": "168517.41", "Y": "631432.3", "PARK_N": "83.0", "DUNAM": "1.96", "COMMENTS": " ", "SOURCE": "תצא 2023", "D_UPDATE": "20/11/2024 00:00:00", "FLOORS": "1.0", "RAIL_MAKAT": "17070.0", "FCL_MAKAT": "710008.0", "STATUS": "קיים", "BUS_SERV": "כן", "TRAIN_SERV": "כן", "LRT_SERV": "לא", "PAY": "לא", "BIC_PARK": "", "ELECTRIC": "", "Shape_Length": "291.27093918460514", "Shape_Area": "1961.23378632722" }, "geometry": { "type": "Point", "coordinates": [ 34.66669, 31.77444 ] } },
{ "type": "Feature", "properties": { "OID": "-1", "ID": "34.0", "NAME": "רכבת אשדוד צפון מערב", "AUTHORITY": "אשדוד", "AUTH_CODE": "0070", "TRAFAUTH": "רכבת ישראל", "TRAFCODE": "10105", "DISTRICT": "דרום", "X": "168467.99", "Y": "631590.34", "PARK_N": "0.0", "DUNAM": "4.08", "COMMENTS": "לא ניתן לספור את כל החניות, קיים גשר מעל החניות ולא ניתן לראות מתחת", "SOURCE": "תצא 2023", "D_UPDATE": "20/11/2024 00:00:00", "FLOORS": "1.0", "RAIL_MAKAT": "0.0", "FCL_MAKAT": "710008.0", "STATUS": "קיים", "BUS_SERV": "כן", "TRAIN_SERV": "כן", "LRT_SERV": "לא", "PAY": "לא", "BIC_PARK": "", "ELECTRIC": "", "Shape_Length": "571.9780471870814", "Shape_Area": "4074.5683111887647" }, "geometry": { "type": "Point", "coordinates": [ 34.66616, 31.77586 ] } },
{ "type": "Feature", "properties": { "OID": "-1", "ID": "35.0", "NAME": "תחנה מרכזית אשדוד", "AUTHORITY": "אשדוד", "AUTH_CODE": "0070", "TRAFAUTH": "אשדוד", "TRAFCODE": "0070", "DISTRICT": "דרום", "X": "165955.3", "Y": "633258.89", "PARK_N": "600.0", "DUNAM": "12.34", "COMMENTS": "קיימת חנייה תת קרקעית עם 600 מקומות", "SOURCE": "תצא 2023", "D_UPDATE": "20/11/2024 00:00:00", "FLOORS": "1.0", "RAIL_MAKAT": "0.0", "FCL_MAKAT": "710006.0", "STATUS": "קיים", "BUS_SERV": "כן", "TRAIN_SERV": "לא", "LRT_SERV": "לא", "PAY": "לא", "BIC_PARK": "", "ELECTRIC": "", "Shape_Length": "489.5846318561398", "Shape_Area": "12333.996658235908" }, "geometry": { "type": "Point", "coordinates": [ 34.63954, 31.79079 ] } },
{ "type": "Feature", "properties": { "OID": "-1", "ID": "36.0", "NAME": "בני ברית", "AUTHORITY": "אשדוד", "AUTH_CODE": "0070", "TRAFAUTH": "אשדוד", "TRAFCODE": "0070", "DISTRICT": "דרום", "X": "167748.07", "Y": "634833.0", "PARK_N": "77.0", "DUNAM": "1.9", "COMMENTS": " ", "SOURCE": "תצא 2023", "D_UPDATE": "20/11/2024 00:00:00", "FLOORS": "1.0", "RAIL_MAKAT": "0.0", "FCL_MAKAT": "710009.0", "STATUS": "קיים", "BUS_SERV": "כן", "TRAIN_SERV": "לא", "LRT_SERV": "לא", "PAY": "לא", "BIC_PARK": "", "ELECTRIC": "", "Shape_Length": "228.48786073402553", "Shape_Area": "1898.869024585703" }, "geometry": { "type": "Point", "coordinates": [ 34.65839, 31.80507 ] } },
{ "type": "Feature", "properties": { "OID": "-1", "ID": "37.0", "NAME": "מתנח יבנה דרום", "AUTHORITY": "יבנה", "AUTH_CODE": "2660", "TRAFAUTH": "יבנה", "TRAFCODE": "2660", "DISTRICT": "מרכז", "X": "174699.11", "Y": "644161.16", "PARK_N": "303.0", "DUNAM": "8.84", "COMMENTS": " ", "SOURCE": "תצא 2023", "D_UPDATE": "20/11/2024 00:00:00", "FLOORS": "1.0", "RAIL_MAKAT": "0.0", "FCL_MAKAT": "730007.0", "STATUS": "קיים", "BUS_SERV": "כן", "TRAIN_SERV": "כן", "LRT_SERV": "לא", "PAY": "לא", "BIC_PARK": "", "ELECTRIC": "", "Shape_Length": "495.2151526156493", "Shape_Area": "8829.709176746841" }, "geometry": { "type": "Point", "coordinates": [ 34.73136, 31.88948 ] } },
{ "type": "Feature", "properties": { "OID": "-1", "ID": "38.0", "NAME": "מתנח יבנה", "AUTHORITY": "יבנה", "AUTH_CODE": "2660", "TRAFAUTH": "יבנה", "TRAFCODE": "2660", "DISTRICT": "מרכז", "X": "174789.37", "Y": "644290.06", "PARK_N": "16.0", "DUNAM": "0.36", "COMMENTS": " ", "SOURCE": "תצא 2023", "D_UPDATE": "20/11/2024 00:00:00", "FLOORS": "1.0", "RAIL_MAKAT": "0.0", "FCL_MAKAT": "730007.0", "STATUS": "קיים", "BUS_SERV": "כן", "TRAIN_SERV": "כן", "LRT_SERV": "לא", "PAY": "לא", "BIC_PARK": "", "ELECTRIC": "", "Shape_Length": "81.51574170628393", "Shape_Area": "364.3780341478644" }, "geometry": { "type": "Point", "coordinates": [ 34.73231, 31.89065 ] } },
{ "type": "Feature", "properties": { "OID": "-1", "ID": "39.0", "NAME": "רכבת יבנה מערב", "AUTHORITY": "יבנה", "AUTH_CODE": "2660", "TRAFAUTH": "רכבת ישראל", "TRAFCODE": "10105", "DISTRICT": "מרכז", "X": "174834.43", "Y": "644601.35", "PARK_N": "700.0", "DUNAM": "28.09", "COMMENTS": " ", "SOURCE": "תצא 2023", "D_UPDATE": "20/11/2024 00:00:00", "FLOORS": "1.0", "RAIL_MAKAT": "17096.0", "FCL_MAKAT": "730009.0", "STATUS": "קיים", "BUS_SERV": "כן", "TRAIN_SERV": "כן", "LRT_SERV": "לא", "PAY": "לא", "BIC_PARK": "", "ELECTRIC": "", "Shape_Length": "1613.0734229356456", "Shape_Area": "28068.926345976834" }, "geometry": { "type": "Point", "coordinates": [ 34.73277, 31.89346 ] } },
{ "type": "Feature", "properties": { "OID": "-1", "ID": "40.0", "NAME": "קטסינה", "AUTHORITY": "מפעלי צומת מלאכי", "AUTH_CODE": "1761", "TRAFAUTH": "מפעלי צומת מלאכי", "TRAFCODE": "1761", "DISTRICT": "דרום", "X": "176969.36", "Y": "626544.97", "PARK_N": "35.0", "DUNAM": "0.9", "COMMENTS": " ", "SOURCE": "תצא 2023", "D_UPDATE": "20/11/2024 00:00:00", "FLOORS": "1.0", "RAIL_MAKAT": "0.0", "FCL_MAKAT": "710015.0", "STATUS": "קיים", "BUS_SERV": "כן", "TRAIN_SERV": "לא", "LRT_SERV": "לא", "PAY": "לא", "BIC_PARK": "", "ELECTRIC": "", "Shape_Length": "127.27322139023723", "Shape_Area": "901.4169528120166" }, "geometry": { "type": "Point", "coordinates": [ 34.75612, 31.73071 ] } },
{ "type": "Feature", "properties": { "OID": "-1", "ID": "41.0", "NAME": "רכבת קרית מלאכי יואב", "AUTHORITY": "יואב", "AUTH_CODE": "5535", "TRAFAUTH": "רכבת ישראל", "TRAFCODE": "10105", "DISTRICT": "דרום", "X": "183236.35", "Y": "628411.86", "PARK_N": "205.0", "DUNAM": "6.0", "COMMENTS": " ", "SOURCE": "תצא 2023", "D_UPDATE": "20/11/2024 00:00:00", "FLOORS": "1.0", "RAIL_MAKAT": "17119.0", "FCL_MAKAT": "710028.0", "STATUS": "קיים", "BUS_SERV": "כן", "TRAIN_SERV": "כן", "LRT_SERV": "לא", "PAY": "לא", "BIC_PARK": "", "ELECTRIC": "", "Shape_Length": "360.25182615508277", "Shape_Area": "5990.581197802173" }, "geometry": { "type": "Point", "coordinates": [ 34.82218, 31.74776 ] } },
{ "type": "Feature", "properties": { "OID": "-1", "ID": "42.0", "NAME": "יד בנימין", "AUTHORITY": "יד בנימין", "AUTH_CODE": "0577", "TRAFAUTH": "יד בנימין", "TRAFCODE": "0577", "DISTRICT": "מרכז", "X": "183400.6", "Y": "633341.83", "PARK_N": "57.0", "DUNAM": "1.74", "COMMENTS": " ", "SOURCE": "רשות תחצ", "D_UPDATE": "20/11/2024 00:00:00", "FLOORS": "1.0", "RAIL_MAKAT": "0.0", "FCL_MAKAT": "0.0", "STATUS": "קיים", "BUS_SERV": "כן", "TRAIN_SERV": "לא", "LRT_SERV": "לא", "PAY": "לא", "BIC_PARK": "", "ELECTRIC": "", "Shape_Length": "166.40414451303758", "Shape_Area": "1735.6724845659267" }, "geometry": { "type": "Point", "coordinates": [ 34.82373, 31.79222 ] } },
{ "type": "Feature", "properties": { "OID": "-1", "ID": "43.0", "NAME": "רכבת מזכרת בתיה", "AUTHORITY": "מזכרת בתיה", "AUTH_CODE": "0028", "TRAFAUTH": "מזכרת בתיה", "TRAFCODE": "0028", "DISTRICT": "מרכז", "X": "186462.37", "Y": "638921.11", "PARK_N": "316.0", "DUNAM": "10.61", "COMMENTS": " ", "SOURCE": "תצא 2023", "D_UPDATE": "20/11/2024 00:00:00", "FLOORS": "1.0", "RAIL_MAKAT": "17120.0", "FCL_MAKAT": "730020.0", "STATUS": "קיים", "BUS_SERV": "כן", "TRAIN_SERV": "כן", "LRT_SERV": "לא", "PAY": "לא", "BIC_PARK": "", "ELECTRIC": "", "Shape_Length": "676.547459991532", "Shape_Area": "10599.643402358834" }, "geometry": { "type": "Point", "coordinates": [ 34.85587, 31.84263 ] } },
{ "type": "Feature", "properties": { "OID": "-1", "ID": "44.0", "NAME": "יבנה מזרח- דרום", "AUTHORITY": "יבנה", "AUTH_CODE": "2660", "TRAFAUTH": "מ.א. זבולון", "TRAFCODE": "2660", "DISTRICT": "מרכז", "X": "175790.91", "Y": "641050.22", "PARK_N": "216.0", "DUNAM": "6.19", "COMMENTS": " ", "SOURCE": "תצא 2023", "D_UPDATE": "20/11/2024 00:00:00", "FLOORS": "1.0", "RAIL_MAKAT": "17068.0", "FCL_MAKAT": "730008.0", "STATUS": "קיים", "BUS_SERV": "כן", "TRAIN_SERV": "כן", "LRT_SERV": "לא", "PAY": "לא", "BIC_PARK": "", "ELECTRIC": "", "Shape_Length": "410.0132227312469", "Shape_Area": "6189.995358244463" }, "geometry": { "type": "Point", "coordinates": [ 34.74304, 31.86147 ] } },
{ "type": "Feature", "properties": { "OID": "-1", "ID": "45.0", "NAME": "יבנה מזרח- צפון", "AUTHORITY": "יבנה", "AUTH_CODE": "2660", "TRAFAUTH": "רכבת ישראל", "TRAFCODE": "10105", "DISTRICT": "מרכז", "X": "175923.62", "Y": "641145.25", "PARK_N": "64.0", "DUNAM": "2.11", "COMMENTS": " ", "SOURCE": "תצא 2023", "D_UPDATE": "20/11/2024 00:00:00", "FLOORS": "1.0", "RAIL_MAKAT": "17068.0", "FCL_MAKAT": "730008.0", "STATUS": "קיים", "BUS_SERV": "כן", "TRAIN_SERV": "כן", "LRT_SERV": "לא", "PAY": "לא", "BIC_PARK": "", "ELECTRIC": "", "Shape_Length": "235.93482311842138", "Shape_Area": "2106.4616616264875" }, "geometry": { "type": "Point", "coordinates": [ 34.74444, 31.86233 ] } },
{ "type": "Feature", "properties": { "OID": "-1", "ID": "46.0", "NAME": "חנה וסע ראשון לציון", "AUTHORITY": "ראשון לציון", "AUTH_CODE": "8300", "TRAFAUTH": "ראשון לציון", "TRAFCODE": "8300", "DISTRICT": "מרכז", "X": "176765.01", "Y": "653466.64", "PARK_N": "3500.0", "DUNAM": "52.97", "COMMENTS": " ", "SOURCE": "מעורב", "D_UPDATE": "30/04/2026 00:00:00", "FLOORS": "1.0", "RAIL_MAKAT": "0.0", "FCL_MAKAT": "730042.0", "STATUS": "קיים", "BUS_SERV": "כן", "TRAIN_SERV": "לא", "LRT_SERV": "לא", "PAY": "", "BIC_PARK": "", "ELECTRIC": "1000", "Shape_Length": "1429.7595233560924", "Shape_Area": "52929.58473220837" }, "geometry": { "type": "Point", "coordinates": [ 34.75279, 31.97348 ] } },
{ "type": "Feature", "properties": { "OID": "-1", "ID": "47.0", "NAME": "תחנה מרכזית חדשה ראשון לציון - דרום", "AUTHORITY": "ראשון לציון", "AUTH_CODE": "8300", "TRAFAUTH": "ראשון לציון", "TRAFCODE": "8300", "DISTRICT": "מרכז", "X": "179848.23", "Y": "652722.01", "PARK_N": "176.0", "DUNAM": "5.23", "COMMENTS": "קיים חניון תת קרקעי גם, נספרו רק המקומות שנראים בתצ\"א", "SOURCE": "תצא 2023", "D_UPDATE": "20/11/2024 00:00:00", "FLOORS": "-1.0", "RAIL_MAKAT": "0.0", "FCL_MAKAT": "730040.0", "STATUS": "קיים", "BUS_SERV": "כן", "TRAIN_SERV": "לא", "LRT_SERV": "לא", "PAY": "לא", "BIC_PARK": "", "ELECTRIC": "", "Shape_Length": "302.25384707548767", "Shape_Area": "5222.332149188293" }, "geometry": { "type": "Point", "coordinates": [ 34.78543, 31.96688 ] } },
{ "type": "Feature", "properties": { "OID": "-1", "ID": "48.0", "NAME": "תחנה מרכזית חדשה ראשון לציון - צפון", "AUTHORITY": "ראשון לציון", "AUTH_CODE": "8300", "TRAFAUTH": "ראשון לציון", "TRAFCODE": "8300", "DISTRICT": "מרכז", "X": "179915.44", "Y": "652940.75", "PARK_N": "311.0", "DUNAM": "9.95", "COMMENTS": " ", "SOURCE": "תצא 2023", "D_UPDATE": "20/11/2024 00:00:00", "FLOORS": "1.0", "RAIL_MAKAT": "0.0", "FCL_MAKAT": "730040.0", "STATUS": "קיים", "BUS_SERV": "כן", "TRAIN_SERV": "לא", "LRT_SERV": "לא", "PAY": "לא", "BIC_PARK": "", "ELECTRIC": "4", "Shape_Length": "566.3116520317486", "Shape_Area": "9945.09927520555" }, "geometry": { "type": "Point", "coordinates": [ 34.78614, 31.96885 ] } },
{ "type": "Feature", "properties": { "OID": "-1", "ID": "49.0", "NAME": "תחנה מרכזית רחובות", "AUTHORITY": "רחובות", "AUTH_CODE": "8400", "TRAFAUTH": "רחובות", "TRAFCODE": "8400", "DISTRICT": "מרכז", "X": "181810.36", "Y": "644568.46", "PARK_N": "1350.0", "DUNAM": "20.82", "COMMENTS": "מקומות חנייה לפי האתר של קניון עופר/תחנה מרכזית רחובות", "SOURCE": "תצא 2023", "D_UPDATE": "20/11/2024 00:00:00", "FLOORS": "-1.0", "RAIL_MAKAT": "0.0", "FCL_MAKAT": "730044.0", "STATUS": "קיים", "BUS_SERV": "כן", "TRAIN_SERV": "לא", "LRT_SERV": "לא", "PAY": "לא", "BIC_PARK": "", "ELECTRIC": "", "Shape_Length": "918.5207355552488", "Shape_Area": "20808.9042271695" }, "geometry": { "type": "Point", "coordinates": [ 34.80651, 31.89341 ] } },
{ "type": "Feature", "properties": { "OID": "-1", "ID": "50.0", "NAME": "רכבת רחובות - תפון", "AUTHORITY": "רחובות", "AUTH_CODE": "8400", "TRAFAUTH": "רחובות", "TRAFCODE": "8400", "DISTRICT": "מרכז", "X": "181800.52", "Y": "646368.21", "PARK_N": "197.0", "DUNAM": "4.18", "COMMENTS": " ", "SOURCE": "תצא 2023", "D_UPDATE": "20/11/2024 00:00:00", "FLOORS": "1.0", "RAIL_MAKAT": "17064.0", "FCL_MAKAT": "730045.0", "STATUS": "קיים", "BUS_SERV": "כן", "TRAIN_SERV": "כן", "LRT_SERV": "לא", "PAY": "לא", "BIC_PARK": "", "ELECTRIC": "", "Shape_Length": "700.4192426846931", "Shape_Area": "4178.021446981664" }, "geometry": { "type": "Point", "coordinates": [ 34.80633, 31.90964 ] } },
{ "type": "Feature", "properties": { "OID": "-1", "ID": "51.0", "NAME": "רכבת רחובות", "AUTHORITY": "רחובות", "AUTH_CODE": "8400", "TRAFAUTH": "רכבת ישראל", "TRAFCODE": "10105", "DISTRICT": "מרכז", "X": "181984.21", "Y": "646342.7", "PARK_N": "86.0", "DUNAM": "2.82", "COMMENTS": " ", "SOURCE": "תצא 2023", "D_UPDATE": "20/11/2024 00:00:00", "FLOORS": "1.0", "RAIL_MAKAT": "17064.0", "FCL_MAKAT": "730045.0", "STATUS": "קיים", "BUS_SERV": "כן", "TRAIN_SERV": "כן", "LRT_SERV": "לא", "PAY": "לא", "BIC_PARK": "", "ELECTRIC": "", "Shape_Length": "327.57004358483067", "Shape_Area": "2817.7189226075416" }, "geometry": { "type": "Point", "coordinates": [ 34.80828, 31.90942 ] } },
{ "type": "Feature", "properties": { "OID": "-1", "ID": "52.0", "NAME": "רכבת באר יעקב", "AUTHORITY": "באר יעקב", "AUTH_CODE": "2530", "TRAFAUTH": "רכבת ישראל", "TRAFCODE": "10105", "DISTRICT": "מרכז", "X": "184016.15", "Y": "648927.48", "PARK_N": "68.0", "DUNAM": "1.93", "COMMENTS": " ", "SOURCE": "תצא 2023", "D_UPDATE": "20/11/2024 00:00:00", "FLOORS": "1.0", "RAIL_MAKAT": "17066.0", "FCL_MAKAT": "0.0", "STATUS": "קיים", "BUS_SERV": "כן", "TRAIN_SERV": "כן", "LRT_SERV": "לא", "PAY": "לא", "BIC_PARK": "", "ELECTRIC": "", "Shape_Length": "283.29568577993", "Shape_Area": "1930.3474812850475" }, "geometry": { "type": "Point", "coordinates": [ 34.82966, 31.93279 ] } },
{ "type": "Feature", "properties": { "OID": "-1", "ID": "53.0", "NAME": "רכבת ראשונים", "AUTHORITY": "ראשון לציון", "AUTH_CODE": "8300", "TRAFAUTH": "ראשון לציון", "TRAFCODE": "8300", "DISTRICT": "מרכז", "X": "181563.14", "Y": "650793.67", "PARK_N": "1500.0", "DUNAM": "8.83", "COMMENTS": "חנייה בתשלום מתחת לקניון ראשונים, מספר חניות לפי אתר עזריאלי ראשונים", "SOURCE": "תצא 2023", "D_UPDATE": "20/11/2024 00:00:00", "FLOORS": "-1.0", "RAIL_MAKAT": "17098.0", "FCL_MAKAT": "730039.0", "STATUS": "קיים", "BUS_SERV": "כן", "TRAIN_SERV": "כן", "LRT_SERV": "לא", "PAY": "כן", "BIC_PARK": "", "ELECTRIC": "23", "Shape_Length": "410.03438293585845", "Shape_Area": "8825.304690289668" }, "geometry": { "type": "Point", "coordinates": [ 34.80365, 31.94954 ] } },
{ "type": "Feature", "properties": { "OID": "-1", "ID": "54.0", "NAME": "אבי האסירים ראשלצ - צפון", "AUTHORITY": "ראשון לציון", "AUTH_CODE": "8300", "TRAFAUTH": "ראשון לציון", "TRAFCODE": "8300", "DISTRICT": "מרכז", "X": "181592.96", "Y": "651365.31", "PARK_N": "0.0", "DUNAM": "3.17", "COMMENTS": "שטח ללא סימון חניה", "SOURCE": "תצא 2023", "D_UPDATE": "20/11/2024 00:00:00", "FLOORS": "1.0", "RAIL_MAKAT": "0.0", "FCL_MAKAT": "730041.0", "STATUS": "קיים", "BUS_SERV": "כן", "TRAIN_SERV": "לא", "LRT_SERV": "לא", "PAY": "לא", "BIC_PARK": "", "ELECTRIC": "", "Shape_Length": "225.36434300512946", "Shape_Area": "3168.1422280729153" }, "geometry": { "type": "Point", "coordinates": [ 34.80394, 31.9547 ] } },
{ "type": "Feature", "properties": { "OID": "-1", "ID": "55.0", "NAME": "אבי האסירים - דרום", "AUTHORITY": "ראשון לציון", "AUTH_CODE": "8300", "TRAFAUTH": "ראשון לציון", "TRAFCODE": "8300", "DISTRICT": "מרכז", "X": "181631.57", "Y": "651324.25", "PARK_N": "27.0", "DUNAM": "0.36", "COMMENTS": " ", "SOURCE": "תצא 2023", "D_UPDATE": "20/11/2024 00:00:00", "FLOORS": "1.0", "RAIL_MAKAT": "0.0", "FCL_MAKAT": "730041.0", "STATUS": "קיים", "BUS_SERV": "כן", "TRAIN_SERV": "לא", "LRT_SERV": "לא", "PAY": "לא", "BIC_PARK": "", "ELECTRIC": "", "Shape_Length": "168.93562341197708", "Shape_Area": "355.9117289324712" }, "geometry": { "type": "Point", "coordinates": [ 34.80435, 31.95433 ] } },
{ "type": "Feature", "properties": { "OID": "-1", "ID": "56.0", "NAME": "אליהו הנביא דרומי", "AUTHORITY": "בית שמש", "AUTH_CODE": "2610", "TRAFAUTH": "בית שמש", "TRAFCODE": "2610", "DISTRICT": "ירושלים", "X": "199816.3", "Y": "623482.77", "PARK_N": "24.0", "DUNAM": "0.33", "COMMENTS": " ", "SOURCE": "תצא 2023", "D_UPDATE": "20/11/2024 00:00:00", "FLOORS": "1.0", "RAIL_MAKAT": "0.0", "FCL_MAKAT": "700044.0", "STATUS": "קיים", "BUS_SERV": "כן", "TRAIN_SERV": "לא", "LRT_SERV": "לא", "PAY": "", "BIC_PARK": "", "ELECTRIC": "", "Shape_Length": "169.81959014171701", "Shape_Area": "334.4782349223042" }, "geometry": { "type": "Point", "coordinates": [ 34.99726, 31.70371 ] } },
{ "type": "Feature", "properties": { "OID": "-1", "ID": "57.0", "NAME": "אליהו הנביא צפני", "AUTHORITY": "בית שמש", "AUTH_CODE": "2610", "TRAFAUTH": "בית שמש", "TRAFCODE": "2610", "DISTRICT": "ירושלים", "X": "199833.21", "Y": "623553.59", "PARK_N": "0.0", "DUNAM": "1.99", "COMMENTS": "שטח ללא סימון חניה", "SOURCE": "תצא 2023", "D_UPDATE": "20/11/2024 00:00:00", "FLOORS": "1.0", "RAIL_MAKAT": "0.0", "FCL_MAKAT": "700044.0", "STATUS": "קיים", "BUS_SERV": "כן", "TRAIN_SERV": "לא", "LRT_SERV": "לא", "PAY": "", "BIC_PARK": "", "ELECTRIC": "", "Shape_Length": "271.8456354109709", "Shape_Area": "1988.8859740877224" }, "geometry": { "type": "Point", "coordinates": [ 34.99744, 31.70435 ] } },
{ "type": "Feature", "properties": { "OID": "-1", "ID": "58.0", "NAME": "רכבת בית שמש", "AUTHORITY": "בית שמש", "AUTH_CODE": "2610", "TRAFAUTH": "בית שמש", "TRAFCODE": "2610", "DISTRICT": "ירושלים", "X": "199041.68", "Y": "629390.05", "PARK_N": "854.0", "DUNAM": "25.9", "COMMENTS": " ", "SOURCE": "תצא 2023", "D_UPDATE": "20/11/2024 00:00:00", "FLOORS": "1.0", "RAIL_MAKAT": "17074.0", "FCL_MAKAT": "700006.0", "STATUS": "קיים", "BUS_SERV": "כן", "TRAIN_SERV": "כן", "LRT_SERV": "לא", "PAY": "לא", "BIC_PARK": "", "ELECTRIC": "6", "Shape_Length": "1161.7176275641882", "Shape_Area": "25883.506643690922" }, "geometry": { "type": "Point", "coordinates": [ 34.98897, 31.75697 ] } },
{ "type": "Feature", "properties": { "OID": "-1", "ID": "59.0", "NAME": "חניון לטרון", "AUTHORITY": "מטה יהודה", "AUTH_CODE": "5526", "TRAFAUTH": " ", "TRAFCODE": " ", "DISTRICT": "ירושלים", "X": "197857.54", "Y": "638012.44", "PARK_N": "111.0", "DUNAM": "3.47", "COMMENTS": " ", "SOURCE": "תצא", "D_UPDATE": "01/02/2026 00:00:00", "FLOORS": "1.0", "RAIL_MAKAT": "0.0", "FCL_MAKAT": "700055.0", "STATUS": "קיים", "BUS_SERV": "כן", "TRAIN_SERV": "לא", "LRT_SERV": "לא", "PAY": "לא", "BIC_PARK": "", "ELECTRIC": "", "Shape_Length": "437.0934763654137", "Shape_Area": "3463.7116684959556" }, "geometry": { "type": "Point", "coordinates": [ 34.97628, 31.83471 ] } },
{ "type": "Feature", "properties": { "OID": "-1", "ID": "60.0", "NAME": "תחנה מרכזית רחובות - דרום", "AUTHORITY": "רמלה", "AUTH_CODE": "8500", "TRAFAUTH": "רמלה", "TRAFCODE": "8500", "DISTRICT": "מרכז", "X": "188359.69", "Y": "648087.78", "PARK_N": "179.0", "DUNAM": "6.7", "COMMENTS": " ", "SOURCE": "תצא 2023", "D_UPDATE": "20/11/2024 00:00:00", "FLOORS": "1.0", "RAIL_MAKAT": "0.0", "FCL_MAKAT": "730046.0", "STATUS": "קיים", "BUS_SERV": "כן", "TRAIN_SERV": "לא", "LRT_SERV": "לא", "PAY": "לא", "BIC_PARK": "", "ELECTRIC": "", "Shape_Length": "434.6470331419218", "Shape_Area": "6694.175643624373" }, "geometry": { "type": "Point", "coordinates": [ 34.87562, 31.92535 ] } },
{ "type": "Feature", "properties": { "OID": "-1", "ID": "61.0", "NAME": "תחנה מרכזית רחובות", "AUTHORITY": "רמלה", "AUTH_CODE": "8500", "TRAFAUTH": "רמלה", "TRAFCODE": "8500", "DISTRICT": "מרכז", "X": "188534.78", "Y": "648224.75", "PARK_N": "0.0", "DUNAM": "5.24", "COMMENTS": "קיים חניון בעל כמה מפלסים, לא ברור כמה חניות, לא נמצא מידע בהקשר זה", "SOURCE": "תצא 2023", "D_UPDATE": "20/11/2024 00:00:00", "FLOORS": "-1.0", "RAIL_MAKAT": "0.0", "FCL_MAKAT": "730046.0", "STATUS": "קיים", "BUS_SERV": "כן", "TRAIN_SERV": "לא", "LRT_SERV": "לא", "PAY": "", "BIC_PARK": "", "ELECTRIC": "", "Shape_Length": "348.0838850007538", "Shape_Area": "5232.146694458221" }, "geometry": { "type": "Point", "coordinates": [ 34.87747, 31.92659 ] } },
{ "type": "Feature", "properties": { "OID": "-1", "ID": "62.0", "NAME": "רכבת רמלה", "AUTHORITY": "רמלה", "AUTH_CODE": "8500", "TRAFAUTH": "רכבת ישראל", "TRAFCODE": "10105", "DISTRICT": "מרכז", "X": "188362.44", "Y": "648711.63", "PARK_N": "306.0", "DUNAM": "8.63", "COMMENTS": " ", "SOURCE": "תצא 2023", "D_UPDATE": "20/11/2024 00:00:00", "FLOORS": "1.0", "RAIL_MAKAT": "17060.0", "FCL_MAKAT": "730046.0", "STATUS": "קיים", "BUS_SERV": "כן", "TRAIN_SERV": "כן", "LRT_SERV": "לא", "PAY": "", "BIC_PARK": "", "ELECTRIC": "", "Shape_Length": "512.4347067827078", "Shape_Area": "8628.106234882713" }, "geometry": { "type": "Point", "coordinates": [ 34.87563, 31.93098 ] } },
{ "type": "Feature", "properties": { "OID": "-1", "ID": "63.0", "NAME": "רכבת רמלה", "AUTHORITY": "רמלה", "AUTH_CODE": "8500", "TRAFAUTH": "רמלה", "TRAFCODE": "8500", "DISTRICT": "מרכז", "X": "188431.82", "Y": "648543.31", "PARK_N": "73.0", "DUNAM": "1.67", "COMMENTS": " ", "SOURCE": "תצא 2023", "D_UPDATE": "20/11/2024 00:00:00", "FLOORS": "1.0", "RAIL_MAKAT": "17060.0", "FCL_MAKAT": "730046.0", "STATUS": "קיים", "BUS_SERV": "כן", "TRAIN_SERV": "כן", "LRT_SERV": "לא", "PAY": "", "BIC_PARK": "", "ELECTRIC": "", "Shape_Length": "243.24537895187598", "Shape_Area": "1667.5378399099714" }, "geometry": { "type": "Point", "coordinates": [ 34.87637, 31.92946 ] } },
{ "type": "Feature", "properties": { "OID": "-1", "ID": "64.0", "NAME": "רכבת לוד", "AUTHORITY": "לוד", "AUTH_CODE": "7000", "TRAFAUTH": "רכבת ישראל", "TRAFCODE": "10105", "DISTRICT": "מרכז", "X": "188867.68", "Y": "650690.12", "PARK_N": "120.0", "DUNAM": "4.69", "COMMENTS": " ", "SOURCE": "תצא 2023", "D_UPDATE": "20/11/2024 00:00:00", "FLOORS": "1.0", "RAIL_MAKAT": "17058.0", "FCL_MAKAT": "0.0", "STATUS": "קיים", "BUS_SERV": "כן", "TRAIN_SERV": "כן", "LRT_SERV": "לא", "PAY": "", "BIC_PARK": "", "ELECTRIC": "", "Shape_Length": "366.42166493751296", "Shape_Area": "4690.670769045669" }, "geometry": { "type": "Point", "coordinates": [ 34.88091, 31.94883 ] } },
{ "type": "Feature", "properties": { "OID": "-1", "ID": "257.0", "NAME": "רקל הר הרצל", "AUTHORITY": "ירושלים", "AUTH_CODE": "3000", "TRAFAUTH": "ירושלים", "TRAFCODE": "3000", "DISTRICT": "ירושלים", "X": "217280.02", "Y": "631080.44", "PARK_N": "0.0", "DUNAM": "2.12", "COMMENTS": "שטח ללא סימון חניה", "SOURCE": "תצא 2023", "D_UPDATE": "20/11/2024 00:00:00", "FLOORS": "1.0", "RAIL_MAKAT": "0.0", "FCL_MAKAT": "0.0", "STATUS": "קיים", "BUS_SERV": "כן", "TRAIN_SERV": "לא", "LRT_SERV": "כן", "PAY": "לא", "BIC_PARK": "", "ELECTRIC": "", "Shape_Length": "208.70344802623214", "Shape_Area": "2119.394827380942" }, "geometry": { "type": "Point", "coordinates": [ 35.18147, 31.7724 ] } },
{ "type": "Feature", "properties": { "OID": "-1", "ID": "258.0", "NAME": "רמת בית הכרם", "AUTHORITY": "ירושלים", "AUTH_CODE": "3000", "TRAFAUTH": "ירושלים", "TRAFCODE": "3000", "DISTRICT": "ירושלים", "X": "218478.11", "Y": "630920.46", "PARK_N": "17.0", "DUNAM": "0.31", "COMMENTS": " ", "SOURCE": "תצא 2023", "D_UPDATE": "20/11/2024 00:00:00", "FLOORS": "1.0", "RAIL_MAKAT": "0.0", "FCL_MAKAT": "700034.0", "STATUS": "קיים", "BUS_SERV": "כן", "TRAIN_SERV": "לא", "LRT_SERV": "לא", "PAY": "לא", "BIC_PARK": "", "ELECTRIC": "", "Shape_Length": "122.45785962652597", "Shape_Area": "311.2304916491113" }, "geometry": { "type": "Point", "coordinates": [ 35.19411, 31.77095 ] } },
{ "type": "Feature", "properties": { "OID": "-1", "ID": "259.0", "NAME": "שער שכם", "AUTHORITY": "ירושלים", "AUTH_CODE": "3000", "TRAFAUTH": "ירושלים", "TRAFCODE": "3000", "DISTRICT": "ירושלים", "X": "221682.11", "Y": "632218.64", "PARK_N": "30.0", "DUNAM": "1.13", "COMMENTS": " ", "SOURCE": "תצא 2023", "D_UPDATE": "20/11/2024 00:00:00", "FLOORS": "1.0", "RAIL_MAKAT": "0.0", "FCL_MAKAT": "700037.0", "STATUS": "קיים", "BUS_SERV": "כן", "TRAIN_SERV": "לא", "LRT_SERV": "כן", "PAY": "לא", "BIC_PARK": "", "ELECTRIC": "", "Shape_Length": "167.4643682079424", "Shape_Area": "1127.652404879234" }, "geometry": { "type": "Point", "coordinates": [ 35.22794, 31.78266 ] } },
{ "type": "Feature", "properties": { "OID": "-1", "ID": "260.0", "NAME": "הנביאים", "AUTHORITY": "ירושלים", "AUTH_CODE": "3000", "TRAFAUTH": "ירושלים", "TRAFCODE": "3000", "DISTRICT": "ירושלים", "X": "221824.03", "Y": "632077.29", "PARK_N": "76.0", "DUNAM": "1.68", "COMMENTS": " ", "SOURCE": "תצא 2023", "D_UPDATE": "20/11/2024 00:00:00", "FLOORS": "1.0", "RAIL_MAKAT": "0.0", "FCL_MAKAT": "700037.0", "STATUS": "קיים", "BUS_SERV": "כן", "TRAIN_SERV": "לא", "LRT_SERV": "לא", "PAY": "כן", "BIC_PARK": "", "ELECTRIC": "", "Shape_Length": "271.40272996335943", "Shape_Area": "1677.7488565918995" }, "geometry": { "type": "Point", "coordinates": [ 35.22944, 31.78139 ] } },
{ "type": "Feature", "properties": { "OID": "-1", "ID": "261.0", "NAME": "תחנה מרכזית ירושלים", "AUTHORITY": "ירושלים", "AUTH_CODE": "3000", "TRAFAUTH": "ירושלים", "TRAFCODE": "3000", "DISTRICT": "ירושלים", "X": "219313.84", "Y": "632945.37", "PARK_N": "0.0", "DUNAM": "5.68", "COMMENTS": "קיימת חנייה בתשלום במתחם התחנה המרכזית, לא ברור כמה חניות.", "SOURCE": "תצא 2023", "D_UPDATE": "20/11/2024 00:00:00", "FLOORS": "-1.0", "RAIL_MAKAT": "0.0", "FCL_MAKAT": "700032.0", "STATUS": "קיים", "BUS_SERV": "כן", "TRAIN_SERV": "לא", "LRT_SERV": "כן", "PAY": "כן", "BIC_PARK": "", "ELECTRIC": "", "Shape_Length": "305.5176117645716", "Shape_Area": "5676.467570936065" }, "geometry": { "type": "Point", "coordinates": [ 35.20294, 31.78922 ] } },
{ "type": "Feature", "properties": { "OID": "-1", "ID": "262.0", "NAME": "הר חוצבים", "AUTHORITY": "ירושלים", "AUTH_CODE": "3000", "TRAFAUTH": "ירושלים", "TRAFCODE": "3000", "DISTRICT": "ירושלים", "X": "220200.53", "Y": "634142.27", "PARK_N": "81.0", "DUNAM": "1.92", "COMMENTS": " ", "SOURCE": "תצא 2023", "D_UPDATE": "20/11/2024 00:00:00", "FLOORS": "1.0", "RAIL_MAKAT": "0.0", "FCL_MAKAT": "700028.0", "STATUS": "קיים", "BUS_SERV": "כן", "TRAIN_SERV": "לא", "LRT_SERV": "לא", "PAY": "לא", "BIC_PARK": "", "ELECTRIC": "", "Shape_Length": "231.29335157695385", "Shape_Area": "1921.4288962870862" }, "geometry": { "type": "Point", "coordinates": [ 35.2123, 31.80001 ] } },
{ "type": "Feature", "properties": { "OID": "-1", "ID": "263.0", "NAME": "גבעת התחמושת מערב", "AUTHORITY": "ירושלים", "AUTH_CODE": "3000", "TRAFAUTH": "ירושלים", "TRAFCODE": "3000", "DISTRICT": "ירושלים", "X": "221996.98", "Y": "634083.55", "PARK_N": "420.0", "DUNAM": "9.87", "COMMENTS": " ", "SOURCE": "תצא 2023", "D_UPDATE": "20/11/2024 00:00:00", "FLOORS": "1.0", "RAIL_MAKAT": "0.0", "FCL_MAKAT": "700026.0", "STATUS": "קיים", "BUS_SERV": "כן", "TRAIN_SERV": "לא", "LRT_SERV": "כן", "PAY": "לא", "BIC_PARK": "", "ELECTRIC": "", "Shape_Length": "548.588006519633", "Shape_Area": "9858.58051791358" }, "geometry": { "type": "Point", "coordinates": [ 35.23127, 31.79948 ] } },
{ "type": "Feature", "properties": { "OID": "-1", "ID": "264.0", "NAME": "גבעת התחמושת דרום מזרח", "AUTHORITY": "ירושלים", "AUTH_CODE": "3000", "TRAFAUTH": "ירושלים", "TRAFCODE": "3000", "DISTRICT": "ירושלים", "X": "222139.53", "Y": "633955.96", "PARK_N": "275.0", "DUNAM": "5.55", "COMMENTS": " ", "SOURCE": "תצא 2023", "D_UPDATE": "20/11/2024 00:00:00", "FLOORS": "1.0", "RAIL_MAKAT": "0.0", "FCL_MAKAT": "700026.0", "STATUS": "קיים", "BUS_SERV": "כן", "TRAIN_SERV": "לא", "LRT_SERV": "כן", "PAY": "לא", "BIC_PARK": "", "ELECTRIC": "", "Shape_Length": "302.18909769531973", "Shape_Area": "5549.83449940301" }, "geometry": { "type": "Point", "coordinates": [ 35.23277, 31.79833 ] } },
{ "type": "Feature", "properties": { "OID": "-1", "ID": "265.0", "NAME": "גבעת התחמושת צפון מזרח", "AUTHORITY": "ירושלים", "AUTH_CODE": "3000", "TRAFAUTH": "ירושלים", "TRAFCODE": "3000", "DISTRICT": "ירושלים", "X": "222185.35", "Y": "634018.07", "PARK_N": "0.0", "DUNAM": "5.22", "COMMENTS": "אין סימוני חנייה - לא ניתן לספור בדיוק כמה מקומות חנייה קיימים", "SOURCE": "תצא 2023", "D_UPDATE": "20/11/2024 00:00:00", "FLOORS": "1.0", "RAIL_MAKAT": "0.0", "FCL_MAKAT": "700026.0", "STATUS": "קיים", "BUS_SERV": "כן", "TRAIN_SERV": "לא", "LRT_SERV": "כן", "PAY": "לא", "BIC_PARK": "", "ELECTRIC": "", "Shape_Length": "283.8623027204244", "Shape_Area": "5211.92799319707" }, "geometry": { "type": "Point", "coordinates": [ 35.23326, 31.79889 ] } },
{ "type": "Feature", "properties": { "OID": "-1", "ID": "266.0", "NAME": "בר כוכבא", "AUTHORITY": "ירושלים", "AUTH_CODE": "3000", "TRAFAUTH": "ירושלים", "TRAFCODE": "3000", "DISTRICT": "ירושלים", "X": "222536.41", "Y": "634978.64", "PARK_N": "70.0", "DUNAM": "2.5", "COMMENTS": " ", "SOURCE": "תצא 2023", "D_UPDATE": "20/11/2024 00:00:00", "FLOORS": "1.0", "RAIL_MAKAT": "0.0", "FCL_MAKAT": "700041.0", "STATUS": "קיים", "BUS_SERV": "כן", "TRAIN_SERV": "לא", "LRT_SERV": "לא", "PAY": "לא", "BIC_PARK": "", "ELECTRIC": "", "Shape_Length": "252.713165079238", "Shape_Area": "2494.0683553481904" }, "geometry": { "type": "Point", "coordinates": [ 35.23697, 31.80755 ] } },
{ "type": "Feature", "properties": { "OID": "-1", "ID": "267.0", "NAME": "רקל בית חנינא", "AUTHORITY": "ירושלים", "AUTH_CODE": "3000", "TRAFAUTH": "ירושלים", "TRAFCODE": "3000", "DISTRICT": "ירושלים", "X": "221792.99", "Y": "636283.23", "PARK_N": "240.0", "DUNAM": "6.47", "COMMENTS": " ", "SOURCE": "תצא 2025", "D_UPDATE": "29/01/2026 00:00:00", "FLOORS": "1.0", "RAIL_MAKAT": "0.0", "FCL_MAKAT": "700054.0", "STATUS": "קיים", "BUS_SERV": "כן", "TRAIN_SERV": "לא", "LRT_SERV": "כן", "PAY": "כן", "BIC_PARK": "0", "ELECTRIC": "0", "Shape_Length": "328.53618665360386", "Shape_Area": "6464.060231914629" }, "geometry": { "type": "Point", "coordinates": [ 35.22912, 31.81932 ] } },
{ "type": "Feature", "properties": { "OID": "-1", "ID": "268.0", "NAME": "פסגת זאב", "AUTHORITY": "ירושלים", "AUTH_CODE": "3000", "TRAFAUTH": "ירושלים", "TRAFCODE": "3000", "DISTRICT": "ירושלים", "X": "222864.39", "Y": "636800.57", "PARK_N": "123.0", "DUNAM": "2.94", "COMMENTS": " ", "SOURCE": "תצא 2023", "D_UPDATE": "20/11/2024 00:00:00", "FLOORS": "1.0", "RAIL_MAKAT": "0.0", "FCL_MAKAT": "0.0", "STATUS": "קיים", "BUS_SERV": "כן", "TRAIN_SERV": "לא", "LRT_SERV": "כן", "PAY": "לא", "BIC_PARK": "", "ELECTRIC": "", "Shape_Length": "245.57645623404142", "Shape_Area": "2942.515192372703" }, "geometry": { "type": "Point", "coordinates": [ 35.24044, 31.82398 ] } },
{ "type": "Feature", "properties": { "OID": "-1", "ID": "269.0", "NAME": "רכבת בנימינה דרום", "AUTHORITY": "בנימינה גבעת עדה", "AUTH_CODE": "9800", "TRAFAUTH": "רכבת ישראל", "TRAFCODE": "10105", "DISTRICT": "חיפה", "X": "195572.1", "Y": "713214.05", "PARK_N": "345.0", "DUNAM": "8.34", "COMMENTS": " ", "SOURCE": "תצא 2023", "D_UPDATE": "20/11/2024 00:00:00", "FLOORS": "1.0", "RAIL_MAKAT": "17024.0", "FCL_MAKAT": "0.0", "STATUS": "קיים", "BUS_SERV": "כן", "TRAIN_SERV": "כן", "LRT_SERV": "לא", "PAY": "לא", "BIC_PARK": "", "ELECTRIC": "", "Shape_Length": "631.1666777335705", "Shape_Area": "8336.489045122338" }, "geometry": { "type": "Point", "coordinates": [ 34.95026, 32.51281 ] } },
{ "type": "Feature", "properties": { "OID": "-1", "ID": "270.0", "NAME": "רכבת בנימינה צפון", "AUTHORITY": "בנימינה גבעת עדה", "AUTH_CODE": "9800", "TRAFAUTH": "רכבת ישראל", "TRAFCODE": "10105", "DISTRICT": "חיפה", "X": "195517.35", "Y": "713541.67", "PARK_N": "178.0", "DUNAM": "3.77", "COMMENTS": " ", "SOURCE": "תצא 2023", "D_UPDATE": "20/11/2024 00:00:00", "FLOORS": "1.0", "RAIL_MAKAT": "17024.0", "FCL_MAKAT": "0.0", "STATUS": "קיים", "BUS_SERV": "כן", "TRAIN_SERV": "כן", "LRT_SERV": "לא", "PAY": "לא", "BIC_PARK": "", "ELECTRIC": "", "Shape_Length": "507.928124130837", "Shape_Area": "3768.0305688765557" }, "geometry": { "type": "Point", "coordinates": [ 34.94967, 32.51577 ] } },
{ "type": "Feature", "properties": { "OID": "-1", "ID": "271.0", "NAME": "מרכז מירב - מזרח", "AUTHORITY": "מרכז מיר''ב", "AUTH_CODE": "1715", "TRAFAUTH": "מרכז מיר''ב", "TRAFCODE": "1715", "DISTRICT": "חיפה", "X": "196862.1", "Y": "728092.44", "PARK_N": "130.0", "DUNAM": "3.63", "COMMENTS": " ", "SOURCE": "תצא 2023", "D_UPDATE": "20/11/2024 00:00:00", "FLOORS": "1.0", "RAIL_MAKAT": "0.0", "FCL_MAKAT": "740005.0", "STATUS": "קיים", "BUS_SERV": "כן", "TRAIN_SERV": "לא", "LRT_SERV": "לא", "PAY": "לא", "BIC_PARK": "", "ELECTRIC": "", "Shape_Length": "247.57916791940772", "Shape_Area": "3631.3800045833527" }, "geometry": { "type": "Point", "coordinates": [ 34.96363, 32.647 ] } },
{ "type": "Feature", "properties": { "OID": "-1", "ID": "272.0", "NAME": "רכבת עתלית", "AUTHORITY": "עתלית", "AUTH_CODE": "0053", "TRAFAUTH": "רכבת ישראל", "TRAFCODE": "10105", "DISTRICT": "חיפה", "X": "194708.77", "Y": "733230.94", "PARK_N": "30.0", "DUNAM": "0.7", "COMMENTS": " ", "SOURCE": "תצא 2023", "D_UPDATE": "20/11/2024 00:00:00", "FLOORS": "1.0", "RAIL_MAKAT": "17022.0", "FCL_MAKAT": "0.0", "STATUS": "קיים", "BUS_SERV": "כן", "TRAIN_SERV": "כן", "LRT_SERV": "לא", "PAY": "לא", "BIC_PARK": "", "ELECTRIC": "", "Shape_Length": "126.87876896923323", "Shape_Area": "701.1055669719875" }, "geometry": { "type": "Point", "coordinates": [ 34.94054, 32.69329 ] } },
{ "type": "Feature", "properties": { "OID": "-1", "ID": "273.0", "NAME": "מרכז מירב - מערב", "AUTHORITY": "מרכז מיר''ב", "AUTH_CODE": "1715", "TRAFAUTH": "מרכז מיר''ב", "TRAFCODE": "1715", "DISTRICT": "חיפה", "X": "196935.0", "Y": "728130.09", "PARK_N": "98.0", "DUNAM": "2.66", "COMMENTS": " ", "SOURCE": "תצא 2023", "D_UPDATE": "20/11/2024 00:00:00", "FLOORS": "1.0", "RAIL_MAKAT": "0.0", "FCL_MAKAT": "740005.0", "STATUS": "קיים", "BUS_SERV": "כן", "TRAIN_SERV": "לא", "LRT_SERV": "לא", "PAY": "לא", "BIC_PARK": "", "ELECTRIC": "", "Shape_Length": "218.64630703340143", "Shape_Area": "2657.4789482549345" }, "geometry": { "type": "Point", "coordinates": [ 34.9644, 32.64734 ] } },
{ "type": "Feature", "properties": { "OID": "-1", "ID": "274.0", "NAME": "אוניברסיתה חיפה", "AUTHORITY": "נשר", "AUTH_CODE": "2500", "TRAFAUTH": "נשר", "TRAFCODE": "2500", "DISTRICT": "חיפה", "X": "202403.32", "Y": "740502.23", "PARK_N": "325.0", "DUNAM": "7.85", "COMMENTS": " ", "SOURCE": "תצא 2023", "D_UPDATE": "20/11/2024 00:00:00", "FLOORS": "1.0", "RAIL_MAKAT": "0.0", "FCL_MAKAT": "740013.0", "STATUS": "קיים", "BUS_SERV": "כן", "TRAIN_SERV": "לא", "LRT_SERV": "לא", "PAY": "כן", "BIC_PARK": "", "ELECTRIC": "", "Shape_Length": "365.3971335988586", "Shape_Area": "7850.572950704031" }, "geometry": { "type": "Point", "coordinates": [ 35.02246, 32.759 ] } },
{ "type": "Feature", "properties": { "OID": "-1", "ID": "275.0", "NAME": "מסוף יוקנעם - דרום", "AUTHORITY": "יקנעם עילית", "AUTH_CODE": "0240", "TRAFAUTH": "יקנעם עילית", "TRAFCODE": "0240", "DISTRICT": "צפון", "X": "210038.89", "Y": "729389.77", "PARK_N": "74.0", "DUNAM": "1.55", "COMMENTS": " ", "SOURCE": "תצא 2023", "D_UPDATE": "20/11/2024 00:00:00", "FLOORS": "1.0", "RAIL_MAKAT": "0.0", "FCL_MAKAT": "750004.0", "STATUS": "קיים", "BUS_SERV": "כן", "TRAIN_SERV": "לא", "LRT_SERV": "לא", "PAY": "לא", "BIC_PARK": "", "ELECTRIC": "", "Shape_Length": "270.7520275695729", "Shape_Area": "1549.2052048186476" }, "geometry": { "type": "Point", "coordinates": [ 35.10406, 32.65889 ] } },
{ "type": "Feature", "properties": { "OID": "-1", "ID": "276.0", "NAME": "מסוף יועקנעם - צפון", "AUTHORITY": "יקנעם עילית", "AUTH_CODE": "0240", "TRAFAUTH": "יקנעם עילית", "TRAFCODE": "0240", "DISTRICT": "צפון", "X": "210112.19", "Y": "729523.34", "PARK_N": "430.0", "DUNAM": "9.92", "COMMENTS": " ", "SOURCE": "תצא 2023", "D_UPDATE": "20/11/2024 00:00:00", "FLOORS": "1.0", "RAIL_MAKAT": "0.0", "FCL_MAKAT": "750004.0", "STATUS": "קיים", "BUS_SERV": "כן", "TRAIN_SERV": "לא", "LRT_SERV": "לא", "PAY": "כן", "BIC_PARK": "", "ELECTRIC": "3", "Shape_Length": "642.5941339985304", "Shape_Area": "9915.59572482967" }, "geometry": { "type": "Point", "coordinates": [ 35.10484, 32.6601 ] } },
{ "type": "Feature", "properties": { "OID": "-1", "ID": "277.0", "NAME": "רכבת כפר יהושע", "AUTHORITY": "עמק יזרעאל", "AUTH_CODE": "5509", "TRAFAUTH": "רכבת ישראל", "TRAFCODE": "10105", "DISTRICT": "צפון", "X": "211964.62", "Y": "731918.96", "PARK_N": "502.0", "DUNAM": "15.0", "COMMENTS": " ", "SOURCE": "תצא 2023", "D_UPDATE": "20/11/2024 00:00:00", "FLOORS": "1.0", "RAIL_MAKAT": "17110.0", "FCL_MAKAT": "750023.0", "STATUS": "קיים", "BUS_SERV": "כן", "TRAIN_SERV": "כן", "LRT_SERV": "לא", "PAY": "לא", "BIC_PARK": "", "ELECTRIC": "", "Shape_Length": "576.0113483286514", "Shape_Area": "14995.429223129016" }, "geometry": { "type": "Point", "coordinates": [ 35.12456, 32.68171 ] } },
{ "type": "Feature", "properties": { "OID": "-1", "ID": "278.0", "NAME": "יגור", "AUTHORITY": "יגור", "AUTH_CODE": "0096", "TRAFAUTH": "מ.א. זבולון", "TRAFCODE": "5512", "DISTRICT": "חיפה", "X": "206915.83", "Y": "739405.53", "PARK_N": "712.0", "DUNAM": "18.61", "COMMENTS": " ", "SOURCE": "תצא 2023", "D_UPDATE": "20/11/2024 00:00:00", "FLOORS": "1.0", "RAIL_MAKAT": "0.0", "FCL_MAKAT": "0.0", "STATUS": "קיים", "BUS_SERV": "כן", "TRAIN_SERV": "לא", "LRT_SERV": "לא", "PAY": "לא", "BIC_PARK": "", "ELECTRIC": "", "Shape_Length": "725.6239471500287", "Shape_Area": "18604.228882180996" }, "geometry": { "type": "Point", "coordinates": [ 35.07063, 32.74917 ] } },
{ "type": "Feature", "properties": { "OID": "-1", "ID": "279.0", "NAME": "חוף הכרמל מערב", "AUTHORITY": "חיפה", "AUTH_CODE": "4000", "TRAFAUTH": "רכבת ישראל", "TRAFCODE": "10105", "DISTRICT": "חיפה", "X": "196281.5", "Y": "744355.9", "PARK_N": "55.0", "DUNAM": "1.74", "COMMENTS": " ", "SOURCE": "תצא 2023", "D_UPDATE": "20/11/2024 00:00:00", "FLOORS": "1.0", "RAIL_MAKAT": "17020.0", "FCL_MAKAT": "740008.0", "STATUS": "קיים", "BUS_SERV": "כן", "TRAIN_SERV": "כן", "LRT_SERV": "לא", "PAY": "לא", "BIC_PARK": "", "ELECTRIC": "", "Shape_Length": "224.17000393826683", "Shape_Area": "1734.5362518534516" }, "geometry": { "type": "Point", "coordinates": [ 34.95704, 32.79364 ] } },
{ "type": "Feature", "properties": { "OID": "-1", "ID": "280.0", "NAME": "חוף הכרמל פון", "AUTHORITY": "חיפה", "AUTH_CODE": "4000", "TRAFAUTH": "רכבת ישראל", "TRAFCODE": "10105", "DISTRICT": "חיפה", "X": "196351.36", "Y": "744427.93", "PARK_N": "65.0", "DUNAM": "2.22", "COMMENTS": " ", "SOURCE": "תצא 2023", "D_UPDATE": "20/11/2024 00:00:00", "FLOORS": "1.0", "RAIL_MAKAT": "17020.0", "FCL_MAKAT": "740008.0", "STATUS": "קיים", "BUS_SERV": "כן", "TRAIN_SERV": "כן", "LRT_SERV": "לא", "PAY": "לא", "BIC_PARK": "", "ELECTRIC": "", "Shape_Length": "209.78811371853718", "Shape_Area": "2218.379572232399" }, "geometry": { "type": "Point", "coordinates": [ 34.95778, 32.79429 ] } },
{ "type": "Feature", "properties": { "OID": "-1", "ID": "281.0", "NAME": "תחנה מרכזית חוף הכרמל", "AUTHORITY": "חיפה", "AUTH_CODE": "4000", "TRAFAUTH": "חיפה", "TRAFCODE": "4000", "DISTRICT": "חיפה", "X": "196487.86", "Y": "744355.19", "PARK_N": "204.0", "DUNAM": "6.07", "COMMENTS": " ", "SOURCE": "תצא 2023", "D_UPDATE": "20/11/2024 00:00:00", "FLOORS": "1.0", "RAIL_MAKAT": "17020.0", "FCL_MAKAT": "740008.0", "STATUS": "קיים", "BUS_SERV": "כן", "TRAIN_SERV": "כן", "LRT_SERV": "לא", "PAY": "כן", "BIC_PARK": "", "ELECTRIC": "", "Shape_Length": "457.896078630189", "Shape_Area": "6062.687348167905" }, "geometry": { "type": "Point", "coordinates": [ 34.95924, 32.79363 ] } },
{ "type": "Feature", "properties": { "OID": "-1", "ID": "282.0", "NAME": "רכבת בת גלים", "AUTHORITY": "חיפה", "AUTH_CODE": "4000", "TRAFAUTH": "רכבת ישראל", "TRAFCODE": "10105", "DISTRICT": "חיפה", "X": "198764.96", "Y": "748437.26", "PARK_N": "395.0", "DUNAM": "14.75", "COMMENTS": " ", "SOURCE": "תצא 2023", "D_UPDATE": "20/11/2024 00:00:00", "FLOORS": "1.0", "RAIL_MAKAT": "17018.0", "FCL_MAKAT": "740009.0", "STATUS": "קיים", "BUS_SERV": "כן", "TRAIN_SERV": "כן", "LRT_SERV": "לא", "PAY": "", "BIC_PARK": "", "ELECTRIC": "", "Shape_Length": "834.1482021045251", "Shape_Area": "14744.0104463669" }, "geometry": { "type": "Point", "coordinates": [ 34.98346, 32.83049 ] } },
{ "type": "Feature", "properties": { "OID": "-1", "ID": "283.0", "NAME": "רכבת מרכז", "AUTHORITY": "חיפה", "AUTH_CODE": "4000", "TRAFAUTH": "חיפה", "TRAFCODE": "4000", "DISTRICT": "חיפה", "X": "200007.68", "Y": "747450.02", "PARK_N": "195.0", "DUNAM": "0.01", "COMMENTS": " ", "SOURCE": "תצא 2023", "D_UPDATE": "20/11/2024 00:00:00", "FLOORS": "1.0", "RAIL_MAKAT": "17016.0", "FCL_MAKAT": "740018.0", "STATUS": "קיים", "BUS_SERV": "כן", "TRAIN_SERV": "כן", "LRT_SERV": "לא", "PAY": "לא", "BIC_PARK": "", "ELECTRIC": "", "Shape_Length": "102.4890384570409", "Shape_Area": "11.174675913592706" }, "geometry": { "type": "Point", "coordinates": [ 34.99675, 32.82161 ] } },
{ "type": "Feature", "properties": { "OID": "-1", "ID": "284.0", "NAME": "מרכזית המפרץ - צפון מערב", "AUTHORITY": "חיפה", "AUTH_CODE": "4000", "TRAFAUTH": "חיפה", "TRAFCODE": "4000", "DISTRICT": "חיפה", "X": "203293.31", "Y": "744194.65", "PARK_N": "159.0", "DUNAM": "4.73", "COMMENTS": " ", "SOURCE": "תצא 2023", "D_UPDATE": "20/11/2024 00:00:00", "FLOORS": "1.0", "RAIL_MAKAT": "17123.0", "FCL_MAKAT": "740007.0", "STATUS": "קיים", "BUS_SERV": "כן", "TRAIN_SERV": "כן", "LRT_SERV": "לא", "PAY": "כן", "BIC_PARK": "", "ELECTRIC": "", "Shape_Length": "315.70750814494124", "Shape_Area": "4729.593356944507" }, "geometry": { "type": "Point", "coordinates": [ 35.03189, 32.79231 ] } },
{ "type": "Feature", "properties": { "OID": "-1", "ID": "285.0", "NAME": "מרכזית המפרץ - דרום מערב", "AUTHORITY": "חיפה", "AUTH_CODE": "4000", "TRAFAUTH": "חיפה", "TRAFCODE": "4000", "DISTRICT": "חיפה", "X": "203433.58", "Y": "744157.82", "PARK_N": "37.0", "DUNAM": "0.78", "COMMENTS": " ", "SOURCE": "תצא 2023", "D_UPDATE": "20/11/2024 00:00:00", "FLOORS": "1.0", "RAIL_MAKAT": "17123.0", "FCL_MAKAT": "740007.0", "STATUS": "קיים", "BUS_SERV": "כן", "TRAIN_SERV": "כן", "LRT_SERV": "לא", "PAY": "כן", "BIC_PARK": "", "ELECTRIC": "", "Shape_Length": "137.1398380531969", "Shape_Area": "777.4470679352879" }, "geometry": { "type": "Point", "coordinates": [ 35.03339, 32.79198 ] } },
{ "type": "Feature", "properties": { "OID": "-1", "ID": "286.0", "NAME": "מרכזית המפרץ צפון", "AUTHORITY": "חיפה", "AUTH_CODE": "4000", "TRAFAUTH": "חברת נמלי ישראל", "TRAFCODE": "10110", "DISTRICT": "חיפה", "X": "203573.52", "Y": "744444.39", "PARK_N": "175.0", "DUNAM": "6.26", "COMMENTS": " ", "SOURCE": "תצא 2023", "D_UPDATE": "20/11/2024 00:00:00", "FLOORS": "1.0", "RAIL_MAKAT": "0.0", "FCL_MAKAT": "740007.0", "STATUS": "קיים", "BUS_SERV": "כן", "TRAIN_SERV": "כן", "LRT_SERV": "לא", "PAY": "לא", "BIC_PARK": "", "ELECTRIC": "", "Shape_Length": "353.384019958548", "Shape_Area": "6256.417101253726" }, "geometry": { "type": "Point", "coordinates": [ 35.03488, 32.79456 ] } },
{ "type": "Feature", "properties": { "OID": "-1", "ID": "287.0", "NAME": "מרכזית המפרץ", "AUTHORITY": "חיפה", "AUTH_CODE": "4000", "TRAFAUTH": "חיפה", "TRAFCODE": "4000", "DISTRICT": "חיפה", "X": "203702.67", "Y": "744314.98", "PARK_N": "76.0", "DUNAM": "2.38", "COMMENTS": " ", "SOURCE": "תצא 2023", "D_UPDATE": "20/11/2024 00:00:00", "FLOORS": "1.0", "RAIL_MAKAT": "17008.0", "FCL_MAKAT": "740007.0", "STATUS": "קיים", "BUS_SERV": "כן", "TRAIN_SERV": "כן", "LRT_SERV": "לא", "PAY": "לא", "BIC_PARK": "", "ELECTRIC": "", "Shape_Length": "212.60304590145356", "Shape_Area": "2376.301695276843" }, "geometry": { "type": "Point", "coordinates": [ 35.03626, 32.7934 ] } },
{ "type": "Feature", "properties": { "OID": "-1", "ID": "288.0", "NAME": "קריות", "AUTHORITY": "חיפה", "AUTH_CODE": "4000", "TRAFAUTH": "חיפה", "TRAFCODE": "4000", "DISTRICT": "חיפה", "X": "205104.33", "Y": "746859.16", "PARK_N": "337.0", "DUNAM": "9.48", "COMMENTS": " ", "SOURCE": "תצא 2023", "D_UPDATE": "20/11/2024 00:00:00", "FLOORS": "1.0", "RAIL_MAKAT": "0.0", "FCL_MAKAT": "740010.0", "STATUS": "קיים", "BUS_SERV": "כן", "TRAIN_SERV": "לא", "LRT_SERV": "לא", "PAY": "לא", "BIC_PARK": "", "ELECTRIC": "", "Shape_Length": "466.35946732870144", "Shape_Area": "9476.172522331395" }, "geometry": { "type": "Point", "coordinates": [ 35.05119, 32.81636 ] } },
{ "type": "Feature", "properties": { "OID": "-1", "ID": "289.0", "NAME": "רכבת חוצות מפרץ", "AUTHORITY": "חיפה", "AUTH_CODE": "4000", "TRAFAUTH": "חיפה", "TRAFCODE": "4000", "DISTRICT": "חיפה", "X": "205535.11", "Y": "746064.26", "PARK_N": "1471.0", "DUNAM": "79.63", "COMMENTS": " ", "SOURCE": "תצא 2023", "D_UPDATE": "20/11/2024 00:00:00", "FLOORS": "1.0", "RAIL_MAKAT": "17010.0", "FCL_MAKAT": "0.0", "STATUS": "קיים", "BUS_SERV": "כן", "TRAIN_SERV": "כן", "LRT_SERV": "לא", "PAY": "", "BIC_PARK": "", "ELECTRIC": "", "Shape_Length": "1850.6701003440219", "Shape_Area": "79588.429604297" }, "geometry": { "type": "Point", "coordinates": [ 35.0558, 32.8092 ] } },
{ "type": "Feature", "properties": { "OID": "-1", "ID": "290.0", "NAME": "רכבת קרית חיים", "AUTHORITY": "חיפה", "AUTH_CODE": "4000", "TRAFAUTH": "חיפה", "TRAFCODE": "4000", "DISTRICT": "חיפה", "X": "206366.34", "Y": "747784.21", "PARK_N": "164.0", "DUNAM": "5.13", "COMMENTS": " ", "SOURCE": "תצא 2023", "D_UPDATE": "20/11/2024 00:00:00", "FLOORS": "1.0", "RAIL_MAKAT": "17004.0", "FCL_MAKAT": "0.0", "STATUS": "קיים", "BUS_SERV": "כן", "TRAIN_SERV": "כן", "LRT_SERV": "לא", "PAY": "לא", "BIC_PARK": "", "ELECTRIC": "", "Shape_Length": "318.2109932646068", "Shape_Area": "5122.848657056494" }, "geometry": { "type": "Point", "coordinates": [ 35.06465, 32.82472 ] } },
{ "type": "Feature", "properties": { "OID": "-1", "ID": "291.0", "NAME": "קרית מוצקין- דרום", "AUTHORITY": "חיפה", "AUTH_CODE": "4000", "TRAFAUTH": "חיפה", "TRAFCODE": "4000", "DISTRICT": "חיפה", "X": "206778.0", "Y": "748600.35", "PARK_N": "178.0", "DUNAM": "6.14", "COMMENTS": " ", "SOURCE": "תצא 2023", "D_UPDATE": "20/11/2024 00:00:00", "FLOORS": "1.0", "RAIL_MAKAT": "17117.0", "FCL_MAKAT": "0.0", "STATUS": "קיים", "BUS_SERV": "כן", "TRAIN_SERV": "כן", "LRT_SERV": "לא", "PAY": "לא", "BIC_PARK": "", "ELECTRIC": "", "Shape_Length": "504.784776732144", "Shape_Area": "6140.381485368328" }, "geometry": { "type": "Point", "coordinates": [ 35.06903, 32.83208 ] } },
{ "type": "Feature", "properties": { "OID": "-1", "ID": "292.0", "NAME": "קרית מוצקין- צפון", "AUTHORITY": "חיפה", "AUTH_CODE": "4000", "TRAFAUTH": "חיפה", "TRAFCODE": "4000", "DISTRICT": "חיפה", "X": "206903.44", "Y": "748800.93", "PARK_N": "73.0", "DUNAM": "2.55", "COMMENTS": " ", "SOURCE": "תצא 2023", "D_UPDATE": "20/11/2024 00:00:00", "FLOORS": "1.0", "RAIL_MAKAT": "17117.0", "FCL_MAKAT": "0.0", "STATUS": "קיים", "BUS_SERV": "כן", "TRAIN_SERV": "כן", "LRT_SERV": "לא", "PAY": "לא", "BIC_PARK": "", "ELECTRIC": "", "Shape_Length": "310.25754078206205", "Shape_Area": "2546.217201645159" }, "geometry": { "type": "Point", "coordinates": [ 35.07037, 32.83389 ] } },
{ "type": "Feature", "properties": { "OID": "-1", "ID": "293.0", "NAME": "מרכזית הקריות", "AUTHORITY": "קרית מוצקין", "AUTH_CODE": "8200", "TRAFAUTH": "קרית מוצקין", "TRAFCODE": "8200", "DISTRICT": "חיפה", "X": "208922.61", "Y": "751559.92", "PARK_N": "440.0", "DUNAM": "28.53", "COMMENTS": " ", "SOURCE": "תצא 2023", "D_UPDATE": "20/11/2024 00:00:00", "FLOORS": "1.0", "RAIL_MAKAT": "0.0", "FCL_MAKAT": "740016.0", "STATUS": "קיים", "BUS_SERV": "כן", "TRAIN_SERV": "לא", "LRT_SERV": "לא", "PAY": "לא", "BIC_PARK": "", "ELECTRIC": "2", "Shape_Length": "731.0224888246205", "Shape_Area": "28511.3673753249" }, "geometry": { "type": "Point", "coordinates": [ 35.09191, 32.85879 ] } },
{ "type": "Feature", "properties": { "OID": "-1", "ID": "294.0", "NAME": "תחנה מרכזית עכו", "AUTHORITY": "עכו", "AUTH_CODE": "7600", "TRAFAUTH": "עכו", "TRAFCODE": "7600", "DISTRICT": "צפון", "X": "207931.99", "Y": "759188.43", "PARK_N": "0.0", "DUNAM": "4.92", "COMMENTS": "מאולתר", "SOURCE": "תצא 2023", "D_UPDATE": "20/11/2024 00:00:00", "FLOORS": "1.0", "RAIL_MAKAT": "0.0", "FCL_MAKAT": "750021.0", "STATUS": "ארעי", "BUS_SERV": "כן", "TRAIN_SERV": "כן", "LRT_SERV": "לא", "PAY": "לא", "BIC_PARK": "", "ELECTRIC": "", "Shape_Length": "322.3442204250049", "Shape_Area": "4917.991686769871" }, "geometry": { "type": "Point", "coordinates": [ 35.08123, 32.92756 ] } },
{ "type": "Feature", "properties": { "OID": "-1", "ID": "295.0", "NAME": "רכבת עכו", "AUTHORITY": "עכו", "AUTH_CODE": "7600", "TRAFAUTH": "רכבת ישראל", "TRAFCODE": "10105", "DISTRICT": "צפון", "X": "208128.7", "Y": "759118.55", "PARK_N": "230.0", "DUNAM": "4.36", "COMMENTS": " ", "SOURCE": "תצא 2023", "D_UPDATE": "20/11/2024 00:00:00", "FLOORS": "1.0", "RAIL_MAKAT": "17012.0", "FCL_MAKAT": "0.0", "STATUS": "קיים", "BUS_SERV": "כן", "TRAIN_SERV": "כן", "LRT_SERV": "לא", "PAY": "לא", "BIC_PARK": "", "ELECTRIC": "", "Shape_Length": "633.2408488808977", "Shape_Area": "4358.924849736449" }, "geometry": { "type": "Point", "coordinates": [ 35.08333, 32.92693 ] } },
{ "type": "Feature", "properties": { "OID": "-1", "ID": "296.0", "NAME": "רכבת נהריר", "AUTHORITY": "נהריה", "AUTH_CODE": "9100", "TRAFAUTH": "נהריה", "TRAFCODE": "9100", "DISTRICT": "צפון", "X": "209684.66", "Y": "767693.36", "PARK_N": "267.0", "DUNAM": "6.92", "COMMENTS": " ", "SOURCE": "תצא 2023", "D_UPDATE": "20/11/2024 00:00:00", "FLOORS": "1.0", "RAIL_MAKAT": "17014.0", "FCL_MAKAT": "750013.0", "STATUS": "קיים", "BUS_SERV": "כן", "TRAIN_SERV": "כן", "LRT_SERV": "לא", "PAY": "לא", "BIC_PARK": "", "ELECTRIC": "8", "Shape_Length": "526.1609832443058", "Shape_Area": "6913.62422122964" }, "geometry": { "type": "Point", "coordinates": [ 35.09988, 33.00427 ] } },
{ "type": "Feature", "properties": { "OID": "-1", "ID": "297.0", "NAME": "רכבת כפר ברוך", "AUTHORITY": "עמק יזרעאל", "AUTH_CODE": "5509", "TRAFAUTH": "רכבת ישראל", "TRAFCODE": "10105", "DISTRICT": "צפון", "X": "219873.92", "Y": "728180.23", "PARK_N": "250.0", "DUNAM": "7.75", "COMMENTS": " ", "SOURCE": "תצא 2023", "D_UPDATE": "20/11/2024 00:00:00", "FLOORS": "1.0", "RAIL_MAKAT": "17113.0", "FCL_MAKAT": "750024.0", "STATUS": "קיים", "BUS_SERV": "כן", "TRAIN_SERV": "כן", "LRT_SERV": "לא", "PAY": "לא", "BIC_PARK": "", "ELECTRIC": "", "Shape_Length": "461.91769570029965", "Shape_Area": "7743.156425422659" }, "geometry": { "type": "Point", "coordinates": [ 35.20889, 32.64802 ] } },
{ "type": "Feature", "properties": { "OID": "-1", "ID": "298.0", "NAME": "תחנה מרכזית עפולה", "AUTHORITY": "עפולה", "AUTH_CODE": "7700", "TRAFAUTH": "עפולה", "TRAFCODE": "7700", "DISTRICT": "צפון", "X": "227721.52", "Y": "723712.48", "PARK_N": "111.0", "DUNAM": "2.9", "COMMENTS": " ", "SOURCE": "תצא 2023", "D_UPDATE": "20/11/2024 00:00:00", "FLOORS": "1.0", "RAIL_MAKAT": "0.0", "FCL_MAKAT": "750028.0", "STATUS": "קיים", "BUS_SERV": "כן", "TRAIN_SERV": "לא", "LRT_SERV": "לא", "PAY": "לא", "BIC_PARK": "", "ELECTRIC": "", "Shape_Length": "263.6683313397034", "Shape_Area": "2896.2113395280107" }, "geometry": { "type": "Point", "coordinates": [ 35.29249, 32.60771 ] } },
{ "type": "Feature", "properties": { "OID": "-1", "ID": "299.0", "NAME": "רכבת עפולה - מזרח", "AUTHORITY": "עפולה", "AUTH_CODE": "7700", "TRAFAUTH": "רכבת ישראל", "TRAFCODE": "10105", "DISTRICT": "צפון", "X": "227990.26", "Y": "725151.39", "PARK_N": "370.0", "DUNAM": "13.55", "COMMENTS": " ", "SOURCE": "תצא 2023", "D_UPDATE": "20/11/2024 00:00:00", "FLOORS": "1.0", "RAIL_MAKAT": "17112.0", "FCL_MAKAT": "750026.0", "STATUS": "קיים", "BUS_SERV": "כן", "TRAIN_SERV": "כן", "LRT_SERV": "לא", "PAY": "לא", "BIC_PARK": "", "ELECTRIC": "", "Shape_Length": "475.3165406071007", "Shape_Area": "13538.42696182037" }, "geometry": { "type": "Point", "coordinates": [ 35.29537, 32.62068 ] } },
{ "type": "Feature", "properties": { "OID": "-1", "ID": "300.0", "NAME": "רכבת עפולה - מערב", "AUTHORITY": "עפולה", "AUTH_CODE": "7700", "TRAFAUTH": "רכבת ישראל", "TRAFCODE": "10105", "DISTRICT": "צפון", "X": "227827.75", "Y": "725216.91", "PARK_N": "285.0", "DUNAM": "9.92", "COMMENTS": " ", "SOURCE": "תצא 2023", "D_UPDATE": "20/11/2024 00:00:00", "FLOORS": "1.0", "RAIL_MAKAT": "17112.0", "FCL_MAKAT": "750026.0", "STATUS": "קיים", "BUS_SERV": "כן", "TRAIN_SERV": "כן", "LRT_SERV": "לא", "PAY": "לא", "BIC_PARK": "", "ELECTRIC": "", "Shape_Length": "468.55320856728116", "Shape_Area": "9915.16029295337" }, "geometry": { "type": "Point", "coordinates": [ 35.29364, 32.62127 ] } },
{ "type": "Feature", "properties": { "OID": "-1", "ID": "301.0", "NAME": "רכבת אחיהוד", "AUTHORITY": "משגב", "AUTH_CODE": "5556", "TRAFAUTH": "רכבת ישראל", "TRAFCODE": "10105", "DISTRICT": "צפון", "X": "216757.02", "Y": "757359.96", "PARK_N": "240.0", "DUNAM": "7.94", "COMMENTS": " ", "SOURCE": "תצא 2023", "D_UPDATE": "20/11/2024 00:00:00", "FLOORS": "1.0", "RAIL_MAKAT": "17116.0", "FCL_MAKAT": "750012.0", "STATUS": "קיים", "BUS_SERV": "כן", "TRAIN_SERV": "כן", "LRT_SERV": "לא", "PAY": "לא", "BIC_PARK": "", "ELECTRIC": "", "Shape_Length": "594.8728056628744", "Shape_Area": "7931.659989396618" }, "geometry": { "type": "Point", "coordinates": [ 35.17559, 32.91113 ] } },
{ "type": "Feature", "properties": { "OID": "-1", "ID": "302.0", "NAME": "כרמיאל - דרום מערב", "AUTHORITY": "כרמיאל", "AUTH_CODE": "1139", "TRAFAUTH": "כרמיאל", "TRAFCODE": "1139", "DISTRICT": "צפון", "X": "228173.12", "Y": "758753.76", "PARK_N": "20.0", "DUNAM": "0.9", "COMMENTS": " ", "SOURCE": "תצא 2023", "D_UPDATE": "20/11/2024 00:00:00", "FLOORS": "1.0", "RAIL_MAKAT": "17115.0", "FCL_MAKAT": "750005.0", "STATUS": "קיים", "BUS_SERV": "כן", "TRAIN_SERV": "כן", "LRT_SERV": "לא", "PAY": "לא", "BIC_PARK": "", "ELECTRIC": "", "Shape_Length": "168.38004993140714", "Shape_Area": "894.9373822432973" }, "geometry": { "type": "Point", "coordinates": [ 35.29763, 32.92367 ] } },
{ "type": "Feature", "properties": { "OID": "-1", "ID": "303.0", "NAME": "כרמיאל- מזרח", "AUTHORITY": "כרמיאל", "AUTH_CODE": "1139", "TRAFAUTH": "רכבת ישראל", "TRAFCODE": "10105", "DISTRICT": "צפון", "X": "228253.91", "Y": "758789.43", "PARK_N": "0.0", "DUNAM": "4.73", "COMMENTS": "חניון דו קומתי לכן לא ניתן לספור חניה מתצא", "SOURCE": "תצא 2023", "D_UPDATE": "20/11/2024 00:00:00", "FLOORS": "-1.0", "RAIL_MAKAT": "17115.0", "FCL_MAKAT": "750005.0", "STATUS": "קיים", "BUS_SERV": "כן", "TRAIN_SERV": "כן", "LRT_SERV": "לא", "PAY": "לא", "BIC_PARK": "", "ELECTRIC": "", "Shape_Length": "411.7258633112805", "Shape_Area": "4729.241082705089" }, "geometry": { "type": "Point", "coordinates": [ 35.2985, 32.92399 ] } },
{ "type": "Feature", "properties": { "OID": "-1", "ID": "304.0", "NAME": "כרמיאל - דרום מזרח", "AUTHORITY": "כרמיאל", "AUTH_CODE": "1139", "TRAFAUTH": "כרמיאל", "TRAFCODE": "1139", "DISTRICT": "צפון", "X": "228355.45", "Y": "758727.52", "PARK_N": "147.0", "DUNAM": "6.26", "COMMENTS": "חלק מהחניון מאולתר, נספרו רק החניות המסומנות", "SOURCE": "תצא 2023", "D_UPDATE": "20/11/2024 00:00:00", "FLOORS": "1.0", "RAIL_MAKAT": "17115.0", "FCL_MAKAT": "750005.0", "STATUS": "קיים", "BUS_SERV": "כן", "TRAIN_SERV": "כן", "LRT_SERV": "לא", "PAY": "", "BIC_PARK": "", "ELECTRIC": "", "Shape_Length": "407.5989250328785", "Shape_Area": "6260.13316999843" }, "geometry": { "type": "Point", "coordinates": [ 35.29958, 32.92343 ] } },
{ "type": "Feature", "properties": { "OID": "-1", "ID": "305.0", "NAME": "כרמיאל-מערב", "AUTHORITY": "כרמיאל", "AUTH_CODE": "1139", "TRAFAUTH": "רכבת ישראל", "TRAFCODE": "10105", "DISTRICT": "צפון", "X": "227926.52", "Y": "758807.22", "PARK_N": "0.0", "DUNAM": "5.9", "COMMENTS": "חניון דו קומתי לכן לא ניתן לספור חניה מתצא", "SOURCE": "תצא 2023", "D_UPDATE": "20/11/2024 00:00:00", "FLOORS": "-1.0", "RAIL_MAKAT": "17115.0", "FCL_MAKAT": "750005.0", "STATUS": "קיים", "BUS_SERV": "כן", "TRAIN_SERV": "כן", "LRT_SERV": "לא", "PAY": "לא", "BIC_PARK": "", "ELECTRIC": "", "Shape_Length": "471.01042187952237", "Shape_Area": "5894.512206822698" }, "geometry": { "type": "Point", "coordinates": [ 35.295, 32.92415 ] } },
{ "type": "Feature", "properties": { "OID": "-1", "ID": "306.0", "NAME": "רכבת בית שאן", "AUTHORITY": "עמק המעיינות", "AUTH_CODE": "5507", "TRAFAUTH": "רכבת ישראל", "TRAFCODE": "10105", "DISTRICT": "צפון", "X": "246162.54", "Y": "713503.49", "PARK_N": "19.0", "DUNAM": "2.3", "COMMENTS": " ", "SOURCE": "תצא 2023", "D_UPDATE": "20/11/2024 00:00:00", "FLOORS": "1.0", "RAIL_MAKAT": "17111.0", "FCL_MAKAT": "750022.0", "STATUS": "קיים", "BUS_SERV": "כן", "TRAIN_SERV": "כן", "LRT_SERV": "לא", "PAY": "", "BIC_PARK": "", "ELECTRIC": "", "Shape_Length": "248.05808870213278", "Shape_Area": "2293.7620789461826" }, "geometry": { "type": "Point", "coordinates": [ 35.48866, 32.51536 ] } },
{ "type": "Feature", "properties": { "OID": "-1", "ID": "307.0", "NAME": "רכבת בית שאן", "AUTHORITY": "עמק המעיינות", "AUTH_CODE": "5507", "TRAFAUTH": "רכבת ישראל", "TRAFCODE": "10105", "DISTRICT": "צפון", "X": "246273.78", "Y": "713472.51", "PARK_N": "266.0", "DUNAM": "8.41", "COMMENTS": " ", "SOURCE": "תצא 2023", "D_UPDATE": "20/11/2024 00:00:00", "FLOORS": "1.0", "RAIL_MAKAT": "17111.0", "FCL_MAKAT": "750022.0", "STATUS": "קיים", "BUS_SERV": "כן", "TRAIN_SERV": "כן", "LRT_SERV": "לא", "PAY": "", "BIC_PARK": "", "ELECTRIC": "", "Shape_Length": "364.1818271977031", "Shape_Area": "8409.538396510055" }, "geometry": { "type": "Point", "coordinates": [ 35.48985, 32.51508 ] } },
{ "type": "Feature", "properties": { "OID": "-1", "ID": "308.0", "NAME": "תחנה מרכזית טבריה - מערב", "AUTHORITY": "טבריה", "AUTH_CODE": "6700", "TRAFAUTH": "טבריה", "TRAFCODE": "6700", "DISTRICT": "צפון", "X": "250562.52", "Y": "743578.72", "PARK_N": "0.0", "DUNAM": "0.61", "COMMENTS": "מאולתר", "SOURCE": "תצא 2023", "D_UPDATE": "20/11/2024 00:00:00", "FLOORS": "1.0", "RAIL_MAKAT": "0.0", "FCL_MAKAT": "750003.0", "STATUS": "קיים", "BUS_SERV": "כן", "TRAIN_SERV": "לא", "LRT_SERV": "לא", "PAY": "", "BIC_PARK": "", "ELECTRIC": "", "Shape_Length": "107.25554236579399", "Shape_Area": "613.7004167280925" }, "geometry": { "type": "Point", "coordinates": [ 35.53649, 32.78643 ] } },
{ "type": "Feature", "properties": { "OID": "-1", "ID": "309.0", "NAME": "תחנה מרכזית טבריה", "AUTHORITY": "טבריה", "AUTH_CODE": "6700", "TRAFAUTH": "טבריה", "TRAFCODE": "6700", "DISTRICT": "צפון", "X": "250623.85", "Y": "743616.73", "PARK_N": "0.0", "DUNAM": "0.85", "COMMENTS": "מאולתר", "SOURCE": "תצא 2023", "D_UPDATE": "20/11/2024 00:00:00", "FLOORS": "1.0", "RAIL_MAKAT": "0.0", "FCL_MAKAT": "750003.0", "STATUS": "קיים", "BUS_SERV": "כן", "TRAIN_SERV": "לא", "LRT_SERV": "לא", "PAY": "לא", "BIC_PARK": "", "ELECTRIC": "", "Shape_Length": "137.3274512082421", "Shape_Area": "847.7112636627796" }, "geometry": { "type": "Point", "coordinates": [ 35.53715, 32.78677 ] } },
{ "type": "Feature", "properties": { "OID": "-1", "ID": "310.0", "NAME": "תחנה מרכזית - מזרח", "AUTHORITY": "טבריה", "AUTH_CODE": "6700", "TRAFAUTH": "טבריה", "TRAFCODE": "6700", "DISTRICT": "צפון", "X": "250663.07", "Y": "743687.94", "PARK_N": "93.0", "DUNAM": "2.69", "COMMENTS": " ", "SOURCE": "תצא 2023", "D_UPDATE": "20/11/2024 00:00:00", "FLOORS": "1.0", "RAIL_MAKAT": "0.0", "FCL_MAKAT": "750003.0", "STATUS": "קיים", "BUS_SERV": "כן", "TRAIN_SERV": "לא", "LRT_SERV": "לא", "PAY": "לא", "BIC_PARK": "", "ELECTRIC": "", "Shape_Length": "223.65132863328338", "Shape_Area": "2688.2210678207766" }, "geometry": { "type": "Point", "coordinates": [ 35.53757, 32.78741 ] } },
{ "type": "Feature", "properties": { "OID": "-1", "ID": "311.0", "NAME": "תחנה מרכזית חצור הגלילית", "AUTHORITY": "חצור הגלילית", "AUTH_CODE": "2034", "TRAFAUTH": "חצור הגלילית", "TRAFCODE": "2034", "DISTRICT": "צפון", "X": "252372.08", "Y": "765206.63", "PARK_N": "230.0", "DUNAM": "7.18", "COMMENTS": " ", "SOURCE": "תצא 2023", "D_UPDATE": "20/11/2024 00:00:00", "FLOORS": "1.0", "RAIL_MAKAT": "0.0", "FCL_MAKAT": "750002.0", "STATUS": "קיים", "BUS_SERV": "כן", "TRAIN_SERV": "לא", "LRT_SERV": "לא", "PAY": "לא", "BIC_PARK": "", "ELECTRIC": "", "Shape_Length": "470.0543284581412", "Shape_Area": "7177.56427031074" }, "geometry": { "type": "Point", "coordinates": [ 35.55658, 32.98139 ] } },
{ "type": "Feature", "properties": { "OID": "-1", "ID": "312.0", "NAME": "מסוף שלומי - מערב", "AUTHORITY": "שלומי", "AUTH_CODE": "0812", "TRAFAUTH": "שלומי", "TRAFCODE": "0812", "DISTRICT": "צפון", "X": "213723.76", "Y": "775611.83", "PARK_N": "10.0", "DUNAM": "0.41", "COMMENTS": " ", "SOURCE": "תצא 2023", "D_UPDATE": "20/11/2024 00:00:00", "FLOORS": "1.0", "RAIL_MAKAT": "0.0", "FCL_MAKAT": "750040.0", "STATUS": "קיים", "BUS_SERV": "כן", "TRAIN_SERV": "לא", "LRT_SERV": "לא", "PAY": "לא", "BIC_PARK": "", "ELECTRIC": "", "Shape_Length": "98.22363117987383", "Shape_Area": "409.62638386241485" }, "geometry": { "type": "Point", "coordinates": [ 35.14305, 33.07569 ] } },
{ "type": "Feature", "properties": { "OID": "-1", "ID": "313.0", "NAME": "מסוף שלומי - מזרח", "AUTHORITY": "שלומי", "AUTH_CODE": "0812", "TRAFAUTH": "שלומי", "TRAFCODE": "0812", "DISTRICT": "צפון", "X": "213775.59", "Y": "775631.76", "PARK_N": "10.0", "DUNAM": "0.25", "COMMENTS": " ", "SOURCE": "תצא 2023", "D_UPDATE": "20/11/2024 00:00:00", "FLOORS": "1.0", "RAIL_MAKAT": "0.0", "FCL_MAKAT": "750040.0", "STATUS": "קיים", "BUS_SERV": "כן", "TRAIN_SERV": "לא", "LRT_SERV": "לא", "PAY": "לא", "BIC_PARK": "", "ELECTRIC": "", "Shape_Length": "64.89879584600841", "Shape_Area": "250.30553965576536" }, "geometry": { "type": "Point", "coordinates": [ 35.1436, 33.07587 ] } },
{ "type": "Feature", "properties": { "OID": "-1", "ID": "314.0", "NAME": "תחנה מרכזית קרית שמונה", "AUTHORITY": "קרית שמונה", "AUTH_CODE": "2800", "TRAFAUTH": "קרית שמונה", "TRAFCODE": "2800", "DISTRICT": "צפון", "X": "253380.94", "Y": "790391.85", "PARK_N": "170.0", "DUNAM": "9.05", "COMMENTS": " ", "SOURCE": "תצא 2023", "D_UPDATE": "20/11/2024 00:00:00", "FLOORS": "1.0", "RAIL_MAKAT": "0.0", "FCL_MAKAT": "750032.0", "STATUS": "קיים", "BUS_SERV": "כן", "TRAIN_SERV": "לא", "LRT_SERV": "לא", "PAY": "לא", "BIC_PARK": "", "ELECTRIC": "", "Shape_Length": "889.7491717445125", "Shape_Area": "9046.316447516356" }, "geometry": { "type": "Point", "coordinates": [ 35.56831, 33.20844 ] } },
{ "type": "Feature", "properties": { "OID": "-1", "ID": "513.0", "NAME": "רכבת לוד - מאולתר", "AUTHORITY": "לוד", "AUTH_CODE": "7000", "TRAFAUTH": "לוד", "TRAFCODE": "7000", "DISTRICT": "מרכז", "X": "188960.46", "Y": "650762.03", "PARK_N": "120.0", "DUNAM": "3.95", "COMMENTS": "מאולתר", "SOURCE": "תצא 2025", "D_UPDATE": "29/01/2026 00:00:00", "FLOORS": "1.0", "RAIL_MAKAT": "17058.0", "FCL_MAKAT": "0.0", "STATUS": "ארעי", "BUS_SERV": "כן", "TRAIN_SERV": "כן", "LRT_SERV": "לא", "PAY": "לא", "BIC_PARK": "0", "ELECTRIC": "0", "Shape_Length": "342.3278130736133", "Shape_Area": "3946.4095866411863" }, "geometry": { "type": "Point", "coordinates": [ 34.88189, 31.94948 ] } },
{ "type": "Feature", "properties": { "OID": "-1", "ID": "514.0", "NAME": "רכבת גני אביב", "AUTHORITY": "לוד", "AUTH_CODE": "7000", "TRAFAUTH": "רכבת ישראל", "TRAFCODE": "10105", "DISTRICT": "מרכז", "X": "188690.0", "Y": "652628.44", "PARK_N": "80.0", "DUNAM": "2.48", "COMMENTS": " ", "SOURCE": "תצא 2023", "D_UPDATE": "20/11/2024 00:00:00", "FLOORS": "1.0", "RAIL_MAKAT": "17062.0", "FCL_MAKAT": "730016.0", "STATUS": "קיים", "BUS_SERV": "כן", "TRAIN_SERV": "כן", "LRT_SERV": "לא", "PAY": "לא", "BIC_PARK": "", "ELECTRIC": "", "Shape_Length": "217.2389070764856", "Shape_Area": "2475.818286230596" }, "geometry": { "type": "Point", "coordinates": [ 34.87897, 31.96631 ] } },
{ "type": "Feature", "properties": { "OID": "-1", "ID": "515.0", "NAME": "תחנה מרכזית לוד - מאולתר", "AUTHORITY": "לוד", "AUTH_CODE": "7000", "TRAFAUTH": "לוד", "TRAFCODE": "7000", "DISTRICT": "מרכז", "X": "190484.02", "Y": "651404.52", "PARK_N": "0.0", "DUNAM": "1.22", "COMMENTS": "מאולתר", "SOURCE": "תצא 2023", "D_UPDATE": "20/11/2024 00:00:00", "FLOORS": "1.0", "RAIL_MAKAT": "0.0", "FCL_MAKAT": "730014.0", "STATUS": "קיים", "BUS_SERV": "כן", "TRAIN_SERV": "לא", "LRT_SERV": "לא", "PAY": "לא", "BIC_PARK": "", "ELECTRIC": "", "Shape_Length": "157.74917839713183", "Shape_Area": "1218.7398091846517" }, "geometry": { "type": "Point", "coordinates": [ 34.89799, 31.95532 ] } },
{ "type": "Feature", "properties": { "OID": "-1", "ID": "516.0", "NAME": "תחנה מרכזית לוד", "AUTHORITY": "לוד", "AUTH_CODE": "7000", "TRAFAUTH": "לוד", "TRAFCODE": "7000", "DISTRICT": "מרכז", "X": "190516.18", "Y": "651445.35", "PARK_N": "73.0", "DUNAM": "2.01", "COMMENTS": " ", "SOURCE": "תצא 2023", "D_UPDATE": "20/11/2024 00:00:00", "FLOORS": "1.0", "RAIL_MAKAT": "0.0", "FCL_MAKAT": "730014.0", "STATUS": "קיים", "BUS_SERV": "כן", "TRAIN_SERV": "לא", "LRT_SERV": "לא", "PAY": "לא", "BIC_PARK": "", "ELECTRIC": "", "Shape_Length": "283.5576789360853", "Shape_Area": "2008.6504266304119" }, "geometry": { "type": "Point", "coordinates": [ 34.89833, 31.95569 ] } },
{ "type": "Feature", "properties": { "OID": "-1", "ID": "517.0", "NAME": "רכבת פאתי מודיעין דרום", "AUTHORITY": "מודיעין מכבים רעות", "AUTH_CODE": "1200", "TRAFAUTH": "מודיעין מכבים רעות", "TRAFCODE": "1200", "DISTRICT": "מרכז", "X": "196200.14", "Y": "644417.97", "PARK_N": "727.0", "DUNAM": "20.02", "COMMENTS": " ", "SOURCE": "תצא 2023", "D_UPDATE": "20/11/2024 00:00:00", "FLOORS": "1.0", "RAIL_MAKAT": "17000.0", "FCL_MAKAT": "730019.0", "STATUS": "קיים", "BUS_SERV": "כן", "TRAIN_SERV": "כן", "LRT_SERV": "לא", "PAY": "לא", "BIC_PARK": "", "ELECTRIC": "4", "Shape_Length": "1395.0515780992541", "Shape_Area": "20001.078233990782" }, "geometry": { "type": "Point", "coordinates": [ 34.95862, 31.89244 ] } },
{ "type": "Feature", "properties": { "OID": "-1", "ID": "518.0", "NAME": "רכבת פאתי מודיעין - צפון", "AUTHORITY": "מודיעין מכבים רעות", "AUTH_CODE": "1200", "TRAFAUTH": "מודיעין מכבים רעות", "TRAFCODE": "1200", "DISTRICT": "מרכז", "X": "196364.3", "Y": "644555.32", "PARK_N": "320.0", "DUNAM": "14.69", "COMMENTS": " ", "SOURCE": "תצא 2023", "D_UPDATE": "20/11/2024 00:00:00", "FLOORS": "1.0", "RAIL_MAKAT": "17000.0", "FCL_MAKAT": "730019.0", "STATUS": "קיים", "BUS_SERV": "כן", "TRAIN_SERV": "כן", "LRT_SERV": "לא", "PAY": "לא", "BIC_PARK": "", "ELECTRIC": "", "Shape_Length": "853.274614522414", "Shape_Area": "14681.086419150106" }, "geometry": { "type": "Point", "coordinates": [ 34.96035, 31.89368 ] } },
{ "type": "Feature", "properties": { "OID": "-1", "ID": "519.0", "NAME": "מבוא מודיעין", "AUTHORITY": "חבל מודיעין", "AUTH_CODE": "5525", "TRAFAUTH": "חבל מודיעין", "TRAFCODE": "5525", "DISTRICT": "מרכז", "X": "195950.34", "Y": "650934.61", "PARK_N": "0.0", "DUNAM": "1.88", "COMMENTS": "שטח ללא סימון חניה", "SOURCE": "תצא 2023", "D_UPDATE": "20/11/2024 00:00:00", "FLOORS": "1.0", "RAIL_MAKAT": "0.0", "FCL_MAKAT": "730004.0", "STATUS": "קיים", "BUS_SERV": "כן", "TRAIN_SERV": "לא", "LRT_SERV": "לא", "PAY": "לא", "BIC_PARK": "", "ELECTRIC": "", "Shape_Length": "196.0134260842229", "Shape_Area": "1880.9702196014925" }, "geometry": { "type": "Point", "coordinates": [ 34.95582, 31.9512 ] } },
{ "type": "Feature", "properties": { "OID": "-1", "ID": "520.0", "NAME": "רכבת מודיעין מרכז", "AUTHORITY": "מודיעין מכבים רעות", "AUTH_CODE": "1200", "TRAFAUTH": "מודיעין מכבים רעות", "TRAFCODE": "1200", "DISTRICT": "מרכז", "X": "200413.99", "Y": "645308.32", "PARK_N": "55.0", "DUNAM": "1.37", "COMMENTS": " ", "SOURCE": "תצא 2023", "D_UPDATE": "20/11/2024 00:00:00", "FLOORS": "1.0", "RAIL_MAKAT": "17002.0", "FCL_MAKAT": "0.0", "STATUS": "קיים", "BUS_SERV": "כן", "TRAIN_SERV": "כן", "LRT_SERV": "לא", "PAY": "", "BIC_PARK": "", "ELECTRIC": "", "Shape_Length": "239.9398986947787", "Shape_Area": "1370.689742950753" }, "geometry": { "type": "Point", "coordinates": [ 35.00314, 31.90055 ] } },
{ "type": "Feature", "properties": { "OID": "-1", "ID": "521.0", "NAME": "רכבת מודיעין מרכז", "AUTHORITY": "מודיעין מכבים רעות", "AUTH_CODE": "1200", "TRAFAUTH": "מודיעין מכבים רעות", "TRAFCODE": "1200", "DISTRICT": "מרכז", "X": "200487.52", "Y": "645325.59", "PARK_N": "140.0", "DUNAM": "3.2", "COMMENTS": " ", "SOURCE": "תצא 2023", "D_UPDATE": "20/11/2024 00:00:00", "FLOORS": "1.0", "RAIL_MAKAT": "17002.0", "FCL_MAKAT": "0.0", "STATUS": "קיים", "BUS_SERV": "כן", "TRAIN_SERV": "כן", "LRT_SERV": "לא", "PAY": "", "BIC_PARK": "", "ELECTRIC": "", "Shape_Length": "415.4102412827857", "Shape_Area": "3192.829915544613" }, "geometry": { "type": "Point", "coordinates": [ 35.00392, 31.90071 ] } },
{ "type": "Feature", "properties": { "OID": "-1", "ID": "522.0", "NAME": "מרינה בת ים - מערב", "AUTHORITY": "בת ים", "AUTH_CODE": "6200", "TRAFAUTH": "מזכרת בתיה", "TRAFCODE": "0028", "DISTRICT": "תל אביב", "X": "175250.58", "Y": "657381.78", "PARK_N": "0.0", "DUNAM": "11.9", "COMMENTS": "מאולתר", "SOURCE": "תצא 2023", "D_UPDATE": "20/11/2024 00:00:00", "FLOORS": "1.0", "RAIL_MAKAT": "0.0", "FCL_MAKAT": "730056.0", "STATUS": "קיים", "BUS_SERV": "כן", "TRAIN_SERV": "לא", "LRT_SERV": "לא", "PAY": "לא", "BIC_PARK": "", "ELECTRIC": "", "Shape_Length": "456.01633860156164", "Shape_Area": "11895.985207251248" }, "geometry": { "type": "Point", "coordinates": [ 34.73658, 32.00873 ] } },
{ "type": "Feature", "properties": { "OID": "-1", "ID": "523.0", "NAME": "מרינה בת ים - מזרח", "AUTHORITY": "בת ים", "AUTH_CODE": "6200", "TRAFAUTH": "בת ים", "TRAFCODE": "6200", "DISTRICT": "תל אביב", "X": "175435.03", "Y": "657514.6", "PARK_N": "141.0", "DUNAM": "4.32", "COMMENTS": " ", "SOURCE": "תצא 2023", "D_UPDATE": "20/11/2024 00:00:00", "FLOORS": "1.0", "RAIL_MAKAT": "0.0", "FCL_MAKAT": "730056.0", "STATUS": "קיים", "BUS_SERV": "כן", "TRAIN_SERV": "לא", "LRT_SERV": "לא", "PAY": "לא", "BIC_PARK": "", "ELECTRIC": "", "Shape_Length": "284.9786470603161", "Shape_Area": "4319.684575294244" }, "geometry": { "type": "Point", "coordinates": [ 34.73853, 32.00993 ] } },
{ "type": "Feature", "properties": { "OID": "-1", "ID": "524.0", "NAME": "רקל קוממיות", "AUTHORITY": "בת ים", "AUTH_CODE": "6200", "TRAFAUTH": "בת ים", "TRAFCODE": "6200", "DISTRICT": "תל אביב", "X": "176318.02", "Y": "656622.7", "PARK_N": "152.0", "DUNAM": "4.18", "COMMENTS": " ", "SOURCE": "תצא 2023", "D_UPDATE": "20/11/2024 00:00:00", "FLOORS": "1.0", "RAIL_MAKAT": "0.0", "FCL_MAKAT": "730057.0", "STATUS": "קיים", "BUS_SERV": "כן", "TRAIN_SERV": "לא", "LRT_SERV": "כן", "PAY": "לא", "BIC_PARK": "", "ELECTRIC": "", "Shape_Length": "377.90886634818065", "Shape_Area": "4178.591320330519" }, "geometry": { "type": "Point", "coordinates": [ 34.74792, 32.00192 ] } },
{ "type": "Feature", "properties": { "OID": "-1", "ID": "525.0", "NAME": "בית העלמין בת ים", "AUTHORITY": "בת ים", "AUTH_CODE": "6200", "TRAFAUTH": "בת ים", "TRAFCODE": "6200", "DISTRICT": "תל אביב", "X": "176886.38", "Y": "656617.32", "PARK_N": "216.0", "DUNAM": "5.9", "COMMENTS": " ", "SOURCE": "תצא 2023", "D_UPDATE": "20/11/2024 00:00:00", "FLOORS": "1.0", "RAIL_MAKAT": "0.0", "FCL_MAKAT": "730061.0", "STATUS": "קיים", "BUS_SERV": "כן", "TRAIN_SERV": "לא", "LRT_SERV": "לא", "PAY": "לא", "BIC_PARK": "", "ELECTRIC": "", "Shape_Length": "333.7238673793849", "Shape_Area": "5897.501773855801" }, "geometry": { "type": "Point", "coordinates": [ 34.75393, 32.0019 ] } },
{ "type": "Feature", "properties": { "OID": "-1", "ID": "526.0", "NAME": "רכבת בת ים קוממיות", "AUTHORITY": "חולון", "AUTH_CODE": "6600", "TRAFAUTH": "חולון", "TRAFCODE": "6600", "DISTRICT": "תל אביב", "X": "177675.23", "Y": "656478.44", "PARK_N": "415.0", "DUNAM": "10.65", "COMMENTS": " ", "SOURCE": "תצא 2023", "D_UPDATE": "20/11/2024 00:00:00", "FLOORS": "1.0", "RAIL_MAKAT": "17054.0", "FCL_MAKAT": "0.0", "STATUS": "קיים", "BUS_SERV": "כן", "TRAIN_SERV": "כן", "LRT_SERV": "לא", "PAY": "", "BIC_PARK": "", "ELECTRIC": "4", "Shape_Length": "565.1159028153832", "Shape_Area": "10644.019798804442" }, "geometry": { "type": "Point", "coordinates": [ 34.76228, 32.00067 ] } },
{ "type": "Feature", "properties": { "OID": "-1", "ID": "527.0", "NAME": "ביח וולפסון", "AUTHORITY": "תל אביב יפו", "AUTH_CODE": "5000", "TRAFAUTH": "תל אביב יפו", "TRAFCODE": "5000", "DISTRICT": "תל אביב", "X": "177798.33", "Y": "660493.08", "PARK_N": "270.0", "DUNAM": "7.35", "COMMENTS": " ", "SOURCE": "תצא 2023", "D_UPDATE": "20/11/2024 00:00:00", "FLOORS": "1.0", "RAIL_MAKAT": "0.0", "FCL_MAKAT": "720022.0", "STATUS": "קיים", "BUS_SERV": "כן", "TRAIN_SERV": "לא", "LRT_SERV": "לא", "PAY": "כן", "BIC_PARK": "", "ELECTRIC": "", "Shape_Length": "679.6625365174569", "Shape_Area": "7341.633896619803" }, "geometry": { "type": "Point", "coordinates": [ 34.76341, 32.03688 ] } },
{ "type": "Feature", "properties": { "OID": "-1", "ID": "528.0", "NAME": "קניון זהב - מדרון", "AUTHORITY": "ראשון לציון", "AUTH_CODE": "8300", "TRAFAUTH": "ראשון לציון", "TRAFCODE": "8300", "DISTRICT": "מרכז", "X": "178802.19", "Y": "654984.18", "PARK_N": "870.0", "DUNAM": "22.76", "COMMENTS": "חינם רק לתושבי ראשון, בתשלום לשאר", "SOURCE": "תצא 2023", "D_UPDATE": "20/11/2024 00:00:00", "FLOORS": "1.0", "RAIL_MAKAT": "0.0", "FCL_MAKAT": "730038.0", "STATUS": "קיים", "BUS_SERV": "כן", "TRAIN_SERV": "לא", "LRT_SERV": "לא", "PAY": "כן", "BIC_PARK": "", "ELECTRIC": "", "Shape_Length": "810.4891383517714", "Shape_Area": "22748.469415967214" }, "geometry": { "type": "Point", "coordinates": [ 34.77427, 31.98724 ] } },
{ "type": "Feature", "properties": { "OID": "-1", "ID": "529.0", "NAME": "קניון זהב", "AUTHORITY": "ראשון לציון", "AUTH_CODE": "8300", "TRAFAUTH": "ראשון לציון", "TRAFCODE": "8300", "DISTRICT": "מרכז", "X": "178838.05", "Y": "655185.86", "PARK_N": "79.0", "DUNAM": "2.33", "COMMENTS": " ", "SOURCE": "תצא 2023", "D_UPDATE": "20/11/2024 00:00:00", "FLOORS": "1.0", "RAIL_MAKAT": "0.0", "FCL_MAKAT": "730038.0", "STATUS": "קיים", "BUS_SERV": "כן", "TRAIN_SERV": "לא", "LRT_SERV": "לא", "PAY": "לא", "BIC_PARK": "", "ELECTRIC": "", "Shape_Length": "202.5349656935641", "Shape_Area": "2329.697893394832" }, "geometry": { "type": "Point", "coordinates": [ 34.77464, 31.98906 ] } },
{ "type": "Feature", "properties": { "OID": "-1", "ID": "530.0", "NAME": "קניון זהב צפון", "AUTHORITY": "ראשון לציון", "AUTH_CODE": "8300", "TRAFAUTH": "ראשון לציון", "TRAFCODE": "8300", "DISTRICT": "מרכז", "X": "178925.42", "Y": "655290.96", "PARK_N": "752.0", "DUNAM": "20.73", "COMMENTS": "בתשלום גם לתושבי ראשון", "SOURCE": "תצא 2023", "D_UPDATE": "20/11/2024 00:00:00", "FLOORS": "1.0", "RAIL_MAKAT": "0.0", "FCL_MAKAT": "730038.0", "STATUS": "קיים", "BUS_SERV": "כן", "TRAIN_SERV": "לא", "LRT_SERV": "לא", "PAY": "כן", "BIC_PARK": "", "ELECTRIC": "", "Shape_Length": "582.9843418617027", "Shape_Area": "20714.356100348497" }, "geometry": { "type": "Point", "coordinates": [ 34.77556, 31.99001 ] } },
{ "type": "Feature", "properties": { "OID": "-1", "ID": "531.0", "NAME": "קרית שרת", "AUTHORITY": "חולון", "AUTH_CODE": "6600", "TRAFAUTH": "חולון", "TRAFCODE": "6600", "DISTRICT": "תל אביב", "X": "181220.92", "Y": "656760.71", "PARK_N": "821.0", "DUNAM": "23.32", "COMMENTS": " ", "SOURCE": "תצא 2023", "D_UPDATE": "20/11/2024 00:00:00", "FLOORS": "1.0", "RAIL_MAKAT": "0.0", "FCL_MAKAT": "730055.0", "STATUS": "קיים", "BUS_SERV": "כן", "TRAIN_SERV": "לא", "LRT_SERV": "לא", "PAY": "לא", "BIC_PARK": "", "ELECTRIC": "6", "Shape_Length": "886.7395814873161", "Shape_Area": "23301.766630131664" }, "geometry": { "type": "Point", "coordinates": [ 34.7998, 32.00334 ] } },
{ "type": "Feature", "properties": { "OID": "-1", "ID": "532.0", "NAME": "רכבת שער צמת חולון", "AUTHORITY": "חולון", "AUTH_CODE": "6600", "TRAFAUTH": "נתע", "TRAFCODE": "10104", "DISTRICT": "תל אביב", "X": "179090.65", "Y": "660477.56", "PARK_N": "95.0", "DUNAM": "3.57", "COMMENTS": " ", "SOURCE": "תצא 2023", "D_UPDATE": "20/11/2024 00:00:00", "FLOORS": "1.0", "RAIL_MAKAT": "17048.0", "FCL_MAKAT": "0.0", "STATUS": "קיים", "BUS_SERV": "כן", "TRAIN_SERV": "כן", "LRT_SERV": "לא", "PAY": "לא", "BIC_PARK": "", "ELECTRIC": "", "Shape_Length": "321.07935327174044", "Shape_Area": "3569.3498270516952" }, "geometry": { "type": "Point", "coordinates": [ 34.7771, 32.03679 ] } },
{ "type": "Feature", "properties": { "OID": "-1", "ID": "533.0", "NAME": "כרמלית דרום", "AUTHORITY": "תל אביב יפו", "AUTH_CODE": "5000", "TRAFAUTH": "תל אביב יפו", "TRAFCODE": "5000", "DISTRICT": "תל אביב", "X": "178087.6", "Y": "663849.59", "PARK_N": "283.0", "DUNAM": "6.62", "COMMENTS": " ", "SOURCE": "תצא 2023", "D_UPDATE": "20/11/2024 00:00:00", "FLOORS": "1.0", "RAIL_MAKAT": "0.0", "FCL_MAKAT": "720023.0", "STATUS": "קיים", "BUS_SERV": "כן", "TRAIN_SERV": "לא", "LRT_SERV": "לא", "PAY": "כן", "BIC_PARK": "", "ELECTRIC": "2", "Shape_Length": "330.0768409810908", "Shape_Area": "6619.35033172918" }, "geometry": { "type": "Point", "coordinates": [ 34.76633, 32.06716 ] } },
{ "type": "Feature", "properties": { "OID": "-1", "ID": "534.0", "NAME": "כרמלית צפון", "AUTHORITY": "תל אביב יפו", "AUTH_CODE": "5000", "TRAFAUTH": "תל אביב יפו", "TRAFCODE": "5000", "DISTRICT": "תל אביב", "X": "178042.48", "Y": "663992.16", "PARK_N": "199.0", "DUNAM": "4.71", "COMMENTS": " ", "SOURCE": "תצא 2023", "D_UPDATE": "20/11/2024 00:00:00", "FLOORS": "1.0", "RAIL_MAKAT": "0.0", "FCL_MAKAT": "720023.0", "STATUS": "קיים", "BUS_SERV": "כן", "TRAIN_SERV": "לא", "LRT_SERV": "לא", "PAY": "כן", "BIC_PARK": "", "ELECTRIC": "2", "Shape_Length": "324.74861404786833", "Shape_Area": "4707.851993719909" }, "geometry": { "type": "Point", "coordinates": [ 34.76585, 32.06844 ] } },
{ "type": "Feature", "properties": { "OID": "-1", "ID": "535.0", "NAME": "רידינג תא", "AUTHORITY": "תל אביב יפו", "AUTH_CODE": "5000", "TRAFAUTH": "תל אביב יפו", "TRAFCODE": "5000", "DISTRICT": "תל אביב", "X": "179252.1", "Y": "667409.11", "PARK_N": "454.0", "DUNAM": "12.29", "COMMENTS": " ", "SOURCE": "תצא 2023", "D_UPDATE": "20/11/2024 00:00:00", "FLOORS": "1.0", "RAIL_MAKAT": "0.0", "FCL_MAKAT": "720026.0", "STATUS": "קיים", "BUS_SERV": "כן", "TRAIN_SERV": "לא", "LRT_SERV": "לא", "PAY": "כן", "BIC_PARK": "", "ELECTRIC": "", "Shape_Length": "667.0271348766895", "Shape_Area": "12284.902439523548" }, "geometry": { "type": "Point", "coordinates": [ 34.77852, 32.0993 ] } },
{ "type": "Feature", "properties": { "OID": "-1", "ID": "536.0", "NAME": "מסוף 2000", "AUTHORITY": "תל אביב יפו", "AUTH_CODE": "5000", "TRAFAUTH": "תל אביב יפו", "TRAFCODE": "5000", "DISTRICT": "תל אביב", "X": "180873.34", "Y": "665771.26", "PARK_N": "679.0", "DUNAM": "16.83", "COMMENTS": " ", "SOURCE": "תצא 2023", "D_UPDATE": "20/11/2024 00:00:00", "FLOORS": "1.0", "RAIL_MAKAT": "0.0", "FCL_MAKAT": "720027.0", "STATUS": "קיים", "BUS_SERV": "כן", "TRAIN_SERV": "כן", "LRT_SERV": "לא", "PAY": "כן", "BIC_PARK": "", "ELECTRIC": "", "Shape_Length": "639.2290111368962", "Shape_Area": "16822.567285229146" }, "geometry": { "type": "Point", "coordinates": [ 34.79576, 32.08459 ] } },
{ "type": "Feature", "properties": { "OID": "-1", "ID": "537.0", "NAME": "שפינוזה", "AUTHORITY": "אזור", "AUTH_CODE": "0565", "TRAFAUTH": "אזור", "TRAFCODE": "0565", "DISTRICT": "תל אביב", "X": "181776.46", "Y": "658885.19", "PARK_N": "20.0", "DUNAM": "0.37", "COMMENTS": " ", "SOURCE": "תצא 2023", "D_UPDATE": "20/11/2024 00:00:00", "FLOORS": "1.0", "RAIL_MAKAT": "0.0", "FCL_MAKAT": "720002.0", "STATUS": "קיים", "BUS_SERV": "כן", "TRAIN_SERV": "לא", "LRT_SERV": "לא", "PAY": "לא", "BIC_PARK": "", "ELECTRIC": "", "Shape_Length": "79.55335575548278", "Shape_Area": "372.21391271090766" }, "geometry": { "type": "Point", "coordinates": [ 34.80559, 32.02252 ] } },
{ "type": "Feature", "properties": { "OID": "-1", "ID": "538.0", "NAME": "שפירים", "AUTHORITY": "שדות דן", "AUTH_CODE": "5540", "TRAFAUTH": "שפיר נתיב מהיר", "TRAFCODE": "70104", "DISTRICT": "מרכז", "X": "185237.97", "Y": "656583.88", "PARK_N": "3800.0", "DUNAM": "41.11", "COMMENTS": "כמות חניות לפי אתר של חברת שפירים, אין אפשרות לספור.", "SOURCE": "תצא 2023", "D_UPDATE": "20/11/2024 00:00:00", "FLOORS": "1.0", "RAIL_MAKAT": "0.0", "FCL_MAKAT": "730053.0", "STATUS": "קיים", "BUS_SERV": "כן", "TRAIN_SERV": "לא", "LRT_SERV": "לא", "PAY": "", "BIC_PARK": "", "ELECTRIC": "83", "Shape_Length": "1292.3125628571845", "Shape_Area": "41079.03325492371" }, "geometry": { "type": "Point", "coordinates": [ 34.84231, 32.00188 ] } },
{ "type": "Feature", "properties": { "OID": "-1", "ID": "539.0", "NAME": "מסוף אור יהודה", "AUTHORITY": "אור יהודה", "AUTH_CODE": "2400", "TRAFAUTH": "אור יהודה", "TRAFCODE": "2400", "DISTRICT": "תל אביב", "X": "187433.53", "Y": "658806.07", "PARK_N": "132.0", "DUNAM": "2.9", "COMMENTS": " ", "SOURCE": "תצא 2023", "D_UPDATE": "20/11/2024 00:00:00", "FLOORS": "1.0", "RAIL_MAKAT": "0.0", "FCL_MAKAT": "730062.0", "STATUS": "קיים", "BUS_SERV": "כן", "TRAIN_SERV": "לא", "LRT_SERV": "לא", "PAY": "לא", "BIC_PARK": "", "ELECTRIC": "", "Shape_Length": "383.3212816828772", "Shape_Area": "2894.133872309845" }, "geometry": { "type": "Point", "coordinates": [ 34.86547, 32.02198 ] } },
{ "type": "Feature", "properties": { "OID": "-1", "ID": "540.0", "NAME": "מסוף אור יהודה - צפון", "AUTHORITY": "אור יהודה", "AUTH_CODE": "2400", "TRAFAUTH": "אור יהודה", "TRAFCODE": "2400", "DISTRICT": "תל אביב", "X": "187442.13", "Y": "658925.69", "PARK_N": "67.0", "DUNAM": "1.73", "COMMENTS": " ", "SOURCE": "תצא 2023", "D_UPDATE": "20/11/2024 00:00:00", "FLOORS": "1.0", "RAIL_MAKAT": "0.0", "FCL_MAKAT": "730062.0", "STATUS": "קיים", "BUS_SERV": "כן", "TRAIN_SERV": "לא", "LRT_SERV": "לא", "PAY": "לא", "BIC_PARK": "", "ELECTRIC": "", "Shape_Length": "194.21422100199095", "Shape_Area": "1727.378521982551" }, "geometry": { "type": "Point", "coordinates": [ 34.86556, 32.02306 ] } },
{ "type": "Feature", "properties": { "OID": "-1", "ID": "541.0", "NAME": "רכבת אוניברסיתת תא", "AUTHORITY": "תל אביב יפו", "AUTH_CODE": "5000", "TRAFAUTH": "תל אביב יפו", "TRAFCODE": "5000", "DISTRICT": "תל אביב", "X": "181944.03", "Y": "667993.85", "PARK_N": "542.0", "DUNAM": "31.83", "COMMENTS": " ", "SOURCE": "תצא 2023", "D_UPDATE": "20/11/2024 00:00:00", "FLOORS": "1.0", "RAIL_MAKAT": "17036.0", "FCL_MAKAT": "720029.0", "STATUS": "קיים", "BUS_SERV": "כן", "TRAIN_SERV": "כן", "LRT_SERV": "לא", "PAY": "כן", "BIC_PARK": "", "ELECTRIC": "", "Shape_Length": "1295.6608100601243", "Shape_Area": "31807.410704111677" }, "geometry": { "type": "Point", "coordinates": [ 34.80701, 32.10467 ] } },
{ "type": "Feature", "properties": { "OID": "-1", "ID": "542.0", "NAME": "קניון איילון", "AUTHORITY": "רמת גן", "AUTH_CODE": "8600", "TRAFAUTH": "רמת גן", "TRAFCODE": "8600", "DISTRICT": "תל אביב", "X": "183740.17", "Y": "667434.14", "PARK_N": "3100.0", "DUNAM": "99.37", "COMMENTS": "אתר עזריאלי רמת גן מציין שיש 2350 חניות סביב הקניון, בנוסף נספרו חניות מסביב למסוף.", "SOURCE": "תצא 2023", "D_UPDATE": "20/11/2024 00:00:00", "FLOORS": "1.0", "RAIL_MAKAT": "0.0", "FCL_MAKAT": "720017.0", "STATUS": "קיים", "BUS_SERV": "כן", "TRAIN_SERV": "כן", "LRT_SERV": "לא", "PAY": "לא", "BIC_PARK": "", "ELECTRIC": "3", "Shape_Length": "1800.6305622758723", "Shape_Area": "99304.51227828732" }, "geometry": { "type": "Point", "coordinates": [ 34.82606, 32.09968 ] } },
{ "type": "Feature", "properties": { "OID": "-1", "ID": "543.0", "NAME": "רכבת בני ברק", "AUTHORITY": "בני ברק", "AUTH_CODE": "6100", "TRAFAUTH": "בני ברק", "TRAFCODE": "6100", "DISTRICT": "תל אביב", "X": "184229.87", "Y": "667839.85", "PARK_N": "176.0", "DUNAM": "4.39", "COMMENTS": " ", "SOURCE": "תצא 2023", "D_UPDATE": "20/11/2024 00:00:00", "FLOORS": "1.0", "RAIL_MAKAT": "17040.0", "FCL_MAKAT": "720017.0", "STATUS": "קיים", "BUS_SERV": "כן", "TRAIN_SERV": "כן", "LRT_SERV": "לא", "PAY": "", "BIC_PARK": "", "ELECTRIC": "", "Shape_Length": "385.9110554230161", "Shape_Area": "4390.554269109553" }, "geometry": { "type": "Point", "coordinates": [ 34.83123, 32.10335 ] } },
{ "type": "Feature", "properties": { "OID": "-1", "ID": "544.0", "NAME": "רכבת קרית אריה- מערב", "AUTHORITY": "פתח תקווה", "AUTH_CODE": "7900", "TRAFAUTH": "רכבת ישראל", "TRAFCODE": "10105", "DISTRICT": "מרכז", "X": "187132.98", "Y": "668093.78", "PARK_N": "181.0", "DUNAM": "5.73", "COMMENTS": " ", "SOURCE": "תצא 2023", "D_UPDATE": "20/11/2024 00:00:00", "FLOORS": "1.0", "RAIL_MAKAT": "17042.0", "FCL_MAKAT": "730034.0", "STATUS": "קיים", "BUS_SERV": "כן", "TRAIN_SERV": "כן", "LRT_SERV": "לא", "PAY": "לא", "BIC_PARK": "", "ELECTRIC": "", "Shape_Length": "465.1800312187684", "Shape_Area": "5725.770200010863" }, "geometry": { "type": "Point", "coordinates": [ 34.86198, 32.10573 ] } },
{ "type": "Feature", "properties": { "OID": "-1", "ID": "545.0", "NAME": "רכבת קרית אריה דרום מזרח", "AUTHORITY": "פתח תקווה", "AUTH_CODE": "7900", "TRAFAUTH": "פתח תקווה", "TRAFCODE": "7900", "DISTRICT": "מרכז", "X": "187389.75", "Y": "668073.56", "PARK_N": "514.0", "DUNAM": "14.59", "COMMENTS": " ", "SOURCE": "תצא 2023", "D_UPDATE": "20/11/2024 00:00:00", "FLOORS": "1.0", "RAIL_MAKAT": "17042.0", "FCL_MAKAT": "730034.0", "STATUS": "קיים", "BUS_SERV": "כן", "TRAIN_SERV": "כן", "LRT_SERV": "לא", "PAY": "לא", "BIC_PARK": "", "ELECTRIC": "2", "Shape_Length": "596.7974120297687", "Shape_Area": "14582.644772646423" }, "geometry": { "type": "Point", "coordinates": [ 34.8647, 32.10555 ] } },
{ "type": "Feature", "properties": { "OID": "-1", "ID": "546.0", "NAME": "רכבת קרית אריה- מזרח", "AUTHORITY": "פתח תקווה", "AUTH_CODE": "7900", "TRAFAUTH": "רכבת ישראל", "TRAFCODE": "10105", "DISTRICT": "מרכז", "X": "187331.07", "Y": "668144.27", "PARK_N": "134.0", "DUNAM": "4.12", "COMMENTS": " ", "SOURCE": "תצא 2023", "D_UPDATE": "20/11/2024 00:00:00", "FLOORS": "1.0", "RAIL_MAKAT": "17042.0", "FCL_MAKAT": "730034.0", "STATUS": "קיים", "BUS_SERV": "כן", "TRAIN_SERV": "כן", "LRT_SERV": "לא", "PAY": "לא", "BIC_PARK": "", "ELECTRIC": "", "Shape_Length": "348.5879609104618", "Shape_Area": "4116.496355625296" }, "geometry": { "type": "Point", "coordinates": [ 34.86408, 32.10619 ] } },
{ "type": "Feature", "properties": { "OID": "-1", "ID": "547.0", "NAME": "מסוף כרמלית דרום", "AUTHORITY": "תל אביב יפו", "AUTH_CODE": "5000", "TRAFAUTH": "תל אביב יפו", "TRAFCODE": "5000", "DISTRICT": "תל אביב", "X": "180993.75", "Y": "671413.9", "PARK_N": "485.0", "DUNAM": "10.23", "COMMENTS": " ", "SOURCE": "תצא 2023", "D_UPDATE": "20/11/2024 00:00:00", "FLOORS": "1.0", "RAIL_MAKAT": "0.0", "FCL_MAKAT": "720032.0", "STATUS": "קיים", "BUS_SERV": "כן", "TRAIN_SERV": "לא", "LRT_SERV": "לא", "PAY": "לא", "BIC_PARK": "", "ELECTRIC": "", "Shape_Length": "650.3201072132068", "Shape_Area": "10221.874759866017" }, "geometry": { "type": "Point", "coordinates": [ 34.79681, 32.13547 ] } },
{ "type": "Feature", "properties": { "OID": "-1", "ID": "548.0", "NAME": "מסוף כרמלית צפון", "AUTHORITY": "תל אביב יפו", "AUTH_CODE": "5000", "TRAFAUTH": "תל אביב יפו", "TRAFCODE": "5000", "DISTRICT": "תל אביב", "X": "181097.01", "Y": "671671.33", "PARK_N": "0.0", "DUNAM": "2.35", "COMMENTS": "מאולתר, אולי חניית מורים של מכללה לא ניתן לבדוק בתצ\"א/google maps", "SOURCE": "תצא 2023", "D_UPDATE": "20/11/2024 00:00:00", "FLOORS": "1.0", "RAIL_MAKAT": "0.0", "FCL_MAKAT": "720032.0", "STATUS": "קיים", "BUS_SERV": "כן", "TRAIN_SERV": "לא", "LRT_SERV": "לא", "PAY": "לא", "BIC_PARK": "", "ELECTRIC": "", "Shape_Length": "214.25501700448532", "Shape_Area": "2345.523693292848" }, "geometry": { "type": "Point", "coordinates": [ 34.79789, 32.1378 ] } },
{ "type": "Feature", "properties": { "OID": "-1", "ID": "549.0", "NAME": "קלצ'ניק אוניברסיטת תא", "AUTHORITY": "תל אביב יפו", "AUTH_CODE": "5000", "TRAFAUTH": "תל אביב יפו", "TRAFCODE": "5000", "DISTRICT": "תל אביב", "X": "181635.08", "Y": "669409.65", "PARK_N": "122.0", "DUNAM": "2.85", "COMMENTS": " ", "SOURCE": "תצא 2023", "D_UPDATE": "20/11/2024 00:00:00", "FLOORS": "1.0", "RAIL_MAKAT": "0.0", "FCL_MAKAT": "720025.0", "STATUS": "קיים", "BUS_SERV": "כן", "TRAIN_SERV": "לא", "LRT_SERV": "לא", "PAY": "כן", "BIC_PARK": "", "ELECTRIC": "", "Shape_Length": "255.11342066346472", "Shape_Area": "2850.333140420307" }, "geometry": { "type": "Point", "coordinates": [ 34.80368, 32.11742 ] } },
{ "type": "Feature", "properties": { "OID": "-1", "ID": "550.0", "NAME": "רכבת הרצליה", "AUTHORITY": "הרצליה", "AUTH_CODE": "6400", "TRAFAUTH": "הרצליה", "TRAFCODE": "6400", "DISTRICT": "תל אביב", "X": "183304.81", "Y": "674659.76", "PARK_N": "235.0", "DUNAM": "5.89", "COMMENTS": " ", "SOURCE": "תצא 2023", "D_UPDATE": "20/11/2024 00:00:00", "FLOORS": "1.0", "RAIL_MAKAT": "17034.0", "FCL_MAKAT": "0.0", "STATUS": "קיים", "BUS_SERV": "כן", "TRAIN_SERV": "כן", "LRT_SERV": "לא", "PAY": "לא", "BIC_PARK": "", "ELECTRIC": "", "Shape_Length": "389.1407820866277", "Shape_Area": "5884.754554389182" }, "geometry": { "type": "Point", "coordinates": [ 34.82118, 32.16482 ] } },
{ "type": "Feature", "properties": { "OID": "-1", "ID": "551.0", "NAME": "מסוף עתידים", "AUTHORITY": "תל אביב יפו", "AUTH_CODE": "5000", "TRAFAUTH": "תל אביב יפו", "TRAFCODE": "5000", "DISTRICT": "תל אביב", "X": "185501.27", "Y": "669041.57", "PARK_N": "0.0", "DUNAM": "6.48", "COMMENTS": "החניון סלול אבל ללא סימון של חניות, לא ניתן לספור כמות חניות", "SOURCE": "תצא 2023", "D_UPDATE": "20/11/2024 00:00:00", "FLOORS": "1.0", "RAIL_MAKAT": "0.0", "FCL_MAKAT": "720030.0", "STATUS": "קיים", "BUS_SERV": "כן", "TRAIN_SERV": "לא", "LRT_SERV": "לא", "PAY": "", "BIC_PARK": "", "ELECTRIC": "", "Shape_Length": "522.7186043843025", "Shape_Area": "6480.413576635045" }, "geometry": { "type": "Point", "coordinates": [ 34.84466, 32.11423 ] } },
{ "type": "Feature", "properties": { "OID": "-1", "ID": "552.0", "NAME": "לב הפארק רעננה מערב", "AUTHORITY": "רעננה", "AUTH_CODE": "8700", "TRAFAUTH": "רעננה", "TRAFCODE": "8700", "DISTRICT": "מרכז", "X": "185583.78", "Y": "677543.97", "PARK_N": "200.0", "DUNAM": "4.75", "COMMENTS": " ", "SOURCE": "תצא 2023", "D_UPDATE": "20/11/2024 00:00:00", "FLOORS": "1.0", "RAIL_MAKAT": "0.0", "FCL_MAKAT": "730050.0", "STATUS": "קיים", "BUS_SERV": "כן", "TRAIN_SERV": "לא", "LRT_SERV": "לא", "PAY": "לא", "BIC_PARK": "", "ELECTRIC": "", "Shape_Length": "346.49615382954687", "Shape_Area": "4743.815649884259" }, "geometry": { "type": "Point", "coordinates": [ 34.84523, 32.1909 ] } },
{ "type": "Feature", "properties": { "OID": "-1", "ID": "553.0", "NAME": "לב הפארק רעננה מזרח", "AUTHORITY": "רעננה", "AUTH_CODE": "8700", "TRAFAUTH": "רעננה", "TRAFCODE": "8700", "DISTRICT": "מרכז", "X": "185653.59", "Y": "677581.0", "PARK_N": "76.0", "DUNAM": "1.87", "COMMENTS": " ", "SOURCE": "תצא 2023", "D_UPDATE": "20/11/2024 00:00:00", "FLOORS": "1.0", "RAIL_MAKAT": "0.0", "FCL_MAKAT": "730050.0", "STATUS": "קיים", "BUS_SERV": "כן", "TRAIN_SERV": "לא", "LRT_SERV": "לא", "PAY": "לא", "BIC_PARK": "", "ELECTRIC": "", "Shape_Length": "182.53324509682514", "Shape_Area": "1867.7649772586376" }, "geometry": { "type": "Point", "coordinates": [ 34.84597, 32.19124 ] } },
{ "type": "Feature", "properties": { "OID": "-1", "ID": "554.0", "NAME": "רכבת רעננה מערב", "AUTHORITY": "רעננה", "AUTH_CODE": "8700", "TRAFAUTH": "רעננה", "TRAFCODE": "8700", "DISTRICT": "מרכז", "X": "186151.75", "Y": "676485.28", "PARK_N": "238.0", "DUNAM": "7.14", "COMMENTS": " ", "SOURCE": "תצא 2023", "D_UPDATE": "20/11/2024 00:00:00", "FLOORS": "1.0", "RAIL_MAKAT": "17121.0", "FCL_MAKAT": "730048.0", "STATUS": "קיים", "BUS_SERV": "כן", "TRAIN_SERV": "כן", "LRT_SERV": "לא", "PAY": "לא", "BIC_PARK": "", "ELECTRIC": "", "Shape_Length": "399.9788028511679", "Shape_Area": "7134.350826936435" }, "geometry": { "type": "Point", "coordinates": [ 34.85129, 32.18137 ] } },
{ "type": "Feature", "properties": { "OID": "-1", "ID": "555.0", "NAME": "חניון חנה וסע שפיים", "AUTHORITY": "שפיים", "AUTH_CODE": "0232", "TRAFAUTH": "שפיים", "TRAFCODE": "0232", "DISTRICT": "מרכז", "X": "184622.64", "Y": "679999.09", "PARK_N": "7000.0", "DUNAM": "51.8", "COMMENTS": " ", "SOURCE": "מעורב", "D_UPDATE": "30/04/2026 00:00:00", "FLOORS": "4.0", "RAIL_MAKAT": "0.0", "FCL_MAKAT": "0.0", "STATUS": "קיים", "BUS_SERV": "כן", "TRAIN_SERV": "לא", "LRT_SERV": "לא", "PAY": "לא", "BIC_PARK": "400", "ELECTRIC": "700", "Shape_Length": "910.4551547541281", "Shape_Area": "51768.85200731061" }, "geometry": { "type": "Point", "coordinates": [ 34.83495, 32.21301 ] } },
{ "type": "Feature", "properties": { "OID": "-1", "ID": "556.0", "NAME": "בית יהושע דרום", "AUTHORITY": "בית יהושע", "AUTH_CODE": "0288", "TRAFAUTH": "רכבת ישראל", "TRAFCODE": "10105", "DISTRICT": "מרכז", "X": "187002.99", "Y": "685351.33", "PARK_N": "108.0", "DUNAM": "2.59", "COMMENTS": " ", "SOURCE": "תצא 2023", "D_UPDATE": "20/11/2024 00:00:00", "FLOORS": "1.0", "RAIL_MAKAT": "17032.0", "FCL_MAKAT": "730005.0", "STATUS": "קיים", "BUS_SERV": "כן", "TRAIN_SERV": "כן", "LRT_SERV": "לא", "PAY": "לא", "BIC_PARK": "", "ELECTRIC": "", "Shape_Length": "339.72315204017053", "Shape_Area": "2586.448041645051" }, "geometry": { "type": "Point", "coordinates": [ 34.86002, 32.26135 ] } },
{ "type": "Feature", "properties": { "OID": "-1", "ID": "557.0", "NAME": "בית יהושע מערב", "AUTHORITY": "חוף השרון", "AUTH_CODE": "5519", "TRAFAUTH": "רכבת ישראל", "TRAFCODE": "10105", "DISTRICT": "מרכז", "X": "186983.79", "Y": "685563.2", "PARK_N": "482.0", "DUNAM": "20.16", "COMMENTS": " ", "SOURCE": "תצא 2023", "D_UPDATE": "20/11/2024 00:00:00", "FLOORS": "1.0", "RAIL_MAKAT": "17032.0", "FCL_MAKAT": "730005.0", "STATUS": "קיים", "BUS_SERV": "כן", "TRAIN_SERV": "כן", "LRT_SERV": "לא", "PAY": "לא", "BIC_PARK": "", "ELECTRIC": "", "Shape_Length": "788.5739100169537", "Shape_Area": "20152.052941101705" }, "geometry": { "type": "Point", "coordinates": [ 34.85981, 32.26326 ] } },
{ "type": "Feature", "properties": { "OID": "-1", "ID": "558.0", "NAME": "בית יהושע מזרח", "AUTHORITY": "בית יהושע", "AUTH_CODE": "0288", "TRAFAUTH": "רכבת ישראל", "TRAFCODE": "10105", "DISTRICT": "מרכז", "X": "187070.55", "Y": "685587.76", "PARK_N": "135.0", "DUNAM": "4.2", "COMMENTS": " ", "SOURCE": "תצא 2023", "D_UPDATE": "20/11/2024 00:00:00", "FLOORS": "1.0", "RAIL_MAKAT": "17032.0", "FCL_MAKAT": "730005.0", "STATUS": "קיים", "BUS_SERV": "כן", "TRAIN_SERV": "כן", "LRT_SERV": "לא", "PAY": "לא", "BIC_PARK": "", "ELECTRIC": "", "Shape_Length": "596.5601105756147", "Shape_Area": "4193.110544444421" }, "geometry": { "type": "Point", "coordinates": [ 34.86073, 32.26348 ] } },
{ "type": "Feature", "properties": { "OID": "-1", "ID": "559.0", "NAME": "רכבת ספיר", "AUTHORITY": "נתניה", "AUTH_CODE": "7400", "TRAFAUTH": "נתניה", "TRAFCODE": "7400", "DISTRICT": "מרכז", "X": "187472.6", "Y": "687486.87", "PARK_N": "260.0", "DUNAM": "7.79", "COMMENTS": " ", "SOURCE": "תצא 2023", "D_UPDATE": "20/11/2024 00:00:00", "FLOORS": "1.0", "RAIL_MAKAT": "17114.0", "FCL_MAKAT": "730026.0", "STATUS": "קיים", "BUS_SERV": "כן", "TRAIN_SERV": "כן", "LRT_SERV": "לא", "PAY": "לא", "BIC_PARK": "", "ELECTRIC": "", "Shape_Length": "435.6602721209469", "Shape_Area": "7781.605920873216" }, "geometry": { "type": "Point", "coordinates": [ 34.86493, 32.28062 ] } },
{ "type": "Feature", "properties": { "OID": "-1", "ID": "560.0", "NAME": "מסוף יהוד", "AUTHORITY": "יהוד מונוסון", "AUTH_CODE": "9400", "TRAFAUTH": "יהוד מונוסון", "TRAFCODE": "9400", "DISTRICT": "מרכז", "X": "189855.53", "Y": "659387.23", "PARK_N": "10.0", "DUNAM": "0.2", "COMMENTS": " ", "SOURCE": "תצא 2023", "D_UPDATE": "20/11/2024 00:00:00", "FLOORS": "1.0", "RAIL_MAKAT": "0.0", "FCL_MAKAT": "730010.0", "STATUS": "קיים", "BUS_SERV": "כן", "TRAIN_SERV": "לא", "LRT_SERV": "לא", "PAY": "לא", "BIC_PARK": "", "ELECTRIC": "", "Shape_Length": "58.69106100368724", "Shape_Area": "195.15157133155444" }, "geometry": { "type": "Point", "coordinates": [ 34.89109, 32.02729 ] } },
{ "type": "Feature", "properties": { "OID": "-1", "ID": "561.0", "NAME": "מסוף יהוד מזרח", "AUTHORITY": "יהוד מונוסון", "AUTH_CODE": "9400", "TRAFAUTH": "יהוד מונוסון", "TRAFCODE": "9400", "DISTRICT": "מרכז", "X": "189931.47", "Y": "659416.06", "PARK_N": "45.0", "DUNAM": "1.09", "COMMENTS": " ", "SOURCE": "תצא 2023", "D_UPDATE": "20/11/2024 00:00:00", "FLOORS": "1.0", "RAIL_MAKAT": "0.0", "FCL_MAKAT": "730010.0", "STATUS": "קיים", "BUS_SERV": "כן", "TRAIN_SERV": "לא", "LRT_SERV": "לא", "PAY": "לא", "BIC_PARK": "", "ELECTRIC": "3", "Shape_Length": "147.49336085955443", "Shape_Area": "1091.7864166165486" }, "geometry": { "type": "Point", "coordinates": [ 34.8919, 32.02755 ] } },
{ "type": "Feature", "properties": { "OID": "-1", "ID": "562.0", "NAME": "ארנס פתח תקווה", "AUTHORITY": "פתח תקווה", "AUTH_CODE": "7900", "TRAFAUTH": "פתח תקווה", "TRAFCODE": "7900", "DISTRICT": "מרכז", "X": "189280.24", "Y": "667125.19", "PARK_N": "36.0", "DUNAM": "2.21", "COMMENTS": " ", "SOURCE": "תצא 2023", "D_UPDATE": "20/11/2024 00:00:00", "FLOORS": "1.0", "RAIL_MAKAT": "0.0", "FCL_MAKAT": "730029.0", "STATUS": "קיים", "BUS_SERV": "כן", "TRAIN_SERV": "לא", "LRT_SERV": "לא", "PAY": "לא", "BIC_PARK": "", "ELECTRIC": "", "Shape_Length": "199.95602991490006", "Shape_Area": "2204.4714285595446" }, "geometry": { "type": "Point", "coordinates": [ 34.88476, 32.09705 ] } },
{ "type": "Feature", "properties": { "OID": "-1", "ID": "563.0", "NAME": "ארנס פתח תקווה - מאולתר", "AUTHORITY": "פתח תקווה", "AUTH_CODE": "7900", "TRAFAUTH": "פתח תקווה", "TRAFCODE": "7900", "DISTRICT": "מרכז", "X": "189253.82", "Y": "667285.84", "PARK_N": "0.0", "DUNAM": "5.48", "COMMENTS": "מאולתר", "SOURCE": "תצא 2023", "D_UPDATE": "20/11/2024 00:00:00", "FLOORS": "1.0", "RAIL_MAKAT": "0.0", "FCL_MAKAT": "730029.0", "STATUS": "ארעי", "BUS_SERV": "כן", "TRAIN_SERV": "לא", "LRT_SERV": "לא", "PAY": "", "BIC_PARK": "", "ELECTRIC": "", "Shape_Length": "419.4361164582461", "Shape_Area": "5474.310472170969" }, "geometry": { "type": "Point", "coordinates": [ 34.88448, 32.0985 ] } },
{ "type": "Feature", "properties": { "OID": "-1", "ID": "564.0", "NAME": "רכבת סגולה", "AUTHORITY": "פתח תקווה", "AUTH_CODE": "7900", "TRAFAUTH": "פתח תקווה", "TRAFCODE": "7900", "DISTRICT": "מרכז", "X": "190862.87", "Y": "668796.5", "PARK_N": "103.0", "DUNAM": "3.48", "COMMENTS": " ", "SOURCE": "תצא 2023", "D_UPDATE": "20/11/2024 00:00:00", "FLOORS": "1.0", "RAIL_MAKAT": "17044.0", "FCL_MAKAT": "0.0", "STATUS": "קיים", "BUS_SERV": "כן", "TRAIN_SERV": "כן", "LRT_SERV": "לא", "PAY": "לא", "BIC_PARK": "", "ELECTRIC": "", "Shape_Length": "400.1279115226661", "Shape_Area": "3474.1674145341876" }, "geometry": { "type": "Point", "coordinates": [ 34.90148, 32.11217 ] } },
{ "type": "Feature", "properties": { "OID": "-1", "ID": "565.0", "NAME": "רכבת סוקולוב", "AUTHORITY": "הוד השרון", "AUTH_CODE": "9700", "TRAFAUTH": "רכבת ישראל", "TRAFCODE": "10105", "DISTRICT": "מרכז", "X": "191035.15", "Y": "675236.82", "PARK_N": "130.0", "DUNAM": "4.55", "COMMENTS": " ", "SOURCE": "תצא 2023", "D_UPDATE": "20/11/2024 00:00:00", "FLOORS": "1.0", "RAIL_MAKAT": "17100.0", "FCL_MAKAT": "730002.0", "STATUS": "קיים", "BUS_SERV": "כן", "TRAIN_SERV": "כן", "LRT_SERV": "לא", "PAY": "לא", "BIC_PARK": "", "ELECTRIC": "", "Shape_Length": "350.2905526160019", "Shape_Area": "4551.448137678739" }, "geometry": { "type": "Point", "coordinates": [ 34.90311, 32.17025 ] } },
{ "type": "Feature", "properties": { "OID": "-1", "ID": "566.0", "NAME": "רכבת הוד השרון", "AUTHORITY": "הוד השרון", "AUTH_CODE": "9700", "TRAFAUTH": "רכבת ישראל", "TRAFCODE": "10105", "DISTRICT": "מרכז", "X": "190880.2", "Y": "675274.63", "PARK_N": "15.0", "DUNAM": "0.41", "COMMENTS": " ", "SOURCE": "תצא 2023", "D_UPDATE": "20/11/2024 00:00:00", "FLOORS": "1.0", "RAIL_MAKAT": "0.0", "FCL_MAKAT": "730002.0", "STATUS": "קיים", "BUS_SERV": "כן", "TRAIN_SERV": "כן", "LRT_SERV": "לא", "PAY": "לא", "BIC_PARK": "", "ELECTRIC": "", "Shape_Length": "89.84473856565602", "Shape_Area": "411.40512717362714" }, "geometry": { "type": "Point", "coordinates": [ 34.90147, 32.17058 ] } },
{ "type": "Feature", "properties": { "OID": "-1", "ID": "567.0", "NAME": "רכבת נורדאו", "AUTHORITY": "הוד השרון", "AUTH_CODE": "9700", "TRAFAUTH": "רכבת ישראל", "TRAFCODE": "10105", "DISTRICT": "מרכז", "X": "192242.9", "Y": "675015.38", "PARK_N": "320.0", "DUNAM": "8.55", "COMMENTS": " ", "SOURCE": "תצא 2023", "D_UPDATE": "20/11/2024 00:00:00", "FLOORS": "1.0", "RAIL_MAKAT": "17092.0", "FCL_MAKAT": "730003.0", "STATUS": "קיים", "BUS_SERV": "כן", "TRAIN_SERV": "כן", "LRT_SERV": "לא", "PAY": "לא", "BIC_PARK": "", "ELECTRIC": "", "Shape_Length": "529.2942755168838", "Shape_Area": "8547.617920945722" }, "geometry": { "type": "Point", "coordinates": [ 34.91592, 32.16828 ] } },
{ "type": "Feature", "properties": { "OID": "-1", "ID": "568.0", "NAME": "רכבת ראש העין צפון", "AUTHORITY": "גבעת השלושה", "AUTH_CODE": "0870", "TRAFAUTH": "רכבת ישראל", "TRAFCODE": "10105", "DISTRICT": "מרכז", "X": "194062.32", "Y": "669612.02", "PARK_N": "1065.0", "DUNAM": "27.02", "COMMENTS": " ", "SOURCE": "תצא 2023", "D_UPDATE": "20/11/2024 00:00:00", "FLOORS": "1.0", "RAIL_MAKAT": "17094.0", "FCL_MAKAT": "730037.0", "STATUS": "קיים", "BUS_SERV": "כן", "TRAIN_SERV": "כן", "LRT_SERV": "לא", "PAY": "לא", "BIC_PARK": "", "ELECTRIC": "", "Shape_Length": "811.5152204928984", "Shape_Area": "27003.05517165244" }, "geometry": { "type": "Point", "coordinates": [ 34.93536, 32.1196 ] } },
{ "type": "Feature", "properties": { "OID": "-1", "ID": "569.0", "NAME": "מסוף אורנית", "AUTHORITY": "אלקנה", "AUTH_CODE": "3560", "TRAFAUTH": "אלקנה", "TRAFCODE": "3560", "DISTRICT": "איוש", "X": "200068.8", "Y": "668272.06", "PARK_N": "77.0", "DUNAM": "2.52", "COMMENTS": " ", "SOURCE": "תצא 2023", "D_UPDATE": "20/11/2024 00:00:00", "FLOORS": "1.0", "RAIL_MAKAT": "0.0", "FCL_MAKAT": "760011.0", "STATUS": "קיים", "BUS_SERV": "כן", "TRAIN_SERV": "לא", "LRT_SERV": "לא", "PAY": "", "BIC_PARK": "", "ELECTRIC": "", "Shape_Length": "281.0736325941762", "Shape_Area": "2515.5660213187566" }, "geometry": { "type": "Point", "coordinates": [ 34.99903, 32.10763 ] } },
{ "type": "Feature", "properties": { "OID": "-1", "ID": "570.0", "NAME": "בני דרור", "AUTHORITY": "מועצה אזורית לב השרון", "AUTH_CODE": "411P", "TRAFAUTH": "מועצה אזורית לב השרון", "TRAFCODE": "411P", "DISTRICT": "מרכז", "X": "190163.88", "Y": "685112.44", "PARK_N": "447.0", "DUNAM": "3.97", "COMMENTS": " ", "SOURCE": "תצא 2023", "D_UPDATE": "20/11/2024 00:00:00", "FLOORS": "1.0", "RAIL_MAKAT": "0.0", "FCL_MAKAT": "0.0", "STATUS": "קיים", "BUS_SERV": "לא", "TRAIN_SERV": "לא", "LRT_SERV": "לא", "PAY": "לא", "BIC_PARK": "", "ELECTRIC": "", "Shape_Length": "294.4780843584005", "Shape_Area": "3969.830604871837" }, "geometry": { "type": "Point", "coordinates": [ 34.89357, 32.25928 ] } },
{ "type": "Feature", "properties": { "OID": "-1", "ID": "571.0", "NAME": "רכבת נתניה", "AUTHORITY": "נתניה", "AUTH_CODE": "7400", "TRAFAUTH": "רכבת ישראל", "TRAFCODE": "10105", "DISTRICT": "מרכז", "X": "187816.26", "Y": "691862.91", "PARK_N": "233.0", "DUNAM": "6.31", "COMMENTS": " ", "SOURCE": "תצא 2023", "D_UPDATE": "20/11/2024 00:00:00", "FLOORS": "1.0", "RAIL_MAKAT": "17030.0", "FCL_MAKAT": "0.0", "STATUS": "קיים", "BUS_SERV": "כן", "TRAIN_SERV": "כן", "LRT_SERV": "לא", "PAY": "לא", "BIC_PARK": "", "ELECTRIC": "", "Shape_Length": "347.57934390930734", "Shape_Area": "6310.744619216082" }, "geometry": { "type": "Point", "coordinates": [ 34.86843, 32.32009 ] } },
{ "type": "Feature", "properties": { "OID": "-1", "ID": "572.0", "NAME": "רכבת חדרה מערב", "AUTHORITY": "חדרה", "AUTH_CODE": "6500", "TRAFAUTH": "רכבת ישראל", "TRAFCODE": "10105", "DISTRICT": "חיפה", "X": "190620.61", "Y": "704809.34", "PARK_N": "482.0", "DUNAM": "13.94", "COMMENTS": " ", "SOURCE": "תצא 2023", "D_UPDATE": "20/11/2024 00:00:00", "FLOORS": "1.0", "RAIL_MAKAT": "17028.0", "FCL_MAKAT": "740004.0", "STATUS": "קיים", "BUS_SERV": "כן", "TRAIN_SERV": "כן", "LRT_SERV": "לא", "PAY": "לא", "BIC_PARK": "", "ELECTRIC": "", "Shape_Length": "644.3947505276544", "Shape_Area": "13928.17508958419" }, "geometry": { "type": "Point", "coordinates": [ 34.89782, 32.43691 ] } },
{ "type": "Feature", "properties": { "OID": "-1", "ID": "573.0", "NAME": "רכבת חדרה מערב- חניון צפוני", "AUTHORITY": "חדרה", "AUTH_CODE": "6500", "TRAFAUTH": "רכבת ישראל", "TRAFCODE": "10105", "DISTRICT": "חיפה", "X": "190988.26", "Y": "705116.24", "PARK_N": "80.0", "DUNAM": "2.23", "COMMENTS": " ", "SOURCE": "תצא 2023", "D_UPDATE": "20/11/2024 00:00:00", "FLOORS": "1.0", "RAIL_MAKAT": "17027.0", "FCL_MAKAT": "740004.0", "STATUS": "קיים", "BUS_SERV": "כן", "TRAIN_SERV": "כן", "LRT_SERV": "לא", "PAY": "לא", "BIC_PARK": "", "ELECTRIC": "", "Shape_Length": "327.0432169277136", "Shape_Area": "2224.2692290811074" }, "geometry": { "type": "Point", "coordinates": [ 34.90172, 32.43968 ] } },
{ "type": "Feature", "properties": { "OID": "-1", "ID": "574.0", "NAME": "תחנה מרכזית חדרה", "AUTHORITY": "חדרה", "AUTH_CODE": "6500", "TRAFAUTH": "חדרה", "TRAFCODE": "6500", "DISTRICT": "חיפה", "X": "192249.48", "Y": "704643.98", "PARK_N": "247.0", "DUNAM": "6.54", "COMMENTS": " ", "SOURCE": "תצא 2023", "D_UPDATE": "20/11/2024 00:00:00", "FLOORS": "1.0", "RAIL_MAKAT": "0.0", "FCL_MAKAT": "740003.0", "STATUS": "קיים", "BUS_SERV": "כן", "TRAIN_SERV": "לא", "LRT_SERV": "לא", "PAY": "לא", "BIC_PARK": "", "ELECTRIC": "", "Shape_Length": "550.6666726828348", "Shape_Area": "6532.837195149561" }, "geometry": { "type": "Point", "coordinates": [ 34.91515, 32.43546 ] } },
{ "type": "Feature", "properties": { "OID": "-1", "ID": "575.0", "NAME": "קיסריה-פרדס חנה- מזרח", "AUTHORITY": "פרדס חנה כרכור", "AUTH_CODE": "7800", "TRAFAUTH": "רכבת ישראל", "TRAFCODE": "10105", "DISTRICT": "חיפה", "X": "195980.04", "Y": "710150.54", "PARK_N": "326.0", "DUNAM": "19.96", "COMMENTS": " ", "SOURCE": "תצא 2023", "D_UPDATE": "26/01/2026 00:00:00", "FLOORS": "1.0", "RAIL_MAKAT": "17026.0", "FCL_MAKAT": "740022.0", "STATUS": "קיים", "BUS_SERV": "כן", "TRAIN_SERV": "כן", "LRT_SERV": "לא", "PAY": "לא", "BIC_PARK": "", "ELECTRIC": "", "Shape_Length": "824.1706021717383", "Shape_Area": "19941.525566068944" }, "geometry": { "type": "Point", "coordinates": [ 34.95468, 32.4852 ] } },
{ "type": "Feature", "properties": { "OID": "-1", "ID": "576.0", "NAME": "רכבת קיסריה-םרדס חנה- מערב", "AUTHORITY": "קיסריה", "AUTH_CODE": "1167", "TRAFAUTH": "רכבת ישראל", "TRAFCODE": "10105", "DISTRICT": "חיפה", "X": "195879.32", "Y": "710369.03", "PARK_N": "151.0", "DUNAM": "4.04", "COMMENTS": " ", "SOURCE": "תצא 2022 + תכנית מסוף רכבת קי", "D_UPDATE": "26/01/2026 00:00:00", "FLOORS": "1.0", "RAIL_MAKAT": "17026.0", "FCL_MAKAT": "740022.0", "STATUS": "קיים", "BUS_SERV": "כן", "TRAIN_SERV": "כן", "LRT_SERV": "לא", "PAY": "לא", "BIC_PARK": "0", "ELECTRIC": "0", "Shape_Length": "308.4709335346036", "Shape_Area": "4037.7331421979957" }, "geometry": { "type": "Point", "coordinates": [ 34.9536, 32.48716 ] } }
]
}
