{
"type": "FeatureCollection",
"name": "l",
"features": [
{ "type": "Feature", "properties": { "OID": "-1", "X": "163050.61766", "Y": "620558.002036", "STATUS": "קיים", "NUM": "1.0", "HEBREW": "אבא הלל", "ARABIC": "أبا هِليل", "LATIN": "Aba Hilel", "RAODS": "3/4", "CURRENT": "צומת", "VAADA": "", "FUTURE": "", "YALKUTPIR": "", "Num_": "" }, "geometry": { "type": "Point", "coordinates": [ 34.60961, 31.67611 ] } },
{ "type": "Feature", "properties": { "OID": "-1", "X": "226922.332768", "Y": "737001.823094", "STATUS": "קיים", "NUM": "2.0", "HEBREW": "אביהוא", "ARABIC": " أڤيهو", "LATIN": "Avihu", "RAODS": "79/700", "CURRENT": "צומת", "VAADA": "30/05/2019 00:00:00", "FUTURE": "", "YALKUTPIR": "8335 - 11/7/19", "Num_": "" }, "geometry": { "type": "Point", "coordinates": [ 35.28409, 32.72754 ] } },
{ "type": "Feature", "properties": { "OID": "-1", "X": "214507.280077", "Y": "747584.757326", "STATUS": "קיים לשדרוג", "NUM": "3.0", "HEBREW": "אבליים", "ARABIC": "إڤلايم", "LATIN": "Evlayim", "RAODS": "70/781", "CURRENT": "צומת מפוצל", "VAADA": "", "FUTURE": "מחלף", "YALKUTPIR": "", "Num_": "" }, "geometry": { "type": "Point", "coordinates": [ 35.15159, 32.82298 ] } },
{ "type": "Feature", "properties": { "OID": "-1", "X": "214554.090878", "Y": "747752.306773", "STATUS": "קיים לשדרוג", "NUM": "4.0", "HEBREW": "אבליים", "ARABIC": "إڤلايم", "LATIN": "Evlayim", "RAODS": "70/781", "CURRENT": "צומת מפוצל", "VAADA": "", "FUTURE": "מחלף", "YALKUTPIR": "", "Num_": "" }, "geometry": { "type": "Point", "coordinates": [ 35.15209, 32.82449 ] } },
{ "type": "Feature", "properties": { "OID": "-1", "X": "196519.239899", "Y": "668290.889931", "STATUS": "קיים", "NUM": "5.0", "HEBREW": "אבן העזר", "ARABIC": "إيڤِن هعيزِر", "LATIN": "Even HaEzer", "RAODS": "5/אל כרים קאסם (כפר קאסם)/הדקלים (ראש העין)", "CURRENT": "מחלף", "VAADA": "10/04/2022 00:00:00", "FUTURE": "", "YALKUTPIR": "", "Num_": "" }, "geometry": { "type": "Point", "coordinates": [ 34.96142, 32.10773 ] } },
{ "type": "Feature", "properties": { "OID": "-1", "X": "135848.00415", "Y": "570496.951653", "STATUS": "קיים", "NUM": "6.0", "HEBREW": "אבשלום", "ARABIC": "أڤشلوم", "LATIN": "Avshalom", "RAODS": "232/2211", "CURRENT": "צומת", "VAADA": "", "FUTURE": "", "YALKUTPIR": "", "Num_": "" }, "geometry": { "type": "Point", "coordinates": [ 34.32698, 31.22301 ] } },
{ "type": "Feature", "properties": { "OID": "-1", "X": "227537.532919", "Y": "632398.161993", "STATUS": "קיים", "NUM": "7.0", "HEBREW": "אדומים", "ARABIC": "أدوميم", "LATIN": "Adumim", "RAODS": "1/417", "CURRENT": "מחלף", "VAADA": "", "FUTURE": "", "YALKUTPIR": "", "Num_": "" }, "geometry": { "type": "Point", "coordinates": [ 35.28976, 31.78425 ] } },
{ "type": "Feature", "properties": { "OID": "-1", "X": "248367.054437", "Y": "670422.539046", "STATUS": "קיים", "NUM": "8.0", "HEBREW": "אדם", "ARABIC": "أدام", "LATIN": "Adam", "RAODS": "57/90", "CURRENT": "מחלף", "VAADA": "", "FUTURE": "", "YALKUTPIR": "", "Num_": "" }, "geometry": { "type": "Point", "coordinates": [ 35.51081, 32.12682 ] } },
{ "type": "Feature", "properties": { "OID": "-1", "X": "197520.953685", "Y": "735137.355691", "STATUS": "קיים", "NUM": "9.0", "HEBREW": "אהרונסון", "ARABIC": "أهرونسون", "LATIN": "Aharonson", "RAODS": "4/721 (דרומי)", "CURRENT": "צומת", "VAADA": "30/05/2019 00:00:00", "FUTURE": "", "YALKUTPIR": "8335 - 11/7/19", "Num_": "" }, "geometry": { "type": "Point", "coordinates": [ 34.97048, 32.71054 ] } },
{ "type": "Feature", "properties": { "OID": "-1", "X": "181427.747298", "Y": "566721.620863", "STATUS": "קיים", "NUM": "10.0", "HEBREW": "אוהלים", "ARABIC": "أوهليم", "LATIN": "Ohalim", "RAODS": "40/406 (דרום)", "CURRENT": "צומת", "VAADA": "", "FUTURE": "", "YALKUTPIR": "", "Num_": "" }, "geometry": { "type": "Point", "coordinates": [ 34.80546, 31.19134 ] } },
{ "type": "Feature", "properties": { "OID": "-1", "X": "190171.966251", "Y": "705724.759907", "STATUS": "קיים", "NUM": "11.0", "HEBREW": "אולגה", "ARABIC": "أولچا", "LATIN": "Olga", "RAODS": "2/אהרונסון (חדרה)", "CURRENT": "מחלף", "VAADA": "", "FUTURE": "", "YALKUTPIR": "", "Num_": "" }, "geometry": { "type": "Point", "coordinates": [ 34.89302, 32.44515 ] } },
{ "type": "Feature", "properties": { "OID": "-1", "X": "214133.860402", "Y": "715438.283157", "STATUS": "קיים", "NUM": "12.0", "HEBREW": "אום אל פחם", "ARABIC": "أم الفحم", "LATIN": "Um al Fahm", "RAODS": "65/אלמדינה (אום אל פחם)", "CURRENT": "צומת", "VAADA": "", "FUTURE": "", "YALKUTPIR": "", "Num_": "" }, "geometry": { "type": "Point", "coordinates": [ 35.14779, 32.53311 ] } },
{ "type": "Feature", "properties": { "OID": "-1", "X": "193488.724544", "Y": "711887.260357", "STATUS": "קיים", "NUM": "13.0", "HEBREW": "אור עקיבא", "ARABIC": "أور عكيڤا", "LATIN": "Or Akiva", "RAODS": "4/6511", "CURRENT": "צומת", "VAADA": "", "FUTURE": "", "YALKUTPIR": "", "Num_": "" }, "geometry": { "type": "Point", "coordinates": [ 34.92812, 32.5008 ] } },
{ "type": "Feature", "properties": { "OID": "-1", "X": "192176.152795", "Y": "712342.333059", "STATUS": "קיים", "NUM": "14.0", "HEBREW": "אור עקיבא מערב", "ARABIC": "أور عكيڤا غرب", "LATIN": "Or Akiva West ", "RAODS": "2/6511", "CURRENT": "מחלף", "VAADA": "", "FUTURE": "", "YALKUTPIR": "", "Num_": "" }, "geometry": { "type": "Point", "coordinates": [ 34.91414, 32.50487 ] } },
{ "type": "Feature", "properties": { "OID": "-1", "X": "154892.929142", "Y": "580729.925062", "STATUS": "קיים", "NUM": "15.0", "HEBREW": "אורים", "ARABIC": "أوريم", "LATIN": "Urim", "RAODS": "234/241", "CURRENT": "צומת", "VAADA": "", "FUTURE": "", "YALKUTPIR": "", "Num_": "" }, "geometry": { "type": "Point", "coordinates": [ 34.52618, 31.31651 ] } },
{ "type": "Feature", "properties": { "OID": "-1", "X": "197533.920954", "Y": "735531.580116", "STATUS": "קיים", "NUM": "16.0", "HEBREW": "אורן", "ARABIC": "أورِن", "LATIN": "Oren", "RAODS": "4/721  (צפון)", "CURRENT": "צומת", "VAADA": "", "FUTURE": "", "YALKUTPIR": "", "Num_": "" }, "geometry": { "type": "Point", "coordinates": [ 34.97061, 32.71409 ] } },
{ "type": "Feature", "properties": { "OID": "-1", "X": "215919.243727", "Y": "757464.921424", "STATUS": "קיים", "NUM": "17.0", "HEBREW": "אחיהוד", "ARABIC": "أحيهود", "LATIN": "Ahihud", "RAODS": "70/85 (מזרחי)", "CURRENT": "צומת", "VAADA": "", "FUTURE": "", "YALKUTPIR": "", "Num_": "" }, "geometry": { "type": "Point", "coordinates": [ 35.16663, 32.91208 ] } },
{ "type": "Feature", "properties": { "OID": "-1", "X": "200685.189057", "Y": "698620.072924", "STATUS": "קיים", "NUM": "18.0", "HEBREW": "אחיטוב", "ARABIC": "أحيتوڤ", "LATIN": "Ahituv", "RAODS": "581/582", "CURRENT": "מחלף", "VAADA": "10/04/2022 00:00:00", "FUTURE": "", "YALKUTPIR": "", "Num_": "" }, "geometry": { "type": "Point", "coordinates": [ 35.00496, 32.38131 ] } },
{ "type": "Feature", "properties": { "OID": "-1", "X": "189842.173421", "Y": "648892.304616", "STATUS": "קיים", "NUM": "19.0", "HEBREW": "אחיסמך", "ARABIC": "أحيسَماخ", "LATIN": "Ahisamakh", "RAODS": "40/הרמא (לוד)", "CURRENT": "צומת", "VAADA": "", "FUTURE": "", "YALKUTPIR": "", "Num_": "" }, "geometry": { "type": "Point", "coordinates": [ 34.89127, 31.93264 ] } },
{ "type": "Feature", "properties": { "OID": "-1", "X": "196679.214471", "Y": "679355.152677", "STATUS": "קיים", "NUM": "20.0", "HEBREW": "אייל", "ARABIC": "إيال", "LATIN": "Eyal", "RAODS": "6/551", "CURRENT": "מחלף", "VAADA": "", "FUTURE": "", "YALKUTPIR": "", "Num_": "" }, "geometry": { "type": "Point", "coordinates": [ 34.96285, 32.20751 ] } },
{ "type": "Feature", "properties": { "OID": "-1", "X": "196726.19244", "Y": "388247.792108", "STATUS": "קיים", "NUM": "21.0", "HEBREW": "אילות", "ARABIC": "إيلوت", "LATIN": "Elot", "RAODS": "90/109", "CURRENT": "מחלף", "VAADA": "", "FUTURE": "", "YALKUTPIR": "", "Num_": "" }, "geometry": { "type": "Point", "coordinates": [ 34.96984, 29.58185 ] } },
{ "type": "Feature", "properties": { "OID": "-1", "X": "233550.449179", "Y": "664438.751816", "STATUS": "קיים", "NUM": "22.0", "HEBREW": "אירוס השומרון", "ARABIC": "إيروس هشومرون", "LATIN": "Irus HaShomron", "RAODS": "458/505", "CURRENT": "צומת", "VAADA": "14/03/2024 00:00:00", "FUTURE": "", "YALKUTPIR": "12579 - 24/7/2024", "Num_": "" }, "geometry": { "type": "Point", "coordinates": [ 35.35371, 32.07314 ] } },
{ "type": "Feature", "properties": { "OID": "-1", "X": "227599.126866", "Y": "731123.651009", "STATUS": "קיים", "NUM": "23.0", "HEBREW": "אכסאל", "ARABIC": "إكسال", "LATIN": "Iksal", "RAODS": "60/איבן עאמר (נצרת)", "CURRENT": "מחלף", "VAADA": "", "FUTURE": "", "YALKUTPIR": "", "Num_": "" }, "geometry": { "type": "Point", "coordinates": [ 35.29126, 32.67453 ] } },
{ "type": "Feature", "properties": { "OID": "-1", "X": "191320.64539", "Y": "655185.920788", "STATUS": "קיים", "NUM": "24.0", "HEBREW": "אל על", "ARABIC": "إيل عال", "LATIN": "El Al", "RAODS": "40/46", "CURRENT": "צומת", "VAADA": "", "FUTURE": "", "YALKUTPIR": "", "Num_": "" }, "geometry": { "type": "Point", "coordinates": [ 34.90673, 31.98944 ] } },
{ "type": "Feature", "properties": { "OID": "-1", "X": "251564.263915", "Y": "735615.425967", "STATUS": "קיים", "NUM": "25.0", "HEBREW": "אלומות", "ARABIC": "ألوموت", "LATIN": "Alumot", "RAODS": "767/768", "CURRENT": "צומת", "VAADA": "", "FUTURE": "", "YALKUTPIR": "", "Num_": "" }, "geometry": { "type": "Point", "coordinates": [ 35.54691, 32.7146 ] } },
{ "type": "Feature", "properties": { "OID": "-1", "X": "213681.791988", "Y": "734947.253448", "STATUS": "קיים", "NUM": "26.0", "HEBREW": "אלונים", "ARABIC": "ألونيم", "LATIN": "Alonim", "RAODS": "75/7513", "CURRENT": "צומת", "VAADA": "", "FUTURE": "", "YALKUTPIR": "", "Num_": "" }, "geometry": { "type": "Point", "coordinates": [ 35.14285, 32.70903 ] } },
{ "type": "Feature", "properties": { "OID": "-1", "X": "184538.395378", "Y": "662523.872349", "STATUS": "קיים", "NUM": "27.0", "HEBREW": "אלוף שדה", "ARABIC": "ألوف سَدي", "LATIN": "Aluf Sade", "RAODS": "4/שיבא (רמת גן)", "CURRENT": "מחלף", "VAADA": "", "FUTURE": "", "YALKUTPIR": "", "Num_": "" }, "geometry": { "type": "Point", "coordinates": [ 34.8347, 32.05542 ] } },
{ "type": "Feature", "properties": { "OID": "-1", "X": "250976.214036", "Y": "762132.396142", "STATUS": "קיים", "NUM": "28.0", "HEBREW": "אליפלט", "ARABIC": "إليفيلِت", "LATIN": "Elifelet", "RAODS": "89/90", "CURRENT": "מחלף", "VAADA": "", "FUTURE": "", "YALKUTPIR": "", "Num_": "" }, "geometry": { "type": "Point", "coordinates": [ 35.54154, 32.95371 ] } },
{ "type": "Feature", "properties": { "OID": "-1", "X": "206376.543495", "Y": "726897.924531", "STATUS": "קיים", "NUM": "29.0", "HEBREW": "אליקים", "ARABIC": "إليَكيم", "LATIN": "Elyakim", "RAODS": "70/672", "CURRENT": "מחלף", "VAADA": "", "FUTURE": "", "YALKUTPIR": "", "Num_": "" }, "geometry": { "type": "Point", "coordinates": [ 35.06505, 32.63638 ] } },
{ "type": "Feature", "properties": { "OID": "-1", "X": "193220.623458", "Y": "674571.115503", "STATUS": "קיים", "NUM": "30.0", "HEBREW": "אלישמע", "ARABIC": "إليشَماع", "LATIN": "Elishama", "RAODS": "40/531", "CURRENT": "מחלף", "VAADA": "", "FUTURE": "", "YALKUTPIR": "", "Num_": "" }, "geometry": { "type": "Point", "coordinates": [ 34.9263, 32.1643 ] } },
{ "type": "Feature", "properties": { "OID": "-1", "X": "168132.716175", "Y": "629074.949569", "STATUS": "קיים", "NUM": "31.0", "HEBREW": "אמונים", "ARABIC": "إمونيم", "LATIN": "Emunim", "RAODS": "4/3711", "CURRENT": "צומת", "VAADA": "", "FUTURE": "", "YALKUTPIR": "", "Num_": "" }, "geometry": { "type": "Point", "coordinates": [ 34.66275, 31.75316 ] } },
{ "type": "Feature", "properties": { "OID": "-1", "X": "267070.219845", "Y": "742801.262625", "STATUS": "קיים", "NUM": "32.0", "HEBREW": "אפיק", "ARABIC": "أفيك", "LATIN": "Afik", "RAODS": "98/789", "CURRENT": "צומת", "VAADA": "", "FUTURE": "", "YALKUTPIR": "", "Num_": "" }, "geometry": { "type": "Point", "coordinates": [ 35.71266, 32.77883 ] } },
{ "type": "Feature", "properties": { "OID": "-1", "X": "215793.289746", "Y": "668429.228782", "STATUS": "קיים", "NUM": "33.0", "HEBREW": "אריאל", "ARABIC": "أريئيل", "LATIN": "Ari'el", "RAODS": "1/505/4775", "CURRENT": "צומת", "VAADA": "", "FUTURE": "", "YALKUTPIR": "", "Num_": "" }, "geometry": { "type": "Point", "coordinates": [ 35.16563, 32.10921 ] } },
{ "type": "Feature", "properties": { "OID": "-1", "X": "171710.318454", "Y": "637280.437042", "STATUS": "קיים", "NUM": "34.0", "HEBREW": "אשדוד", "ARABIC": "أشدود", "LATIN": "Ashdod", "RAODS": "4/7", "CURRENT": "מחלף", "VAADA": "", "FUTURE": "", "YALKUTPIR": "", "Num_": "" }, "geometry": { "type": "Point", "coordinates": [ 34.70011, 31.82731 ] } },
{ "type": "Feature", "properties": { "OID": "-1", "X": "172710.954097", "Y": "639862.760218", "STATUS": "מתוכנן", "NUM": "35.0", "HEBREW": "אשדוד צפון", "ARABIC": "أشدود شمال", "LATIN": "Ashdod North", "RAODS": "4/דרך כניסה לאזור תעשייה צפוני אשדוד", "CURRENT": "", "VAADA": "04/05/2017 00:00:00", "FUTURE": "מחלף", "YALKUTPIR": "7902 - 5/8/18", "Num_": "" }, "geometry": { "type": "Point", "coordinates": [ 34.71055, 31.85064 ] } },
{ "type": "Feature", "properties": { "OID": "-1", "X": "165562.529157", "Y": "625890.495807", "STATUS": "קיים", "NUM": "36.0", "HEBREW": "אשכולות", "ARABIC": "إشكولوت", "LATIN": "Eshkolot", "RAODS": "4/232", "CURRENT": "צומת", "VAADA": "", "FUTURE": "", "YALKUTPIR": "", "Num_": "" }, "geometry": { "type": "Point", "coordinates": [ 34.6358, 31.72432 ] } },
{ "type": "Feature", "properties": { "OID": "-1", "X": "162386.705484", "Y": "618632.863509", "STATUS": "קיים", "NUM": "37.0", "HEBREW": "אשקלון", "ARABIC": "أشكِلون", "LATIN": "Ashkelon", "RAODS": "4/בן גוריון (אשקלון)", "CURRENT": "צומת", "VAADA": "", "FUTURE": "", "YALKUTPIR": "", "Num_": "" }, "geometry": { "type": "Point", "coordinates": [ 34.60272, 31.65872 ] } },
{ "type": "Feature", "properties": { "OID": "-1", "X": "164153.218137", "Y": "623623.637089", "STATUS": "קיים", "NUM": "38.0", "HEBREW": "אשקלון צפון", "ARABIC": "أشكِلون شمال", "LATIN": "Ashkelon North", "RAODS": "4/שמיר (אשקלון)", "CURRENT": "מחלף", "VAADA": "04/05/2017 00:00:00", "FUTURE": "", "YALKUTPIR": "7902 - 5/8/18", "Num_": "" }, "geometry": { "type": "Point", "coordinates": [ 34.62106, 31.70381 ] } },
{ "type": "Feature", "properties": { "OID": "-1", "X": "212197.06786", "Y": "768834.933962", "STATUS": "קיים", "NUM": "39.0", "HEBREW": "אשר", "ARABIC": "أشير", "LATIN": "Asher", "RAODS": "89/8912", "CURRENT": "צומת", "VAADA": "24/05/2018 00:00:00", "FUTURE": "", "YALKUTPIR": "7902 - 5/8/18", "Num_": "" }, "geometry": { "type": "Point", "coordinates": [ 35.12675, 33.01458 ] } },
{ "type": "Feature", "properties": { "OID": "-1", "X": "202222.186788", "Y": "701978.432286", "STATUS": "קיים", "NUM": "40.0", "HEBREW": "באקה ג'ת", "ARABIC": "باقة جت", "LATIN": "Baka Jat", "RAODS": "6/61/574", "CURRENT": "מחלף", "VAADA": "", "FUTURE": "", "YALKUTPIR": "", "Num_": "" }, "geometry": { "type": "Point", "coordinates": [ 35.02124, 32.41162 ] } },
{ "type": "Feature", "properties": { "OID": "-1", "X": "191266.243502", "Y": "658306.047456", "STATUS": "קיים", "NUM": "41.0", "HEBREW": "בדק", "ARABIC": "بيدِك", "LATIN": "Bedek", "RAODS": "40/4613", "CURRENT": "צומת", "VAADA": "", "FUTURE": "", "YALKUTPIR": "", "Num_": "" }, "geometry": { "type": "Point", "coordinates": [ 34.90606, 32.01757 ] } },
{ "type": "Feature", "properties": { "OID": "-1", "X": "218470.103045", "Y": "630483.470627", "STATUS": "קיים", "NUM": "42.0", "HEBREW": "בייט", "ARABIC": "بايت", "LATIN": "Beyth", "RAODS": "16/50", "CURRENT": "מחלף", "VAADA": "30/05/2019 00:00:00", "FUTURE": "", "YALKUTPIR": "8335 - 11/7/19", "Num_": "" }, "geometry": { "type": "Point", "coordinates": [ 35.19403, 31.76701 ] } },
{ "type": "Feature", "properties": { "OID": "-1", "X": "183035.408469", "Y": "642067.602728", "STATUS": "קיים", "NUM": "43.0", "HEBREW": "בילו", "ARABIC": "بيلو", "LATIN": "Bilu", "RAODS": "40/412", "CURRENT": "צומת", "VAADA": "", "FUTURE": "", "YALKUTPIR": "", "Num_": "" }, "geometry": { "type": "Point", "coordinates": [ 34.81955, 31.8709 ] } },
{ "type": "Feature", "properties": { "OID": "-1", "X": "203980.814778", "Y": "660525.035774", "STATUS": "קיים", "NUM": "44.0", "HEBREW": "בית אריה", "ARABIC": "بيت أريي ", "LATIN": "Bet Arye", "RAODS": "446/כניסה לבית אריה", "CURRENT": "צומת", "VAADA": "23/05/2024 00:00:00", "FUTURE": "", "YALKUTPIR": "12572 - 22/07/2024", "Num_": "" }, "geometry": { "type": "Point", "coordinates": [ 35.0406, 32.03783 ] } },
{ "type": "Feature", "properties": { "OID": "-1", "X": "181183.394217", "Y": "571052.680438", "STATUS": "קיים", "NUM": "45.0", "HEBREW": "בית אשל", "ARABIC": "بيت إيشِل", "LATIN": "Bet Eshel", "RAODS": "25/406", "CURRENT": "צומת", "VAADA": "", "FUTURE": "", "YALKUTPIR": "", "Num_": "" }, "geometry": { "type": "Point", "coordinates": [ 34.80273, 31.23039 ] } },
{ "type": "Feature", "properties": { "OID": "-1", "X": "183238.818504", "Y": "656520.809536", "STATUS": "קיים לשדרוג", "NUM": "46.0", "HEBREW": "בית דגן", "ARABIC": "بيت دَچان", "LATIN": "Bet Dagan", "RAODS": "44/412", "CURRENT": "צומת", "VAADA": "", "FUTURE": "מחלף", "YALKUTPIR": "", "Num_": "" }, "geometry": { "type": "Point", "coordinates": [ 34.82116, 32.00125 ] } },
{ "type": "Feature", "properties": { "OID": "-1", "X": "261191.749774", "Y": "768559.847277", "STATUS": "קיים", "NUM": "47.0", "HEBREW": "בית המכס", "ARABIC": "بيت هميخِس", "LATIN": "Bet HaMekhes", "RAODS": "91/888", "CURRENT": "צומת", "VAADA": "", "FUTURE": "", "YALKUTPIR": "", "Num_": "" }, "geometry": { "type": "Point", "coordinates": [ 35.65108, 33.01132 ] } },
{ "type": "Feature", "properties": { "OID": "-1", "X": "213583.827057", "Y": "765333.827564", "STATUS": "מתוכנן", "NUM": "48.0", "HEBREW": "בית העמק", "ARABIC": "بيت هعيمِك", "LATIN": "Bet HaEmek", "RAODS": "6/859", "CURRENT": "", "VAADA": "14/03/2024 00:00:00", "FUTURE": "מחלף", "YALKUTPIR": "12579 - 24/7/2024", "Num_": "" }, "geometry": { "type": "Point", "coordinates": [ 35.14162, 32.98302 ] } },
{ "type": "Feature", "properties": { "OID": "-1", "X": "246533.726096", "Y": "634105.250358", "STATUS": "קיים", "NUM": "49.0", "HEBREW": "בית הערבה", "ARABIC": "بيت هعرڤا", "LATIN": "Bet HaArava", "RAODS": "1/90", "CURRENT": "צומת", "VAADA": "", "FUTURE": "", "YALKUTPIR": "", "Num_": "" }, "geometry": { "type": "Point", "coordinates": [ 35.49037, 31.79936 ] } },
{ "type": "Feature", "properties": { "OID": "-1", "X": "204251.051029", "Y": "644890.832277", "STATUS": "קיים", "NUM": "50.0", "HEBREW": "בית חורון", "ARABIC": "بيت حورون", "LATIN": "Bet Horon", "RAODS": "3/443", "CURRENT": "מחלף", "VAADA": "", "FUTURE": "", "YALKUTPIR": "", "Num_": "" }, "geometry": { "type": "Point", "coordinates": [ 35.04371, 31.89684 ] } },
{ "type": "Feature", "properties": { "OID": "-1", "X": "203170.500749", "Y": "660656.486315", "STATUS": "קיים", "NUM": "51.0", "HEBREW": "בית לבן", "ARABIC": "بيت لَڤان", "LATIN": "Bet Lavan", "RAODS": "446/465 (צפוני)", "CURRENT": "צומת", "VAADA": "23/05/2024 00:00:00", "FUTURE": "", "YALKUTPIR": "12572 - 22/07/2024", "Num_": "" }, "geometry": { "type": "Point", "coordinates": [ 35.03202, 32.039 ] } },
{ "type": "Feature", "properties": { "OID": "-1", "X": "178419.778048", "Y": "647611.526781", "STATUS": "קיים", "NUM": "52.0", "HEBREW": "בית עובד", "ARABIC": "بيت عوڤيد", "LATIN": "Bet Oved", "RAODS": "42/4303", "CURRENT": "צומת", "VAADA": "", "FUTURE": "", "YALKUTPIR": "", "Num_": "" }, "geometry": { "type": "Point", "coordinates": [ 34.77054, 31.92074 ] } },
{ "type": "Feature", "properties": { "OID": "-1", "X": "211374.814619", "Y": "608064.447792", "STATUS": "קיים", "NUM": "53.0", "HEBREW": "בית ענות", "ARABIC": "بيت عنوت", "LATIN": "Bet Anot", "RAODS": "35/60", "CURRENT": "צומת", "VAADA": "30/05/2019 00:00:00", "FUTURE": "", "YALKUTPIR": "8335 - 11/7/19", "Num_": "" }, "geometry": { "type": "Point", "coordinates": [ 35.11932, 31.5648 ] } },
{ "type": "Feature", "properties": { "OID": "-1", "X": "259622.798514", "Y": "756666.692382", "STATUS": "קיים", "NUM": "54.0", "HEBREW": "בית ציידה", "ARABIC": "بيت تْسَيْدا", "LATIN": "Bet Tsayda", "RAODS": "87/888", "CURRENT": "צומת", "VAADA": "", "FUTURE": "", "YALKUTPIR": "", "Num_": "" }, "geometry": { "type": "Point", "coordinates": [ 35.63377, 32.90415 ] } },
{ "type": "Feature", "properties": { "OID": "-1", "X": "177549.939384", "Y": "594526.049505", "STATUS": "קיים", "NUM": "55.0", "HEBREW": "בית קמה", "ARABIC": "بيت كما", "LATIN": "Bet Kama", "RAODS": "264/293", "CURRENT": "צומת", "VAADA": "", "FUTURE": "", "YALKUTPIR": "", "Num_": "" }, "geometry": { "type": "Point", "coordinates": [ 34.76361, 31.44197 ] } },
{ "type": "Feature", "properties": { "OID": "-1", "X": "174588.709756", "Y": "636524.284345", "STATUS": "קיים", "NUM": "56.0", "HEBREW": "בית רבן", "ARABIC": "بيت رَبان", "LATIN": "Bet Raban", "RAODS": "7/4102", "CURRENT": "מחלף", "VAADA": "", "FUTURE": "", "YALKUTPIR": "", "Num_": "" }, "geometry": { "type": "Point", "coordinates": [ 34.73055, 31.82061 ] } },
{ "type": "Feature", "properties": { "OID": "-1", "X": "232727.894169", "Y": "740794.775987", "STATUS": "קיים", "NUM": "57.0", "HEBREW": "בית רימון", "ARABIC": "بيت ريمون", "LATIN": "Bet Rimon", "RAODS": "77/754", "CURRENT": "מחלף", "VAADA": "", "FUTURE": "", "YALKUTPIR": "", "Num_": "" }, "geometry": { "type": "Point", "coordinates": [ 35.34607, 32.76169 ] } },
{ "type": "Feature", "properties": { "OID": "-1", "X": "196701.97566", "Y": "625354.020959", "STATUS": "קיים", "NUM": "58.0", "HEBREW": "בית שמש דרום", "ARABIC": "بيت شيمِش جنوب", "LATIN": "Bet Shemesh South", "RAODS": "38/בן זאב (בית שמש)", "CURRENT": "צומת", "VAADA": "", "FUTURE": "", "YALKUTPIR": "", "Num_": "" }, "geometry": { "type": "Point", "coordinates": [ 34.96437, 31.72053 ] } },
{ "type": "Feature", "properties": { "OID": "-1", "X": "198416.789652", "Y": "629268.342077", "STATUS": "קיים", "NUM": "59.0", "HEBREW": "בית שמש מרכז", "ARABIC": "بيت شيمِش مركز", "LATIN": "Bet Shemesh Center", "RAODS": "38/רח' יגאל אלון (בית שמש)", "CURRENT": "צומת", "VAADA": "", "FUTURE": "", "YALKUTPIR": "", "Num_": "" }, "geometry": { "type": "Point", "coordinates": [ 34.98237, 31.75586 ] } },
{ "type": "Feature", "properties": { "OID": "-1", "X": "189638.322563", "Y": "654825.322895", "STATUS": "קיים", "NUM": "60.0", "HEBREW": "בן גוריון מזרח", "ARABIC": "بن چوريون شرق", "LATIN": "Ben Gurion East", "RAODS": "1/4503", "CURRENT": "מחלף", "VAADA": "22/09/2022 00:00:00", "FUTURE": "", "YALKUTPIR": "11142 - 27/2/23", "Num_": "" }, "geometry": { "type": "Point", "coordinates": [ 34.88894, 31.98614 ] } },
{ "type": "Feature", "properties": { "OID": "-1", "X": "186489.103854", "Y": "655715.922367", "STATUS": "מתוכנן", "NUM": "61.0", "HEBREW": "בן גוריון מערב", "ARABIC": "بن چوريون غرب", "LATIN": "Ben Gurion West", "RAODS": "1/כניסה חדשה לנתבג", "CURRENT": "", "VAADA": "22/09/2022 00:00:00", "FUTURE": "מחלף", "YALKUTPIR": "11142 - 27/2/23", "Num_": "" }, "geometry": { "type": "Point", "coordinates": [ 34.85558, 31.99409 ] } },
{ "type": "Feature", "properties": { "OID": "-1", "X": "174173.316912", "Y": "639565.673048", "STATUS": "קיים לשדרוג", "NUM": "62.0", "HEBREW": "בן זכאי", "ARABIC": "بن زكاي", "LATIN": "Ben Zakay", "RAODS": "42/413", "CURRENT": "צומת", "VAADA": "14/03/2024 00:00:00", "FUTURE": "מחלף", "YALKUTPIR": "12579 - 24/7/2024", "Num_": "" }, "geometry": { "type": "Point", "coordinates": [ 34.72602, 31.84802 ] } },
{ "type": "Feature", "properties": { "OID": "-1", "X": "194207.473536", "Y": "651920.905878", "STATUS": "קיים", "NUM": "63.0", "HEBREW": "בן שמן", "ARABIC": "بن شيمِن", "LATIN": "Ben Shemen", "RAODS": "1/443- 6/444- 443/444", "CURRENT": "מחלף", "VAADA": "", "FUTURE": "", "YALKUTPIR": "", "Num_": "" }, "geometry": { "type": "Point", "coordinates": [ 34.93736, 31.96006 ] } },
{ "type": "Feature", "properties": { "OID": "-1", "X": "168954.052181", "Y": "637396.19341", "STATUS": "קיים לשדרוג", "NUM": "64.0", "HEBREW": "בני ברית", "ARABIC": "بني بريت", "LATIN": "Bne Brit", "RAODS": "41/שד' בני ברית אשדוד", "CURRENT": "צומת", "VAADA": "22/09/2022 00:00:00", "FUTURE": "מחלף", "YALKUTPIR": "11142 - 27/2/23", "Num_": "" }, "geometry": { "type": "Point", "coordinates": [ 34.67099, 31.82824 ] } },
{ "type": "Feature", "properties": { "OID": "-1", "X": "172292.764926", "Y": "636808.242835", "STATUS": "קיים", "NUM": "65.0", "HEBREW": "בני דרום", "ARABIC": "بني دروم", "LATIN": "Bne Darom", "RAODS": "7/42", "CURRENT": "מחלף", "VAADA": "", "FUTURE": "", "YALKUTPIR": "", "Num_": "" }, "geometry": { "type": "Point", "coordinates": [ 34.70628, 31.82308 ] } },
{ "type": "Feature", "properties": { "OID": "-1", "X": "193667.062864", "Y": "713731.250362", "STATUS": "קיים", "NUM": "66.0", "HEBREW": "בנימינה", "ARABIC": "بِنيَمينا", "LATIN": "Binyamina", "RAODS": "4/653", "CURRENT": "צומת", "VAADA": "", "FUTURE": "", "YALKUTPIR": "", "Num_": "" }, "geometry": { "type": "Point", "coordinates": [ 34.92997, 32.51743 ] } },
{ "type": "Feature", "properties": { "OID": "-1", "X": "232231.767968", "Y": "650934.515123", "STATUS": "קיים", "NUM": "67.0", "HEBREW": "בעל חצור", "ARABIC": "باعل حَتسور", "LATIN": "Ba'al Hatsor", "RAODS": "449/458", "CURRENT": "צומת", "VAADA": "23/05/2024 00:00:00", "FUTURE": "", "YALKUTPIR": "12572 - 22/07/2024", "Num_": "" }, "geometry": { "type": "Point", "coordinates": [ 35.33957, 31.95138 ] } },
{ "type": "Feature", "properties": { "OID": "-1", "X": "211152.165145", "Y": "775539.711954", "STATUS": "קיים", "NUM": "68.0", "HEBREW": "בצת", "ARABIC": "بيتسِت", "LATIN": "Betset", "RAODS": "4/899", "CURRENT": "צומת", "VAADA": "01/03/2023 00:00:00", "FUTURE": "", "YALKUTPIR": "", "Num_": "" }, "geometry": { "type": "Point", "coordinates": [ 35.11551, 33.07503 ] } },
{ "type": "Feature", "properties": { "OID": "-1", "X": "242519.764119", "Y": "679239.032061", "STATUS": "קיים", "NUM": "69.0", "HEBREW": "בקעות", "ARABIC": "بكعوت", "LATIN": "Beka'ot", "RAODS": "57/578", "CURRENT": "צומת", "VAADA": "", "FUTURE": "", "YALKUTPIR": "", "Num_": "" }, "geometry": { "type": "Point", "coordinates": [ 35.44906, 32.20646 ] } },
{ "type": "Feature", "properties": { "OID": "-1", "X": "184872.69569", "Y": "663547.25128", "STATUS": "קיים", "NUM": "70.0", "HEBREW": "בר אילן", "ARABIC": "بار إيلان", "LATIN": "Bar Ilan", "RAODS": "4/471", "CURRENT": "מחלף", "VAADA": "", "FUTURE": "", "YALKUTPIR": "", "Num_": "" }, "geometry": { "type": "Point", "coordinates": [ 34.8382, 32.06466 ] } },
{ "type": "Feature", "properties": { "OID": "-1", "X": "208495.401376", "Y": "626013.736002", "STATUS": "מתוכנן", "NUM": "71.0", "HEBREW": "בר גיורה", "ARABIC": "بار چيورا", "LATIN": "Bar Giyora", "RAODS": "39/386", "CURRENT": "", "VAADA": "14/03/2024 00:00:00", "FUTURE": "מחלף", "YALKUTPIR": "12579 - 24/7/2024", "Num_": "" }, "geometry": { "type": "Point", "coordinates": [ 35.08879, 31.72665 ] } },
{ "type": "Feature", "properties": { "OID": "-1", "X": "217352.294161", "Y": "757495.554049", "STATUS": "קיים", "NUM": "72.0", "HEBREW": "בר לב", "ARABIC": "بار ليڤ", "LATIN": "Bar Lev", "RAODS": "85/כניסה לאזור תעשייה", "CURRENT": "צומת", "VAADA": "", "FUTURE": "", "YALKUTPIR": "", "Num_": "" }, "geometry": { "type": "Point", "coordinates": [ 35.18195, 32.91236 ] } },
{ "type": "Feature", "properties": { "OID": "-1", "X": "273928.41465", "Y": "784134.195719", "STATUS": "קיים", "NUM": "73.0", "HEBREW": "בראון", "ARABIC": "بَرؤون", "LATIN": "Bar'on", "RAODS": "98/959", "CURRENT": "צומת", "VAADA": "", "FUTURE": "", "YALKUTPIR": "", "Num_": "" }, "geometry": { "type": "Point", "coordinates": [ 35.78831, 33.15118 ] } },
{ "type": "Feature", "properties": { "OID": "-1", "X": "210137.870826", "Y": "666641.125277", "STATUS": "קיים", "NUM": "74.0", "HEBREW": "ברוכין", "ARABIC": "بروخين", "LATIN": "Brukhin", "RAODS": "5/446", "CURRENT": "צומת", "VAADA": "14/03/2024 00:00:00", "FUTURE": "", "YALKUTPIR": "12579 - 24/7/2024", "Num_": "" }, "geometry": { "type": "Point", "coordinates": [ 35.10573, 32.09305 ] } },
{ "type": "Feature", "properties": { "OID": "-1", "X": "162764.801408", "Y": "619417.199319", "STATUS": "קיים", "NUM": "75.0", "HEBREW": "ברכיה", "ARABIC": "بِرِخيا", "LATIN": "Berekhya", "RAODS": "4/35", "CURRENT": "צומת", "VAADA": "", "FUTURE": "", "YALKUTPIR": "", "Num_": "" }, "geometry": { "type": "Point", "coordinates": [ 34.60666, 31.66581 ] } },
{ "type": "Feature", "properties": { "OID": "-1", "X": "182535.729228", "Y": "641530.919459", "STATUS": "קיים", "NUM": "76.0", "HEBREW": "ברנר", "ARABIC": "برينِر", "LATIN": "Brenner", "RAODS": "40/411", "CURRENT": "צומת", "VAADA": "", "FUTURE": "", "YALKUTPIR": "", "Num_": "" }, "geometry": { "type": "Point", "coordinates": [ 34.81429, 31.86605 ] } },
{ "type": "Feature", "properties": { "OID": "-1", "X": "193215.301715", "Y": "658192.721146", "STATUS": "קיים", "NUM": "77.0", "HEBREW": "ברקת", "ARABIC": "بريكِت", "LATIN": "Bareket", "RAODS": "46/4613", "CURRENT": "צומת", "VAADA": "", "FUTURE": "", "YALKUTPIR": "", "Num_": "" }, "geometry": { "type": "Point", "coordinates": [ 34.92669, 32.0166 ] } },
{ "type": "Feature", "properties": { "OID": "-1", "X": "278455.294685", "Y": "769091.961004", "STATUS": "קיים", "NUM": "78.0", "HEBREW": "בשן", "ARABIC": "بَشان", "LATIN": "Bashan", "RAODS": "87/98", "CURRENT": "צומת", "VAADA": "", "FUTURE": "", "YALKUTPIR": "", "Num_": "" }, "geometry": { "type": "Point", "coordinates": [ 35.83586, 33.01532 ] } },
{ "type": "Feature", "properties": { "OID": "-1", "X": "211681.469432", "Y": "757925.748042", "STATUS": "מתוכנן", "NUM": "79.0", "HEBREW": "ג'דידה מכר", "ARABIC": "جديدة مكر", "LATIN": "Judayda Makr", "RAODS": "6/85", "CURRENT": "", "VAADA": "10/04/2022 00:00:00", "FUTURE": "מחלף", "YALKUTPIR": "", "Num_": "" }, "geometry": { "type": "Point", "coordinates": [ 35.12133, 32.91621 ] } },
{ "type": "Feature", "properties": { "OID": "-1", "X": "215639.428939", "Y": "760742.349611", "STATUS": "קיים", "NUM": "80.0", "HEBREW": "ג'וליס", "ARABIC": "جولس", "LATIN": "Julis", "RAODS": "70/8533", "CURRENT": "צומת", "VAADA": "", "FUTURE": "", "YALKUTPIR": "", "Num_": "" }, "geometry": { "type": "Point", "coordinates": [ 35.16363, 32.94163 ] } },
{ "type": "Feature", "properties": { "OID": "-1", "X": "195181.752311", "Y": "672718.106497", "STATUS": "קיים", "NUM": "81.0", "HEBREW": "ג'לג'וליה", "ARABIC": "جلجولية", "LATIN": "Jaljulya", "RAODS": "444/531", "CURRENT": "מחלף", "VAADA": "", "FUTURE": "", "YALKUTPIR": "", "Num_": "" }, "geometry": { "type": "Point", "coordinates": [ 34.94714, 32.14763 ] } },
{ "type": "Feature", "properties": { "OID": "-1", "X": "223826.8805", "Y": "655916.347775", "STATUS": "קיים", "NUM": "82.0", "HEBREW": "גב אפרים", "ARABIC": "چيڤ إفرايم", "LATIN": "Gev Efrayim", "RAODS": "60/465", "CURRENT": "צומת", "VAADA": "14/03/2024 00:00:00", "FUTURE": "", "YALKUTPIR": "12579 - 24/7/2024", "Num_": "" }, "geometry": { "type": "Point", "coordinates": [ 35.25069, 31.99637 ] } },
{ "type": "Feature", "properties": { "OID": "-1", "X": "145883.680781", "Y": "575602.405376", "STATUS": "קיים", "NUM": "83.0", "HEBREW": "גבולות", "ARABIC": "چڤولوت", "LATIN": "Gvulot", "RAODS": "222/232", "CURRENT": "צומת", "VAADA": "", "FUTURE": "", "YALKUTPIR": "", "Num_": "" }, "geometry": { "type": "Point", "coordinates": [ 34.43192, 31.26973 ] } },
{ "type": "Feature", "properties": { "OID": "-1", "X": "224920.558612", "Y": "640176.002039", "STATUS": "קיים", "NUM": "84.0", "HEBREW": "גבע בנימין", "ARABIC": "چيڤع بِنيَمين", "LATIN": "Geva Binyamin", "RAODS": "60/437", "CURRENT": "צומת", "VAADA": "01/03/2023 00:00:00", "FUTURE": "", "YALKUTPIR": "", "Num_": "" }, "geometry": { "type": "Point", "coordinates": [ 35.26218, 31.85441 ] } },
{ "type": "Feature", "properties": { "OID": "-1", "X": "211679.81298", "Y": "741918.630997", "STATUS": "קיים", "NUM": "85.0", "HEBREW": "גבעות אלונים", "ARABIC": "چِڤعوت ألونيم", "LATIN": "Giv'ot Alonim", "RAODS": "6/70 (דרום)", "CURRENT": "מחלף", "VAADA": "", "FUTURE": "", "YALKUTPIR": "", "Num_": "" }, "geometry": { "type": "Point", "coordinates": [ 35.12144, 32.77188 ] } },
{ "type": "Feature", "properties": { "OID": "-1", "X": "191591.769527", "Y": "667077.439973", "STATUS": "מתוכנן", "NUM": "86.0", "HEBREW": "גבעת השלושה", "ARABIC": "چِڤعات هشلوشا", "LATIN": "Giv'at HaShlosha", "RAODS": "40/483 ", "CURRENT": "", "VAADA": "23/05/2024 00:00:00", "FUTURE": "מחלף", "YALKUTPIR": "12572 - 22/07/2024", "Num_": "" }, "geometry": { "type": "Point", "coordinates": [ 34.90925, 32.09668 ] } },
{ "type": "Feature", "properties": { "OID": "-1", "X": "216970.144128", "Y": "642033.120071", "STATUS": "קיים", "NUM": "87.0", "HEBREW": "גבעת זאב", "ARABIC": "چِڤعات زِئيڤ", "LATIN": "Giv'at Ze'ev", "RAODS": "45/436", "CURRENT": "צומת", "VAADA": "", "FUTURE": "", "YALKUTPIR": "", "Num_": "" }, "geometry": { "type": "Point", "coordinates": [ 35.17817, 31.87117 ] } },
{ "type": "Feature", "properties": { "OID": "-1", "X": "191986.144527", "Y": "544755.042529", "STATUS": "קיים", "NUM": "88.0", "HEBREW": "גבעת ירוחם", "ARABIC": "چِڤعات يِروحام", "LATIN": "Giv'at Yeroham", "RAODS": "204/224", "CURRENT": "צומת", "VAADA": "", "FUTURE": "", "YALKUTPIR": "", "Num_": "" }, "geometry": { "type": "Point", "coordinates": [ 34.91683, 30.99351 ] } },
{ "type": "Feature", "properties": { "OID": "-1", "X": "195976.179117", "Y": "660174.330534", "STATUS": "קיים לשדרוג", "NUM": "89.0", "HEBREW": "גבעת כח", "ARABIC": "چِڤعات كووَح", "LATIN": "Giv'at Koah", "RAODS": "6/444/465", "CURRENT": "צומת", "VAADA": "", "FUTURE": "מחלף", "YALKUTPIR": "", "Num_": "" }, "geometry": { "type": "Point", "coordinates": [ 34.95587, 32.03453 ] } },
{ "type": "Feature", "properties": { "OID": "-1", "X": "168028.831845", "Y": "618052.043162", "STATUS": "קיים", "NUM": "90.0", "HEBREW": "גבעתי", "ARABIC": "چِڤعتي", "LATIN": "Giv'ati", "RAODS": "35/232", "CURRENT": "צומת מפוצל", "VAADA": "", "FUTURE": "", "YALKUTPIR": "", "Num_": "" }, "geometry": { "type": "Point", "coordinates": [ 34.66223, 31.65375 ] } },
{ "type": "Feature", "properties": { "OID": "-1", "X": "168170.969066", "Y": "617985.470673", "STATUS": "קיים", "NUM": "91.0", "HEBREW": "גבעתי", "ARABIC": "چِڤعتي", "LATIN": "Giv'ati", "RAODS": "35/232", "CURRENT": "צומת מפוצל", "VAADA": "", "FUTURE": "", "YALKUTPIR": "", "Num_": "" }, "geometry": { "type": "Point", "coordinates": [ 34.66373, 31.65316 ] } },
{ "type": "Feature", "properties": { "OID": "-1", "X": "258542.258029", "Y": "768807.49922", "STATUS": "קיים", "NUM": "92.0", "HEBREW": "גדות", "ARABIC": "چَدوت", "LATIN": "Gadot", "RAODS": "91/918", "CURRENT": "צומת", "VAADA": "", "FUTURE": "", "YALKUTPIR": "", "Num_": "" }, "geometry": { "type": "Point", "coordinates": [ 35.62274, 33.01365 ] } },
{ "type": "Feature", "properties": { "OID": "-1", "X": "177838.292064", "Y": "634736.401872", "STATUS": "קיים", "NUM": "93.0", "HEBREW": "גדרה", "ARABIC": "چِدِرا", "LATIN": "Gedera", "RAODS": "7/40", "CURRENT": "מחלף", "VAADA": "", "FUTURE": "", "YALKUTPIR": "", "Num_": "" }, "geometry": { "type": "Point", "coordinates": [ 34.76494, 31.80461 ] } },
{ "type": "Feature", "properties": { "OID": "-1", "X": "185603.632302", "Y": "666624.016176", "STATUS": "קיים", "NUM": "94.0", "HEBREW": "גהה", "ARABIC": "چِها", "LATIN": "Geha", "RAODS": "4/481", "CURRENT": "מחלף", "VAADA": "", "FUTURE": "", "YALKUTPIR": "", "Num_": "" }, "geometry": { "type": "Point", "coordinates": [ 34.84583, 32.09243 ] } },
{ "type": "Feature", "properties": { "OID": "-1", "X": "238459.26854", "Y": "742123.121336", "STATUS": "קיים", "NUM": "95.0", "HEBREW": "גולני", "ARABIC": "چولني", "LATIN": "Golani", "RAODS": "65/77", "CURRENT": "מחלף", "VAADA": "", "FUTURE": "", "YALKUTPIR": "", "Num_": "" }, "geometry": { "type": "Point", "coordinates": [ 35.40726, 32.77358 ] } },
{ "type": "Feature", "properties": { "OID": "-1", "X": "253541.581859", "Y": "786083.08057", "STATUS": "קיים", "NUM": "96.0", "HEBREW": "גומא", "ARABIC": "چومي", "LATIN": "Gome", "RAODS": "90/977", "CURRENT": "צומת", "VAADA": "", "FUTURE": "", "YALKUTPIR": "", "Num_": "" }, "geometry": { "type": "Point", "coordinates": [ 35.56987, 33.16959 ] } },
{ "type": "Feature", "properties": { "OID": "-1", "X": "260885.113132", "Y": "780705.381763", "STATUS": "קיים", "NUM": "97.0", "HEBREW": "גונן", "ARABIC": "چونين", "LATIN": "Gonen", "RAODS": "918/959", "CURRENT": "צומת", "VAADA": "", "FUTURE": "", "YALKUTPIR": "", "Num_": "" }, "geometry": { "type": "Point", "coordinates": [ 35.64835, 33.12084 ] } },
{ "type": "Feature", "properties": { "OID": "-1", "X": "179837.267655", "Y": "579993.755381", "STATUS": "קיים", "NUM": "98.0", "HEBREW": "גורל", "ARABIC": "چورال", "LATIN": "Goral", "RAODS": "40/406 (צפון)", "CURRENT": "צומת", "VAADA": "", "FUTURE": "", "YALKUTPIR": "", "Num_": "" }, "geometry": { "type": "Point", "coordinates": [ 34.78825, 31.31099 ] } },
{ "type": "Feature", "properties": { "OID": "-1", "X": "212603.823437", "Y": "617078.050533", "STATUS": "קיים", "NUM": "99.0", "HEBREW": "גוש עציון", "ARABIC": "چوش عِتسيون", "LATIN": "Gush Etsyon", "RAODS": "60/367", "CURRENT": "צומת", "VAADA": "", "FUTURE": "", "YALKUTPIR": "", "Num_": "" }, "geometry": { "type": "Point", "coordinates": [ 35.1322, 31.6461 ] } },
{ "type": "Feature", "properties": { "OID": "-1", "X": "212810.938321", "Y": "747518.556714", "STATUS": "קיים", "NUM": "100.0", "HEBREW": "גילעם", "ARABIC": "چيلعام", "LATIN": "Gil'am", "RAODS": "79/781", "CURRENT": "מחלף", "VAADA": "", "FUTURE": "", "YALKUTPIR": "", "Num_": "" }, "geometry": { "type": "Point", "coordinates": [ 35.13347, 32.82238 ] } },
{ "type": "Feature", "properties": { "OID": "-1", "X": "167059.757917", "Y": "583002.173403", "STATUS": "קיים", "NUM": "101.0", "HEBREW": "גילת", "ARABIC": "چيلات", "LATIN": "Gilat", "RAODS": "25/241", "CURRENT": "צומת", "VAADA": "", "FUTURE": "", "YALKUTPIR": "", "Num_": "" }, "geometry": { "type": "Point", "coordinates": [ 34.65387, 31.33761 ] } },
{ "type": "Feature", "properties": { "OID": "-1", "X": "191319.115325", "Y": "651546.89436", "STATUS": "קיים", "NUM": "102.0", "HEBREW": "גינתון", "ARABIC": "چينتون", "LATIN": "Ginton", "RAODS": "40/443", "CURRENT": "צומת", "VAADA": "", "FUTURE": "", "YALKUTPIR": "", "Num_": "" }, "geometry": { "type": "Point", "coordinates": [ 34.90682, 31.95662 ] } },
{ "type": "Feature", "properties": { "OID": "-1", "X": "216741.601109", "Y": "680310.167183", "STATUS": "קיים", "NUM": "103.0", "HEBREW": "גיתות", "ARABIC": "چيتوت", "LATIN": "Gitot", "RAODS": "55/60", "CURRENT": "צומת", "VAADA": "14/03/2024 00:00:00", "FUTURE": "", "YALKUTPIR": "12579 - 24/7/2024", "Num_": "" }, "geometry": { "type": "Point", "coordinates": [ 35.17564, 32.21635 ] } },
{ "type": "Feature", "properties": { "OID": "-1", "X": "213404.976644", "Y": "668469.086656", "STATUS": "קיים", "NUM": "104.0", "HEBREW": "גיתי", "ARABIC": "چيتاي", "LATIN": "Gitay", "RAODS": "5/505 (מזרח)", "CURRENT": "צומת", "VAADA": "", "FUTURE": "", "YALKUTPIR": "", "Num_": "" }, "geometry": { "type": "Point", "coordinates": [ 35.14033, 32.10956 ] } },
{ "type": "Feature", "properties": { "OID": "-1", "X": "182231.355964", "Y": "671880.460683", "STATUS": "קיים", "NUM": "105.0", "HEBREW": "גלילות מזרח", "ARABIC": "چليلوت شرق", "LATIN": "Glilot East", "RAODS": "5/20", "CURRENT": "מחלף", "VAADA": "", "FUTURE": "", "YALKUTPIR": "", "Num_": "" }, "geometry": { "type": "Point", "coordinates": [ 34.8099, 32.13972 ] } },
{ "type": "Feature", "properties": { "OID": "-1", "X": "181426.065427", "Y": "672009.311681", "STATUS": "קיים", "NUM": "106.0", "HEBREW": "גלילות מערב", "ARABIC": "چليلوت غرب", "LATIN": "Glilot West", "RAODS": "2/5", "CURRENT": "מחלף", "VAADA": "", "FUTURE": "", "YALKUTPIR": "", "Num_": "" }, "geometry": { "type": "Point", "coordinates": [ 34.80136, 32.14086 ] } },
{ "type": "Feature", "properties": { "OID": "-1", "X": "147436.804694", "Y": "587911.686942", "STATUS": "קיים", "NUM": "107.0", "HEBREW": "גמה", "ARABIC": "چما", "LATIN": "Gama", "RAODS": "232/242", "CURRENT": "צומת", "VAADA": "", "FUTURE": "", "YALKUTPIR": "", "Num_": "" }, "geometry": { "type": "Point", "coordinates": [ 34.44734, 31.38084 ] } },
{ "type": "Feature", "properties": { "OID": "-1", "X": "179829.512504", "Y": "652258.338335", "STATUS": "קיים", "NUM": "108.0", "HEBREW": "גן רווה", "ARABIC": "چان رَڤي", "LATIN": "Gan Rave", "RAODS": "4/42", "CURRENT": "מחלף", "VAADA": "", "FUTURE": "", "YALKUTPIR": "", "Num_": "" }, "geometry": { "type": "Point", "coordinates": [ 34.78526, 31.96269 ] } },
{ "type": "Feature", "properties": { "OID": "-1", "X": "183257.563302", "Y": "658392.902437", "STATUS": "קיים", "NUM": "109.0", "HEBREW": "גנות", "ARABIC": "چَنوت", "LATIN": "Ganot", "RAODS": "1/4", "CURRENT": "מחלף", "VAADA": "", "FUTURE": "", "YALKUTPIR": "", "Num_": "" }, "geometry": { "type": "Point", "coordinates": [ 34.82129, 32.01813 ] } },
{ "type": "Feature", "properties": { "OID": "-1", "X": "190865.058126", "Y": "667093.321895", "STATUS": "קיים", "NUM": "110.0", "HEBREW": "גנים", "ARABIC": "چَنيم", "LATIN": "Ganim", "RAODS": "40/483", "CURRENT": "צומת", "VAADA": "", "FUTURE": "", "YALKUTPIR": "", "Num_": "" }, "geometry": { "type": "Point", "coordinates": [ 34.90155, 32.09681 ] } },
{ "type": "Feature", "properties": { "OID": "-1", "X": "186950.03978", "Y": "688190.06054", "STATUS": "קיים", "NUM": "111.0", "HEBREW": "גשר השלום", "ARABIC": "جسر هشَلوم", "LATIN": "HaShalom Bridge", "RAODS": "2/5611/שלום עליכם (נתניה)", "CURRENT": "מחלף", "VAADA": "", "FUTURE": "", "YALKUTPIR": "", "Num_": "" }, "geometry": { "type": "Point", "coordinates": [ 34.85936, 32.28694 ] } },
{ "type": "Feature", "properties": { "OID": "-1", "X": "190897.288903", "Y": "653172.138354", "STATUS": "קיים", "NUM": "112.0", "HEBREW": "גשר לוד", "ARABIC": "جسر اللد", "LATIN": "Lod Bridge", "RAODS": "40/4404", "CURRENT": "צומת", "VAADA": "", "FUTURE": "", "YALKUTPIR": "", "Num_": "" }, "geometry": { "type": "Point", "coordinates": [ 34.90231, 31.97127 ] } },
{ "type": "Feature", "properties": { "OID": "-1", "X": "179585.762733", "Y": "592416.541927", "STATUS": "קיים", "NUM": "113.0", "HEBREW": "דבירה", "ARABIC": "دڤيرا", "LATIN": "Dvira", "RAODS": "6/325", "CURRENT": "מחלף", "VAADA": "", "FUTURE": "", "YALKUTPIR": "", "Num_": "" }, "geometry": { "type": "Point", "coordinates": [ 34.78511, 31.42301 ] } },
{ "type": "Feature", "properties": { "OID": "-1", "X": "163035.166491", "Y": "604314.19354", "STATUS": "קיים", "NUM": "114.0", "HEBREW": "דורות", "ARABIC": "دوروت", "LATIN": "Dorot", "RAODS": "232/334", "CURRENT": "צומת", "VAADA": "", "FUTURE": "", "YALKUTPIR": "", "Num_": "" }, "geometry": { "type": "Point", "coordinates": [ 34.61037, 31.52962 ] } },
{ "type": "Feature", "properties": { "OID": "-1", "X": "221594.406557", "Y": "701552.995789", "STATUS": "קיים", "NUM": "115.0", "HEBREW": "דותן", "ARABIC": "دوتان", "LATIN": "Dotan", "RAODS": "60/585", "CURRENT": "צומת", "VAADA": "", "FUTURE": "", "YALKUTPIR": "", "Num_": "" }, "geometry": { "type": "Point", "coordinates": [ 35.22717, 32.40791 ] } },
{ "type": "Feature", "properties": { "OID": "-1", "X": "200575.169825", "Y": "553020.896307", "STATUS": "קיים", "NUM": "116.0", "HEBREW": "דימונה", "ARABIC": "ديمونا", "LATIN": "Dimona", "RAODS": "25/204", "CURRENT": "צומת", "VAADA": "", "FUTURE": "", "YALKUTPIR": "", "Num_": "" }, "geometry": { "type": "Point", "coordinates": [ 35.0066, 31.06823 ] } },
{ "type": "Feature", "properties": { "OID": "-1", "X": "237819.913441", "Y": "751397.922606", "STATUS": "קיים", "NUM": "117.0", "HEBREW": "דיר חנא", "ARABIC": "دير حنا", "LATIN": "Dayr Hana", "RAODS": "805/806", "CURRENT": "צומת", "VAADA": "", "FUTURE": "", "YALKUTPIR": "", "Num_": "" }, "geometry": { "type": "Point", "coordinates": [ 35.40062, 32.85722 ] } },
{ "type": "Feature", "properties": { "OID": "-1", "X": "273105.055887", "Y": "755851.842217", "STATUS": "קיים", "NUM": "118.0", "HEBREW": "דליות", "ARABIC": "دلِيوت", "LATIN": "Daliyot", "RAODS": "808/869", "CURRENT": "צומת", "VAADA": "", "FUTURE": "", "YALKUTPIR": "", "Num_": "" }, "geometry": { "type": "Point", "coordinates": [ 35.77783, 32.89622 ] } },
{ "type": "Feature", "properties": { "OID": "-1", "X": "203999.859609", "Y": "737771.214417", "STATUS": "קיים", "NUM": "119.0", "HEBREW": "דמון", "ARABIC": "دمون", "LATIN": "Damon", "RAODS": "672/721", "CURRENT": "צומת", "VAADA": "", "FUTURE": "", "YALKUTPIR": "", "Num_": "" }, "geometry": { "type": "Point", "coordinates": [ 35.03954, 32.7344 ] } },
{ "type": "Feature", "properties": { "OID": "-1", "X": "193181.86921", "Y": "648216.846384", "STATUS": "קיים", "NUM": "120.0", "HEBREW": "דניאל", "ARABIC": "دنييل", "LATIN": "Daniyel", "RAODS": "1/6", "CURRENT": "מחלף", "VAADA": "", "FUTURE": "", "YALKUTPIR": "", "Num_": "" }, "geometry": { "type": "Point", "coordinates": [ 34.92661, 31.92664 ] } },
{ "type": "Feature", "properties": { "OID": "-1", "X": "189932.762166", "Y": "684670.645465", "STATUS": "קיים", "NUM": "121.0", "HEBREW": "דרור", "ARABIC": "درور", "LATIN": "Dror", "RAODS": "4/553", "CURRENT": "מחלף", "VAADA": "", "FUTURE": "", "YALKUTPIR": "", "Num_": "" }, "geometry": { "type": "Point", "coordinates": [ 34.89113, 32.25529 ] } },
{ "type": "Feature", "properties": { "OID": "-1", "X": "212668.126181", "Y": "601400.208253", "STATUS": "קיים", "NUM": "122.0", "HEBREW": "האבות", "ARABIC": "هأڤوت", "LATIN": "HaAvot", "RAODS": "60/356", "CURRENT": "צומת", "VAADA": "01/03/2023 00:00:00", "FUTURE": "", "YALKUTPIR": "", "Num_": "" }, "geometry": { "type": "Point", "coordinates": [ 35.13298, 31.5047 ] } },
{ "type": "Feature", "properties": { "OID": "-1", "X": "195003.729047", "Y": "621652.18703", "STATUS": "קיים לשדרוג", "NUM": "123.0", "HEBREW": "האלה", "ARABIC": "هئِلا", "LATIN": "HaEla", "RAODS": "38/375", "CURRENT": "צומת", "VAADA": "14/03/2024 00:00:00", "FUTURE": "מחלף", "YALKUTPIR": "12579 - 24/7/2024", "Num_": "" }, "geometry": { "type": "Point", "coordinates": [ 34.94654, 31.68711 ] } },
{ "type": "Feature", "properties": { "OID": "-1", "X": "268668.903673", "Y": "782626.324157", "STATUS": "קיים", "NUM": "124.0", "HEBREW": "האמיר", "ARABIC": "هَئمير", "LATIN": "HaEmir", "RAODS": "959/978", "CURRENT": "צומת", "VAADA": "", "FUTURE": "", "YALKUTPIR": "", "Num_": "" }, "geometry": { "type": "Point", "coordinates": [ 35.73185, 33.13784 ] } },
{ "type": "Feature", "properties": { "OID": "-1", "X": "187234.122214", "Y": "650046.005307", "STATUS": "קיים", "NUM": "125.0", "HEBREW": "האצל", "ARABIC": "هَئيتْسِل", "LATIN": "HaEtsel", "RAODS": "44/כניסה חדשה לרמלה ולבאר יעקב", "CURRENT": "מחלף", "VAADA": "10/04/2022 00:00:00", "FUTURE": "", "YALKUTPIR": "", "Num_": "" }, "geometry": { "type": "Point", "coordinates": [ 34.86366, 31.94298 ] } },
{ "type": "Feature", "properties": { "OID": "-1", "X": "162698.117134", "Y": "591675.981117", "STATUS": "קיים", "NUM": "126.0", "HEBREW": "הגדי", "ARABIC": "هچَدي", "LATIN": "HaGadi", "RAODS": "25/293", "CURRENT": "צומת", "VAADA": "", "FUTURE": "", "YALKUTPIR": "", "Num_": "" }, "geometry": { "type": "Point", "coordinates": [ 34.60755, 31.41563 ] } },
{ "type": "Feature", "properties": { "OID": "-1", "X": "209198.250976", "Y": "650516.021947", "STATUS": "קיים", "NUM": "127.0", "HEBREW": "הדואר", "ARABIC": "هدُوأر", "LATIN": "HaDo'ar", "RAODS": "455/463", "CURRENT": "צומת", "VAADA": "23/05/2024 00:00:00", "FUTURE": "", "YALKUTPIR": "12572 - 22/07/2024", "Num_": "" }, "geometry": { "type": "Point", "coordinates": [ 35.09594, 31.94763 ] } },
{ "type": "Feature", "properties": { "OID": "-1", "X": "190465.357536", "Y": "687781.559924", "STATUS": "קיים לשדרוג", "NUM": "128.0", "HEBREW": "הדסים", "ARABIC": "هدَسيم", "LATIN": "Hadasim", "RAODS": "4/הרצל (קדימה)", "CURRENT": "צומת", "VAADA": "", "FUTURE": "מחלף", "YALKUTPIR": "", "Num_": "" }, "geometry": { "type": "Point", "coordinates": [ 34.89669, 32.28336 ] } },
{ "type": "Feature", "properties": { "OID": "-1", "X": "189377.217872", "Y": "682442.437891", "STATUS": "קיים", "NUM": "129.0", "HEBREW": "הדרים", "ARABIC": "هدَريم", "LATIN": "Hadarim", "RAODS": "4/551", "CURRENT": "מחלף", "VAADA": "", "FUTURE": "", "YALKUTPIR": "", "Num_": "" }, "geometry": { "type": "Point", "coordinates": [ 34.88531, 32.23518 ] } },
{ "type": "Feature", "properties": { "OID": "-1", "X": "205480.00997", "Y": "745578.914538", "STATUS": "קיים", "NUM": "130.0", "HEBREW": "ההסתדרות", "ARABIC": "ههِسْتدروت", "LATIN": "HaHistadrut", "RAODS": "4/22 (דרום)", "CURRENT": "מחלף", "VAADA": "", "FUTURE": "", "YALKUTPIR": "", "Num_": "" }, "geometry": { "type": "Point", "coordinates": [ 35.05522, 32.80482 ] } },
{ "type": "Feature", "properties": { "OID": "-1", "X": "167052.528994", "Y": "621251.930264", "STATUS": "קיים", "NUM": "131.0", "HEBREW": "הודיה", "ARABIC": "هودِيا", "LATIN": "Hodiya", "RAODS": "3/232", "CURRENT": "צומת מפוצל", "VAADA": "", "FUTURE": "", "YALKUTPIR": "", "Num_": "" }, "geometry": { "type": "Point", "coordinates": [ 34.65177, 31.68256 ] } },
{ "type": "Feature", "properties": { "OID": "-1", "X": "167214.265865", "Y": "621302.119076", "STATUS": "קיים", "NUM": "132.0", "HEBREW": "הודיה", "ARABIC": "هودِيا", "LATIN": "Hodiya", "RAODS": "3/232", "CURRENT": "צומת מפוצל", "VAADA": "", "FUTURE": "", "YALKUTPIR": "", "Num_": "" }, "geometry": { "type": "Point", "coordinates": [ 34.65347, 31.68302 ] } },
{ "type": "Feature", "properties": { "OID": "-1", "X": "224743.96222", "Y": "632501.154655", "STATUS": "קיים", "NUM": "133.0", "HEBREW": "הזיתים", "ARABIC": "هزيتيم", "LATIN": "HaZetim", "RAODS": "1/4177", "CURRENT": "מחלף", "VAADA": "14/03/2024 00:00:00", "FUTURE": "", "YALKUTPIR": "12579 - 24/7/2024", "Num_": "" }, "geometry": { "type": "Point", "coordinates": [ 35.26027, 31.7852 ] } },
{ "type": "Feature", "properties": { "OID": "-1", "X": "191446.256074", "Y": "659107.946532", "STATUS": "קיים לשדרוג", "NUM": "134.0", "HEBREW": "הטייסים", "ARABIC": "هَتياسيم", "LATIN": "HaTayasim", "RAODS": "40/461", "CURRENT": "צומת", "VAADA": "", "FUTURE": "מחלף", "YALKUTPIR": "", "Num_": "" }, "geometry": { "type": "Point", "coordinates": [ 34.90794, 32.02481 ] } },
{ "type": "Feature", "properties": { "OID": "-1", "X": "184466.772537", "Y": "671282.665452", "STATUS": "קיים", "NUM": "135.0", "HEBREW": "הכפר הירוק", "ARABIC": "هكفار هيَروك", "LATIN": "HaKfar HaYarok", "RAODS": "5/482", "CURRENT": "מחלף", "VAADA": "", "FUTURE": "", "YALKUTPIR": "", "Num_": "" }, "geometry": { "type": "Point", "coordinates": [ 34.83362, 32.1344 ] } },
{ "type": "Feature", "properties": { "OID": "-1", "X": "201158.236093", "Y": "622674.292219", "STATUS": "קיים", "NUM": "136.0", "HEBREW": "הלה", "ARABIC": "هلامِد هي", "LATIN": "HaLamed He", "RAODS": "375/3855", "CURRENT": "צומת", "VAADA": "04/05/2017 00:00:00", "FUTURE": "", "YALKUTPIR": "7902 - 5/8/18", "Num_": "" }, "geometry": { "type": "Point", "coordinates": [ 35.01143, 31.69644 ] } },
{ "type": "Feature", "properties": { "OID": "-1", "X": "222131.311038", "Y": "740382.104416", "STATUS": "קיים", "NUM": "137.0", "HEBREW": "המוביל", "ARABIC": "هموڤيل", "LATIN": "HaMovil", "RAODS": "77/79", "CURRENT": "מחלף", "VAADA": "", "FUTURE": "", "YALKUTPIR": "", "Num_": "" }, "geometry": { "type": "Point", "coordinates": [ 35.23299, 32.75805 ] } },
{ "type": "Feature", "properties": { "OID": "-1", "X": "270502.222128", "Y": "765823.654753", "STATUS": "קיים", "NUM": "138.0", "HEBREW": "המפלים", "ARABIC": "همَپَليم", "LATIN": "HaMapalim", "RAODS": "87/808", "CURRENT": "צומת", "VAADA": "", "FUTURE": "", "YALKUTPIR": "", "Num_": "" }, "geometry": { "type": "Point", "coordinates": [ 35.75057, 32.98626 ] } },
{ "type": "Feature", "properties": { "OID": "-1", "X": "253970.515788", "Y": "791908.852642", "STATUS": "קיים", "NUM": "139.0", "HEBREW": "המצודות", "ARABIC": "همِتْسودوت", "LATIN": "HaMetsudot", "RAODS": "90/99", "CURRENT": "צומת", "VAADA": "", "FUTURE": "", "YALKUTPIR": "", "Num_": "" }, "geometry": { "type": "Point", "coordinates": [ 35.57469, 33.2221 ] } },
{ "type": "Feature", "properties": { "OID": "-1", "X": "184538.048899", "Y": "552874.78703", "STATUS": "קיים", "NUM": "140.0", "HEBREW": "הנגב", "ARABIC": "هنيچِڤ", "LATIN": "HaNegev", "RAODS": "40/224", "CURRENT": "צומת", "VAADA": "", "FUTURE": "", "YALKUTPIR": "", "Num_": "" }, "geometry": { "type": "Point", "coordinates": [ 34.83857, 31.06655 ] } },
{ "type": "Feature", "properties": { "OID": "-1", "X": "247092.785381", "Y": "709364.751803", "STATUS": "קיים", "NUM": "141.0", "HEBREW": "הנציב", "ARABIC": "هنِتسيڤ", "LATIN": "HaNetsiv", "RAODS": "90/6678", "CURRENT": "צומת", "VAADA": "", "FUTURE": "", "YALKUTPIR": "", "Num_": "" }, "geometry": { "type": "Point", "coordinates": [ 35.49844, 32.47802 ] } },
{ "type": "Feature", "properties": { "OID": "-1", "X": "171338.114145", "Y": "582201.81342", "STATUS": "קיים", "NUM": "142.0", "HEBREW": "הנשיא", "ARABIC": "هنَسي", "LATIN": "HaNasi", "RAODS": "25/264/310", "CURRENT": "צומת מפוצל", "VAADA": "", "FUTURE": "", "YALKUTPIR": "", "Num_": "" }, "geometry": { "type": "Point", "coordinates": [ 34.69886, 31.33058 ] } },
{ "type": "Feature", "properties": { "OID": "-1", "X": "171454.375062", "Y": "582087.849349", "STATUS": "קיים", "NUM": "143.0", "HEBREW": "הנשיא", "ARABIC": "هنَسي", "LATIN": "HaNasi", "RAODS": "25/264/310", "CURRENT": "צומת מפוצל", "VAADA": "", "FUTURE": "", "YALKUTPIR": "", "Num_": "" }, "geometry": { "type": "Point", "coordinates": [ 34.70009, 31.32956 ] } },
{ "type": "Feature", "properties": { "OID": "-1", "X": "182371.109725", "Y": "674180.419928", "STATUS": "קיים", "NUM": "144.0", "HEBREW": "הסירה", "ARABIC": "هسيرا", "LATIN": "HaSira", "RAODS": "2/541", "CURRENT": "מחלף", "VAADA": "", "FUTURE": "", "YALKUTPIR": "", "Num_": "" }, "geometry": { "type": "Point", "coordinates": [ 34.8113, 32.16047 ] } },
{ "type": "Feature", "properties": { "OID": "-1", "X": "222795.959236", "Y": "721881.279956", "STATUS": "קיים", "NUM": "145.0", "HEBREW": "הסרגל", "ARABIC": "هسَرچيل", "LATIN": "HaSargel", "RAODS": "65/675", "CURRENT": "צומת", "VAADA": "", "FUTURE": "", "YALKUTPIR": "", "Num_": "" }, "geometry": { "type": "Point", "coordinates": [ 35.24001, 32.59122 ] } },
{ "type": "Feature", "properties": { "OID": "-1", "X": "191605.299931", "Y": "696010.499851", "STATUS": "קיים", "NUM": "146.0", "HEBREW": "העוגן", "ARABIC": "هعوچِن", "LATIN": "HaOgen", "RAODS": "4/העוגן", "CURRENT": "צומת", "VAADA": "", "FUTURE": "", "YALKUTPIR": "7902 - 5/8/18", "Num_": "" }, "geometry": { "type": "Point", "coordinates": [ 34.90855, 32.35759 ] } },
{ "type": "Feature", "properties": { "OID": "-1", "X": "229567.41177", "Y": "544305.555006", "STATUS": "קיים", "NUM": "147.0", "HEBREW": "הערבה", "ARABIC": "هعرڨا", "LATIN": "HaArava", "RAODS": "25/90", "CURRENT": "צומת", "VAADA": "", "FUTURE": "", "YALKUTPIR": "", "Num_": "" }, "geometry": { "type": "Point", "coordinates": [ 35.3103, 30.98973 ] } },
{ "type": "Feature", "properties": { "OID": "-1", "X": "212308.585538", "Y": "631657.209142", "STATUS": "קיים", "NUM": "148.0", "HEBREW": "הר איתן", "ARABIC": "هار إيتان", "LATIN": "Har Etan", "RAODS": "395/3965", "CURRENT": "צומת", "VAADA": "", "FUTURE": "", "YALKUTPIR": "", "Num_": "" }, "geometry": { "type": "Point", "coordinates": [ 35.12898, 31.77758 ] } },
{ "type": "Feature", "properties": { "OID": "-1", "X": "191121.525302", "Y": "700026.71952", "STATUS": "קיים", "NUM": "149.0", "HEBREW": "הראה", "ARABIC": "هروئي", "LATIN": "HaRo'e", "RAODS": "4/581", "CURRENT": "צומת", "VAADA": "", "FUTURE": "", "YALKUTPIR": "", "Num_": "" }, "geometry": { "type": "Point", "coordinates": [ 34.90329, 32.39379 ] } },
{ "type": "Feature", "properties": { "OID": "-1", "X": "213880.909077", "Y": "633974.588042", "STATUS": "קיים", "NUM": "150.0", "HEBREW": "הראל", "ARABIC": "هرئيل", "LATIN": "Har'el", "RAODS": "1/3965", "CURRENT": "מחלף", "VAADA": "", "FUTURE": "", "YALKUTPIR": "", "Num_": "" }, "geometry": { "type": "Point", "coordinates": [ 35.14557, 31.79848 ] } },
{ "type": "Feature", "properties": { "OID": "-1", "X": "181622.789095", "Y": "507861.958504", "STATUS": "קיים", "NUM": "151.0", "HEBREW": "הרוחות", "ARABIC": "هروحوت", "LATIN": "HaRuhot", "RAODS": "40/171", "CURRENT": "צומת", "VAADA": "", "FUTURE": "", "YALKUTPIR": "", "Num_": "" }, "geometry": { "type": "Point", "coordinates": [ 34.80969, 30.66047 ] } },
{ "type": "Feature", "properties": { "OID": "-1", "X": "183687.908113", "Y": "676218.112953", "STATUS": "קיים", "NUM": "152.0", "HEBREW": "הרצליה צפון", "ARABIC": "هِرتسليا شمال", "LATIN": "Herzliya North", "RAODS": "20/המעפילים (כפר שמריהו)", "CURRENT": "צומת", "VAADA": "", "FUTURE": "", "YALKUTPIR": "", "Num_": "" }, "geometry": { "type": "Point", "coordinates": [ 34.82518, 32.17889 ] } },
{ "type": "Feature", "properties": { "OID": "-1", "X": "182602.084837", "Y": "657532.968576", "STATUS": "קיים", "NUM": "153.0", "HEBREW": "השבעה", "ARABIC": "هشِڤعا", "LATIN": "HaShiv'a", "RAODS": "4/44", "CURRENT": "מחלף", "VAADA": "", "FUTURE": "", "YALKUTPIR": "", "Num_": "" }, "geometry": { "type": "Point", "coordinates": [ 34.81438, 32.01035 ] } },
{ "type": "Feature", "properties": { "OID": "-1", "X": "213088.530454", "Y": "735025.472", "STATUS": "קיים", "NUM": "154.0", "HEBREW": "השומרים", "ARABIC": "هشومريم", "LATIN": "HaShomrim", "RAODS": "75/722", "CURRENT": "צומת", "VAADA": "", "FUTURE": "", "YALKUTPIR": "", "Num_": "" }, "geometry": { "type": "Point", "coordinates": [ 35.13652, 32.70973 ] } },
{ "type": "Feature", "properties": { "OID": "-1", "X": "241274.844522", "Y": "716462.856967", "STATUS": "קיים", "NUM": "155.0", "HEBREW": "השיטה", "ARABIC": "هشيتا", "LATIN": "HaShita", "RAODS": "71/669", "CURRENT": "מחלף", "VAADA": "", "FUTURE": "", "YALKUTPIR": "", "Num_": "" }, "geometry": { "type": "Point", "coordinates": [ 35.43672, 32.54215 ] } },
{ "type": "Feature", "properties": { "OID": "-1", "X": "191307.010386", "Y": "692815.001638", "STATUS": "קיים לשדרוג", "NUM": "156.0", "HEBREW": "השרון", "ARABIC": "هشَرون", "LATIN": "HaSharon", "RAODS": "4/57", "CURRENT": "צומת", "VAADA": "26/01/2017 00:00:00", "FUTURE": "מחלף", "YALKUTPIR": "7902 - 5/8/18", "Num_": "" }, "geometry": { "type": "Point", "coordinates": [ 34.90548, 32.32877 ] } },
{ "type": "Feature", "properties": { "OID": "-1", "X": "269912.061845", "Y": "774306.270147", "STATUS": "קיים", "NUM": "157.0", "HEBREW": "השריון", "ARABIC": "هشِرْيون", "LATIN": "HaShiryon", "RAODS": "91/978", "CURRENT": "צומת", "VAADA": "", "FUTURE": "", "YALKUTPIR": "", "Num_": "" }, "geometry": { "type": "Point", "coordinates": [ 35.74472, 33.06277 ] } },
{ "type": "Feature", "properties": { "OID": "-1", "X": "210432.743731", "Y": "730961.292621", "STATUS": "קיים", "NUM": "158.0", "HEBREW": "התשבי", "ARABIC": "هتِشبي", "LATIN": "HaTishbi", "RAODS": "66/722", "CURRENT": "צומת", "VAADA": "", "FUTURE": "", "YALKUTPIR": "", "Num_": "" }, "geometry": { "type": "Point", "coordinates": [ 35.10824, 32.67306 ] } },
{ "type": "Feature", "properties": { "OID": "-1", "X": "224060.269601", "Y": "637343.921103", "STATUS": "קיים", "NUM": "159.0", "HEBREW": "זאב", "ARABIC": "زِئيڤ", "LATIN": "Ze'ev", "RAODS": "437/4197", "CURRENT": "צומת", "VAADA": "23/05/2024 00:00:00", "FUTURE": "", "YALKUTPIR": "12572 - 22/07/2024", "Num_": "" }, "geometry": { "type": "Point", "coordinates": [ 35.25307, 31.82887 ] } },
{ "type": "Feature", "properties": { "OID": "-1", "X": "209864.61664", "Y": "741472.08175", "STATUS": "קיים", "NUM": "160.0", "HEBREW": "זבולון", "ARABIC": "زڤولون", "LATIN": "Zvulun", "RAODS": "70/780", "CURRENT": "צומת", "VAADA": "", "FUTURE": "", "YALKUTPIR": "", "Num_": "" }, "geometry": { "type": "Point", "coordinates": [ 35.10207, 32.76784 ] } },
{ "type": "Feature", "properties": { "OID": "-1", "X": "234286.032178", "Y": "561133.515959", "STATUS": "קיים", "NUM": "161.0", "HEBREW": "זוהר", "ARABIC": "زوهر", "LATIN": "Zohar", "RAODS": "31/90", "CURRENT": "צומת", "VAADA": "", "FUTURE": "", "YALKUTPIR": "", "Num_": "" }, "geometry": { "type": "Point", "coordinates": [ 35.35995, 31.14146 ] } },
{ "type": "Feature", "properties": { "OID": "-1", "X": "275150.865857", "Y": "778117.921999", "STATUS": "קיים", "NUM": "162.0", "HEBREW": "זיוון", "ARABIC": "زيڨان", "LATIN": "Zivan", "RAODS": "91/98", "CURRENT": "צומת", "VAADA": "", "FUTURE": "", "YALKUTPIR": "", "Num_": "" }, "geometry": { "type": "Point", "coordinates": [ 35.80104, 33.09688 ] } },
{ "type": "Feature", "properties": { "OID": "-1", "X": "193424.562337", "Y": "721616.213948", "STATUS": "קיים", "NUM": "163.0", "HEBREW": "זיכרון יעקב", "ARABIC": "زِخرون يعكوڤ", "LATIN": "Zikhron Ya'akov", "RAODS": "2/67", "CURRENT": "מחלף", "VAADA": "", "FUTURE": "", "YALKUTPIR": "", "Num_": "" }, "geometry": { "type": "Point", "coordinates": [ 34.92717, 32.58853 ] } },
{ "type": "Feature", "properties": { "OID": "-1", "X": "220148.602361", "Y": "737776.060037", "STATUS": "קיים", "NUM": "164.0", "HEBREW": "זרזיר", "ARABIC": "زرزير", "LATIN": "Zarzir", "RAODS": "77/7626", "CURRENT": "מחלף", "VAADA": "", "FUTURE": "", "YALKUTPIR": "", "Num_": "" }, "geometry": { "type": "Point", "coordinates": [ 35.21183, 32.73455 ] } },
{ "type": "Feature", "properties": { "OID": "-1", "X": "200900.907258", "Y": "702248.051279", "STATUS": "קיים", "NUM": "165.0", "HEBREW": "חביבה", "ARABIC": "حڤيڤا", "LATIN": "Haviva", "RAODS": "61/581", "CURRENT": "מחלף", "VAADA": "", "FUTURE": "", "YALKUTPIR": "", "Num_": "" }, "geometry": { "type": "Point", "coordinates": [ 35.00718, 32.41403 ] } },
{ "type": "Feature", "properties": { "OID": "-1", "X": "188032.647755", "Y": "696142.020978", "STATUS": "קיים", "NUM": "166.0", "HEBREW": "חבצלת", "ARABIC": "حڤتسيلِت", "LATIN": "Havatselet", "RAODS": "2/5710", "CURRENT": "צומת", "VAADA": "", "FUTURE": "", "YALKUTPIR": "", "Num_": "" }, "geometry": { "type": "Point", "coordinates": [ 34.87059, 32.35868 ] } },
{ "type": "Feature", "properties": { "OID": "-1", "X": "194256.180221", "Y": "701965.689105", "STATUS": "קיים", "NUM": "167.0", "HEBREW": "חדרה דרום", "ARABIC": "حدِرا جنوب", "LATIN": "Hadera South", "RAODS": "9/5877/שמעון פרס (חדרה)", "CURRENT": "צומת", "VAADA": "", "FUTURE": "", "YALKUTPIR": "", "Num_": "" }, "geometry": { "type": "Point", "coordinates": [ 34.93655, 32.41135 ] } },
{ "type": "Feature", "properties": { "OID": "-1", "X": "194911.027176", "Y": "706004.680432", "STATUS": "קיים", "NUM": "168.0", "HEBREW": "חדרה מזרח", "ARABIC": "حدِرا شرق", "LATIN": "Hadera East", "RAODS": "65/אצל (חדרה)", "CURRENT": "צומת", "VAADA": "", "FUTURE": "", "YALKUTPIR": "", "Num_": "" }, "geometry": { "type": "Point", "coordinates": [ 34.94341, 32.44779 ] } },
{ "type": "Feature", "properties": { "OID": "-1", "X": "190751.348731", "Y": "635432.70061", "STATUS": "קיים", "NUM": "169.0", "HEBREW": "חולדה", "ARABIC": "حولدا", "LATIN": "Hulda", "RAODS": "3/411", "CURRENT": "צומת", "VAADA": "", "FUTURE": "", "YALKUTPIR": "", "Num_": "" }, "geometry": { "type": "Point", "coordinates": [ 34.90129, 31.81129 ] } },
{ "type": "Feature", "properties": { "OID": "-1", "X": "179237.264588", "Y": "660648.088543", "STATUS": "קיים", "NUM": "170.0", "HEBREW": "חולון", "ARABIC": "حولون", "LATIN": "Holon", "RAODS": "20/44", "CURRENT": "מחלף", "VAADA": "", "FUTURE": "", "YALKUTPIR": "", "Num_": "" }, "geometry": { "type": "Point", "coordinates": [ 34.77864, 32.03833 ] } },
{ "type": "Feature", "properties": { "OID": "-1", "X": "181687.679418", "Y": "656392.814499", "STATUS": "קיים", "NUM": "171.0", "HEBREW": "חולון מזרח", "ARABIC": "حولون شرق", "LATIN": "Holon East", "RAODS": "4/ירושלים (חולון)", "CURRENT": "מחלף", "VAADA": "", "FUTURE": "", "YALKUTPIR": "", "Num_": "" }, "geometry": { "type": "Point", "coordinates": [ 34.80475, 32.00004 ] } },
{ "type": "Feature", "properties": { "OID": "-1", "X": "177239.247966", "Y": "651274.36431", "STATUS": "קיים", "NUM": "172.0", "HEBREW": "חולות", "ARABIC": "حولوت", "LATIN": "Holot", "RAODS": "4/20", "CURRENT": "מחלף", "VAADA": "", "FUTURE": "", "YALKUTPIR": "", "Num_": "" }, "geometry": { "type": "Point", "coordinates": [ 34.7579, 31.95373 ] } },
{ "type": "Feature", "properties": { "OID": "-1", "X": "136747.046494", "Y": "570878.393681", "STATUS": "קיים", "NUM": "173.0", "HEBREW": "חולית", "ARABIC": "حوليت", "LATIN": "Holit", "RAODS": "232/240", "CURRENT": "צומת", "VAADA": "", "FUTURE": "", "YALKUTPIR": "", "Num_": "" }, "geometry": { "type": "Point", "coordinates": [ 34.33638, 31.22652 ] } },
{ "type": "Feature", "properties": { "OID": "-1", "X": "227945.879785", "Y": "767777.874871", "STATUS": "קיים", "NUM": "174.0", "HEBREW": "חוסן", "ARABIC": "حوسِن", "LATIN": "Hosen", "RAODS": "89/864", "CURRENT": "צומת", "VAADA": "", "FUTURE": "", "YALKUTPIR": "", "Num_": "" }, "geometry": { "type": "Point", "coordinates": [ 35.29529, 33.00504 ] } },
{ "type": "Feature", "properties": { "OID": "-1", "X": "184399.526069", "Y": "682184.799816", "STATUS": "קיים", "NUM": "175.0", "HEBREW": "חוף השרון", "ARABIC": "حوف هشَرون", "LATIN": "Hof HaSharon", "RAODS": "2/געש-שפיים", "CURRENT": "צומת", "VAADA": "", "FUTURE": "", "YALKUTPIR": "", "Num_": "" }, "geometry": { "type": "Point", "coordinates": [ 34.83251, 32.23271 ] } },
{ "type": "Feature", "properties": { "OID": "-1", "X": "196314.046491", "Y": "671844.628037", "STATUS": "קיים", "NUM": "176.0", "HEBREW": "חורשים", "ARABIC": "حورشيم", "LATIN": "Horshim", "RAODS": "6/531", "CURRENT": "מחלף", "VAADA": "", "FUTURE": "", "YALKUTPIR": "", "Num_": "" }, "geometry": { "type": "Point", "coordinates": [ 34.95916, 32.13978 ] } },
{ "type": "Feature", "properties": { "OID": "-1", "X": "259263.675187", "Y": "792153.143796", "STATUS": "קיים", "NUM": "177.0", "HEBREW": "חורשת טל", "ARABIC": "حورشات تال", "LATIN": "Hurshat Tal", "RAODS": "99/918", "CURRENT": "צומת", "VAADA": "", "FUTURE": "", "YALKUTPIR": "", "Num_": "" }, "geometry": { "type": "Point", "coordinates": [ 35.63148, 33.22412 ] } },
{ "type": "Feature", "properties": { "OID": "-1", "X": "197983.777061", "Y": "638035.461013", "STATUS": "קיים", "NUM": "178.0", "HEBREW": "חטיבה שבע", "ARABIC": "حتيڤا شيڤع", "LATIN": "Hativa Sheva", "RAODS": "3/424", "CURRENT": "צומת", "VAADA": "", "FUTURE": "", "YALKUTPIR": "", "Num_": "" }, "geometry": { "type": "Point", "coordinates": [ 34.97761, 31.83492 ] } },
{ "type": "Feature", "properties": { "OID": "-1", "X": "183771.450737", "Y": "574289.934628", "STATUS": "קיים", "NUM": "179.0", "HEBREW": "חטיבת הנגב", "ARABIC": "حتيڤات هنيچِڨ", "LATIN": "Hativat HaNegev", "RAODS": "40/60", "CURRENT": "מחלף", "VAADA": "", "FUTURE": "", "YALKUTPIR": "", "Num_": "" }, "geometry": { "type": "Point", "coordinates": [ 34.82978, 31.25967 ] } },
{ "type": "Feature", "properties": { "OID": "-1", "X": "197733.341298", "Y": "709689.240745", "STATUS": "קיים", "NUM": "180.0", "HEBREW": "חיל החינוך", "ARABIC": "حيل هحينوخ", "LATIN": "Hel HaHinukh", "RAODS": "651/652", "CURRENT": "צומת", "VAADA": "30/05/2019 00:00:00", "FUTURE": "", "YALKUTPIR": "8335 - 11/7/19", "Num_": "" }, "geometry": { "type": "Point", "coordinates": [ 34.97334, 32.48107 ] } },
{ "type": "Feature", "properties": { "OID": "-1", "X": "231807.696525", "Y": "751533.576835", "STATUS": "קיים", "NUM": "181.0", "HEBREW": "חילזון", "ARABIC": "حيلَزون", "LATIN": "Hilazon", "RAODS": "804/805", "CURRENT": "צומת", "VAADA": "", "FUTURE": "", "YALKUTPIR": "", "Num_": "" }, "geometry": { "type": "Point", "coordinates": [ 35.3364, 32.85853 ] } },
{ "type": "Feature", "properties": { "OID": "-1", "X": "196742.329754", "Y": "744463.068156", "STATUS": "קיים", "NUM": "182.0", "HEBREW": "חיפה דרום", "ARABIC": "حيفا جنوب", "LATIN": "Haifa South", "RAODS": "2/4", "CURRENT": "מחלף", "VAADA": "", "FUTURE": "", "YALKUTPIR": "", "Num_": "" }, "geometry": { "type": "Point", "coordinates": [ 34.96195, 32.79461 ] } },
{ "type": "Feature", "properties": { "OID": "-1", "X": "238211.681029", "Y": "770124.27082", "STATUS": "קיים", "NUM": "183.0", "HEBREW": "חירם", "ARABIC": "حيرام", "LATIN": "Hiram", "RAODS": "89/899 (מזרחי)", "CURRENT": "צומת", "VAADA": "", "FUTURE": "", "YALKUTPIR": "", "Num_": "" }, "geometry": { "type": "Point", "coordinates": [ 35.40519, 33.02607 ] } },
{ "type": "Feature", "properties": { "OID": "-1", "X": "200963.331708", "Y": "746066.558454", "STATUS": "קיים", "NUM": "184.0", "HEBREW": "חירם", "ARABIC": "حيرام", "LATIN": "Hiram", "RAODS": "4/22 (חיפה)", "CURRENT": "מחלף", "VAADA": "", "FUTURE": "", "YALKUTPIR": "", "Num_": "" }, "geometry": { "type": "Point", "coordinates": [ 35.00698, 32.80915 ] } },
{ "type": "Feature", "properties": { "OID": "-1", "X": "180211.451581", "Y": "532574.3197", "STATUS": "קיים", "NUM": "185.0", "HEBREW": "חלוקים", "ARABIC": "حلوكيم", "LATIN": "Halukim", "RAODS": "40/204", "CURRENT": "צומת", "VAADA": "", "FUTURE": "", "YALKUTPIR": "", "Num_": "" }, "geometry": { "type": "Point", "coordinates": [ 34.79402, 30.88332 ] } },
{ "type": "Feature", "properties": { "OID": "-1", "X": "212559.338905", "Y": "657453.726939", "STATUS": "קיים", "NUM": "186.0", "HEBREW": "חלמיש", "ARABIC": "حلميش", "LATIN": "Halamish", "RAODS": "450/465", "CURRENT": "צומת", "VAADA": "", "FUTURE": "", "YALKUTPIR": "", "Num_": "" }, "geometry": { "type": "Point", "coordinates": [ 35.13144, 32.01022 ] } },
{ "type": "Feature", "properties": { "OID": "-1", "X": "239418.962164", "Y": "758600.565495", "STATUS": "קיים", "NUM": "187.0", "HEBREW": "חלפתא", "ARABIC": "حلفتا", "LATIN": "Halafta", "RAODS": "85/806", "CURRENT": "צומת", "VAADA": "", "FUTURE": "", "YALKUTPIR": "", "Num_": "" }, "geometry": { "type": "Point", "coordinates": [ 35.41786, 32.92214 ] } },
{ "type": "Feature", "properties": { "OID": "-1", "X": "166190.487927", "Y": "608637.359467", "STATUS": "קיים", "NUM": "188.0", "HEBREW": "חלץ", "ARABIC": "حيلِتس", "LATIN": "Helets", "RAODS": "232/352", "CURRENT": "צומת", "VAADA": "", "FUTURE": "", "YALKUTPIR": "", "Num_": "" }, "geometry": { "type": "Point", "coordinates": [ 34.64336, 31.56876 ] } },
{ "type": "Feature", "properties": { "OID": "-1", "X": "211891.029064", "Y": "634180.009599", "STATUS": "קיים", "NUM": "189.0", "HEBREW": "חמד", "ARABIC": "حيمِد", "LATIN": "Hemed", "RAODS": "1/3975", "CURRENT": "מחלף", "VAADA": "", "FUTURE": "", "YALKUTPIR": "", "Num_": "" }, "geometry": { "type": "Point", "coordinates": [ 35.12455, 31.80033 ] } },
{ "type": "Feature", "properties": { "OID": "-1", "X": "243152.424972", "Y": "678014.796112", "STATUS": "קיים", "NUM": "190.0", "HEBREW": "חמרה", "ARABIC": "حمرا", "LATIN": "Hamra", "RAODS": "57/508", "CURRENT": "צומת", "VAADA": "", "FUTURE": "", "YALKUTPIR": "", "Num_": "" }, "geometry": { "type": "Point", "coordinates": [ 35.45574, 32.19541 ] } },
{ "type": "Feature", "properties": { "OID": "-1", "X": "198963.989231", "Y": "707224.293182", "STATUS": "קיים", "NUM": "191.0", "HEBREW": "חנה", "ARABIC": "حَنا", "LATIN": "Hanna", "RAODS": "65/652", "CURRENT": "צומת", "VAADA": "", "FUTURE": "", "YALKUTPIR": "", "Num_": "" }, "geometry": { "type": "Point", "coordinates": [ 34.98649, 32.45887 ] } },
{ "type": "Feature", "properties": { "OID": "-1", "X": "214601.099047", "Y": "775043.72637", "STATUS": "קיים", "NUM": "192.0", "HEBREW": "חניתה", "ARABIC": "حنيتا", "LATIN": "Hanita", "RAODS": "70/899", "CURRENT": "צומת", "VAADA": "", "FUTURE": "", "YALKUTPIR": "", "Num_": "" }, "geometry": { "type": "Point", "coordinates": [ 35.15245, 33.07057 ] } },
{ "type": "Feature", "properties": { "OID": "-1", "X": "238295.773776", "Y": "759189.374235", "STATUS": "קיים", "NUM": "193.0", "HEBREW": "חנניה", "ARABIC": "حننيا", "LATIN": "Hananya", "RAODS": "85/866", "CURRENT": "צומת", "VAADA": "", "FUTURE": "", "YALKUTPIR": "", "Num_": "" }, "geometry": { "type": "Point", "coordinates": [ 35.40587, 32.92747 ] } },
{ "type": "Feature", "properties": { "OID": "-1", "X": "208600.683669", "Y": "740844.583739", "STATUS": "קיים", "NUM": "194.0", "HEBREW": "חסידים", "ARABIC": "حسيديم", "LATIN": "Hasidim", "RAODS": "70/762", "CURRENT": "צומת", "VAADA": "", "FUTURE": "", "YALKUTPIR": "", "Num_": "" }, "geometry": { "type": "Point", "coordinates": [ 35.08859, 32.76217 ] } },
{ "type": "Feature", "properties": { "OID": "-1", "X": "191642.850526", "Y": "697810.229075", "STATUS": "קיים", "NUM": "195.0", "HEBREW": "חפר", "ARABIC": "حيفِر", "LATIN": "Hefer", "RAODS": "4/5720", "CURRENT": "צומת", "VAADA": "", "FUTURE": "", "YALKUTPIR": "", "Num_": "" }, "geometry": { "type": "Point", "coordinates": [ 34.9089, 32.37382 ] } },
{ "type": "Feature", "properties": { "OID": "-1", "X": "202107.544439", "Y": "708609.427812", "STATUS": "קיים", "NUM": "196.0", "HEBREW": "חריש", "ARABIC": "حريش", "LATIN": "Harish", "RAODS": "574/6353", "CURRENT": "צומת", "VAADA": "30/05/2019 00:00:00", "FUTURE": "", "YALKUTPIR": "8335 - 11/7/19", "Num_": "" }, "geometry": { "type": "Point", "coordinates": [ 35.01989, 32.47141 ] } },
{ "type": "Feature", "properties": { "OID": "-1", "X": "212668.832758", "Y": "668798.344057", "STATUS": "קיים", "NUM": "197.0", "HEBREW": "חרס", "ARABIC": "حيرِس", "LATIN": "Heres", "RAODS": "505/5066", "CURRENT": "צומת", "VAADA": "14/03/2024 00:00:00", "FUTURE": "", "YALKUTPIR": "12579 - 24/7/2024", "Num_": "" }, "geometry": { "type": "Point", "coordinates": [ 35.13252, 32.11252 ] } },
{ "type": "Feature", "properties": { "OID": "-1", "X": "223700.07377", "Y": "569739.225159", "STATUS": "קיים", "NUM": "198.0", "HEBREW": "חתרורים", "ARABIC": "حتروريم", "LATIN": "Hatrurim", "RAODS": "31/258", "CURRENT": "צומת", "VAADA": "", "FUTURE": "", "YALKUTPIR": "", "Num_": "" }, "geometry": { "type": "Point", "coordinates": [ 35.24898, 31.21916 ] } },
{ "type": "Feature", "properties": { "OID": "-1", "X": "175996.730753", "Y": "625718.266149", "STATUS": "קיים", "NUM": "199.0", "HEBREW": "טוביה", "ARABIC": "توڤِيا", "LATIN": "Toviya", "RAODS": "3/3703", "CURRENT": "צומת", "VAADA": "", "FUTURE": "", "YALKUTPIR": "", "Num_": "" }, "geometry": { "type": "Point", "coordinates": [ 34.7459, 31.72321 ] } },
{ "type": "Feature", "properties": { "OID": "-1", "X": "198693.643326", "Y": "682064.67668", "STATUS": "קיים", "NUM": "200.0", "HEBREW": "טירה", "ARABIC": "الطيرة", "LATIN": "Tira", "RAODS": "444/554", "CURRENT": "צומת", "VAADA": "", "FUTURE": "", "YALKUTPIR": "", "Num_": "" }, "geometry": { "type": "Point", "coordinates": [ 34.98416, 32.23199 ] } },
{ "type": "Feature", "properties": { "OID": "-1", "X": "177271.496992", "Y": "544523.9656", "STATUS": "קיים", "NUM": "201.0", "HEBREW": "טללים", "ARABIC": "تلليم", "LATIN": "Tlalim", "RAODS": "40/211", "CURRENT": "צומת", "VAADA": "", "FUTURE": "", "YALKUTPIR": "", "Num_": "" }, "geometry": { "type": "Point", "coordinates": [ 34.76278, 30.99099 ] } },
{ "type": "Feature", "properties": { "OID": "-1", "X": "211196.334278", "Y": "648309.553446", "STATUS": "קיים", "NUM": "202.0", "HEBREW": "טלמון דולב", "ARABIC": "تلمون دولِڤ", "LATIN": "Talmon Dolev", "RAODS": "450/463", "CURRENT": "צומת", "VAADA": "", "FUTURE": "", "YALKUTPIR": "", "Num_": "" }, "geometry": { "type": "Point", "coordinates": [ 35.1171, 31.92774 ] } },
{ "type": "Feature", "properties": { "OID": "-1", "X": "235224.47313", "Y": "728382.551946", "STATUS": "קיים", "NUM": "203.0", "HEBREW": "טמיר", "ARABIC": "تمير", "LATIN": "Tamir", "RAODS": "65/716", "CURRENT": "צומת", "VAADA": "26/09/2019 00:00:00", "FUTURE": "", "YALKUTPIR": "8535 - 20/11/19", "Num_": "" }, "geometry": { "type": "Point", "coordinates": [ 35.37251, 32.64974 ] } },
{ "type": "Feature", "properties": { "OID": "-1", "X": "214930.580578", "Y": "757536.422069", "STATUS": "קיים", "NUM": "204.0", "HEBREW": "יאסיף", "ARABIC": "ياسيف", "LATIN": "Yasif", "RAODS": "70/85 (מערבי)", "CURRENT": "צומת", "VAADA": "", "FUTURE": "", "YALKUTPIR": "", "Num_": "" }, "geometry": { "type": "Point", "coordinates": [ 35.15606, 32.91272 ] } },
{ "type": "Feature", "properties": { "OID": "-1", "X": "217334.697662", "Y": "755348.577618", "STATUS": "קיים", "NUM": "205.0", "HEBREW": "יבור", "ARABIC": "يَڤور", "LATIN": "Yavor", "RAODS": "70/805", "CURRENT": "צומת", "VAADA": "", "FUTURE": "", "YALKUTPIR": "", "Num_": "" }, "geometry": { "type": "Point", "coordinates": [ 35.18177, 32.893 ] } },
{ "type": "Feature", "properties": { "OID": "-1", "X": "174508.004558", "Y": "644118.859697", "STATUS": "קיים", "NUM": "206.0", "HEBREW": "יבנה", "ARABIC": "يَڨني", "LATIN": "Yavne", "RAODS": "42/4111", "CURRENT": "מחלף", "VAADA": "", "FUTURE": "", "YALKUTPIR": "", "Num_": "" }, "geometry": { "type": "Point", "coordinates": [ 34.72934, 31.88909 ] } },
{ "type": "Feature", "properties": { "OID": "-1", "X": "206968.609444", "Y": "739862.489508", "STATUS": "קיים", "NUM": "207.0", "HEBREW": "יגור", "ARABIC": "يَچور", "LATIN": "Yagur", "RAODS": "70/75/752", "CURRENT": "מחלף", "VAADA": "", "FUTURE": "", "YALKUTPIR": "", "Num_": "" }, "geometry": { "type": "Point", "coordinates": [ 35.07119, 32.75329 ] } },
{ "type": "Feature", "properties": { "OID": "-1", "X": "188845.924106", "Y": "659439.784855", "STATUS": "קיים", "NUM": "208.0", "HEBREW": "יהוד מערב", "ARABIC": "يِهود غرب", "LATIN": "Yehud West", "RAODS": "412/461", "CURRENT": "צומת", "VAADA": "", "FUTURE": "", "YALKUTPIR": "", "Num_": "" }, "geometry": { "type": "Point", "coordinates": [ 34.8804, 32.02773 ] } },
{ "type": "Feature", "properties": { "OID": "-1", "X": "260898.642902", "Y": "756578.46448", "STATUS": "קיים", "NUM": "209.0", "HEBREW": "יהודיה", "ARABIC": "يِهودية", "LATIN": "Yehudiya", "RAODS": "87/92", "CURRENT": "צומת", "VAADA": "", "FUTURE": "", "YALKUTPIR": "", "Num_": "" }, "geometry": { "type": "Point", "coordinates": [ 35.64741, 32.90331 ] } },
{ "type": "Feature", "properties": { "OID": "-1", "X": "225446.337656", "Y": "751990.408544", "STATUS": "קיים", "NUM": "210.0", "HEBREW": "יובלים", "ARABIC": "يوڤَليم", "LATIN": "Yuvalim", "RAODS": "784/805 (מזרחי)", "CURRENT": "צומת", "VAADA": "", "FUTURE": "", "YALKUTPIR": "", "Num_": "" }, "geometry": { "type": "Point", "coordinates": [ 35.26844, 32.8627 ] } },
{ "type": "Feature", "properties": { "OID": "-1", "X": "208957.64885", "Y": "728719.143487", "STATUS": "קיים", "NUM": "211.0", "HEBREW": "יוקנעם", "ARABIC": "يوكنِعام", "LATIN": "Yokne'am", "RAODS": "6/722", "CURRENT": "מחלף", "VAADA": "", "FUTURE": "", "YALKUTPIR": "", "Num_": "" }, "geometry": { "type": "Point", "coordinates": [ 35.09254, 32.65283 ] } },
{ "type": "Feature", "properties": { "OID": "-1", "X": "230099.1421", "Y": "718210.518435", "STATUS": "קיים", "NUM": "212.0", "HEBREW": "יזרעאל", "ARABIC": "يِزرِعيل", "LATIN": "Yizre'el", "RAODS": "60/675", "CURRENT": "צומת", "VAADA": "", "FUTURE": "", "YALKUTPIR": "", "Num_": "" }, "geometry": { "type": "Point", "coordinates": [ 35.31776, 32.55807 ] } },
{ "type": "Feature", "properties": { "OID": "-1", "X": "187754.033636", "Y": "699213.939175", "STATUS": "קיים", "NUM": "213.0", "HEBREW": "ינאי", "ARABIC": "يَناي", "LATIN": "Yanay", "RAODS": "2/5720", "CURRENT": "מחלף", "VAADA": "", "FUTURE": "", "YALKUTPIR": "", "Num_": "" }, "geometry": { "type": "Point", "coordinates": [ 34.86753, 32.38637 ] } },
{ "type": "Feature", "properties": { "OID": "-1", "X": "195890.708308", "Y": "691477.145466", "STATUS": "קיים לשדרוג", "NUM": "214.0", "HEBREW": "ינוב", "ARABIC": "يَنوڤ", "LATIN": "Yanuv", "RAODS": "57/562", "CURRENT": "צומת", "VAADA": "25/10/2018 00:00:00", "FUTURE": "מחלף", "YALKUTPIR": "8040 - 17/12/18", "Num_": "" }, "geometry": { "type": "Point", "coordinates": [ 34.95419, 32.31681 ] } },
{ "type": "Feature", "properties": { "OID": "-1", "X": "270976.323936", "Y": "792559.190371", "STATUS": "קיים", "NUM": "215.0", "HEBREW": "יער אודם", "ARABIC": "ياعَر أودِم", "LATIN": "Ya'ar Odem", "RAODS": "98/978", "CURRENT": "צומת", "VAADA": "", "FUTURE": "", "YALKUTPIR": "", "Num_": "" }, "geometry": { "type": "Point", "coordinates": [ 35.75714, 33.22728 ] } },
{ "type": "Feature", "properties": { "OID": "-1", "X": "191162.015978", "Y": "701772.997706", "STATUS": "קיים", "NUM": "216.0", "HEBREW": "יער חדרה", "ARABIC": "ياعَر حدِرا", "LATIN": "Ya'ar Hadera", "RAODS": "4/9", "CURRENT": "צומת", "VAADA": "", "FUTURE": "", "YALKUTPIR": "", "Num_": "" }, "geometry": { "type": "Point", "coordinates": [ 34.90367, 32.40954 ] } },
{ "type": "Feature", "properties": { "OID": "-1", "X": "221641.565305", "Y": "741381.095071", "STATUS": "קיים", "NUM": "217.0", "HEBREW": "יפתחאל", "ARABIC": "يِفتحْئيل", "LATIN": "Yiftah'el", "RAODS": "79/784", "CURRENT": "צומת", "VAADA": "", "FUTURE": "", "YALKUTPIR": "", "Num_": "" }, "geometry": { "type": "Point", "coordinates": [ 35.22776, 32.76705 ] } },
{ "type": "Feature", "properties": { "OID": "-1", "X": "224895.425391", "Y": "674446.404998", "STATUS": "קיים", "NUM": "218.0", "HEBREW": "יצהר", "ARABIC": "يِتْسهار", "LATIN": "Yits'har", "RAODS": "60/555", "CURRENT": "צומת", "VAADA": "14/03/2024 00:00:00", "FUTURE": "", "YALKUTPIR": "12579 - 24/7/2024", "Num_": "" }, "geometry": { "type": "Point", "coordinates": [ 35.2621, 32.16346 ] } },
{ "type": "Feature", "properties": { "OID": "-1", "X": "191487.313654", "Y": "544369.516352", "STATUS": "קיים", "NUM": "219.0", "HEBREW": "ירוחם", "ARABIC": "يِروحام", "LATIN": "Yeroham", "RAODS": "204/225", "CURRENT": "צומת", "VAADA": "", "FUTURE": "", "YALKUTPIR": "", "Num_": "" }, "geometry": { "type": "Point", "coordinates": [ 34.91162, 30.99002 ] } },
{ "type": "Feature", "properties": { "OID": "-1", "X": "191064.024084", "Y": "669818.242484", "STATUS": "קיים", "NUM": "220.0", "HEBREW": "ירקון", "ARABIC": "يَركون", "LATIN": "Yarkon", "RAODS": "5/40", "CURRENT": "מחלף", "VAADA": "", "FUTURE": "", "YALKUTPIR": "", "Num_": "" }, "geometry": { "type": "Point", "coordinates": [ 34.90358, 32.12138 ] } },
{ "type": "Feature", "properties": { "OID": "-1", "X": "214896.220798", "Y": "734857.116918", "STATUS": "קיים", "NUM": "221.0", "HEBREW": "ישי", "ARABIC": "يِشاي", "LATIN": "Yishay", "RAODS": "75/77", "CURRENT": "מחלף", "VAADA": "", "FUTURE": "", "YALKUTPIR": "", "Num_": "" }, "geometry": { "type": "Point", "coordinates": [ 35.15581, 32.70822 ] } },
{ "type": "Feature", "properties": { "OID": "-1", "X": "251626.595978", "Y": "779776.484942", "STATUS": "קיים", "NUM": "222.0", "HEBREW": "ישע", "ARABIC": "يِيشع", "LATIN": "Yesha", "RAODS": "886/899 (מערבי)", "CURRENT": "צומת", "VAADA": "", "FUTURE": "", "YALKUTPIR": "", "Num_": "" }, "geometry": { "type": "Point", "coordinates": [ 35.54911, 33.11278 ] } },
{ "type": "Feature", "properties": { "OID": "-1", "X": "236216.396567", "Y": "717860.323012", "STATUS": "קיים", "NUM": "223.0", "HEBREW": "יששכר", "ARABIC": "يِسَخار", "LATIN": "Yisakhar", "RAODS": "71/716", "CURRENT": "צומת", "VAADA": "", "FUTURE": "", "YALKUTPIR": "", "Num_": "" }, "geometry": { "type": "Point", "coordinates": [ 35.38289, 32.55484 ] } },
{ "type": "Feature", "properties": { "OID": "-1", "X": "194282.053979", "Y": "576200.222597", "STATUS": "קיים", "NUM": "224.0", "HEBREW": "יתיר", "ARABIC": "يَتير", "LATIN": "Yatir", "RAODS": "31/316", "CURRENT": "מחלף", "VAADA": "", "FUTURE": "", "YALKUTPIR": "", "Num_": "" }, "geometry": { "type": "Point", "coordinates": [ 34.94008, 31.27717 ] } },
{ "type": "Feature", "properties": { "OID": "-1", "X": "253670.196851", "Y": "781224.668952", "STATUS": "קיים", "NUM": "225.0", "HEBREW": "כח", "ARABIC": "كووَح", "LATIN": "Koah", "RAODS": "90/899", "CURRENT": "צומת", "VAADA": "", "FUTURE": "", "YALKUTPIR": "", "Num_": "" }, "geometry": { "type": "Point", "coordinates": [ 35.57106, 33.12578 ] } },
{ "type": "Feature", "properties": { "OID": "-1", "X": "213709.125628", "Y": "769041.980732", "STATUS": "קיים", "NUM": "226.0", "HEBREW": "כברי", "ARABIC": "كبري", "LATIN": "Kabri", "RAODS": "70/89", "CURRENT": "צומת", "VAADA": "", "FUTURE": "", "YALKUTPIR": "", "Num_": "" }, "geometry": { "type": "Point", "coordinates": [ 35.14293, 33.01645 ] } },
{ "type": "Feature", "properties": { "OID": "-1", "X": "238961.317818", "Y": "734245.444242", "STATUS": "קיים לשדרוג", "NUM": "227.0", "HEBREW": "כדורי", "ARABIC": "كدوري", "LATIN": "Kaduri", "RAODS": "65/766", "CURRENT": "צומת", "VAADA": "30/05/2019 00:00:00", "FUTURE": "מחלף", "YALKUTPIR": "8335 - 11/7/19", "Num_": "" }, "geometry": { "type": "Point", "coordinates": [ 35.41246, 32.70254 ] } },
{ "type": "Feature", "properties": { "OID": "-1", "X": "261136.725595", "Y": "748136.734969", "STATUS": "קיים", "NUM": "228.0", "HEBREW": "כורסי", "ARABIC": "كرسي", "LATIN": "Kursi", "RAODS": "92/789", "CURRENT": "צומת", "VAADA": "", "FUTURE": "", "YALKUTPIR": "", "Num_": "" }, "geometry": { "type": "Point", "coordinates": [ 35.64957, 32.82718 ] } },
{ "type": "Feature", "properties": { "OID": "-1", "X": "253639.539401", "Y": "736355.285506", "STATUS": "קיים", "NUM": "229.0", "HEBREW": "כינרת", "ARABIC": "كِنيرِت", "LATIN": "Kineret", "RAODS": "90/767", "CURRENT": "צומת", "VAADA": "", "FUTURE": "", "YALKUTPIR": "", "Num_": "" }, "geometry": { "type": "Point", "coordinates": [ 35.56907, 32.72121 ] } },
{ "type": "Feature", "properties": { "OID": "-1", "X": "202301.020805", "Y": "705546.363705", "STATUS": "קיים", "NUM": "230.0", "HEBREW": "כלניות", "ARABIC": "كلنيوت", "LATIN": "Kalaniyot", "RAODS": "574/581", "CURRENT": "צומת", "VAADA": "", "FUTURE": "", "YALKUTPIR": "", "Num_": "" }, "geometry": { "type": "Point", "coordinates": [ 35.02201, 32.44379 ] } },
{ "type": "Feature", "properties": { "OID": "-1", "X": "233190.336361", "Y": "635734.297283", "STATUS": "קיים", "NUM": "231.0", "HEBREW": "כפר אדומים", "ARABIC": "كفار أدوميم", "LATIN": "Kfar Adumim", "RAODS": "1/458", "CURRENT": "צומת", "VAADA": "23/05/2024 00:00:00", "FUTURE": "", "YALKUTPIR": "12572 - 22/07/2024", "Num_": "" }, "geometry": { "type": "Point", "coordinates": [ 35.34949, 31.81429 ] } },
{ "type": "Feature", "properties": { "OID": "-1", "X": "179106.970512", "Y": "643936.926918", "STATUS": "קיים", "NUM": "232.0", "HEBREW": "כפר גבירול", "ARABIC": "كفارچبيرول", "LATIN": "Kfar Gabirol", "RAODS": "410/411", "CURRENT": "צומת מפוצל", "VAADA": "10/04/2022 00:00:00", "FUTURE": "", "YALKUTPIR": "", "Num_": "" }, "geometry": { "type": "Point", "coordinates": [ 34.77796, 31.88763 ] } },
{ "type": "Feature", "properties": { "OID": "-1", "X": "178949.301584", "Y": "644068.952348", "STATUS": "קיים", "NUM": "233.0", "HEBREW": "כפר גבירול", "ARABIC": "كفارچبيرول", "LATIN": "Kfar Gabirol", "RAODS": "410/411", "CURRENT": "צומת מפוצל", "VAADA": "10/04/2022 00:00:00", "FUTURE": "", "YALKUTPIR": "", "Num_": "" }, "geometry": { "type": "Point", "coordinates": [ 34.77629, 31.88881 ] } },
{ "type": "Feature", "properties": { "OID": "-1", "X": "194302.164093", "Y": "692414.389342", "STATUS": "מתוכנן", "NUM": "234.0", "HEBREW": "כפר יונה", "ARABIC": "كفار يونا", "LATIN": "Kfar Yona", "RAODS": "57 חדש/בן גוריון (כפר יונה)", "CURRENT": "", "VAADA": "10/04/2022 00:00:00", "FUTURE": "מחלף", "YALKUTPIR": "8040 - 17/12/18", "Num_": "" }, "geometry": { "type": "Point", "coordinates": [ 34.9373, 32.32523 ] } },
{ "type": "Feature", "properties": { "OID": "-1", "X": "180354.615796", "Y": "629990.438713", "STATUS": "קיים", "NUM": "235.0", "HEBREW": "כפר מנחם", "ARABIC": "كفار مِنَحيم", "LATIN": "Kfar Menahem", "RAODS": "3/383", "CURRENT": "צומת", "VAADA": "", "FUTURE": "", "YALKUTPIR": "", "Num_": "" }, "geometry": { "type": "Point", "coordinates": [ 34.79171, 31.7619 ] } },
{ "type": "Feature", "properties": { "OID": "-1", "X": "251404.372221", "Y": "753564.092831", "STATUS": "קיים", "NUM": "236.0", "HEBREW": "כפר נחום", "ARABIC": "كفار نحوم", "LATIN": "Kfar Nahum", "RAODS": "87/90", "CURRENT": "צומת", "VAADA": "", "FUTURE": "", "YALKUTPIR": "", "Num_": "" }, "geometry": { "type": "Point", "coordinates": [ 35.54582, 32.87644 ] } },
{ "type": "Feature", "properties": { "OID": "-1", "X": "195092.8664", "Y": "676278.271413", "STATUS": "קיים", "NUM": "237.0", "HEBREW": "כפר סבא מזרח", "ARABIC": "كفار سَڤا شرق", "LATIN": "Kfar Sava East", "RAODS": "55/5504", "CURRENT": "צומת", "VAADA": "", "FUTURE": "", "YALKUTPIR": "", "Num_": "" }, "geometry": { "type": "Point", "coordinates": [ 34.94611, 32.17973 ] } },
{ "type": "Feature", "properties": { "OID": "-1", "X": "189714.488883", "Y": "677550.947834", "STATUS": "קיים", "NUM": "238.0", "HEBREW": "כפר סבא רעננה צפון", "ARABIC": "كفار سَڤا رعننا شمال", "LATIN": "Kfar Sava Ra'anana North", "RAODS": "4/ויצמן (רעננה)/בגין (כפר סבא)", "CURRENT": "צומת", "VAADA": "", "FUTURE": "", "YALKUTPIR": "", "Num_": "" }, "geometry": { "type": "Point", "coordinates": [ 34.88904, 32.19108 ] } },
{ "type": "Feature", "properties": { "OID": "-1", "X": "239577.32751", "Y": "732869.947307", "STATUS": "קיים", "NUM": "239.0", "HEBREW": "כפר תבור", "ARABIC": "كفار تَڨور", "LATIN": "Kfar Tavor", "RAODS": "65/767 (צפון)", "CURRENT": "צומת", "VAADA": "", "FUTURE": "", "YALKUTPIR": "", "Num_": "" }, "geometry": { "type": "Point", "coordinates": [ 35.419, 32.69013 ] } },
{ "type": "Feature", "properties": { "OID": "-1", "X": "209643.622948", "Y": "753233.588755", "STATUS": "קיים", "NUM": "240.0", "HEBREW": "כרי נעמן", "ARABIC": "كَري نعمان", "LATIN": "Kare Na'aman ", "RAODS": "4/22 (צפון)", "CURRENT": "צומת", "VAADA": "", "FUTURE": "", "YALKUTPIR": "", "Num_": "" }, "geometry": { "type": "Point", "coordinates": [ 35.09959, 32.87389 ] } },
{ "type": "Feature", "properties": { "OID": "-1", "X": "214717.632054", "Y": "630828.389014", "STATUS": "קיים", "NUM": "241.0", "HEBREW": "כרם", "ARABIC": "كيرِم", "LATIN": "Kerem", "RAODS": "386/395", "CURRENT": "צומת", "VAADA": "", "FUTURE": "", "YALKUTPIR": "", "Num_": "" }, "geometry": { "type": "Point", "coordinates": [ 35.15442, 31.77011 ] } },
{ "type": "Feature", "properties": { "OID": "-1", "X": "228299.569085", "Y": "758874.531457", "STATUS": "קיים", "NUM": "242.0", "HEBREW": "כרמיאל", "ARABIC": "كرميئيل", "LATIN": "Karmi'el", "RAODS": "85/854/נשיאי ישראל (כרמיאל)", "CURRENT": "צומת מפוצל", "VAADA": "", "FUTURE": "", "YALKUTPIR": "", "Num_": "" }, "geometry": { "type": "Point", "coordinates": [ 35.29899, 32.92476 ] } },
{ "type": "Feature", "properties": { "OID": "-1", "X": "228485.657621", "Y": "758819.246731", "STATUS": "קיים", "NUM": "243.0", "HEBREW": "כרמיאל", "ARABIC": "كرميئيل", "LATIN": "Karmi'el", "RAODS": "85/854/נשיאי ישראל (כרמיאל)", "CURRENT": "צומת מפוצל", "VAADA": "", "FUTURE": "", "YALKUTPIR": "", "Num_": "" }, "geometry": { "type": "Point", "coordinates": [ 35.30098, 32.92426 ] } },
{ "type": "Feature", "properties": { "OID": "-1", "X": "230656.013133", "Y": "759326.514401", "STATUS": "קיים", "NUM": "244.0", "HEBREW": "כרמיאל מזרח", "ARABIC": "كرميئيل شرق", "LATIN": "Karmi'el East", "RAODS": "85/8556", "CURRENT": "צומת", "VAADA": "", "FUTURE": "", "YALKUTPIR": "", "Num_": "" }, "geometry": { "type": "Point", "coordinates": [ 35.32419, 32.92881 ] } },
{ "type": "Feature", "properties": { "OID": "-1", "X": "226509.399203", "Y": "758654.177295", "STATUS": "קיים", "NUM": "245.0", "HEBREW": "כרמיאל מערב", "ARABIC": "كرميئيل غرب", "LATIN": "Karmi'el West ", "RAODS": "85/784", "CURRENT": "צומת", "VAADA": "", "FUTURE": "", "YALKUTPIR": "", "Num_": "" }, "geometry": { "type": "Point", "coordinates": [ 35.27985, 32.92278 ] } },
{ "type": "Feature", "properties": { "OID": "-1", "X": "259971.563345", "Y": "783536.775477", "STATUS": "קיים", "NUM": "246.0", "HEBREW": "להבות הבשן", "ARABIC": "لهڨوت هبشان", "LATIN": "Lahavot HaBashan", "RAODS": "918/977", "CURRENT": "צומת", "VAADA": "26/09/2019 00:00:00", "FUTURE": "", "YALKUTPIR": "8535 - 20/11/19", "Num_": "" }, "geometry": { "type": "Point", "coordinates": [ 35.63869, 33.14641 ] } },
{ "type": "Feature", "properties": { "OID": "-1", "X": "182575.416818", "Y": "587852.931465", "STATUS": "קיים", "NUM": "247.0", "HEBREW": "להבים", "ARABIC": "لِهَڤيم", "LATIN": "Lehavim", "RAODS": "6/310", "CURRENT": "מחלף", "VAADA": "", "FUTURE": "", "YALKUTPIR": "", "Num_": "" }, "geometry": { "type": "Point", "coordinates": [ 34.81672, 31.38196 ] } },
{ "type": "Feature", "properties": { "OID": "-1", "X": "191146.348517", "Y": "653848.419243", "STATUS": "קיים", "NUM": "248.0", "HEBREW": "לוד", "ARABIC": "اللد", "LATIN": "Lod", "RAODS": "1/40", "CURRENT": "מחלף", "VAADA": "", "FUTURE": "", "YALKUTPIR": "", "Num_": "" }, "geometry": { "type": "Point", "coordinates": [ 34.90492, 31.97737 ] } },
{ "type": "Feature", "properties": { "OID": "-1", "X": "190363.027663", "Y": "650018.650905", "STATUS": "קיים", "NUM": "249.0", "HEBREW": "לוד מרכז", "ARABIC": "اللد مركز", "LATIN": "Lod Center", "RAODS": "434/443", "CURRENT": "צומת", "VAADA": "", "FUTURE": "", "YALKUTPIR": "", "Num_": "" }, "geometry": { "type": "Point", "coordinates": [ 34.89675, 31.94282 ] } },
{ "type": "Feature", "properties": { "OID": "-1", "X": "198866.827829", "Y": "638472.866104", "STATUS": "קיים", "NUM": "250.0", "HEBREW": "לטרון", "ARABIC": "لترون", "LATIN": "Latrun", "RAODS": "1/3", "CURRENT": "מחלף", "VAADA": "", "FUTURE": "", "YALKUTPIR": "", "Num_": "" }, "geometry": { "type": "Point", "coordinates": [ 34.98693, 31.83888 ] } },
{ "type": "Feature", "properties": { "OID": "-1", "X": "193943.568988", "Y": "619988.513845", "STATUS": "קיים", "NUM": "251.0", "HEBREW": "לי־און", "ARABIC": "لي-أون", "LATIN": "Li-On", "RAODS": "38/353", "CURRENT": "צומת", "VAADA": "", "FUTURE": "", "YALKUTPIR": "", "Num_": "" }, "geometry": { "type": "Point", "coordinates": [ 34.9354, 31.67208 ] } },
{ "type": "Feature", "properties": { "OID": "-1", "X": "184662.772533", "Y": "610336.504043", "STATUS": "קיים", "NUM": "252.0", "HEBREW": "לכיש", "ARABIC": "لخيش", "LATIN": "Lakhish", "RAODS": "35/3415", "CURRENT": "צומת", "VAADA": "", "FUTURE": "", "YALKUTPIR": "", "Num_": "" }, "geometry": { "type": "Point", "coordinates": [ 34.83788, 31.58479 ] } },
{ "type": "Feature", "properties": { "OID": "-1", "X": "187315.447385", "Y": "583640.853536", "STATUS": "קיים", "NUM": "253.0", "HEBREW": "לקיה", "ARABIC": "اللقية", "LATIN": "Lakiya", "RAODS": "6/31/358", "CURRENT": "מחלף", "VAADA": "", "FUTURE": "", "YALKUTPIR": "", "Num_": "" }, "geometry": { "type": "Point", "coordinates": [ 34.86669, 31.34411 ] } },
{ "type": "Feature", "properties": { "OID": "-1", "X": "179297.476603", "Y": "602053.564666", "STATUS": "קיים", "NUM": "254.0", "HEBREW": "מאחז", "ARABIC": "مأحاز", "LATIN": "Ma'ahaz", "RAODS": "6/40 (צפון)", "CURRENT": "מחלף", "VAADA": "", "FUTURE": "", "YALKUTPIR": "", "Num_": "" }, "geometry": { "type": "Point", "coordinates": [ 34.78169, 31.50992 ] } },
{ "type": "Feature", "properties": { "OID": "-1", "X": "177190.619738", "Y": "652957.214289", "STATUS": "קיים", "NUM": "255.0", "HEBREW": "מבוא איילון", "ARABIC": "مِڤو أيَلون", "LATIN": "Mevo Ayalon", "RAODS": "20/431", "CURRENT": "מחלף", "VAADA": "", "FUTURE": "", "YALKUTPIR": "", "Num_": "" }, "geometry": { "type": "Point", "coordinates": [ 34.75731, 31.9689 ] } },
{ "type": "Feature", "properties": { "OID": "-1", "X": "204494.982236", "Y": "745080.192133", "STATUS": "קיים", "NUM": "256.0", "HEBREW": "מבוא הכרמל", "ARABIC": "مِڤو هكرميل", "LATIN": "Mevo HaKarmel", "RAODS": "22/23", "CURRENT": "מחלף", "VAADA": "30/05/2019 00:00:00", "FUTURE": "", "YALKUTPIR": "8335 - 11/7/19", "Num_": "" }, "geometry": { "type": "Point", "coordinates": [ 35.04471, 32.80031 ] } },
{ "type": "Feature", "properties": { "OID": "-1", "X": "200521.061739", "Y": "640192.392426", "STATUS": "קיים", "NUM": "257.0", "HEBREW": "מבוא חורון", "ARABIC": "مِڤو حورون", "LATIN": "Mevo Horon", "RAODS": "3/4249", "CURRENT": "צומת", "VAADA": "23/05/2024 00:00:00", "FUTURE": "", "YALKUTPIR": "12572 - 22/07/2024", "Num_": "" }, "geometry": { "type": "Point", "coordinates": [ 35.00437, 31.85442 ] } },
{ "type": "Feature", "properties": { "OID": "-1", "X": "143069.71422", "Y": "574179.208838", "STATUS": "קיים", "NUM": "258.0", "HEBREW": "מבטחים", "ARABIC": "مِڤتَحيم", "LATIN": "Mivtahim", "RAODS": "232/2310", "CURRENT": "צומת", "VAADA": "", "FUTURE": "", "YALKUTPIR": "", "Num_": "" }, "geometry": { "type": "Point", "coordinates": [ 34.40248, 31.25672 ] } },
{ "type": "Feature", "properties": { "OID": "-1", "X": "142022.28617", "Y": "532667.671095", "STATUS": "קיים", "NUM": "259.0", "HEBREW": "מבצע חורב", "ARABIC": "مِڨتساع حوريڤ", "LATIN": "Mivtsa Horev", "RAODS": "10/211", "CURRENT": "צומת", "VAADA": "", "FUTURE": "", "YALKUTPIR": "", "Num_": "" }, "geometry": { "type": "Point", "coordinates": [ 34.39466, 30.88228 ] } },
{ "type": "Feature", "properties": { "OID": "-1", "X": "248240.675101", "Y": "748062.638738", "STATUS": "קיים", "NUM": "260.0", "HEBREW": "מגדל", "ARABIC": "مِچدال", "LATIN": "Migdal", "RAODS": "90/807", "CURRENT": "צומת", "VAADA": "", "FUTURE": "", "YALKUTPIR": "", "Num_": "" }, "geometry": { "type": "Point", "coordinates": [ 35.51185, 32.82693 ] } },
{ "type": "Feature", "properties": { "OID": "-1", "X": "194916.166573", "Y": "663975.13407", "STATUS": "קיים", "NUM": "261.0", "HEBREW": "מגדל אפק", "ARABIC": "مِچدال أفيك", "LATIN": "Migdal Afek", "RAODS": "444/471", "CURRENT": "צומת", "VAADA": "", "FUTURE": "", "YALKUTPIR": "", "Num_": "" }, "geometry": { "type": "Point", "coordinates": [ 34.94455, 32.06878 ] } },
{ "type": "Feature", "properties": { "OID": "-1", "X": "218280.411769", "Y": "719843.520692", "STATUS": "קיים", "NUM": "262.0", "HEBREW": "מגידו", "ARABIC": "مِچيدو", "LATIN": "Megido", "RAODS": "65/66", "CURRENT": "צומת", "VAADA": "", "FUTURE": "", "YALKUTPIR": "", "Num_": "" }, "geometry": { "type": "Point", "coordinates": [ 35.19192, 32.57285 ] } },
{ "type": "Feature", "properties": { "OID": "-1", "X": "275376.711265", "Y": "749243.619278", "STATUS": "קיים", "NUM": "263.0", "HEBREW": "מגשימים", "ARABIC": "مچشيميم", "LATIN": "Magshimim", "RAODS": "98/808", "CURRENT": "צומת", "VAADA": "", "FUTURE": "", "YALKUTPIR": "", "Num_": "" }, "geometry": { "type": "Point", "coordinates": [ 35.80171, 32.83653 ] } },
{ "type": "Feature", "properties": { "OID": "-1", "X": "215206.688278", "Y": "633690.304749", "STATUS": "מתוכנן", "NUM": "264.0", "HEBREW": "מוצא", "ARABIC": "موتسا", "LATIN": "Motsa", "RAODS": "1/16", "CURRENT": "", "VAADA": "30/05/2019 00:00:00", "FUTURE": "מחלף", "YALKUTPIR": "8335 - 11/7/19", "Num_": "" }, "geometry": { "type": "Point", "coordinates": [ 35.15957, 31.79593 ] } },
{ "type": "Feature", "properties": { "OID": "-1", "X": "186559.372381", "Y": "670184.707532", "STATUS": "קיים", "NUM": "265.0", "HEBREW": "מורשה", "ARABIC": "مورَشا", "LATIN": "Morasha", "RAODS": "4/5", "CURRENT": "מחלף", "VAADA": "", "FUTURE": "", "YALKUTPIR": "", "Num_": "" }, "geometry": { "type": "Point", "coordinates": [ 34.85583, 32.12457 ] } },
{ "type": "Feature", "properties": { "OID": "-1", "X": "222387.409993", "Y": "748523.45866", "STATUS": "קיים", "NUM": "266.0", "HEBREW": "מורשת", "ARABIC": "موريشِت", "LATIN": "Moreshet", "RAODS": "781/784", "CURRENT": "צומת", "VAADA": "", "FUTURE": "", "YALKUTPIR": "", "Num_": "" }, "geometry": { "type": "Point", "coordinates": [ 35.23575, 32.83146 ] } },
{ "type": "Feature", "properties": { "OID": "-1", "X": "223155.567586", "Y": "625348.724888", "STATUS": "קיים", "NUM": "267.0", "HEBREW": "מזמור", "ARABIC": "مِزمور", "LATIN": "Mizmor", "RAODS": "398/עוקף מזרחי ירושלים", "CURRENT": "צומת", "VAADA": "14/03/2024 00:00:00", "FUTURE": "", "YALKUTPIR": "12579 - 24/7/2024", "Num_": "" }, "geometry": { "type": "Point", "coordinates": [ 35.24347, 31.7207 ] } },
{ "type": "Feature", "properties": { "OID": "-1", "X": "248034.162079", "Y": "697477.165039", "STATUS": "קיים", "NUM": "268.0", "HEBREW": "מחולה", "ARABIC": "مِحولا", "LATIN": "Mehola", "RAODS": "90/578", "CURRENT": "צומת", "VAADA": "", "FUTURE": "", "YALKUTPIR": "", "Num_": "" }, "geometry": { "type": "Point", "coordinates": [ 35.5081, 32.3708 ] } },
{ "type": "Feature", "properties": { "OID": "-1", "X": "252800.501563", "Y": "766194.475025", "STATUS": "קיים", "NUM": "269.0", "HEBREW": "מחניים", "ARABIC": "محنايم", "LATIN": "Mahanayim", "RAODS": "90/91", "CURRENT": "צומת", "VAADA": "", "FUTURE": "", "YALKUTPIR": "", "Num_": "" }, "geometry": { "type": "Point", "coordinates": [ 35.5612, 32.99029 ] } },
{ "type": "Feature", "properties": { "OID": "-1", "X": "211534.281035", "Y": "713348.507132", "STATUS": "קיים", "NUM": "270.0", "HEBREW": "מי עמי", "ARABIC": "مي عمي", "LATIN": "Me Ami", "RAODS": "65/6515", "CURRENT": "צומת", "VAADA": "", "FUTURE": "", "YALKUTPIR": "", "Num_": "" }, "geometry": { "type": "Point", "coordinates": [ 35.12013, 32.51425 ] } },
{ "type": "Feature", "properties": { "OID": "-1", "X": "245937.271613", "Y": "704270.034584", "STATUS": "קיים", "NUM": "271.0", "HEBREW": "מירב", "ARABIC": "مِراڤ", "LATIN": "Merav", "RAODS": "90/667", "CURRENT": "צומת", "VAADA": "26/09/2019 00:00:00", "FUTURE": "", "YALKUTPIR": "8535 - 20/11/19", "Num_": "" }, "geometry": { "type": "Point", "coordinates": [ 35.48601, 32.4321 ] } },
{ "type": "Feature", "properties": { "OID": "-1", "X": "241771.511275", "Y": "765928.117395", "STATUS": "קיים", "NUM": "272.0", "HEBREW": "מירון", "ARABIC": "ميرون", "LATIN": "Meron", "RAODS": "89/866", "CURRENT": "צומת", "VAADA": "", "FUTURE": "", "YALKUTPIR": "", "Num_": "" }, "geometry": { "type": "Point", "coordinates": [ 35.44319, 32.98816 ] } },
{ "type": "Feature", "properties": { "OID": "-1", "X": "230852.938353", "Y": "634633.482046", "STATUS": "קיים", "NUM": "273.0", "HEBREW": "מישור אדומים", "ARABIC": "ميشور أدوميم", "LATIN": "Mishor Adumim", "RAODS": "1/437", "CURRENT": "צומת מפוצל", "VAADA": "01/03/2023 00:00:00", "FUTURE": "", "YALKUTPIR": "", "Num_": "" }, "geometry": { "type": "Point", "coordinates": [ 35.32479, 31.80438 ] } },
{ "type": "Feature", "properties": { "OID": "-1", "X": "231009.373314", "Y": "634803.530184", "STATUS": "קיים", "NUM": "274.0", "HEBREW": "מישור אדומים", "ARABIC": "ميشور أدوميم", "LATIN": "Mishor Adumim", "RAODS": "1/437", "CURRENT": "צומת מפוצל", "VAADA": "01/03/2023 00:00:00", "FUTURE": "", "YALKUTPIR": "", "Num_": "" }, "geometry": { "type": "Point", "coordinates": [ 35.32645, 31.80592 ] } },
{ "type": "Feature", "properties": { "OID": "-1", "X": "190633.224687", "Y": "579581.05289", "STATUS": "קיים", "NUM": "275.0", "HEBREW": "מיתר", "ARABIC": "ميتار", "LATIN": "Metar", "RAODS": "31/60", "CURRENT": "צומת", "VAADA": "", "FUTURE": "", "YALKUTPIR": "", "Num_": "" }, "geometry": { "type": "Point", "coordinates": [ 34.90167, 31.30758 ] } },
{ "type": "Feature", "properties": { "OID": "-1", "X": "229712.110542", "Y": "644231.611827", "STATUS": "קיים", "NUM": "276.0", "HEBREW": "מכוך", "ARABIC": "مكوك", "LATIN": "Makuk", "RAODS": "457/458", "CURRENT": "צומת", "VAADA": "23/05/2024 00:00:00", "FUTURE": "", "YALKUTPIR": "12572 - 22/07/2024", "Num_": "" }, "geometry": { "type": "Point", "coordinates": [ 35.31285, 31.89095 ] } },
{ "type": "Feature", "properties": { "OID": "-1", "X": "225528.529171", "Y": "642959.892411", "STATUS": "קיים", "NUM": "277.0", "HEBREW": "מכמש", "ARABIC": "مِخماس", "LATIN": "Mikhmas", "RAODS": "60/457", "CURRENT": "צומת", "VAADA": "01/03/2023 00:00:00", "FUTURE": "", "YALKUTPIR": "", "Num_": "" }, "geometry": { "type": "Point", "coordinates": [ 35.26862, 31.87951 ] } },
{ "type": "Feature", "properties": { "OID": "-1", "X": "190130.182853", "Y": "675476.268572", "STATUS": "קיים", "NUM": "278.0", "HEBREW": "מלל", "ARABIC": "ملال", "LATIN": "Malal", "RAODS": "402/531", "CURRENT": "צומת", "VAADA": "", "FUTURE": "", "YALKUTPIR": "", "Num_": "" }, "geometry": { "type": "Point", "coordinates": [ 34.89351, 32.17238 ] } },
{ "type": "Feature", "properties": { "OID": "-1", "X": "177136.790967", "Y": "626768.716343", "STATUS": "קיים", "NUM": "279.0", "HEBREW": "מלאכי", "ARABIC": "ملأخي", "LATIN": "Mal'akhi", "RAODS": "3/40 (דרום)", "CURRENT": "צומת", "VAADA": "", "FUTURE": "", "YALKUTPIR": "", "Num_": "" }, "geometry": { "type": "Point", "coordinates": [ 34.75788, 31.73273 ] } },
{ "type": "Feature", "properties": { "OID": "-1", "X": "198972.051296", "Y": "629821.086637", "STATUS": "קיים", "NUM": "280.0", "HEBREW": "מנוח", "ARABIC": "مَنووَح", "LATIN": "Manoah", "RAODS": "38/3855", "CURRENT": "מחלף", "VAADA": "14/03/2024 00:00:00", "FUTURE": "", "YALKUTPIR": "12579 - 24/7/2024", "Num_": "" }, "geometry": { "type": "Point", "coordinates": [ 34.98822, 31.76086 ] } },
{ "type": "Feature", "properties": { "OID": "-1", "X": "212664.522441", "Y": "467900.403458", "STATUS": "קיים", "NUM": "281.0", "HEBREW": "מנוחה", "ARABIC": "مِنوحا", "LATIN": "Menuha", "RAODS": "13/90", "CURRENT": "צומת", "VAADA": "", "FUTURE": "", "YALKUTPIR": "", "Num_": "" }, "geometry": { "type": "Point", "coordinates": [ 35.13384, 30.30058 ] } },
{ "type": "Feature", "properties": { "OID": "-1", "X": "199672.854843", "Y": "707909.758235", "STATUS": "קיים", "NUM": "282.0", "HEBREW": "מנשה", "ARABIC": "مِنَشي", "LATIN": "Menashe", "RAODS": "65/6403", "CURRENT": "צומת", "VAADA": "", "FUTURE": "", "YALKUTPIR": "", "Num_": "" }, "geometry": { "type": "Point", "coordinates": [ 34.99401, 32.46506 ] } },
{ "type": "Feature", "properties": { "OID": "-1", "X": "184071.784582", "Y": "660599.090376", "STATUS": "קיים", "NUM": "283.0", "HEBREW": "מסובים", "ARABIC": "مِسوبيم", "LATIN": "Mesubim", "RAODS": "4/461", "CURRENT": "מחלף", "VAADA": "", "FUTURE": "", "YALKUTPIR": "", "Num_": "" }, "geometry": { "type": "Point", "coordinates": [ 34.82983, 32.03805 ] } },
{ "type": "Feature", "properties": { "OID": "-1", "X": "270943.816981", "Y": "793154.962174", "STATUS": "קיים", "NUM": "284.0", "HEBREW": "מסעדה", "ARABIC": "مسعدة", "LATIN": "Mas'ada", "RAODS": "98/99", "CURRENT": "צומת", "VAADA": "", "FUTURE": "", "YALKUTPIR": "", "Num_": "" }, "geometry": { "type": "Point", "coordinates": [ 35.75683, 33.23266 ] } },
{ "type": "Feature", "properties": { "OID": "-1", "X": "197620.814171", "Y": "679185.404688", "STATUS": "קיים", "NUM": "285.0", "HEBREW": "מעבר אייל", "ARABIC": "معبر إيال", "LATIN": "Ma'avar Eyal", "RAODS": "444/5504", "CURRENT": "צומת", "VAADA": "14/03/2024 00:00:00", "FUTURE": "", "YALKUTPIR": "12579 - 24/7/2024", "Num_": "" }, "geometry": { "type": "Point", "coordinates": [ 34.97284, 32.206 ] } },
{ "type": "Feature", "properties": { "OID": "-1", "X": "211381.576072", "Y": "706504.784098", "STATUS": "קיים", "NUM": "286.0", "HEBREW": "מעבר ריחן", "ARABIC": "معڨار ريحان", "LATIN": "Ma'avar Rehan", "RAODS": "596/611", "CURRENT": "צומת", "VAADA": "01/03/2023 00:00:00", "FUTURE": "", "YALKUTPIR": "", "Num_": "" }, "geometry": { "type": "Point", "coordinates": [ 35.11856, 32.45254 ] } },
{ "type": "Feature", "properties": { "OID": "-1", "X": "256803.103833", "Y": "734230.107224", "STATUS": "קיים", "NUM": "287.0", "HEBREW": "מעגן", "ARABIC": "معچان", "LATIN": "Ma'agan", "RAODS": "92/98", "CURRENT": "צומת", "VAADA": "", "FUTURE": "", "YALKUTPIR": "", "Num_": "" }, "geometry": { "type": "Point", "coordinates": [ 35.60273, 32.70194 ] } },
{ "type": "Feature", "properties": { "OID": "-1", "X": "146597.069128", "Y": "580444.555068", "STATUS": "קיים", "NUM": "288.0", "HEBREW": "מעון", "ARABIC": "معون", "LATIN": "Ma'on", "RAODS": "232/241", "CURRENT": "צומת", "VAADA": "", "FUTURE": "", "YALKUTPIR": "", "Num_": "" }, "geometry": { "type": "Point", "coordinates": [ 34.43906, 31.31344 ] } },
{ "type": "Feature", "properties": { "OID": "-1", "X": "236082.336183", "Y": "666279.657059", "STATUS": "קיים", "NUM": "289.0", "HEBREW": "מעלה אפרים", "ARABIC": "معلي إفرايم", "LATIN": "Ma'ale Efrayim", "RAODS": "505/508", "CURRENT": "צומת", "VAADA": "", "FUTURE": "", "YALKUTPIR": "", "Num_": "" }, "geometry": { "type": "Point", "coordinates": [ 35.38056, 32.08971 ] } },
{ "type": "Feature", "properties": { "OID": "-1", "X": "262124.698042", "Y": "754266.172233", "STATUS": "קיים", "NUM": "290.0", "HEBREW": "מעלה גמלא", "ARABIC": "معلي چملا", "LATIN": "Ma'ale Gamla", "RAODS": "92/869", "CURRENT": "צומת", "VAADA": "", "FUTURE": "", "YALKUTPIR": "", "Num_": "" }, "geometry": { "type": "Point", "coordinates": [ 35.6604, 32.88241 ] } },
{ "type": "Feature", "properties": { "OID": "-1", "X": "238846.642018", "Y": "754713.454725", "STATUS": "קיים", "NUM": "291.0", "HEBREW": "מראר", "ARABIC": "المغار", "LATIN": "Mughar", "RAODS": "806/807", "CURRENT": "צומת", "VAADA": "", "FUTURE": "", "YALKUTPIR": "", "Num_": "" }, "geometry": { "type": "Point", "coordinates": [ 35.41166, 32.8871 ] } },
{ "type": "Feature", "properties": { "OID": "-1", "X": "158605.762608", "Y": "610864.875089", "STATUS": "קיים", "NUM": "292.0", "HEBREW": "מרדכי", "ARABIC": "مُردِخاي", "LATIN": "Mordekhay", "RAODS": "4/34", "CURRENT": "צומת", "VAADA": "", "FUTURE": "", "YALKUTPIR": "", "Num_": "" }, "geometry": { "type": "Point", "coordinates": [ 34.56333, 31.58847 ] } },
{ "type": "Feature", "properties": { "OID": "-1", "X": "178972.719051", "Y": "546642.556474", "STATUS": "קיים", "NUM": "293.0", "HEBREW": "משאבים", "ARABIC": "مشأبيم", "LATIN": "Mash'abim", "RAODS": "40/222", "CURRENT": "צומת", "VAADA": "", "FUTURE": "", "YALKUTPIR": "", "Num_": "" }, "geometry": { "type": "Point", "coordinates": [ 34.78051, 31.01016 ] } },
{ "type": "Feature", "properties": { "OID": "-1", "X": "224938.822523", "Y": "751860.915978", "STATUS": "קיים", "NUM": "294.0", "HEBREW": "משגב", "ARABIC": "مِسچاڤ", "LATIN": "Misgav", "RAODS": "784/805 (מערבי)", "CURRENT": "צומת", "VAADA": "", "FUTURE": "", "YALKUTPIR": "", "Num_": "" }, "geometry": { "type": "Point", "coordinates": [ 35.26301, 32.86154 ] } },
{ "type": "Feature", "properties": { "OID": "-1", "X": "230580.882434", "Y": "737131.313283", "STATUS": "קיים", "NUM": "295.0", "HEBREW": "משהד", "ARABIC": "المشهد", "LATIN": "Mash'had", "RAODS": "79/754/6400", "CURRENT": "צומת", "VAADA": "", "FUTURE": "", "YALKUTPIR": "", "Num_": "" }, "geometry": { "type": "Point", "coordinates": [ 35.32312, 32.72868 ] } },
{ "type": "Feature", "properties": { "OID": "-1", "X": "201897.899737", "Y": "709300.790028", "STATUS": "קיים", "NUM": "296.0", "HEBREW": "משמר הגבול", "ARABIC": "مِشمار هچڨول", "LATIN": "Mishmar HaGvul", "RAODS": "65/574", "CURRENT": "צומת", "VAADA": "", "FUTURE": "", "YALKUTPIR": "", "Num_": "" }, "geometry": { "type": "Point", "coordinates": [ 35.01765, 32.47764 ] } },
{ "type": "Feature", "properties": { "OID": "-1", "X": "213621.049622", "Y": "724534.735575", "STATUS": "קיים", "NUM": "297.0", "HEBREW": "משמר העמק", "ARABIC": "مِشمار هعيمِك", "LATIN": "MishmarHaEmek", "RAODS": "66/6953", "CURRENT": "צומת", "VAADA": "", "FUTURE": "", "YALKUTPIR": "", "Num_": "" }, "geometry": { "type": "Point", "coordinates": [ 35.14227, 32.61514 ] } },
{ "type": "Feature", "properties": { "OID": "-1", "X": "233701.469928", "Y": "718392.078851", "STATUS": "קיים", "NUM": "298.0", "HEBREW": "נבות", "ARABIC": "نَڤوت", "LATIN": "Navot", "RAODS": "71/675", "CURRENT": "מחלף", "VAADA": "", "FUTURE": "", "YALKUTPIR": "", "Num_": "" }, "geometry": { "type": "Point", "coordinates": [ 35.35612, 32.55967 ] } },
{ "type": "Feature", "properties": { "OID": "-1", "X": "190490.677668", "Y": "568321.968124", "STATUS": "מתוכנן", "NUM": "299.0", "HEBREW": "נבטים", "ARABIC": "نِڤَتيم", "LATIN": "Nevatim", "RAODS": "6/25", "CURRENT": "", "VAADA": "01/03/2023 00:00:00", "FUTURE": "מחלף", "YALKUTPIR": "", "Num_": "" }, "geometry": { "type": "Point", "coordinates": [ 34.9005, 31.20603 ] } },
{ "type": "Feature", "properties": { "OID": "-1", "X": "195569.559362", "Y": "654628.730278", "STATUS": "קיים", "NUM": "300.0", "HEBREW": "נבלט", "ARABIC": "نِڤلات", "LATIN": "Nevalat", "RAODS": "444/453", "CURRENT": "צומת", "VAADA": "", "FUTURE": "", "YALKUTPIR": "", "Num_": "" }, "geometry": { "type": "Point", "coordinates": [ 34.9517, 31.98451 ] } },
{ "type": "Feature", "properties": { "OID": "-1", "X": "171575.224506", "Y": "617169.438588", "STATUS": "קיים", "NUM": "301.0", "HEBREW": "נהורה", "ARABIC": "نِهورا", "LATIN": "Nehora", "RAODS": "35/352", "CURRENT": "צומת", "VAADA": "", "FUTURE": "", "YALKUTPIR": "", "Num_": "" }, "geometry": { "type": "Point", "coordinates": [ 34.69966, 31.64594 ] } },
{ "type": "Feature", "properties": { "OID": "-1", "X": "219770.481288", "Y": "733986.473676", "STATUS": "קיים", "NUM": "302.0", "HEBREW": "נהלל", "ARABIC": "نهلال", "LATIN": "Nahalal", "RAODS": "73/75", "CURRENT": "צומת", "VAADA": "", "FUTURE": "", "YALKUTPIR": "", "Num_": "" }, "geometry": { "type": "Point", "coordinates": [ 35.20779, 32.70038 ] } },
{ "type": "Feature", "properties": { "OID": "-1", "X": "209645.767008", "Y": "767863.196395", "STATUS": "קיים", "NUM": "303.0", "HEBREW": "נהריה", "ARABIC": "نهريا", "LATIN": "Nahariya", "RAODS": "4/8912", "CURRENT": "צומת", "VAADA": "", "FUTURE": "", "YALKUTPIR": "", "Num_": "" }, "geometry": { "type": "Point", "coordinates": [ 35.09946, 33.0058 ] } },
{ "type": "Feature", "properties": { "OID": "-1", "X": "209997.431411", "Y": "768942.071072", "STATUS": "קיים", "NUM": "304.0", "HEBREW": "נהריה צפון", "ARABIC": "نهريا شمال", "LATIN": "Nahariya North", "RAODS": "4/89 (תוואי חדש)", "CURRENT": "צומת", "VAADA": "26/09/2019 00:00:00", "FUTURE": "", "YALKUTPIR": "8535 - 20/11/19", "Num_": "" }, "geometry": { "type": "Point", "coordinates": [ 35.10321, 33.01553 ] } },
{ "type": "Feature", "properties": { "OID": "-1", "X": "196149.302162", "Y": "675365.583202", "STATUS": "קיים", "NUM": "305.0", "HEBREW": "נווה ימין", "ARABIC": "نِڤي يَمين", "LATIN": "Neve Yamin", "RAODS": "55/444", "CURRENT": "צומת מפוצל", "VAADA": "", "FUTURE": "", "YALKUTPIR": "", "Num_": "" }, "geometry": { "type": "Point", "coordinates": [ 34.95733, 32.17153 ] } },
{ "type": "Feature", "properties": { "OID": "-1", "X": "196213.566313", "Y": "675503.162729", "STATUS": "קיים", "NUM": "306.0", "HEBREW": "נווה ימין", "ARABIC": "نِڤي يَمين", "LATIN": "Neve Yamin", "RAODS": "55/444", "CURRENT": "צומת מפוצל", "VAADA": "", "FUTURE": "", "YALKUTPIR": "", "Num_": "" }, "geometry": { "type": "Point", "coordinates": [ 34.95801, 32.17277 ] } },
{ "type": "Feature", "properties": { "OID": "-1", "X": "231566.445667", "Y": "717795.64569", "STATUS": "קיים", "NUM": "307.0", "HEBREW": "נורית", "ARABIC": "نوريت", "LATIN": "Nurit", "RAODS": "667/675", "CURRENT": "צומת", "VAADA": "26/09/2019 00:00:00", "FUTURE": "", "YALKUTPIR": "8535 - 20/11/19", "Num_": "" }, "geometry": { "type": "Point", "coordinates": [ 35.33338, 32.55432 ] } },
{ "type": "Feature", "properties": { "OID": "-1", "X": "190877.364044", "Y": "613243.008291", "STATUS": "קיים", "NUM": "308.0", "HEBREW": "נחושה", "ARABIC": "نِحوشا", "LATIN": "Nehusha", "RAODS": "35/38", "CURRENT": "צומת", "VAADA": "", "FUTURE": "", "YALKUTPIR": "", "Num_": "" }, "geometry": { "type": "Point", "coordinates": [ 34.90326, 31.61118 ] } },
{ "type": "Feature", "properties": { "OID": "-1", "X": "184943.588851", "Y": "634582.116065", "STATUS": "קיים", "NUM": "309.0", "HEBREW": "נחל אלתקה", "ARABIC": "ناحَل إلتِكي", "LATIN": "Nahal Elteke", "RAODS": "3/7", "CURRENT": "צומת", "VAADA": "14/03/2024 00:00:00", "FUTURE": "", "YALKUTPIR": "12579 - 24/7/2024", "Num_": "" }, "geometry": { "type": "Point", "coordinates": [ 34.83998, 31.80346 ] } },
{ "type": "Feature", "properties": { "OID": "-1", "X": "200896.352156", "Y": "694905.043129", "STATUS": "מתוכנן", "NUM": "310.0", "HEBREW": "נחל בחן", "ARABIC": "ناحَل باحَن", "LATIN": "Nahal Bahan", "RAODS": "574/582", "CURRENT": "", "VAADA": "14/03/2024 00:00:00", "FUTURE": "צומת", "YALKUTPIR": "12579 - 24/7/2024", "Num_": "" }, "geometry": { "type": "Point", "coordinates": [ 35.00728, 32.34781 ] } },
{ "type": "Feature", "properties": { "OID": "-1", "X": "200996.721037", "Y": "622797.993171", "STATUS": "מתוכנן", "NUM": "311.0", "HEBREW": "נחל הנתיב", "ARABIC": "ناحَل هنَتيڤ", "LATIN": "Nahal HaNativ", "RAODS": "39/3855", "CURRENT": "", "VAADA": "14/03/2024 00:00:00", "FUTURE": "מחלף", "YALKUTPIR": "-", "Num_": "" }, "geometry": { "type": "Point", "coordinates": [ 35.00973, 31.69755 ] } },
{ "type": "Feature", "properties": { "OID": "-1", "X": "192040.706558", "Y": "707942.733784", "STATUS": "קיים לשדרוג", "NUM": "312.0", "HEBREW": "נחל חדרה", "ARABIC": "ناحَل حدِرا", "LATIN": "Nahal Hadera", "RAODS": "4/65", "CURRENT": "צומת מפוצל", "VAADA": "", "FUTURE": "מחלף", "YALKUTPIR": "", "Num_": "" }, "geometry": { "type": "Point", "coordinates": [ 34.91283, 32.4652 ] } },
{ "type": "Feature", "properties": { "OID": "-1", "X": "192153.439814", "Y": "707911.596196", "STATUS": "קיים לשדרוג", "NUM": "313.0", "HEBREW": "נחל חדרה", "ARABIC": "ناحَل حدِرا", "LATIN": "Nahal Hadera", "RAODS": "4/65", "CURRENT": "צומת מפוצל", "VAADA": "", "FUTURE": "מחלף", "YALKUTPIR": "", "Num_": "" }, "geometry": { "type": "Point", "coordinates": [ 34.91403, 32.46492 ] } },
{ "type": "Feature", "properties": { "OID": "-1", "X": "265931.698255", "Y": "793843.645947", "STATUS": "קיים", "NUM": "314.0", "HEBREW": "נחל סער", "ARABIC": "ناحَل ساعَر", "LATIN": "Nahal Sa'ar", "RAODS": "99/989", "CURRENT": "צומת", "VAADA": "30/05/2019 00:00:00", "FUTURE": "", "YALKUTPIR": "8335 - 11/7/19", "Num_": "" }, "geometry": { "type": "Point", "coordinates": [ 35.70309, 33.23909 ] } },
{ "type": "Feature", "properties": { "OID": "-1", "X": "244600.19465", "Y": "757081.668006", "STATUS": "קיים", "NUM": "315.0", "HEBREW": "נחל עמוד", "ARABIC": "ناحَل عمود", "LATIN": "Nahal Amud", "RAODS": "65/85", "CURRENT": "מחלף", "VAADA": "", "FUTURE": "", "YALKUTPIR": "", "Num_": "" }, "geometry": { "type": "Point", "coordinates": [ 35.47321, 32.90834 ] } },
{ "type": "Feature", "properties": { "OID": "-1", "X": "196638.798773", "Y": "655067.504756", "STATUS": "מתוכנן", "NUM": "316.0", "HEBREW": "נחמיה", "ARABIC": "نِحِميا", "LATIN": "Nehemya", "RAODS": "6/453", "CURRENT": "", "VAADA": "10/04/2022 00:00:00", "FUTURE": "מחלף", "YALKUTPIR": "", "Num_": "" }, "geometry": { "type": "Point", "coordinates": [ 34.963, 31.98849 ] } },
{ "type": "Feature", "properties": { "OID": "-1", "X": "192223.450979", "Y": "635889.530612", "STATUS": "קיים", "NUM": "317.0", "HEBREW": "נחשון", "ARABIC": "نحشون", "LATIN": "Nahshon", "RAODS": "3/44", "CURRENT": "צומת", "VAADA": "", "FUTURE": "", "YALKUTPIR": "", "Num_": "" }, "geometry": { "type": "Point", "coordinates": [ 34.91682, 31.81544 ] } },
{ "type": "Feature", "properties": { "OID": "-1", "X": "194062.9482", "Y": "663900.384", "STATUS": "קיים", "NUM": "318.0", "HEBREW": "נחשונים", "ARABIC": "نحشونيم", "LATIN": "Nahshonim", "RAODS": "6/471", "CURRENT": "מחלף", "VAADA": "", "FUTURE": "", "YALKUTPIR": "", "Num_": "" }, "geometry": { "type": "Point", "coordinates": [ 34.93551, 32.06809 ] } },
{ "type": "Feature", "properties": { "OID": "-1", "X": "204139.906568", "Y": "652703.195729", "STATUS": "קיים", "NUM": "319.0", "HEBREW": "נילי", "ARABIC": "نيلي", "LATIN": "Nili", "RAODS": "446/463", "CURRENT": "צומת", "VAADA": "", "FUTURE": "", "YALKUTPIR": "", "Num_": "" }, "geometry": { "type": "Point", "coordinates": [ 35.04241, 31.96729 ] } },
{ "type": "Feature", "properties": { "OID": "-1", "X": "201398.083358", "Y": "691125.304945", "STATUS": "קיים", "NUM": "320.0", "HEBREW": "ניצני עוז", "ARABIC": "نيتسَني عوز", "LATIN": "Nitsane Oz", "RAODS": "6/57", "CURRENT": "מחלף", "VAADA": "", "FUTURE": "", "YALKUTPIR": "", "Num_": "" }, "geometry": { "type": "Point", "coordinates": [ 35.01268, 32.31374 ] } },
{ "type": "Feature", "properties": { "OID": "-1", "X": "170220.976497", "Y": "637534.086552", "STATUS": "קיים", "NUM": "321.0", "HEBREW": "ניר גלים", "ARABIC": "نير چَليم", "LATIN": "Nir Galim", "RAODS": "41/כניסה לניר גלים", "CURRENT": "צומת", "VAADA": "", "FUTURE": "", "YALKUTPIR": "", "Num_": "" }, "geometry": { "type": "Point", "coordinates": [ 34.68436, 31.82954 ] } },
{ "type": "Feature", "properties": { "OID": "-1", "X": "186565.672141", "Y": "651000.890991", "STATUS": "קיים", "NUM": "322.0", "HEBREW": "ניר צבי", "ARABIC": "نير تسڤي", "LATIN": "Nir Tsvi", "RAODS": "44/4313", "CURRENT": "צומת", "VAADA": "", "FUTURE": "", "YALKUTPIR": "", "Num_": "" }, "geometry": { "type": "Point", "coordinates": [ 34.85655, 31.95157 ] } },
{ "type": "Feature", "properties": { "OID": "-1", "X": "182698.41239", "Y": "649645.925027", "STATUS": "קיים", "NUM": "323.0", "HEBREW": "נס ציונה", "ARABIC": "نيس تسيونا", "LATIN": "Nes Tsiyona", "RAODS": "431/4313", "CURRENT": "מחלף", "VAADA": "", "FUTURE": "", "YALKUTPIR": "", "Num_": "" }, "geometry": { "type": "Point", "coordinates": [ 34.8157, 31.93923 ] } },
{ "type": "Feature", "properties": { "OID": "-1", "X": "252200.264539", "Y": "779882.304717", "STATUS": "קיים", "NUM": "324.0", "HEBREW": "נפתלי", "ARABIC": "نفتلي", "LATIN": "Naftali", "RAODS": "886/899 (מזרחי)", "CURRENT": "צומת", "VAADA": "30/05/2019 00:00:00", "FUTURE": "", "YALKUTPIR": "8335 - 11/7/19", "Num_": "" }, "geometry": { "type": "Point", "coordinates": [ 35.55526, 33.11372 ] } },
{ "type": "Feature", "properties": { "OID": "-1", "X": "228365.793608", "Y": "733260.009191", "STATUS": "קיים", "NUM": "325.0", "HEBREW": "נצרת", "ARABIC": "الناصرة", "LATIN": "Nazareth", "RAODS": "60/75", "CURRENT": "צומת", "VAADA": "", "FUTURE": "", "YALKUTPIR": "", "Num_": "" }, "geometry": { "type": "Point", "coordinates": [ 35.29945, 32.69379 ] } },
{ "type": "Feature", "properties": { "OID": "-1", "X": "227648.268203", "Y": "733202.284249", "STATUS": "קיים", "NUM": "326.0", "HEBREW": "נצרת דרום", "ARABIC": "الناصرة جنوب", "LATIN": "Nazareth South", "RAODS": "75/600", "CURRENT": "צומת", "VAADA": "", "FUTURE": "", "YALKUTPIR": "", "Num_": "" }, "geometry": { "type": "Point", "coordinates": [ 35.2918, 32.69328 ] } },
{ "type": "Feature", "properties": { "OID": "-1", "X": "228996.313757", "Y": "735161.4167", "STATUS": "קיים", "NUM": "327.0", "HEBREW": "נצרת צפון", "ARABIC": "الناصرة شمال", "LATIN": "Nazareth North", "RAODS": "75/700", "CURRENT": "צומת", "VAADA": "", "FUTURE": "", "YALKUTPIR": "", "Num_": "" }, "geometry": { "type": "Point", "coordinates": [ 35.30619, 32.71093 ] } },
{ "type": "Feature", "properties": { "OID": "-1", "X": "202071.657189", "Y": "706352.973631", "STATUS": "קיים", "NUM": "328.0", "HEBREW": "נרבתה", "ARABIC": "نربِتا", "LATIN": "Narbeta", "RAODS": "574/6403", "CURRENT": "צומת", "VAADA": "", "FUTURE": "", "YALKUTPIR": "", "Num_": "" }, "geometry": { "type": "Point", "coordinates": [ 35.01955, 32.45106 ] } },
{ "type": "Feature", "properties": { "OID": "-1", "X": "263267.79354", "Y": "770119.822785", "STATUS": "קיים", "NUM": "329.0", "HEBREW": "נשוט", "ARABIC": "نشوت", "LATIN": "Nashut", "RAODS": "91/9088", "CURRENT": "צומת", "VAADA": "", "FUTURE": "", "YALKUTPIR": "", "Num_": "" }, "geometry": { "type": "Point", "coordinates": [ 35.67337, 33.02531 ] } },
{ "type": "Feature", "properties": { "OID": "-1", "X": "190396.770361", "Y": "646455.173044", "STATUS": "קיים", "NUM": "330.0", "HEBREW": "נשרים", "ARABIC": "نِشريم", "LATIN": "Nesharim", "RAODS": "6/44", "CURRENT": "מחלף", "VAADA": "", "FUTURE": "", "YALKUTPIR": "", "Num_": "" }, "geometry": { "type": "Point", "coordinates": [ 34.89721, 31.91068 ] } },
{ "type": "Feature", "properties": { "OID": "-1", "X": "197980.141743", "Y": "621286.739664", "STATUS": "מתוכנן", "NUM": "331.0", "HEBREW": "נתיב הלה", "ARABIC": "نِتيڤ هلامِد هي", "LATIN": "Netiv HaLamed He", "RAODS": "39/3938", "CURRENT": "", "VAADA": "14/03/2024 00:00:00", "FUTURE": "מחלף", "YALKUTPIR": "12579 - 24/7/2024", "Num_": "" }, "geometry": { "type": "Point", "coordinates": [ 34.97794, 31.68387 ] } },
{ "type": "Feature", "properties": { "OID": "-1", "X": "161966.962422", "Y": "593250.649918", "STATUS": "קיים", "NUM": "332.0", "HEBREW": "נתיבות", "ARABIC": "نِتيڤوت", "LATIN": "Netivot", "RAODS": "25/34", "CURRENT": "צומת", "VAADA": "", "FUTURE": "", "YALKUTPIR": "", "Num_": "" }, "geometry": { "type": "Point", "coordinates": [ 34.59977, 31.4298 ] } },
{ "type": "Feature", "properties": { "OID": "-1", "X": "187747.364229", "Y": "692412.725598", "STATUS": "קיים", "NUM": "333.0", "HEBREW": "נתניה", "ARABIC": "نِتَنيا", "LATIN": "Netanya", "RAODS": "2/57", "CURRENT": "מחלף", "VAADA": "", "FUTURE": "", "YALKUTPIR": "", "Num_": "" }, "geometry": { "type": "Point", "coordinates": [ 34.86768, 32.32504 ] } },
{ "type": "Feature", "properties": { "OID": "-1", "X": "237806.567565", "Y": "770231.531344", "STATUS": "קיים", "NUM": "334.0", "HEBREW": "סאסא", "ARABIC": "ساسا", "LATIN": "Sasa", "RAODS": "89/899 (מערבי)", "CURRENT": "צומת", "VAADA": "30/05/2019 00:00:00", "FUTURE": "", "YALKUTPIR": "8335 - 11/7/19", "Num_": "" }, "geometry": { "type": "Point", "coordinates": [ 35.40086, 33.02704 ] } },
{ "type": "Feature", "properties": { "OID": "-1", "X": "190522.905593", "Y": "667668.040648", "STATUS": "קיים", "NUM": "335.0", "HEBREW": "סגולה", "ARABIC": "سچولا", "LATIN": "Sgula", "RAODS": "40/481", "CURRENT": "צומת", "VAADA": "", "FUTURE": "", "YALKUTPIR": "", "Num_": "" }, "geometry": { "type": "Point", "coordinates": [ 34.89791, 32.10198 ] } },
{ "type": "Feature", "properties": { "OID": "-1", "X": "214065.60213", "Y": "745761.541252", "STATUS": "קיים", "NUM": "336.0", "HEBREW": "סומך", "ARABIC": "سوميخ", "LATIN": "Somekh", "RAODS": "70/79", "CURRENT": "מחלף", "VAADA": "", "FUTURE": "", "YALKUTPIR": "", "Num_": "" }, "geometry": { "type": "Point", "coordinates": [ 35.14688, 32.80654 ] } },
{ "type": "Feature", "properties": { "OID": "-1", "X": "210396.344122", "Y": "587944.243694", "STATUS": "קיים", "NUM": "337.0", "HEBREW": "סוסיה", "ARABIC": "سوسيا", "LATIN": "Susya", "RAODS": "316/317", "CURRENT": "צומת", "VAADA": "", "FUTURE": "", "YALKUTPIR": "", "Num_": "" }, "geometry": { "type": "Point", "coordinates": [ 35.10919, 31.38333 ] } },
{ "type": "Feature", "properties": { "OID": "-1", "X": "184039.120255", "Y": "417279.644876", "STATUS": "קיים", "NUM": "338.0", "HEBREW": "סיירים", "ARABIC": "سيَريم", "LATIN": "Sayarim", "RAODS": "10/12", "CURRENT": "צומת", "VAADA": "", "FUTURE": "", "YALKUTPIR": "", "Num_": "" }, "geometry": { "type": "Point", "coordinates": [ 34.83795, 29.84346 ] } },
{ "type": "Feature", "properties": { "OID": "-1", "X": "155226.431684", "Y": "597726.283262", "STATUS": "קיים", "NUM": "339.0", "HEBREW": "סעד", "ARABIC": "ساعَد", "LATIN": "Sa'ad", "RAODS": "25/232 (מערבי)", "CURRENT": "צומת", "VAADA": "", "FUTURE": "", "YALKUTPIR": "", "Num_": "" }, "geometry": { "type": "Point", "coordinates": [ 34.52859, 31.46981 ] } },
{ "type": "Feature", "properties": { "OID": "-1", "X": "214031.690934", "Y": "771416.06493", "STATUS": "מתוכנן", "NUM": "340.0", "HEBREW": "עבדון", "ARABIC": "عڤدون", "LATIN": "Avdon", "RAODS": "6/70 (צפון)", "CURRENT": "", "VAADA": "10/04/2022 00:00:00", "FUTURE": "מחלף", "YALKUTPIR": "", "Num_": "" }, "geometry": { "type": "Point", "coordinates": [ 35.14637, 33.03786 ] } },
{ "type": "Feature", "properties": { "OID": "-1", "X": "168598.302504", "Y": "631602.890218", "STATUS": "קיים", "NUM": "341.0", "HEBREW": "עד הלום", "ARABIC": "عاد هلوم", "LATIN": "Ad Halom", "RAODS": "4/בגין (אשדוד)", "CURRENT": "מחלף", "VAADA": "", "FUTURE": "", "YALKUTPIR": "", "Num_": "" }, "geometry": { "type": "Point", "coordinates": [ 34.66753, 31.77598 ] } },
{ "type": "Feature", "properties": { "OID": "-1", "X": "196218.868289", "Y": "712974.319585", "STATUS": "קיים", "NUM": "342.0", "HEBREW": "עדה", "ARABIC": "عدا", "LATIN": "Ada", "RAODS": "652/653", "CURRENT": "צומת", "VAADA": "", "FUTURE": "", "YALKUTPIR": "", "Num_": "" }, "geometry": { "type": "Point", "coordinates": [ 34.95715, 32.51066 ] } },
{ "type": "Feature", "properties": { "OID": "-1", "X": "190976.420777", "Y": "670682.220362", "STATUS": "קיים", "NUM": "343.0", "HEBREW": "עדנים", "ARABIC": "عدَنيم", "LATIN": "Adanim", "RAODS": "40/402", "CURRENT": "צומת", "VAADA": "", "FUTURE": "", "YALKUTPIR": "", "Num_": "" }, "geometry": { "type": "Point", "coordinates": [ 34.90262, 32.12917 ] } },
{ "type": "Feature", "properties": { "OID": "-1", "X": "227712.918641", "Y": "729276.270805", "STATUS": "קיים", "NUM": "344.0", "HEBREW": "עדשים", "ARABIC": "عدَشيم", "LATIN": "Adashim", "RAODS": "60/73", "CURRENT": "צומת", "VAADA": "", "FUTURE": "", "YALKUTPIR": "", "Num_": "" }, "geometry": { "type": "Point", "coordinates": [ 35.29245, 32.65788 ] } },
{ "type": "Feature", "properties": { "OID": "-1", "X": "224396.708881", "Y": "651733.605558", "STATUS": "קיים", "NUM": "345.0", "HEBREW": "עופרה", "ARABIC": "عوفرا", "LATIN": "Ofra", "RAODS": "60/449", "CURRENT": "צומת", "VAADA": "", "FUTURE": "", "YALKUTPIR": "", "Num_": "" }, "geometry": { "type": "Point", "coordinates": [ 35.2567, 31.95864 ] } },
{ "type": "Feature", "properties": { "OID": "-1", "X": "203721.663404", "Y": "656948.285132", "STATUS": "קיים", "NUM": "346.0", "HEBREW": "עופרים", "ARABIC": "عوفَريم", "LATIN": "Ofarim", "RAODS": "446/465 (דרומי)", "CURRENT": "צומת", "VAADA": "23/05/2024 00:00:00", "FUTURE": "", "YALKUTPIR": "12572 - 22/07/2024", "Num_": "" }, "geometry": { "type": "Point", "coordinates": [ 35.03792, 32.00557 ] } },
{ "type": "Feature", "properties": { "OID": "-1", "X": "219861.491653", "Y": "640520.110897", "STATUS": "קיים", "NUM": "347.0", "HEBREW": "עטרות", "ARABIC": "عتَروت", "LATIN": "Atarot", "RAODS": "45/50", "CURRENT": "צומת", "VAADA": "01/03/2023 00:00:00", "FUTURE": "", "YALKUTPIR": "", "Num_": "" }, "geometry": { "type": "Point", "coordinates": [ 35.20872, 31.85753 ] } },
{ "type": "Feature", "properties": { "OID": "-1", "X": "180394.085362", "Y": "586803.402245", "STATUS": "קיים", "NUM": "348.0", "HEBREW": "עידן הנגב", "ARABIC": "عيدان هنيچِڤ", "LATIN": "Idan HaNegev", "RAODS": "40/310", "CURRENT": "צומת", "VAADA": "24/05/2018 00:00:00", "FUTURE": "", "YALKUTPIR": "7902 - 5/8/18", "Num_": "" }, "geometry": { "type": "Point", "coordinates": [ 34.79383, 31.37242 ] } },
{ "type": "Feature", "properties": { "OID": "-1", "X": "238669.937052", "Y": "748352.135978", "STATUS": "קיים", "NUM": "349.0", "HEBREW": "עילבון", "ARABIC": "عيلبون", "LATIN": "Aylabun", "RAODS": "65/806", "CURRENT": "צומת", "VAADA": "", "FUTURE": "", "YALKUTPIR": "", "Num_": "" }, "geometry": { "type": "Point", "coordinates": [ 35.40964, 32.82975 ] } },
{ "type": "Feature", "properties": { "OID": "-1", "X": "208904.738961", "Y": "750260.382763", "STATUS": "קיים", "NUM": "350.0", "HEBREW": "עין אפק", "ARABIC": "عين أفيك", "LATIN": "En Afek", "RAODS": "4/79", "CURRENT": "צומת", "VAADA": "", "FUTURE": "", "YALKUTPIR": "", "Num_": "" }, "geometry": { "type": "Point", "coordinates": [ 35.09173, 32.84707 ] } },
{ "type": "Feature", "properties": { "OID": "-1", "X": "208767.158011", "Y": "756647.447485", "STATUS": "קיים", "NUM": "351.0", "HEBREW": "עין המפרץ", "ARABIC": "عين همِفراتس", "LATIN": "En HaMifrats", "RAODS": "4/8510 (דרום)", "CURRENT": "צומת", "VAADA": "", "FUTURE": "", "YALKUTPIR": "", "Num_": "" }, "geometry": { "type": "Point", "coordinates": [ 35.09019, 32.90466 ] } },
{ "type": "Feature", "properties": { "OID": "-1", "X": "179791.714959", "Y": "651215.677333", "STATUS": "קיים", "NUM": "352.0", "HEBREW": "עין הקורא", "ARABIC": "عين هكوري", "LATIN": "En HaKore", "RAODS": "42/431", "CURRENT": "מחלף", "VAADA": "", "FUTURE": "", "YALKUTPIR": "", "Num_": "" }, "geometry": { "type": "Point", "coordinates": [ 34.7849, 31.95329 ] } },
{ "type": "Feature", "properties": { "OID": "-1", "X": "245538.062325", "Y": "766037.947967", "STATUS": "קיים", "NUM": "353.0", "HEBREW": "עין זיתים", "ARABIC": "عين زيتيم", "LATIN": "En Zetim", "RAODS": "89/886", "CURRENT": "צומת", "VAADA": "", "FUTURE": "", "YALKUTPIR": "", "Num_": "" }, "geometry": { "type": "Point", "coordinates": [ 35.48349, 32.98907 ] } },
{ "type": "Feature", "properties": { "OID": "-1", "X": "223679.76422", "Y": "524824.349739", "STATUS": "קיים", "NUM": "354.0", "HEBREW": "עין חצבה", "ARABIC": "عين حتسِڨا", "LATIN": "En Hatseva", "RAODS": "90/227", "CURRENT": "צומת", "VAADA": "", "FUTURE": "", "YALKUTPIR": "", "Num_": "" }, "geometry": { "type": "Point", "coordinates": [ 35.24858, 30.81406 ] } },
{ "type": "Feature", "properties": { "OID": "-1", "X": "204785.583208", "Y": "723997.149262", "STATUS": "קיים", "NUM": "355.0", "HEBREW": "עין תות", "ARABIC": "عين توت", "LATIN": "En Tut", "RAODS": "6/67", "CURRENT": "מחלף", "VAADA": "", "FUTURE": "", "YALKUTPIR": "", "Num_": "" }, "geometry": { "type": "Point", "coordinates": [ 35.04814, 32.61021 ] } },
{ "type": "Feature", "properties": { "OID": "-1", "X": "203484.95577", "Y": "709847.950484", "STATUS": "קיים", "NUM": "356.0", "HEBREW": "עירון", "ARABIC": "عيرون", "LATIN": "Iron", "RAODS": "6/65", "CURRENT": "מחלף", "VAADA": "", "FUTURE": "", "YALKUTPIR": "", "Num_": "" }, "geometry": { "type": "Point", "coordinates": [ 35.03453, 32.4826 ] } },
{ "type": "Feature", "properties": { "OID": "-1", "X": "209399.342229", "Y": "758229.708484", "STATUS": "קיים", "NUM": "357.0", "HEBREW": "עכו מזרח", "ARABIC": "عكا شرق", "LATIN": "Acre East", "RAODS": "4/85", "CURRENT": "צומת", "VAADA": "", "FUTURE": "", "YALKUTPIR": "", "Num_": "" }, "geometry": { "type": "Point", "coordinates": [ 35.09693, 32.91893 ] } },
{ "type": "Feature", "properties": { "OID": "-1", "X": "155755.799835", "Y": "597243.229676", "STATUS": "קיים", "NUM": "358.0", "HEBREW": "עלומים", "ARABIC": "علوميم", "LATIN": "Alumim", "RAODS": "25/232 (מזרחי)", "CURRENT": "צומת", "VAADA": "14/03/2024 00:00:00", "FUTURE": "", "YALKUTPIR": "12579 - 24/7/2024", "Num_": "" }, "geometry": { "type": "Point", "coordinates": [ 34.53419, 31.46548 ] } },
{ "type": "Feature", "properties": { "OID": "-1", "X": "226261.04146", "Y": "636628.368063", "STATUS": "קיים", "NUM": "359.0", "HEBREW": "עלמון", "ARABIC": "علمون", "LATIN": "Almon", "RAODS": "437/4370", "CURRENT": "צומת", "VAADA": "30/05/2019 00:00:00", "FUTURE": "", "YALKUTPIR": "8335 - 11/7/19", "Num_": "" }, "geometry": { "type": "Point", "coordinates": [ 35.27631, 31.82241 ] } },
{ "type": "Feature", "properties": { "OID": "-1", "X": "219255.155304", "Y": "616412.114191", "STATUS": "קיים", "NUM": "360.0", "HEBREW": "עמוס הנביא", "ARABIC": "عموس هَنَڤي", "LATIN": "Amos HaNavi", "RAODS": "356/3157", "CURRENT": "צומת", "VAADA": "01/03/2023 00:00:00", "FUTURE": "", "YALKUTPIR": "", "Num_": "" }, "geometry": { "type": "Point", "coordinates": [ 35.20232, 31.64011 ] } },
{ "type": "Feature", "properties": { "OID": "-1", "X": "251129.957604", "Y": "757691.548585", "STATUS": "קיים", "NUM": "361.0", "HEBREW": "עמיעד", "ARABIC": "عميعاد", "LATIN": "Ami'ad", "RAODS": "85/90", "CURRENT": "צומת", "VAADA": "", "FUTURE": "", "YALKUTPIR": "", "Num_": "" }, "geometry": { "type": "Point", "coordinates": [ 35.54303, 32.91367 ] } },
{ "type": "Feature", "properties": { "OID": "-1", "X": "212675.143685", "Y": "676889.003068", "STATUS": "קיים", "NUM": "362.0", "HEBREW": "עמנואל", "ARABIC": "عِمنوئيل", "LATIN": "Imanu'el", "RAODS": "55/5066", "CURRENT": "צומת", "VAADA": "", "FUTURE": "", "YALKUTPIR": "", "Num_": "" }, "geometry": { "type": "Point", "coordinates": [ 35.13253, 32.18548 ] } },
{ "type": "Feature", "properties": { "OID": "-1", "X": "213728.187953", "Y": "704183.777115", "STATUS": "קיים", "NUM": "363.0", "HEBREW": "עמק דותן", "ARABIC": "عيمِك دوتان", "LATIN": "Emek Dotan", "RAODS": "585/596", "CURRENT": "צומת", "VAADA": "01/03/2023 00:00:00", "FUTURE": "", "YALKUTPIR": "", "Num_": "" }, "geometry": { "type": "Point", "coordinates": [ 35.14354, 32.43162 ] } },
{ "type": "Feature", "properties": { "OID": "-1", "X": "214220.45988", "Y": "765668.840035", "STATUS": "קיים", "NUM": "364.0", "HEBREW": "עמקה", "ARABIC": "عمكا", "LATIN": "Amka", "RAODS": "70/859", "CURRENT": "צומת", "VAADA": "26/09/2019 00:00:00", "FUTURE": "", "YALKUTPIR": "8535 - 20/11/19", "Num_": "" }, "geometry": { "type": "Point", "coordinates": [ 35.14842, 32.98604 ] } },
{ "type": "Feature", "properties": { "OID": "-1", "X": "210116.089475", "Y": "584738.824054", "STATUS": "קיים", "NUM": "365.0", "HEBREW": "עמשא", "ARABIC": "عمسا", "LATIN": "Amasa", "RAODS": "80/316", "CURRENT": "צומת", "VAADA": "01/03/2023 00:00:00", "FUTURE": "", "YALKUTPIR": "", "Num_": "" }, "geometry": { "type": "Point", "coordinates": [ 35.10628, 31.35442 ] } },
{ "type": "Feature", "properties": { "OID": "-1", "X": "194248.289689", "Y": "645243.490431", "STATUS": "קיים", "NUM": "366.0", "HEBREW": "ענבה", "ARABIC": "عنَڤا", "LATIN": "Anava", "RAODS": "1/431", "CURRENT": "צומת", "VAADA": "", "FUTURE": "", "YALKUTPIR": "", "Num_": "" }, "geometry": { "type": "Point", "coordinates": [ 34.93796, 31.89985 ] } },
{ "type": "Feature", "properties": { "OID": "-1", "X": "224485.6981", "Y": "633836.402532", "STATUS": "קיים", "NUM": "367.0", "HEBREW": "ענתות", "ARABIC": "عنَتوت", "LATIN": "Anatot", "RAODS": "1/4370", "CURRENT": "צומת", "VAADA": "", "FUTURE": "", "YALKUTPIR": "", "Num_": "" }, "geometry": { "type": "Point", "coordinates": [ 35.25755, 31.79724 ] } },
{ "type": "Feature", "properties": { "OID": "-1", "X": "224525.404669", "Y": "722759.420843", "STATUS": "מתוכנן", "NUM": "368.0", "HEBREW": "עפולה מערב", "ARABIC": "عفولة غرب", "LATIN": "Afula West", "RAODS": "65/דרך הבנים (עפולה)", "CURRENT": "", "VAADA": "23/05/2024 00:00:00", "FUTURE": "מחלף", "YALKUTPIR": "12572 - 22/07/2024", "Num_": "" }, "geometry": { "type": "Point", "coordinates": [ 35.25844, 32.59913 ] } },
{ "type": "Feature", "properties": { "OID": "-1", "X": "232041.068179", "Y": "727130.541251", "STATUS": "קיים לשדרוג", "NUM": "369.0", "HEBREW": "עפולה עילית", "ARABIC": "عفولة عيليت", "LATIN": "Afula Ilit", "RAODS": "65/עוקף עפולה", "CURRENT": "צומת", "VAADA": "26/09/2019 00:00:00", "FUTURE": "מחלף", "YALKUTPIR": "8535 - 20/11/19", "Num_": "" }, "geometry": { "type": "Point", "coordinates": [ 35.33856, 32.63849 ] } },
{ "type": "Feature", "properties": { "OID": "-1", "X": "227434.638617", "Y": "725409.332903", "STATUS": "קיים", "NUM": "370.0", "HEBREW": "עפולה צפון", "ARABIC": "عفولة شمال", "LATIN": "Afula North", "RAODS": "60/65", "CURRENT": "צומת", "VAADA": "21/11/2018 00:00:00", "FUTURE": "", "YALKUTPIR": "8040 - 17/12/18", "Num_": "" }, "geometry": { "type": "Point", "coordinates": [ 35.28945, 32.62301 ] } },
{ "type": "Feature", "properties": { "OID": "-1", "X": "200135.654038", "Y": "621653.598059", "STATUS": "קיים", "NUM": "371.0", "HEBREW": "עציונה", "ARABIC": "عِتسيونا", "LATIN": "Etsyona", "RAODS": "367/375", "CURRENT": "צומת", "VAADA": "", "FUTURE": "", "YALKUTPIR": "", "Num_": "" }, "geometry": { "type": "Point", "coordinates": [ 35.00067, 31.68722 ] } },
{ "type": "Feature", "properties": { "OID": "-1", "X": "219981.456922", "Y": "573694.736292", "STATUS": "קיים", "NUM": "372.0", "HEBREW": "ערד", "ARABIC": "عراد", "LATIN": "Arad", "RAODS": "31/3199", "CURRENT": "צומת", "VAADA": "", "FUTURE": "", "YALKUTPIR": "", "Num_": "" }, "geometry": { "type": "Point", "coordinates": [ 35.20995, 31.25485 ] } },
{ "type": "Feature", "properties": { "OID": "-1", "X": "198403.24298", "Y": "562025.888189", "STATUS": "קיים", "NUM": "373.0", "HEBREW": "ערערה בנגב", "ARABIC": "عرعرة النقب", "LATIN": "Ar'ara (Negev)", "RAODS": "25/80", "CURRENT": "צומת", "VAADA": "", "FUTURE": "", "YALKUTPIR": "", "Num_": "" }, "geometry": { "type": "Point", "coordinates": [ 34.98366, 31.14942 ] } },
{ "type": "Feature", "properties": { "OID": "-1", "X": "195775.356133", "Y": "735219.448051", "STATUS": "קיים", "NUM": "374.0", "HEBREW": "עתלית", "ARABIC": "عتليت", "LATIN": "Atlit", "RAODS": "2/721", "CURRENT": "מחלף", "VAADA": "", "FUTURE": "", "YALKUTPIR": "", "Num_": "" }, "geometry": { "type": "Point", "coordinates": [ 34.95186, 32.71124 ] } },
{ "type": "Feature", "properties": { "OID": "-1", "X": "186500.851357", "Y": "686736.249737", "STATUS": "קיים", "NUM": "375.0", "HEBREW": "פולג", "ARABIC": "ﭙوليچ", "LATIN": "Poleg", "RAODS": "2/553", "CURRENT": "מחלף", "VAADA": "", "FUTURE": "", "YALKUTPIR": "", "Num_": "" }, "geometry": { "type": "Point", "coordinates": [ 34.85464, 32.27382 ] } },
{ "type": "Feature", "properties": { "OID": "-1", "X": "246684.033638", "Y": "743523.414119", "STATUS": "קיים", "NUM": "376.0", "HEBREW": "פוריה", "ARABIC": "ﭙوريا", "LATIN": "Poriya", "RAODS": "77/768", "CURRENT": "צומת", "VAADA": "", "FUTURE": "", "YALKUTPIR": "", "Num_": "" }, "geometry": { "type": "Point", "coordinates": [ 35.49509, 32.78604 ] } },
{ "type": "Feature", "properties": { "OID": "-1", "X": "188443.370981", "Y": "647520.221944", "STATUS": "קיים", "NUM": "377.0", "HEBREW": "פיקוד העורף", "ARABIC": "پيكود هعورِف", "LATIN": "Pikud HaOref", "RAODS": "40/קלאוזנר (רמלה)", "CURRENT": "צומת", "VAADA": "04/05/2017 00:00:00", "FUTURE": "", "YALKUTPIR": "7902 - 5/8/18", "Num_": "" }, "geometry": { "type": "Point", "coordinates": [ 34.87653, 31.92023 ] } },
{ "type": "Feature", "properties": { "OID": "-1", "X": "192715.463976", "Y": "709634.974223", "STATUS": "קיים", "NUM": "378.0", "HEBREW": "פל ים", "ARABIC": "ﭙال يام", "LATIN": "Pal Yam", "RAODS": "4/651", "CURRENT": "צומת", "VAADA": "", "FUTURE": "", "YALKUTPIR": "", "Num_": "" }, "geometry": { "type": "Point", "coordinates": [ 34.91996, 32.48047 ] } },
{ "type": "Feature", "properties": { "OID": "-1", "X": "177054.446896", "Y": "614923.72724", "STATUS": "קיים", "NUM": "379.0", "HEBREW": "פלוגות", "ARABIC": "ﭙلوچوت", "LATIN": "Plugot", "RAODS": "35/40", "CURRENT": "צומת", "VAADA": "", "FUTURE": "", "YALKUTPIR": "", "Num_": "" }, "geometry": { "type": "Point", "coordinates": [ 34.75752, 31.62591 ] } },
{ "type": "Feature", "properties": { "OID": "-1", "X": "243939.057059", "Y": "661686.87804", "STATUS": "קיים", "NUM": "380.0", "HEBREW": "פצאל", "ARABIC": "پِتسَئيل", "LATIN": "Petsa'el", "RAODS": "90/505", "CURRENT": "צומת", "VAADA": "", "FUTURE": "", "YALKUTPIR": "", "Num_": "" }, "geometry": { "type": "Point", "coordinates": [ 35.46367, 32.04815 ] } },
{ "type": "Feature", "properties": { "OID": "-1", "X": "190847.70971", "Y": "690129.540897", "STATUS": "קיים לשדרוג", "NUM": "381.0", "HEBREW": "פרדסיה", "ARABIC": "پردِسِيا", "LATIN": "Pardesiya", "RAODS": "4/5613", "CURRENT": "צומת", "VAADA": "26/01/2017 00:00:00", "FUTURE": "מחלף", "YALKUTPIR": "7902 - 5/8/18", "Num_": "" }, "geometry": { "type": "Point", "coordinates": [ 34.90068, 32.30454 ] } },
{ "type": "Feature", "properties": { "OID": "-1", "X": "195293.166249", "Y": "722033.031962", "STATUS": "קיים", "NUM": "382.0", "HEBREW": "פרידיס", "ARABIC": "الفريديس", "LATIN": "Furaydis", "RAODS": "4/67", "CURRENT": "צומת", "VAADA": "", "FUTURE": "", "YALKUTPIR": "", "Num_": "" }, "geometry": { "type": "Point", "coordinates": [ 34.94706, 32.59233 ] } },
{ "type": "Feature", "properties": { "OID": "-1", "X": "155319.246426", "Y": "569209.835245", "STATUS": "קיים", "NUM": "383.0", "HEBREW": "צאלים", "ARABIC": "تْسِئِليم", "LATIN": "Tse'elim", "RAODS": "222/234", "CURRENT": "צומת", "VAADA": "", "FUTURE": "", "YALKUTPIR": "", "Num_": "" }, "geometry": { "type": "Point", "coordinates": [ 34.5314, 31.21264 ] } },
{ "type": "Feature", "properties": { "OID": "-1", "X": "208924.656252", "Y": "625576.850938", "STATUS": "קיים", "NUM": "384.0", "HEBREW": "צור הדסה", "ARABIC": "تسور هدسا", "LATIN": "Tsur Hadasa", "RAODS": "375/386", "CURRENT": "צומת", "VAADA": "", "FUTURE": "", "YALKUTPIR": "", "Num_": "" }, "geometry": { "type": "Point", "coordinates": [ 35.09332, 31.72272 ] } },
{ "type": "Feature", "properties": { "OID": "-1", "X": "201808.981688", "Y": "465304.669679", "STATUS": "קיים", "NUM": "385.0", "HEBREW": "ציחור", "ARABIC": "تسيحور", "LATIN": "Tsihor", "RAODS": "13/40", "CURRENT": "צומת", "VAADA": "", "FUTURE": "", "YALKUTPIR": "", "Num_": "" }, "geometry": { "type": "Point", "coordinates": [ 35.02103, 30.27706 ] } },
{ "type": "Feature", "properties": { "OID": "-1", "X": "242974.422885", "Y": "752326.08905", "STATUS": "קיים", "NUM": "386.0", "HEBREW": "צלמון", "ARABIC": "تْسَلمون", "LATIN": "Tsalmon", "RAODS": "65/807", "CURRENT": "צומת", "VAADA": "", "FUTURE": "", "YALKUTPIR": "", "Num_": "" }, "geometry": { "type": "Point", "coordinates": [ 35.45571, 32.86549 ] } },
{ "type": "Feature", "properties": { "OID": "-1", "X": "255282.019459", "Y": "734531.499852", "STATUS": "קיים", "NUM": "387.0", "HEBREW": "צמח", "ARABIC": "تسيمَح", "LATIN": "Tsemah", "RAODS": "90/92", "CURRENT": "צומת", "VAADA": "", "FUTURE": "", "YALKUTPIR": "", "Num_": "" }, "geometry": { "type": "Point", "coordinates": [ 35.58652, 32.70471 ] } },
{ "type": "Feature", "properties": { "OID": "-1", "X": "219065.736708", "Y": "550187.493534", "STATUS": "קיים", "NUM": "388.0", "HEBREW": "צפית", "ARABIC": "تسَفيت", "LATIN": "Tsafit", "RAODS": "25/258", "CURRENT": "צומת", "VAADA": "", "FUTURE": "", "YALKUTPIR": "", "Num_": "" }, "geometry": { "type": "Point", "coordinates": [ 35.20035, 31.04283 ] } },
{ "type": "Feature", "properties": { "OID": "-1", "X": "192243.044263", "Y": "685326.738918", "STATUS": "קיים", "NUM": "389.0", "HEBREW": "קדימה", "ARABIC": "كديما", "LATIN": "Kadima", "RAODS": "553/562", "CURRENT": "צומת", "VAADA": "", "FUTURE": "", "YALKUTPIR": "", "Num_": "" }, "geometry": { "type": "Point", "coordinates": [ 34.91563, 32.26126 ] } },
{ "type": "Feature", "properties": { "OID": "-1", "X": "177760.116727", "Y": "617691.309741", "STATUS": "קיים", "NUM": "390.0", "HEBREW": "קוממיות", "ARABIC": "كومِمِيوت", "LATIN": "Komemiyut", "RAODS": "40/353", "CURRENT": "צומת", "VAADA": "", "FUTURE": "", "YALKUTPIR": "", "Num_": "" }, "geometry": { "type": "Point", "coordinates": [ 34.76484, 31.65089 ] } },
{ "type": "Feature", "properties": { "OID": "-1", "X": "207165.55542", "Y": "433416.418518", "STATUS": "קיים", "NUM": "391.0", "HEBREW": "קטורה", "ARABIC": "كتورا", "LATIN": "Ktura", "RAODS": "40/90", "CURRENT": "צומת", "VAADA": "", "FUTURE": "", "YALKUTPIR": "", "Num_": "" }, "geometry": { "type": "Point", "coordinates": [ 35.07707, 29.98947 ] } },
{ "type": "Feature", "properties": { "OID": "-1", "X": "190827.47332", "Y": "708710.324267", "STATUS": "קיים", "NUM": "392.0", "HEBREW": "קיסריה", "ARABIC": "كيسَريا", "LATIN": "Caesarea", "RAODS": "2/65", "CURRENT": "מחלף", "VAADA": "", "FUTURE": "", "YALKUTPIR": "", "Num_": "" }, "geometry": { "type": "Point", "coordinates": [ 34.8999, 32.47209 ] } },
{ "type": "Feature", "properties": { "OID": "-1", "X": "203631.241861", "Y": "744109.151377", "STATUS": "קיים", "NUM": "393.0", "HEBREW": "קישון", "ARABIC": "كيشون", "LATIN": "Kishon", "RAODS": "4/75", "CURRENT": "מחלף", "VAADA": "", "FUTURE": "", "YALKUTPIR": "", "Num_": "" }, "geometry": { "type": "Point", "coordinates": [ 35.0355, 32.79154 ] } },
{ "type": "Feature", "properties": { "OID": "-1", "X": "198794.752858", "Y": "690963.200032", "STATUS": "קיים", "NUM": "394.0", "HEBREW": "קלנסווה", "ARABIC": "قلنسوة", "LATIN": "Kalansawa", "RAODS": "57/5613", "CURRENT": "צומת", "VAADA": "", "FUTURE": "", "YALKUTPIR": "", "Num_": "" }, "geometry": { "type": "Point", "coordinates": [ 34.98504, 32.31223 ] } },
{ "type": "Feature", "properties": { "OID": "-1", "X": "178340.427093", "Y": "594580.448535", "STATUS": "קיים", "NUM": "395.0", "HEBREW": "קמה", "ARABIC": "كما", "LATIN": "Kama", "RAODS": "6/293", "CURRENT": "מחלף", "VAADA": "", "FUTURE": "", "YALKUTPIR": "", "Num_": "" }, "geometry": { "type": "Point", "coordinates": [ 34.77192, 31.44249 ] } },
{ "type": "Feature", "properties": { "OID": "-1", "X": "194310.383592", "Y": "669213.967709", "STATUS": "קיים", "NUM": "396.0", "HEBREW": "קסם", "ARABIC": "كيسِم", "LATIN": "Kesem", "RAODS": "5/6/444", "CURRENT": "מחלף", "VAADA": "", "FUTURE": "", "YALKUTPIR": "", "Num_": "" }, "geometry": { "type": "Point", "coordinates": [ 34.93799, 32.11601 ] } },
{ "type": "Feature", "properties": { "OID": "-1", "X": "268113.720834", "Y": "765103.077685", "STATUS": "קיים", "NUM": "397.0", "HEBREW": "קצרין", "ARABIC": "كتسرين", "LATIN": "Katsrin", "RAODS": "87/9088", "CURRENT": "צומת", "VAADA": "", "FUTURE": "", "YALKUTPIR": "", "Num_": "" }, "geometry": { "type": "Point", "coordinates": [ 35.72497, 32.97987 ] } },
{ "type": "Feature", "properties": { "OID": "-1", "X": "207100.839416", "Y": "745990.301895", "STATUS": "קיים", "NUM": "398.0", "HEBREW": "קריית אתא דרום", "ARABIC": "كِريات آتا جنوب", "LATIN": "Kiryat Ata South", "RAODS": "22/772", "CURRENT": "מחלף", "VAADA": "", "FUTURE": "", "YALKUTPIR": "", "Num_": "" }, "geometry": { "type": "Point", "coordinates": [ 35.07252, 32.80855 ] } },
{ "type": "Feature", "properties": { "OID": "-1", "X": "208802.101428", "Y": "746686.885129", "STATUS": "קיים", "NUM": "399.0", "HEBREW": "קריית אתא צפון", "ARABIC": "كِريات آتا شمال", "LATIN": "Kiryat Ata North", "RAODS": "22/781", "CURRENT": "מחלף", "VAADA": "", "FUTURE": "", "YALKUTPIR": "", "Num_": "" }, "geometry": { "type": "Point", "coordinates": [ 35.09067, 32.81485 ] } },
{ "type": "Feature", "properties": { "OID": "-1", "X": "209771.573717", "Y": "749932.437554", "STATUS": "קיים", "NUM": "400.0", "HEBREW": "קריית ביאליק", "ARABIC": "كِريات بياليك", "LATIN": "Kiryat Bialik", "RAODS": "22/79", "CURRENT": "מחלף", "VAADA": "", "FUTURE": "", "YALKUTPIR": "", "Num_": "" }, "geometry": { "type": "Point", "coordinates": [ 35.10099, 32.84412 ] } },
{ "type": "Feature", "properties": { "OID": "-1", "X": "209965.524066", "Y": "751743.289932", "STATUS": "קיים", "NUM": "401.0", "HEBREW": "קריית ביאליק צפון", "ARABIC": "كِريات بياليك شمال", "LATIN": "Kiryat Bialik North", "RAODS": "22/שד' חן (קרית ביאליק)", "CURRENT": "מחלף", "VAADA": "23/05/2024 00:00:00", "FUTURE": "", "YALKUTPIR": "12572 - 22/07/2024", "Num_": "" }, "geometry": { "type": "Point", "coordinates": [ 35.10305, 32.86045 ] } },
{ "type": "Feature", "properties": { "OID": "-1", "X": "182319.897352", "Y": "611958.870913", "STATUS": "קיים", "NUM": "402.0", "HEBREW": "קריית גת", "ARABIC": "كِريات چات", "LATIN": "Kiryat Gat", "RAODS": "6/35", "CURRENT": "צומת", "VAADA": "", "FUTURE": "", "YALKUTPIR": "", "Num_": "" }, "geometry": { "type": "Point", "coordinates": [ 34.81313, 31.59935 ] } },
{ "type": "Feature", "properties": { "OID": "-1", "X": "176760.851209", "Y": "611806.980988", "STATUS": "קיים לשדרוג", "NUM": "403.0", "HEBREW": "קריית גת דרום", "ARABIC": "كِريات چات جنوب", "LATIN": "Kiryat Gat South", "RAODS": "40/דרך הדרום (קריית גת)", "CURRENT": "צומת", "VAADA": "01/03/2023 00:00:00", "FUTURE": "מחלף", "YALKUTPIR": "", "Num_": "" }, "geometry": { "type": "Point", "coordinates": [ 34.75456, 31.59779 ] } },
{ "type": "Feature", "properties": { "OID": "-1", "X": "207562.362427", "Y": "746987.18738", "STATUS": "קיים", "NUM": "404.0", "HEBREW": "קריית חיים מזרח", "ARABIC": "كِريات حَييم شرق", "LATIN": "Kiryat Hayim East ", "RAODS": "4/781", "CURRENT": "צומת", "VAADA": "", "FUTURE": "", "YALKUTPIR": "", "Num_": "" }, "geometry": { "type": "Point", "coordinates": [ 35.07743, 32.81754 ] } },
{ "type": "Feature", "properties": { "OID": "-1", "X": "208735.53721", "Y": "634229.516324", "STATUS": "קיים", "NUM": "405.0", "HEBREW": "קריית יערים", "ARABIC": "كِريات يِعَريم", "LATIN": "Kiryat Ye'arim", "RAODS": "1/425", "CURRENT": "מחלף", "VAADA": "10/04/2022 00:00:00", "FUTURE": "", "YALKUTPIR": "", "Num_": "" }, "geometry": { "type": "Point", "coordinates": [ 35.09123, 31.80075 ] } },
{ "type": "Feature", "properties": { "OID": "-1", "X": "179679.243862", "Y": "629851.092032", "STATUS": "קיים", "NUM": "406.0", "HEBREW": "ראם", "ARABIC": "رِئيم", "LATIN": "Re'em", "RAODS": "3/40 (צפון)", "CURRENT": "צומת", "VAADA": "", "FUTURE": "", "YALKUTPIR": "", "Num_": "" }, "geometry": { "type": "Point", "coordinates": [ 34.78458, 31.76062 ] } },
{ "type": "Feature", "properties": { "OID": "-1", "X": "234719.893392", "Y": "759797.071838", "STATUS": "קיים", "NUM": "407.0", "HEBREW": "ראמה", "ARABIC": "الرامة", "LATIN": "Rama", "RAODS": "85/804/864", "CURRENT": "צומת מפוצל", "VAADA": "", "FUTURE": "", "YALKUTPIR": "", "Num_": "" }, "geometry": { "type": "Point", "coordinates": [ 35.36764, 32.933 ] } },
{ "type": "Feature", "properties": { "OID": "-1", "X": "234805.546232", "Y": "759747.186305", "STATUS": "קיים", "NUM": "408.0", "HEBREW": "ראמה", "ARABIC": "الرامة", "LATIN": "Rama", "RAODS": "85/804/864", "CURRENT": "צומת מפוצל", "VAADA": "", "FUTURE": "", "YALKUTPIR": "", "Num_": "" }, "geometry": { "type": "Point", "coordinates": [ 35.36856, 32.93255 ] } },
{ "type": "Feature", "properties": { "OID": "-1", "X": "194263.267328", "Y": "666886.158097", "STATUS": "קיים", "NUM": "409.0", "HEBREW": "ראש העין", "ARABIC": "روش هعايِن", "LATIN": "Rosh HaAyin", "RAODS": "444/483", "CURRENT": "צומת", "VAADA": "", "FUTURE": "", "YALKUTPIR": "", "Num_": "" }, "geometry": { "type": "Point", "coordinates": [ 34.93756, 32.09502 ] } },
{ "type": "Feature", "properties": { "OID": "-1", "X": "251847.991233", "Y": "763717.410727", "STATUS": "קיים", "NUM": "410.0", "HEBREW": "ראש פינה", "ARABIC": "روش پينا", "LATIN": "Rosh Pina", "RAODS": "90/מעלה גיא אוני (ראש פינה)", "CURRENT": "צומת", "VAADA": "", "FUTURE": "", "YALKUTPIR": "", "Num_": "" }, "geometry": { "type": "Point", "coordinates": [ 35.55092, 32.96798 ] } },
{ "type": "Feature", "properties": { "OID": "-1", "X": "178883.040874", "Y": "651761.829816", "STATUS": "קיים", "NUM": "411.0", "HEBREW": "ראשון דרום", "ARABIC": "ريشون جنوب", "LATIN": "Rishon South", "RAODS": "4/43", "CURRENT": "מחלף", "VAADA": "", "FUTURE": "", "YALKUTPIR": "", "Num_": "" }, "geometry": { "type": "Point", "coordinates": [ 34.77526, 31.95818 ] } },
{ "type": "Feature", "properties": { "OID": "-1", "X": "180520.042802", "Y": "653881.882789", "STATUS": "קיים", "NUM": "412.0", "HEBREW": "ראשון לציון", "ARABIC": "ريشون لِتسيون", "LATIN": "Rishon LeTsiyon", "RAODS": "4/ז'בוטינסקי (ראשון לציון)", "CURRENT": "מחלף", "VAADA": "", "FUTURE": "", "YALKUTPIR": "", "Num_": "" }, "geometry": { "type": "Point", "coordinates": [ 34.79249, 31.97736 ] } },
{ "type": "Feature", "properties": { "OID": "-1", "X": "181387.576953", "Y": "650745.977165", "STATUS": "קיים", "NUM": "413.0", "HEBREW": "ראשונים", "ARABIC": "ريشونيم", "LATIN": "Rishonim", "RAODS": "412/431", "CURRENT": "מחלף", "VAADA": "", "FUTURE": "", "YALKUTPIR": "", "Num_": "" }, "geometry": { "type": "Point", "coordinates": [ 34.8018, 31.94911 ] } },
{ "type": "Feature", "properties": { "OID": "-1", "X": "217129.685284", "Y": "631895.465488", "STATUS": "מתוכנן", "NUM": "414.0", "HEBREW": "רבידה", "ARABIC": "رِڤيدا", "LATIN": "Revida", "RAODS": "16/רח' יוסף ויץ (ירושלים)", "CURRENT": "", "VAADA": "30/05/2019 00:00:00", "FUTURE": "מחלף", "YALKUTPIR": "", "Num_": "" }, "geometry": { "type": "Point", "coordinates": [ 35.17988, 31.77975 ] } },
{ "type": "Feature", "properties": { "OID": "-1", "X": "182822.58341", "Y": "676346.072404", "STATUS": "קיים", "NUM": "415.0", "HEBREW": "רבין", "ARABIC": "رَبين", "LATIN": "Rabin", "RAODS": "2/המעפילים  (כפר שמריהו)", "CURRENT": "מחלף", "VAADA": "", "FUTURE": "", "YALKUTPIR": "", "Num_": "" }, "geometry": { "type": "Point", "coordinates": [ 34.816, 32.18001 ] } },
{ "type": "Feature", "properties": { "OID": "-1", "X": "179946.599158", "Y": "590104.535151", "STATUS": "קיים", "NUM": "416.0", "HEBREW": "רהט", "ARABIC": "رهط", "LATIN": "Rahat", "RAODS": "6/40 (דרום)", "CURRENT": "מחלף", "VAADA": "01/03/2023 00:00:00", "FUTURE": "", "YALKUTPIR": "", "Num_": "" }, "geometry": { "type": "Point", "coordinates": [ 34.789, 31.40218 ] } },
{ "type": "Feature", "properties": { "OID": "-1", "X": "208795.66815", "Y": "549520.814108", "STATUS": "קיים", "NUM": "417.0", "HEBREW": "רותם", "ARABIC": "روتِم", "LATIN": "Rotem", "RAODS": "25/206", "CURRENT": "צומת", "VAADA": "", "FUTURE": "", "YALKUTPIR": "", "Num_": "" }, "geometry": { "type": "Point", "coordinates": [ 35.09277, 31.03677 ] } },
{ "type": "Feature", "properties": { "OID": "-1", "X": "184628.14181", "Y": "644111.825709", "STATUS": "קיים", "NUM": "418.0", "HEBREW": "רחובות מזרח", "ARABIC": "رِحوڤوت شرق", "LATIN": "Rehovot East", "RAODS": "40/דרך בגין (רחובות)", "CURRENT": "צומת", "VAADA": "10/04/2022 00:00:00", "FUTURE": "", "YALKUTPIR": "", "Num_": "" }, "geometry": { "type": "Point", "coordinates": [ 34.83631, 31.88939 ] } },
{ "type": "Feature", "properties": { "OID": "-1", "X": "177758.918645", "Y": "645511.848818", "STATUS": "קיים", "NUM": "419.0", "HEBREW": "רחובות מערב", "ARABIC": "رِحوڤوت غرب", "LATIN": "Rehovot West", "RAODS": "42/411", "CURRENT": "צומת", "VAADA": "", "FUTURE": "", "YALKUTPIR": "", "Num_": "" }, "geometry": { "type": "Point", "coordinates": [ 34.76364, 31.90178 ] } },
{ "type": "Feature", "properties": { "OID": "-1", "X": "230200.552928", "Y": "648147.7204", "STATUS": "קיים", "NUM": "420.0", "HEBREW": "רימונים", "ARABIC": "ريمونيم", "LATIN": "Rimonim", "RAODS": "447/458", "CURRENT": "צומת", "VAADA": "01/03/2023 00:00:00", "FUTURE": "", "YALKUTPIR": "", "Num_": "" }, "geometry": { "type": "Point", "coordinates": [ 35.31805, 31.92626 ] } },
{ "type": "Feature", "properties": { "OID": "-1", "X": "211096.862396", "Y": "740281.654078", "STATUS": "מתוכנן", "NUM": "421.0", "HEBREW": "רכסים", "ARABIC": "رِخَسيم", "LATIN": "Rekhasim", "RAODS": "6/762", "CURRENT": "", "VAADA": "07/03/2019 00:00:00", "FUTURE": "מחלף", "YALKUTPIR": "8201 - 15/4/19", "Num_": "" }, "geometry": { "type": "Point", "coordinates": [ 35.11524, 32.75711 ] } },
{ "type": "Feature", "properties": { "OID": "-1", "X": "187185.328439", "Y": "647139.33337", "STATUS": "קיים", "NUM": "422.0", "HEBREW": "רמלה דרום", "ARABIC": "رملة جنوب", "LATIN": "Ramla South", "RAODS": "40/431", "CURRENT": "מחלף", "VAADA": "", "FUTURE": "", "YALKUTPIR": "", "Num_": "" }, "geometry": { "type": "Point", "coordinates": [ 34.86324, 31.91676 ] } },
{ "type": "Feature", "properties": { "OID": "-1", "X": "184789.437235", "Y": "647681.766828", "STATUS": "קיים", "NUM": "423.0", "HEBREW": "רמלה מערב", "ARABIC": "رملة غرب", "LATIN": "Ramla West", "RAODS": "431/כניסה חדשה לרמלה ולבאר יעקב", "CURRENT": "מחלף", "VAADA": "10/04/2022 00:00:00", "FUTURE": "", "YALKUTPIR": "", "Num_": "" }, "geometry": { "type": "Point", "coordinates": [ 34.83789, 31.92158 ] } },
{ "type": "Feature", "properties": { "OID": "-1", "X": "187448.533828", "Y": "649520.939778", "STATUS": "קיים", "NUM": "424.0", "HEBREW": "רמלה צפון", "ARABIC": "رملة شمال", "LATIN": "Ramla North", "RAODS": "44/הרצל (רמלה)", "CURRENT": "צומת", "VAADA": "", "FUTURE": "", "YALKUTPIR": "", "Num_": "" }, "geometry": { "type": "Point", "coordinates": [ 34.86594, 31.93825 ] } },
{ "type": "Feature", "properties": { "OID": "-1", "X": "189175.258349", "Y": "647887.506668", "STATUS": "קיים", "NUM": "425.0", "HEBREW": "רמלוד", "ARABIC": "رملود", "LATIN": "Ramlod", "RAODS": "40/44", "CURRENT": "מחלף", "VAADA": "", "FUTURE": "", "YALKUTPIR": "", "Num_": "" }, "geometry": { "type": "Point", "coordinates": [ 34.88425, 31.92357 ] } },
{ "type": "Feature", "properties": { "OID": "-1", "X": "147905.610957", "Y": "588633.887288", "STATUS": "קיים", "NUM": "426.0", "HEBREW": "רעים", "ARABIC": "رِعيم", "LATIN": "Re'im", "RAODS": "232/234", "CURRENT": "צומת", "VAADA": "", "FUTURE": "", "YALKUTPIR": "", "Num_": "" }, "geometry": { "type": "Point", "coordinates": [ 34.45221, 31.38738 ] } },
{ "type": "Feature", "properties": { "OID": "-1", "X": "189646.681397", "Y": "676044.118634", "STATUS": "קיים", "NUM": "427.0", "HEBREW": "רעננה", "ARABIC": "رعننا", "LATIN": "Ra'anana", "RAODS": "4/402", "CURRENT": "צומת", "VAADA": "", "FUTURE": "", "YALKUTPIR": "", "Num_": "" }, "geometry": { "type": "Point", "coordinates": [ 34.88837, 32.17749 ] } },
{ "type": "Feature", "properties": { "OID": "-1", "X": "189314.913741", "Y": "675482.655115", "STATUS": "קיים", "NUM": "428.0", "HEBREW": "רעננה דרום", "ARABIC": "رعننا جنوب", "LATIN": "Ra'anana South", "RAODS": "4/531", "CURRENT": "מחלף", "VAADA": "", "FUTURE": "", "YALKUTPIR": "", "Num_": "" }, "geometry": { "type": "Point", "coordinates": [ 34.88487, 32.17242 ] } },
{ "type": "Feature", "properties": { "OID": "-1", "X": "248957.013218", "Y": "712476.962386", "STATUS": "קיים", "NUM": "429.0", "HEBREW": "שאן", "ARABIC": "شِآن", "LATIN": "She'an", "RAODS": "71/90", "CURRENT": "צומת מפוצל", "VAADA": "", "FUTURE": "", "YALKUTPIR": "", "Num_": "" }, "geometry": { "type": "Point", "coordinates": [ 35.51837, 32.50603 ] } },
{ "type": "Feature", "properties": { "OID": "-1", "X": "249042.714885", "Y": "712637.018665", "STATUS": "קיים", "NUM": "430.0", "HEBREW": "שאן", "ARABIC": "شِآن", "LATIN": "She'an", "RAODS": "71/90", "CURRENT": "צומת מפוצל", "VAADA": "", "FUTURE": "", "YALKUTPIR": "", "Num_": "" }, "geometry": { "type": "Point", "coordinates": [ 35.51929, 32.50747 ] } },
{ "type": "Feature", "properties": { "OID": "-1", "X": "209151.263529", "Y": "765052.811752", "STATUS": "קיים", "NUM": "431.0", "HEBREW": "שבי ציון", "ARABIC": "شَڤي تسيون", "LATIN": "Shave Tsiyon", "RAODS": "4/859", "CURRENT": "צומת", "VAADA": "30/05/2019 00:00:00", "FUTURE": "", "YALKUTPIR": "8335 - 11/7/19", "Num_": "" }, "geometry": { "type": "Point", "coordinates": [ 35.0942, 32.98045 ] } },
{ "type": "Feature", "properties": { "OID": "-1", "X": "216033.609736", "Y": "685734.215185", "STATUS": "קיים", "NUM": "432.0", "HEBREW": "שבי שומרון", "ARABIC": "شَڤي شومرون", "LATIN": "Shave Shomron", "RAODS": "60/557", "CURRENT": "צומת", "VAADA": "14/03/2024 00:00:00", "FUTURE": "", "YALKUTPIR": "12579 - 24/7/2024", "Num_": "" }, "geometry": { "type": "Point", "coordinates": [ 35.16811, 32.26526 ] } },
{ "type": "Feature", "properties": { "OID": "-1", "X": "174725.678575", "Y": "594554.418601", "STATUS": "קיים", "NUM": "433.0", "HEBREW": "שדה צבי", "ARABIC": "سدي تسڤي", "LATIN": "Sde Tsvi", "RAODS": "293/334", "CURRENT": "צומת", "VAADA": "", "FUTURE": "", "YALKUTPIR": "", "Num_": "" }, "geometry": { "type": "Point", "coordinates": [ 34.7339, 31.44212 ] } },
{ "type": "Feature", "properties": { "OID": "-1", "X": "160253.166984", "Y": "606968.094887", "STATUS": "מתוכנן", "NUM": "434.0", "HEBREW": "שדרות צפון", "ARABIC": "سدِروت شمال", "LATIN": "Sderot North", "RAODS": "34/334", "CURRENT": "", "VAADA": "07/11/2024 00:00:00", "FUTURE": "צומת", "YALKUTPIR": "-", "Num_": "" }, "geometry": { "type": "Point", "coordinates": [ 34.58092, 31.55342 ] } },
{ "type": "Feature", "properties": { "OID": "-1", "X": "189297.841872", "Y": "578545.895296", "STATUS": "קיים", "NUM": "435.0", "HEBREW": "שוקת דרום", "ARABIC": "شوكِت جنوب", "LATIN": "Shoket South", "RAODS": "6/60", "CURRENT": "מחלף", "VAADA": "", "FUTURE": "", "YALKUTPIR": "", "Num_": "" }, "geometry": { "type": "Point", "coordinates": [ 34.88767, 31.29821 ] } },
{ "type": "Feature", "properties": { "OID": "-1", "X": "189713.96765", "Y": "580512.996766", "STATUS": "קיים", "NUM": "436.0", "HEBREW": "שוקת צפון", "ARABIC": "شوكِت شمال", "LATIN": "Shoket North ", "RAODS": "6/31", "CURRENT": "מחלף", "VAADA": "", "FUTURE": "", "YALKUTPIR": "", "Num_": "" }, "geometry": { "type": "Point", "coordinates": [ 34.89199, 31.31596 ] } },
{ "type": "Feature", "properties": { "OID": "-1", "X": "184233.987779", "Y": "634765.158457", "STATUS": "קיים", "NUM": "437.0", "HEBREW": "שורק", "ARABIC": "سوريك", "LATIN": "Sorek", "RAODS": "3/6/7", "CURRENT": "צומת", "VAADA": "", "FUTURE": "", "YALKUTPIR": "", "Num_": "" }, "geometry": { "type": "Point", "coordinates": [ 34.83248, 31.80508 ] } },
{ "type": "Feature", "properties": { "OID": "-1", "X": "207316.342619", "Y": "634188.965873", "STATUS": "קיים", "NUM": "438.0", "HEBREW": "שורש", "ARABIC": "شورِش", "LATIN": "Shoresh", "RAODS": "1/3955", "CURRENT": "מחלף", "VAADA": "", "FUTURE": "", "YALKUTPIR": "", "Num_": "" }, "geometry": { "type": "Point", "coordinates": [ 35.07624, 31.80037 ] } },
{ "type": "Feature", "properties": { "OID": "-1", "X": "263114.232872", "Y": "795152.054355", "STATUS": "קיים", "NUM": "439.0", "HEBREW": "שיאון", "ARABIC": "سيؤون", "LATIN": "Si'on", "RAODS": "99/999", "CURRENT": "צומת", "VAADA": "", "FUTURE": "", "YALKUTPIR": "", "Num_": "" }, "geometry": { "type": "Point", "coordinates": [ 35.67293, 33.25101 ] } },
{ "type": "Feature", "properties": { "OID": "-1", "X": "238833.542327", "Y": "731814.035971", "STATUS": "קיים לשדרוג", "NUM": "440.0", "HEBREW": "שיבלי", "ARABIC": "الشبلي ", "LATIN": "Shibli", "RAODS": "65/767 (דרום)", "CURRENT": "צומת", "VAADA": "26/09/2019 00:00:00", "FUTURE": "מחלף", "YALKUTPIR": "8535 - 20/11/19", "Num_": "" }, "geometry": { "type": "Point", "coordinates": [ 35.41104, 32.68062 ] } },
{ "type": "Feature", "properties": { "OID": "-1", "X": "201136.455387", "Y": "439959.429044", "STATUS": "קיים", "NUM": "441.0", "HEBREW": "שיזפון", "ARABIC": "شيزَفون", "LATIN": "Shizafon", "RAODS": "12/40", "CURRENT": "צומת", "VAADA": "", "FUTURE": "", "YALKUTPIR": "", "Num_": "" }, "geometry": { "type": "Point", "coordinates": [ 35.01448, 30.04842 ] } },
{ "type": "Feature", "properties": { "OID": "-1", "X": "213549.886263", "Y": "617692.63169", "STATUS": "קיים", "NUM": "442.0", "HEBREW": "שיירות עציון", "ARABIC": "شَيروت عِتسيون", "LATIN": "Shayrot Etsyon", "RAODS": "60/3157", "CURRENT": "צומת", "VAADA": "", "FUTURE": "", "YALKUTPIR": "", "Num_": "" }, "geometry": { "type": "Point", "coordinates": [ 35.14217, 31.65164 ] } },
{ "type": "Feature", "properties": { "OID": "-1", "X": "227519.701443", "Y": "661671.440471", "STATUS": "קיים", "NUM": "443.0", "HEBREW": "שילה", "ARABIC": "شيلو", "LATIN": "Shilo", "RAODS": "60/5055", "CURRENT": "צומת", "VAADA": "01/03/2023 00:00:00", "FUTURE": "", "YALKUTPIR": "", "Num_": "" }, "geometry": { "type": "Point", "coordinates": [ 35.28982, 32.04825 ] } },
{ "type": "Feature", "properties": { "OID": "-1", "X": "201739.140634", "Y": "646478.007234", "STATUS": "קיים", "NUM": "444.0", "HEBREW": "שילת", "ARABIC": "شيلات", "LATIN": "Shilat", "RAODS": "443/446/שד' החשמונאים (מודיעין)", "CURRENT": "צומת מפוצל", "VAADA": "", "FUTURE": "", "YALKUTPIR": "", "Num_": "" }, "geometry": { "type": "Point", "coordinates": [ 35.01713, 31.91112 ] } },
{ "type": "Feature", "properties": { "OID": "-1", "X": "201704.005149", "Y": "646615.789427", "STATUS": "קיים", "NUM": "445.0", "HEBREW": "שילת", "ARABIC": "شيلات", "LATIN": "Shilat", "RAODS": "443/446/שד' החשמונאים (מודיעין)", "CURRENT": "צומת מפוצל", "VAADA": "", "FUTURE": "", "YALKUTPIR": "", "Num_": "" }, "geometry": { "type": "Point", "coordinates": [ 35.01675, 31.91236 ] } },
{ "type": "Feature", "properties": { "OID": "-1", "X": "247002.339152", "Y": "709061.864737", "STATUS": "קיים", "NUM": "446.0", "HEBREW": "שלוחות", "ARABIC": "شلوحوت", "LATIN": "Shluhot", "RAODS": "90/669", "CURRENT": "צומת", "VAADA": "26/09/2019 00:00:00", "FUTURE": "", "YALKUTPIR": "8535 - 20/11/19", "Num_": "" }, "geometry": { "type": "Point", "coordinates": [ 35.49747, 32.47529 ] } },
{ "type": "Feature", "properties": { "OID": "-1", "X": "211743.784887", "Y": "775533.124373", "STATUS": "מתוכנן", "NUM": "447.0", "HEBREW": "שלומי", "ARABIC": "شلومي", "LATIN": "Shlomi", "RAODS": "6/899", "CURRENT": "", "VAADA": "22/09/2022 00:00:00", "FUTURE": "מחלף", "YALKUTPIR": "11142 - 27/2/23", "Num_": "" }, "geometry": { "type": "Point", "coordinates": [ 35.12184, 33.07497 ] } },
{ "type": "Feature", "properties": { "OID": "-1", "X": "200372.890273", "Y": "587306.164288", "STATUS": "קיים", "NUM": "448.0", "HEBREW": "שמעה", "ARABIC": "شِمعا", "LATIN": "Shim'a", "RAODS": "60/317", "CURRENT": "צומת", "VAADA": "", "FUTURE": "", "YALKUTPIR": "", "Num_": "" }, "geometry": { "type": "Point", "coordinates": [ 35.00383, 31.37745 ] } },
{ "type": "Feature", "properties": { "OID": "-1", "X": "184293.915284", "Y": "677834.476239", "STATUS": "קיים", "NUM": "449.0", "HEBREW": "שמריהו מזרח", "ARABIC": "شمرياهو شرق", "LATIN": "Shmaryahu East", "RAODS": "20/531", "CURRENT": "מחלף", "VAADA": "", "FUTURE": "", "YALKUTPIR": "", "Num_": "" }, "geometry": { "type": "Point", "coordinates": [ 34.83155, 32.19348 ] } },
{ "type": "Feature", "properties": { "OID": "-1", "X": "208829.265925", "Y": "761892.369463", "STATUS": "קיים", "NUM": "450.0", "HEBREW": "שמרת", "ARABIC": "شُمرات", "LATIN": "Shomrat", "RAODS": "4/8510 (צפון)", "CURRENT": "צומת", "VAADA": "30/05/2019 00:00:00", "FUTURE": "", "YALKUTPIR": "8335 - 11/7/19", "Num_": "" }, "geometry": { "type": "Point", "coordinates": [ 35.09079, 32.95195 ] } },
{ "type": "Feature", "properties": { "OID": "-1", "X": "200627.8647", "Y": "631401.899078", "STATUS": "קיים", "NUM": "451.0", "HEBREW": "שמשון", "ARABIC": "شِمشون", "LATIN": "Shimshon", "RAODS": "38/44", "CURRENT": "מחלף", "VAADA": "", "FUTURE": "", "YALKUTPIR": "", "Num_": "" }, "geometry": { "type": "Point", "coordinates": [ 35.00567, 31.77514 ] } },
{ "type": "Feature", "properties": { "OID": "-1", "X": "200710.865051", "Y": "687358.293198", "STATUS": "קיים", "NUM": "452.0", "HEBREW": "שער אפרים", "ARABIC": "شاعَر إفرايم", "LATIN": "Sha'ar Efrayim", "RAODS": "444/557/5614", "CURRENT": "צומת", "VAADA": "", "FUTURE": "", "YALKUTPIR": "", "Num_": "" }, "geometry": { "type": "Point", "coordinates": [ 35.00546, 32.27976 ] } },
{ "type": "Feature", "properties": { "OID": "-1", "X": "202096.281158", "Y": "636210.703121", "STATUS": "קיים", "NUM": "453.0", "HEBREW": "שער הגיא", "ARABIC": "شاعَر هچاي", "LATIN": "Sha'ar HaGay", "RAODS": "1/38", "CURRENT": "מחלף", "VAADA": "", "FUTURE": "", "YALKUTPIR": "", "Num_": "" }, "geometry": { "type": "Point", "coordinates": [ 35.02109, 31.81853 ] } },
{ "type": "Feature", "properties": { "OID": "-1", "X": "160795.756951", "Y": "601889.77007", "STATUS": "קיים", "NUM": "454.0", "HEBREW": "שער הנגב", "ARABIC": "شاعَر هنيچِڤ", "LATIN": "Sha'ar HaNegev", "RAODS": "34/232", "CURRENT": "צומת", "VAADA": "", "FUTURE": "", "YALKUTPIR": "", "Num_": "" }, "geometry": { "type": "Point", "coordinates": [ 34.58694, 31.50765 ] } },
{ "type": "Feature", "properties": { "OID": "-1", "X": "209481.038205", "Y": "736401.742882", "STATUS": "קיים", "NUM": "455.0", "HEBREW": "שער העמקים", "ARABIC": "شاعَر هعمكيم", "LATIN": "Sha'ar HaAmakim", "RAODS": "6/75", "CURRENT": "צומת", "VAADA": "", "FUTURE": "", "YALKUTPIR": "", "Num_": "" }, "geometry": { "type": "Point", "coordinates": [ 35.09803, 32.72211 ] } },
{ "type": "Feature", "properties": { "OID": "-1", "X": "189807.309895", "Y": "692185.655048", "STATUS": "קיים", "NUM": "456.0", "HEBREW": "שער חפר", "ARABIC": "شاعَر حيفر", "LATIN": "Sha'ar Hefer", "RAODS": "57/5700", "CURRENT": "צומת", "VAADA": "26/01/2017 00:00:00", "FUTURE": "", "YALKUTPIR": "7902 - 5/8/18", "Num_": "" }, "geometry": { "type": "Point", "coordinates": [ 34.88957, 32.32305 ] } },
{ "type": "Feature", "properties": { "OID": "-1", "X": "200147.353881", "Y": "668184.306578", "STATUS": "קיים", "NUM": "457.0", "HEBREW": "שער שומרון", "ARABIC": "شاعَر شومرون", "LATIN": "Sha'ar Shomron", "RAODS": "5/505 (מערב)", "CURRENT": "צומת", "VAADA": "", "FUTURE": "", "YALKUTPIR": "", "Num_": "" }, "geometry": { "type": "Point", "coordinates": [ 34.99986, 32.10684 ] } },
{ "type": "Feature", "properties": { "OID": "-1", "X": "191000.118738", "Y": "663749.482227", "STATUS": "קיים", "NUM": "458.0", "HEBREW": "שעריה", "ARABIC": "شعرِيا", "LATIN": "Sha'ariya", "RAODS": "40/471", "CURRENT": "מחלף", "VAADA": "", "FUTURE": "", "YALKUTPIR": "", "Num_": "" }, "geometry": { "type": "Point", "coordinates": [ 34.90308, 32.06666 ] } },
{ "type": "Feature", "properties": { "OID": "-1", "X": "197184.276688", "Y": "720999.701778", "STATUS": "קיים", "NUM": "459.0", "HEBREW": "שפיה", "ARABIC": "شْفِيا", "LATIN": "Shfeya", "RAODS": "67/652", "CURRENT": "צומת", "VAADA": "", "FUTURE": "", "YALKUTPIR": "", "Num_": "" }, "geometry": { "type": "Point", "coordinates": [ 34.96723, 32.58305 ] } },
{ "type": "Feature", "properties": { "OID": "-1", "X": "184660.05574", "Y": "657222.783161", "STATUS": "קיים", "NUM": "460.0", "HEBREW": "שפירים", "ARABIC": "شپيريم", "LATIN": "Shapirim", "RAODS": "1/412", "CURRENT": "מחלף", "VAADA": "", "FUTURE": "", "YALKUTPIR": "", "Num_": "" }, "geometry": { "type": "Point", "coordinates": [ 34.83617, 32.00762 ] } },
{ "type": "Feature", "properties": { "OID": "-1", "X": "216255.86393", "Y": "744578.252278", "STATUS": "קיים", "NUM": "461.0", "HEBREW": "שפרעם", "ARABIC": "شفاعمرو", "LATIN": "Shfar'am", "RAODS": "79/מחמוד דרוויש (שפרעם)", "CURRENT": "צומת", "VAADA": "", "FUTURE": "", "YALKUTPIR": "", "Num_": "" }, "geometry": { "type": "Point", "coordinates": [ 35.17027, 32.79588 ] } },
{ "type": "Feature", "properties": { "OID": "-1", "X": "183634.130022", "Y": "570471.362518", "STATUS": "קיים", "NUM": "462.0", "HEBREW": "שרה", "ARABIC": "سَرا", "LATIN": "Sara", "RAODS": "25/40", "CURRENT": "מחלף", "VAADA": "", "FUTURE": "", "YALKUTPIR": "", "Num_": "" }, "geometry": { "type": "Point", "coordinates": [ 34.82847, 31.22523 ] } },
{ "type": "Feature", "properties": { "OID": "-1", "X": "194698.058329", "Y": "623314.947397", "STATUS": "קיים", "NUM": "463.0", "HEBREW": "תל עזקה", "ARABIC": "تل عزِكا", "LATIN": "Tel Azeka", "RAODS": "38/383", "CURRENT": "צומת", "VAADA": "", "FUTURE": "", "YALKUTPIR": "", "Num_": "" }, "geometry": { "type": "Point", "coordinates": [ 34.94327, 31.7021 ] } },
{ "type": "Feature", "properties": { "OID": "-1", "X": "211983.032454", "Y": "573611.727595", "STATUS": "קיים", "NUM": "464.0", "HEBREW": "תל ערד", "ARABIC": "تل عراد", "LATIN": "Tel Arad", "RAODS": "31/80", "CURRENT": "צומת", "VAADA": "", "FUTURE": "", "YALKUTPIR": "", "Num_": "" }, "geometry": { "type": "Point", "coordinates": [ 35.12598, 31.25408 ] } },
{ "type": "Feature", "properties": { "OID": "-1", "X": "210280.272587", "Y": "731916.611653", "STATUS": "קיים", "NUM": "465.0", "HEBREW": "תל קשיש", "ARABIC": "تل كَشيش", "LATIN": "Tel Kashish", "RAODS": "6/66/77", "CURRENT": "מחלף", "VAADA": "07/02/2019 00:00:00", "FUTURE": "", "YALKUTPIR": "8126 - 26/2/19", "Num_": "" }, "geometry": { "type": "Point", "coordinates": [ 35.1066, 32.68168 ] } },
{ "type": "Feature", "properties": { "OID": "-1", "X": "224439.579671", "Y": "669106.486495", "STATUS": "קיים", "NUM": "466.0", "HEBREW": "תפוח", "ARABIC": "تپووَح", "LATIN": "Tapuah", "RAODS": "60/505", "CURRENT": "צומת", "VAADA": "", "FUTURE": "", "YALKUTPIR": "", "Num_": "" }, "geometry": { "type": "Point", "coordinates": [ 35.25724, 32.11531 ] } },
{ "type": "Feature", "properties": { "OID": "-1", "X": "226862.196518", "Y": "767842.99544", "STATUS": "קיים", "NUM": "467.0", "HEBREW": "תפן", "ARABIC": "تيفِن", "LATIN": "Tefen", "RAODS": "89/854", "CURRENT": "צומת", "VAADA": "", "FUTURE": "", "YALKUTPIR": "", "Num_": "" }, "geometry": { "type": "Point", "coordinates": [ 35.28369, 33.00563 ] } },
{ "type": "Feature", "properties": { "OID": "-1", "X": "188715.888184", "Y": "669413.679368", "STATUS": "קיים", "NUM": "468.0", "HEBREW": "תקווה", "ARABIC": "تِكڤا", "LATIN": "Tikva", "RAODS": "5/491", "CURRENT": "צומת", "VAADA": "", "FUTURE": "", "YALKUTPIR": "", "Num_": "" }, "geometry": { "type": "Point", "coordinates": [ 34.87871, 32.11767 ] } }
]
}
