verdict,line,operator,type,from,to,ref,excessKm,tripsDay,wasteDayKm,ratio,lat,lng,reason
"ספק","285","ירושלים-רמאללה איחוד","ניווט","צומת הזיתים","שכונת א זעים","","11.631","11","127.9","7.36","31.78351","35.25774","המסלול בין התחנות ארוך פי 7.36 מהדרך הקצרה ברכב (1827 מ', הגעה לכל תחנה מצד הדלת). ייתכן נתיב תח""צ, איסור פנייה או מסוף — לבדיקה."
"ספק","294","תנופה","ניווט","בית דגן/טרומפלדור","צומת עינת לצפון/כביש 444","","11.098","1","11.1","1.57","32.00554","34.83152","המסלול בין התחנות ארוך פי 1.57 מהדרך הקצרה ברכב (19323 מ', הגעה לכל תחנה מצד הדלת). ייתכן נתיב תח""צ, איסור פנייה או מסוף — לבדיקה."
"ספק","231","ירושלים-דרום איחוד","ניווט","באב אל זקאק/דרך בית ג'אלא","הרוזמרין/כביש המנהרות","","6.086","19","115.6","3.03","31.71193","35.19906","המסלול בין התחנות ארוך פי 3.03 מהדרך הקצרה ברכב (2998 מ', הגעה לכל תחנה מצד הדלת). ייתכן נתיב תח""צ, איסור פנייה או מסוף — לבדיקה."
"ספק","90","נתיב אקספרס","ניווט","קניון/הגליל","השבעה/זלמן שז''ר","","5.223","1","5.2","16.7","32.97111","35.50444","המסלול בין התחנות ארוך פי 16.70 מהדרך הקצרה ברכב (333 מ', הגעה לכל תחנה מצד הדלת). ייתכן נתיב תח""צ, איסור פנייה או מסוף — לבדיקה."
"ספק","90","נתיב אקספרס","ניווט","קניון/הגליל","השבעה/זלמן שז''ר","","5.223","1","5.2","16.7","32.97111","35.50444","המסלול בין התחנות ארוך פי 16.70 מהדרך הקצרה ברכב (333 מ', הגעה לכל תחנה מצד הדלת). ייתכן נתיב תח""צ, איסור פנייה או מסוף — לבדיקה."
"אמיתי","20","תנופה","detour","צומת שערי תקווה","מסוף אורנית","17","5.176","7","36.2","2.8","32.11623","35.02488","המסלול מתקדם ואז חוזר 2058 מ' לאחור על צירו (לולאה/הלוך-חזור) בין ""צומת שערי תקווה"" ל-""מסוף אורנית"", בעוד קו 17 עובר ישר — נסיעה כפולה על אותו כביש, עיקוף אמיתי. המדידה מתחילה מתחנת-התקלה, ללא תלות בכיוון-ההגעה הקודם."
"אמיתי","19","תנופה","detour","מחלף ראש העין מזרח","מסוף אורנית","20","5.157","10","51.6","2.25","32.10714","34.96185","סטייה של 5.2 ק""מ במקטע אחד מול קו 20 (יחס פי 2.25) — מסלול עוקף ממשי, עיקוף אמיתי."
"אמיתי","284","תנופה","detour","מחלף ראש העין מזרח","כביש 444/המרץ","291","5.06","4","20.2","2.41","32.10761","34.96207","המסלול מתקדם ואז חוזר 1859 מ' לאחור על צירו (לולאה/הלוך-חזור) בין ""מחלף ראש העין מזרח"" ל-""כביש 444/המרץ"", בעוד קו 291 עובר ישר — נסיעה כפולה על אותו כביש, עיקוף אמיתי. המדידה מתחילה מתחנת-התקלה, ללא תלות בכיוון-ההגעה הקודם."
"ספק","391","תנופה","ניווט","רבי מאיר מפרימישלן/הרב מירב","צומת רבבה","","4.22","6","25.3","1.55","32.16361","35.13863","המסלול בין התחנות ארוך פי 1.55 מהדרך הקצרה ברכב (7732 מ', הגעה לכל תחנה מצד הדלת). ייתכן נתיב תח""צ, איסור פנייה או מסוף — לבדיקה."
"ספק","391","תנופה","ניווט","צומת רבבה","רבי מאיר מפרימישלן/הרב מירב","","4.215","5","21.1","1.55","32.12284","35.12992","המסלול בין התחנות ארוך פי 1.55 מהדרך הקצרה ברכב (7606 מ', הגעה לכל תחנה מצד הדלת). ייתכן נתיב תח""צ, איסור פנייה או מסוף — לבדיקה."
"ספק","31","אלקטרה אפיקים תחבורה","ניווט","גילגל/כניסה","צומת גילגל/כביש 90","","3.528","6","21.2","3.9","31.99934","35.44653","המסלול בין התחנות ארוך פי 3.90 מהדרך הקצרה ברכב (1216 מ', הגעה לכל תחנה מצד הדלת). ייתכן נתיב תח""צ, איסור פנייה או מסוף — לבדיקה."
"אמיתי","832","אגד","detour","מסעף גבע","צומת יזרעאל","853","3.304","1","3.3","1.72","32.55778","35.36643","המסלול מתקדם ואז חוזר 1226 מ' לאחור על צירו (לולאה/הלוך-חזור) בין ""מסעף גבע"" ל-""צומת יזרעאל"", בעוד קו 853 עובר ישר — נסיעה כפולה על אותו כביש, עיקוף אמיתי. המדידה מתחילה מתחנת-התקלה, ללא תלות בכיוון-ההגעה הקודם."
"אמיתי","688","מטרופולין","detour","מחלף מיתר לצפון","לקיה כניסה דרומית","588","2.905","1","2.9","2.38","31.30852","34.9015","המסלול מתקדם ואז חוזר 1265 מ' לאחור על צירו (לולאה/הלוך-חזור) בין ""מחלף מיתר לצפון"" ל-""לקיה כניסה דרומית"", בעוד קו 588 עובר ישר — נסיעה כפולה על אותו כביש, עיקוף אמיתי. המדידה מתחילה מתחנת-התקלה, ללא תלות בכיוון-ההגעה הקודם."
"ספק","15א","קווים","ניווט","אל ענבר/אל שרק","צומת פוריידיס","","2.89","15","43.3","2.6","32.58909","34.95614","המסלול בין התחנות ארוך פי 2.60 מהדרך הקצרה ברכב (1805 מ', הגעה לכל תחנה מצד הדלת). ייתכן נתיב תח""צ, איסור פנייה או מסוף — לבדיקה."
"ספק","59","אגד","ניווט","קניון ראשונים/שדרות נים","אנילביץ'/צייטלין","","2.673","1","2.7","1.54","31.94917","34.80524","המסלול בין התחנות ארוך פי 1.54 מהדרך הקצרה ברכב (4933 מ', הגעה לכל תחנה מצד הדלת). ייתכן נתיב תח""צ, איסור פנייה או מסוף — לבדיקה."
"ספק","98","אגד","ניווט","יהודה לייב יוספזון/יעקב ברמן","דוד אלעזר/ישראל שמיד","","2.666","1","2.7","1.53","31.90505","34.81977","המסלול בין התחנות ארוך פי 1.53 מהדרך הקצרה ברכב (5027 מ', הגעה לכל תחנה מצד הדלת). ייתכן נתיב תח""צ, איסור פנייה או מסוף — לבדיקה."
"ספק","1","מטרופולין","ניווט","מנדס/דרך שיבא","יחזקאל קזז/דרך לוד","","2.516","7","17.6","2.07","32.05091","34.8424","המסלול בין התחנות ארוך פי 2.07 מהדרך הקצרה ברכב (2356 מ', הגעה לכל תחנה מצד הדלת). ייתכן נתיב תח""צ, איסור פנייה או מסוף — לבדיקה."
"ספק","57","דן בדרום","ניווט","צומת להב לצפון","צומת שומריה לצפון/כביש 3257","","2.496","6","15","1.52","31.38386","34.87776","המסלול בין התחנות ארוך פי 1.52 מהדרך הקצרה ברכב (4795 מ', הגעה לכל תחנה מצד הדלת). ייתכן נתיב תח""צ, איסור פנייה או מסוף — לבדיקה."
"ספק","167","נתיב אקספרס","ניווט","הרדוף/יציאה","מרכז/עדי","","2.441","7","17.1","1.88","32.76431","35.17535","המסלול בין התחנות ארוך פי 1.88 מהדרך הקצרה ברכב (2789 מ', הגעה לכל תחנה מצד הדלת). ייתכן נתיב תח""צ, איסור פנייה או מסוף — לבדיקה."
"ספק","309","נסיעות ותיירות","ניווט","הרדוף/יציאה","מרכז/עדי","","2.441","7","17.1","1.88","32.76431","35.17535","המסלול בין התחנות ארוך פי 1.88 מהדרך הקצרה ברכב (2789 מ', הגעה לכל תחנה מצד הדלת). ייתכן נתיב תח""צ, איסור פנייה או מסוף — לבדיקה."
"לא ניתן להשוואה","85","נתיב אקספרס","detour","שפרינצק/קרן היסוד","אצ''ל/צה''ל","88","2.405","1","2.4","4.98","32.95849","35.49424","לא ניתן להשוואה — קו 88 מתחיל/מסיים את מסלולו באחת התחנות (תחנת-קצה), ולכן אינו מסדרון-מעבר תקף: הוא עושה משם קפיצה ישירה קצרה, בעוד הקו הנבדק עשוי לבצע לולאת-שירות לגיטימית באמצע מסלולו. אין בסיס להשוואת מרחקים."
"ספק","74","מטרופולין","ניווט","אלומה/מרכז","קוממיות/3533","","2.312","1","2.3","2.69","31.65121","34.74327","המסלול בין התחנות ארוך פי 2.69 מהדרך הקצרה ברכב (1372 מ', הגעה לכל תחנה מצד הדלת). ייתכן נתיב תח""צ, איסור פנייה או מסוף — לבדיקה."
"ספק","330","אלקטרה אפיקים","ניווט","כנף","נתב''ג טרמינל 3/קומת תח''צ","","2.015","3","6","2.71","31.99883","34.88004","המסלול בין התחנות ארוך פי 2.71 מהדרך הקצרה ברכב (1177 מ', הגעה לכל תחנה מצד הדלת). ייתכן נתיב תח""צ, איסור פנייה או מסוף — לבדיקה."
"ספק","36","מטרופולין","ניווט","צומת משאבי שדה","צומת משאבים","","2.014","1","2","3.73","31.01479","34.78529","המסלול בין התחנות ארוך פי 3.73 מהדרך הקצרה ברכב (739 מ', הגעה לכל תחנה מצד הדלת). ייתכן נתיב תח""צ, איסור פנייה או מסוף — לבדיקה."
"ספק","157","דרך אגד עוטף ירושלים","ניווט","מחלף הראל/שדרות החוצבים","מועצה","","1.962","35","68.7","5.04","31.79774","35.14552","המסלול בין התחנות ארוך פי 5.04 מהדרך הקצרה ברכב (486 מ', הגעה לכל תחנה מצד הדלת). ייתכן נתיב תח""צ, איסור פנייה או מסוף — לבדיקה."
"ספק","159","דרך אגד עוטף ירושלים","ניווט","מחלף הראל/שדרות החוצבים","מועצה","","1.962","3","5.9","5.04","31.79774","35.14552","המסלול בין התחנות ארוך פי 5.04 מהדרך הקצרה ברכב (486 מ', הגעה לכל תחנה מצד הדלת). ייתכן נתיב תח""צ, איסור פנייה או מסוף — לבדיקה."
"ספק","183","תנופה","ניווט","מחלף הראל/שדרות החוצבים","מועצה","","1.962","1","2","5.04","31.79774","35.14552","המסלול בין התחנות ארוך פי 5.04 מהדרך הקצרה ברכב (486 מ', הגעה לכל תחנה מצד הדלת). ייתכן נתיב תח""צ, איסור פנייה או מסוף — לבדיקה."
"ספק","158","דרך אגד עוטף ירושלים","ניווט","מחלף הראל/שדרות החוצבים","מועצה","","1.962","41","80.4","5.04","31.79774","35.14552","המסלול בין התחנות ארוך פי 5.04 מהדרך הקצרה ברכב (486 מ', הגעה לכל תחנה מצד הדלת). ייתכן נתיב תח""צ, איסור פנייה או מסוף — לבדיקה."
"ספק","1","מטרופולין","ניווט","מחנה דורי","עמק האלה/דרך שיבא","","1.916","7","13.4","1.84","32.03618","34.84601","המסלול בין התחנות ארוך פי 1.84 מהדרך הקצרה ברכב (2288 מ', הגעה לכל תחנה מצד הדלת). ייתכן נתיב תח""צ, איסור פנייה או מסוף — לבדיקה."
"ספק","254","ירושלים-אבו-תור-ענאתא איחוד","ניווט","דרך ענתות","מחסום ענאתא/דרך ענתות","","1.868","34","63.5","1.59","31.81613","35.26779","המסלול בין התחנות ארוך פי 1.59 מהדרך הקצרה ברכב (3149 מ', הגעה לכל תחנה מצד הדלת). ייתכן נתיב תח""צ, איסור פנייה או מסוף — לבדיקה."
"ספק","82","אגד","ניווט","בית ספר בית יעקב/אבן גבירול","גאולה/רבי עקיבא","","1.851","1","1.9","1.51","32.80378","35.00778","המסלול בין התחנות ארוך פי 1.51 מהדרך הקצרה ברכב (3608 מ', הגעה לכל תחנה מצד הדלת). ייתכן נתיב תח""צ, איסור פנייה או מסוף — לבדיקה."
"אמיתי","24","אגד","detour","שדרות בן גוריון/הכרכום","שדרות בן גוריון/דרך מנחם בגין","2","1.84","1","1.8","4.49","32.5871","34.95145","המסלול מתקדם ואז חוזר 521 מ' לאחור על צירו (לולאה/הלוך-חזור) בין ""שדרות בן גוריון/הכרכום"" ל-""שדרות בן גוריון/דרך מנחם בגין"", בעוד קו 2 עובר ישר — נסיעה כפולה על אותו כביש, עיקוף אמיתי. המדידה מתחילה מתחנת-התקלה, ללא תלות בכיוון-ההגעה הקודם."
"ספק","794","אקסטרה ירושלים","ניווט","אגרות משה/חזון איש","שד' אשכול/ברלב","","1.798","1","1.8","1.56","31.80829","35.22515","המסלול בין התחנות ארוך פי 1.56 מהדרך הקצרה ברכב (3227 מ', הגעה לכל תחנה מצד הדלת). ייתכן נתיב תח""צ, איסור פנייה או מסוף — לבדיקה."
"לא ניתן להשוואה","92","נתיב אקספרס","detour","אצ''ל/דרך הרב חיים חורי","שפרינצק/קרן היסוד","85","1.757","1","1.8","5.71","32.95846","35.49289","לא ניתן להשוואה — קו 85 מתחיל/מסיים את מסלולו באחת התחנות (תחנת-קצה), ולכן אינו מסדרון-מעבר תקף: הוא עושה משם קפיצה ישירה קצרה, בעוד הקו הנבדק עשוי לבצע לולאת-שירות לגיטימית באמצע מסלולו. אין בסיס להשוואת מרחקים."
"לא ניתן להשוואה","92","נתיב אקספרס","detour","אצ''ל/דרך הרב חיים חורי","שפרינצק/קרן היסוד","85","1.757","1","1.8","5.71","32.95846","35.49289","לא ניתן להשוואה — קו 85 מתחיל/מסיים את מסלולו באחת התחנות (תחנת-קצה), ולכן אינו מסדרון-מעבר תקף: הוא עושה משם קפיצה ישירה קצרה, בעוד הקו הנבדק עשוי לבצע לולאת-שירות לגיטימית באמצע מסלולו. אין בסיס להשוואת מרחקים."
"ספק","688","מטרופולין","ניווט","קופת חולים","מטע זתים","","1.746","2","3.5","3.83","31.32482","34.86372","המסלול בין התחנות ארוך פי 3.83 מהדרך הקצרה ברכב (616 מ', הגעה לכל תחנה מצד הדלת). ייתכן נתיב תח""צ, איסור פנייה או מסוף — לבדיקה."
"ספק","35","נתיב אקספרס","ניווט","מסעף כישור","מסעף דיר אל אסד","","1.72","6","10.3","2.13","32.94944","35.25506","המסלול בין התחנות ארוך פי 2.13 מהדרך הקצרה ברכב (1521 מ', הגעה לכל תחנה מצד הדלת). ייתכן נתיב תח""צ, איסור פנייה או מסוף — לבדיקה."
"ספק","62","קווים","ניווט","סאלם יציאה","מחסום סאלם","","1.707","16","27.3","2.89","32.54163","35.2022","המסלול בין התחנות ארוך פי 2.89 מהדרך הקצרה ברכב (901 מ', הגעה לכל תחנה מצד הדלת). ייתכן נתיב תח""צ, איסור פנייה או מסוף — לבדיקה."
"ספק","185","סופרבוס","ניווט","מחלף אליקים/כביש 672 למערב","מחלף אליקים/כביש 672 למזרח","","1.701","6","10.2","5.01","32.63689","35.06363","המסלול בין התחנות ארוך פי 5.01 מהדרך הקצרה ברכב (424 מ', הגעה לכל תחנה מצד הדלת). ייתכן נתיב תח""צ, איסור פנייה או מסוף — לבדיקה."
"אמיתי","949","אלקטרה אפיקים תחבורה","detour","מסעף מעלה אפרים","צומת מחנה אפיק למערב","161","1.615","11","17.8","2.08","32.06616","35.40033","המסלול מתקדם ואז חוזר 670 מ' לאחור על צירו (לולאה/הלוך-חזור) בין ""מסעף מעלה אפרים"" ל-""צומת מחנה אפיק למערב"", בעוד קו 161 עובר ישר — נסיעה כפולה על אותו כביש, עיקוף אמיתי. המדידה מתחילה מתחנת-התקלה, ללא תלות בכיוון-ההגעה הקודם."
"ספק","977","נתיב אקספרס","ניווט","גני הדר","צה''ל 1","","1.6","4","6.4","5.81","32.96364","35.48782","המסלול בין התחנות ארוך פי 5.81 מהדרך הקצרה ברכב (333 מ', הגעה לכל תחנה מצד הדלת). ייתכן נתיב תח""צ, איסור פנייה או מסוף — לבדיקה."
"ספק","80א","אגד","ניווט","ורדיה/שמשון","הפלמח/הצלפים","","1.583","2","3.2","2.37","32.7944","34.99365","המסלול בין התחנות ארוך פי 2.37 מהדרך הקצרה ברכב (1153 מ', הגעה לכל תחנה מצד הדלת). ייתכן נתיב תח""צ, איסור פנייה או מסוף — לבדיקה."
"ספק","89","אגד","ניווט","ורדיה/שמשון","הפלמח/הצלפים","","1.583","1","1.6","2.37","32.7944","34.99365","המסלול בין התחנות ארוך פי 2.37 מהדרך הקצרה ברכב (1153 מ', הגעה לכל תחנה מצד הדלת). ייתכן נתיב תח""צ, איסור פנייה או מסוף — לבדיקה."
"ספק","19","מטרופולין","ניווט","הדרים/דרך האורנים","הדרים/דום הדקל","","1.518","5","7.6","3.89","32.2101","34.90089","המסלול בין התחנות ארוך פי 3.89 מהדרך הקצרה ברכב (526 מ', הגעה לכל תחנה מצד הדלת). ייתכן נתיב תח""צ, איסור פנייה או מסוף — לבדיקה."
"ספק","19","מטרופולין","ניווט","הדרים/דרך האורנים","הדרים/דום הדקל","","1.518","5","7.6","3.89","32.2101","34.90089","המסלול בין התחנות ארוך פי 3.89 מהדרך הקצרה ברכב (526 מ', הגעה לכל תחנה מצד הדלת). ייתכן נתיב תח""צ, איסור פנייה או מסוף — לבדיקה."
"אמיתי","9","אגד","detour","שדרות רשות שדות תעופה","נתב''ג טרמינל 3/קומת תח''צ","13","1.517","27","41","1.5","31.98924","34.89605","המסלול מתקדם ואז חוזר 527 מ' לאחור על צירו (לולאה/הלוך-חזור) בין ""שדרות רשות שדות תעופה"" ל-""נתב''ג טרמינל 3/קומת תח''צ"", בעוד קו 13 עובר ישר — נסיעה כפולה על אותו כביש, עיקוף אמיתי. המדידה מתחילה מתחנת-התקלה, ללא תלות בכיוון-ההגעה הקודם."
"ספק","62","קווים","ניווט","מחסום סאלם","סאלם כניסה","","1.504","15","22.6","2.34","32.54386","35.20952","המסלול בין התחנות ארוך פי 2.34 מהדרך הקצרה ברכב (1121 מ', הגעה לכל תחנה מצד הדלת). ייתכן נתיב תח""צ, איסור פנייה או מסוף — לבדיקה."
"לא ניתן להשוואה","23","אגד","detour","השמורה/הפנינה","הכובשים/החלוצים","5","1.485","1","1.5","6.09","32.56554","34.94172","לא ניתן להשוואה — קו 5 מתחיל/מסיים את מסלולו באחת התחנות (תחנת-קצה), ולכן אינו מסדרון-מעבר תקף: הוא עושה משם קפיצה ישירה קצרה, בעוד הקו הנבדק עשוי לבצע לולאת-שירות לגיטימית באמצע מסלולו. אין בסיס להשוואת מרחקים."
"ספק","67","מטרופולין","ניווט","בי''ס נווה מדבר","בית פלט/אבו קוידר","","1.478","7","10.3","2.12","31.20352","34.92355","המסלול בין התחנות ארוך פי 2.12 מהדרך הקצרה ברכב (1321 מ', הגעה לכל תחנה מצד הדלת). ייתכן נתיב תח""צ, איסור פנייה או מסוף — לבדיקה."
"ספק","53","אגד","ניווט","השמורה/הפנינה","החלוצים/צור","","1.471","2","2.9","3.39","32.56554","34.94172","המסלול בין התחנות ארוך פי 3.39 מהדרך הקצרה ברכב (616 מ', הגעה לכל תחנה מצד הדלת). ייתכן נתיב תח""צ, איסור פנייה או מסוף — לבדיקה."
"ספק","29","סופרבוס","ניווט","קיבוץ נווה אור","מסעף קיבוץ נווה אור","","1.469","4","5.9","2.78","32.5882","35.55393","המסלול בין התחנות ארוך פי 2.78 מהדרך הקצרה ברכב (828 מ', הגעה לכל תחנה מצד הדלת). ייתכן נתיב תח""צ, איסור פנייה או מסוף — לבדיקה."
"ספק","29","סופרבוס","ניווט","קיבוץ נווה אור","מסעף קיבוץ נווה אור","","1.462","3","4.4","2.77","32.5882","35.55393","המסלול בין התחנות ארוך פי 2.77 מהדרך הקצרה ברכב (828 מ', הגעה לכל תחנה מצד הדלת). ייתכן נתיב תח""צ, איסור פנייה או מסוף — לבדיקה."
"ספק","51","נתיב אקספרס","ניווט","כחל 1","מגרשי ספורט","","1.434","6","8.6","4.63","32.8886","35.51107","המסלול בין התחנות ארוך פי 4.63 מהדרך הקצרה ברכב (395 מ', הגעה לכל תחנה מצד הדלת). ייתכן נתיב תח""צ, איסור פנייה או מסוף — לבדיקה."
"ספק","34","ש.א.מ","ניווט","דליה/כליל החורש","דליה/הגומא","","1.422","39","55.5","3.51","32.72969","35.33081","המסלול בין התחנות ארוך פי 3.51 מהדרך הקצרה ברכב (567 מ', הגעה לכל תחנה מצד הדלת). ייתכן נתיב תח""צ, איסור פנייה או מסוף — לבדיקה."
"אמיתי","90","אגד","detour","רופין/קניאל","רבי עקיבא/ליאון בלום","98","1.406","1","1.4","2.79","32.79944","35.00202","המסלול מתקדם ואז חוזר 151 מ' לאחור על צירו (לולאה/הלוך-חזור) בין ""רופין/קניאל"" ל-""רבי עקיבא/ליאון בלום"", בעוד קו 98 עובר ישר — נסיעה כפולה על אותו כביש, עיקוף אמיתי. המדידה מתחילה מתחנת-התקלה, ללא תלות בכיוון-ההגעה הקודם."
"ספק","6","נסיעות ותיירות","ניווט","אלחריק ד","שכונת המסג'ד","","1.394","21","29.3","1.91","32.89692","35.39417","המסלול בין התחנות ארוך פי 1.91 מהדרך הקצרה ברכב (1540 מ', הגעה לכל תחנה מצד הדלת). ייתכן נתיב תח""צ, איסור פנייה או מסוף — לבדיקה."
"ספק","340","אלקטרה אפיקים","ניווט","העולים/3922","יצחק רבין/מנחם בגין","","1.371","13","17.8","1.94","31.79417","34.74397","המסלול בין התחנות ארוך פי 1.94 מהדרך הקצרה ברכב (1457 מ', הגעה לכל תחנה מצד הדלת). ייתכן נתיב תח""צ, איסור פנייה או מסוף — לבדיקה."
"ספק","38א","אלקטרה אפיקים","ניווט","העולים/3922","יצחק רבין/מנחם בגין","","1.371","4","5.5","1.94","31.79417","34.74397","המסלול בין התחנות ארוך פי 1.94 מהדרך הקצרה ברכב (1457 מ', הגעה לכל תחנה מצד הדלת). ייתכן נתיב תח""צ, איסור פנייה או מסוף — לבדיקה."
"ספק","336","אלקטרה אפיקים","ניווט","העולים/3922","יצחק רבין/מנחם בגין","","1.37","4","5.5","1.94","31.79417","34.74397","המסלול בין התחנות ארוך פי 1.94 מהדרך הקצרה ברכב (1457 מ', הגעה לכל תחנה מצד הדלת). ייתכן נתיב תח""צ, איסור פנייה או מסוף — לבדיקה."
"ספק","37","אלקטרה אפיקים","ניווט","העולים/3922","יצחק רבין/מנחם בגין","","1.37","28","38.4","1.94","31.79417","34.74397","המסלול בין התחנות ארוך פי 1.94 מהדרך הקצרה ברכב (1457 מ', הגעה לכל תחנה מצד הדלת). ייתכן נתיב תח""צ, איסור פנייה או מסוף — לבדיקה."
"ספק","27","אלקטרה אפיקים","ניווט","העולים/3922","יצחק רבין/מנחם בגין","","1.37","17","23.3","1.94","31.79417","34.74397","המסלול בין התחנות ארוך פי 1.94 מהדרך הקצרה ברכב (1457 מ', הגעה לכל תחנה מצד הדלת). ייתכן נתיב תח""צ, איסור פנייה או מסוף — לבדיקה."
"ספק","45","נתיב אקספרס","ניווט","עלמה 1","עלמה 2","","1.363","9","12.3","3.55","33.05377","35.49349","המסלול בין התחנות ארוך פי 3.55 מהדרך הקצרה ברכב (534 מ', הגעה לכל תחנה מצד הדלת). ייתכן נתיב תח""צ, איסור פנייה או מסוף — לבדיקה."
"ספק","92","אגד","ניווט","ורדיה/שמשון","דרך אריק שרון","","1.329","1","1.3","1.96","32.7944","34.99365","המסלול בין התחנות ארוך פי 1.96 מהדרך הקצרה ברכב (1390 מ', הגעה לכל תחנה מצד הדלת). ייתכן נתיב תח""צ, איסור פנייה או מסוף — לבדיקה."
"ספק","49","סופרבוס","ניווט","מיטב ג","פרזון א","","1.317","4","5.3","2.15","32.54601","35.30208","המסלול בין התחנות ארוך פי 2.15 מהדרך הקצרה ברכב (1147 מ', הגעה לכל תחנה מצד הדלת). ייתכן נתיב תח""צ, איסור פנייה או מסוף — לבדיקה."
"ספק","49","סופרבוס","ניווט","מיטב ב","פרזון א","","1.315","5","6.6","1.9","32.54507","35.30011","המסלול בין התחנות ארוך פי 1.90 מהדרך הקצרה ברכב (1465 מ', הגעה לכל תחנה מצד הדלת). ייתכן נתיב תח""צ, איסור פנייה או מסוף — לבדיקה."
"ספק","90","אגד","ניווט","העצמאות/בית וגן","עצמאות/בית וגן","","1.307","2","2.6","2.89","32.79879","35.1025","המסלול בין התחנות ארוך פי 2.89 מהדרך הקצרה ברכב (693 מ', הגעה לכל תחנה מצד הדלת). ייתכן נתיב תח""צ, איסור פנייה או מסוף — לבדיקה."
"ספק","72","נסיעות ותיירות","ניווט","בי''ס מקיף א","מגאר א'/כניסה דרומית","","1.296","3","3.9","1.61","32.88077","35.4211","המסלול בין התחנות ארוך פי 1.61 מהדרך הקצרה ברכב (2135 מ', הגעה לכל תחנה מצד הדלת). ייתכן נתיב תח""צ, איסור פנייה או מסוף — לבדיקה."
"ספק","19","סופרבוס","ניווט","קיבוץ רשפים","קיבוץ שלוחות","","1.288","7","9","1.76","32.48343","35.47822","המסלול בין התחנות ארוך פי 1.76 מהדרך הקצרה ברכב (1690 מ', הגעה לכל תחנה מצד הדלת). ייתכן נתיב תח""צ, איסור פנייה או מסוף — לבדיקה."
"ספק","84א","אלקטרה אפיקים","ניווט","צרכניה","המבואות/האורנים","","1.269","6","7.6","5.57","32.04359","34.92748","המסלול בין התחנות ארוך פי 5.57 מהדרך הקצרה ברכב (278 מ', הגעה לכל תחנה מצד הדלת). ייתכן נתיב תח""צ, איסור פנייה או מסוף — לבדיקה."
"ספק","36","ש.א.מ","ניווט","דליה/כליל החורש","דליה/הגומא","","1.243","30","37.3","3.19","32.72969","35.33081","המסלול בין התחנות ארוך פי 3.19 מהדרך הקצרה ברכב (567 מ', הגעה לכל תחנה מצד הדלת). ייתכן נתיב תח""צ, איסור פנייה או מסוף — לבדיקה."
"אמיתי","18","מועצה אזורית גולן","detour","אזור תעשייה בני יהודה","מסעף א.ת. בני יהודה","24","1.242","4","5","1.92","32.80163","35.71606","המסלול מתקדם ואז חוזר 238 מ' לאחור על צירו (לולאה/הלוך-חזור) בין ""אזור תעשייה בני יהודה"" ל-""מסעף א.ת. בני יהודה"", בעוד קו 24 עובר ישר — נסיעה כפולה על אותו כביש, עיקוף אמיתי. המדידה מתחילה מתחנת-התקלה, ללא תלות בכיוון-ההגעה הקודם."
"ספק","81א","אגד","ניווט","הר סיני/סעדיה גאון","רבי יהודה הנשיא/הרב חיים דוד הלוי","","1.228","1","1.2","2.09","31.94604","34.82745","המסלול בין התחנות ארוך פי 2.09 מהדרך הקצרה ברכב (1131 מ', הגעה לכל תחנה מצד הדלת). ייתכן נתיב תח""צ, איסור פנייה או מסוף — לבדיקה."
"ספק","205","מטרופולין","ניווט","מסוף יהוד/הורדה","וייצמן / צבי ישי","","1.227","40","49.1","2.62","32.02721","34.89129","המסלול בין התחנות ארוך פי 2.62 מהדרך הקצרה ברכב (757 מ', הגעה לכל תחנה מצד הדלת). ייתכן נתיב תח""צ, איסור פנייה או מסוף — לבדיקה."
"אמיתי","140","מטרופולין","detour","אשלים מרכז","צומת אשלים","44","1.211","2","2.4","2.42","30.9633","34.70088","המסלול מתקדם ואז חוזר 576 מ' לאחור על צירו (לולאה/הלוך-חזור) בין ""אשלים מרכז"" ל-""צומת אשלים"", בעוד קו 44 עובר ישר — נסיעה כפולה על אותו כביש, עיקוף אמיתי. המדידה מתחילה מתחנת-התקלה, ללא תלות בכיוון-ההגעה הקודם."
"ספק","34","קווים","ניווט","אביעזר/מרכז ב","אביעזר/מרכז ג","","1.208","7","8.5","3.5","31.68291","35.01679","המסלול בין התחנות ארוך פי 3.50 מהדרך הקצרה ברכב (484 מ', הגעה לכל תחנה מצד הדלת). ייתכן נתיב תח""צ, איסור פנייה או מסוף — לבדיקה."
"ספק","19","סופרבוס","ניווט","קיבוץ שלוחות","קיבוץ רשפים","","1.2","6","7.2","1.65","32.47151","35.48101","המסלול בין התחנות ארוך פי 1.65 מהדרך הקצרה ברכב (1835 מ', הגעה לכל תחנה מצד הדלת). ייתכן נתיב תח""צ, איסור פנייה או מסוף — לבדיקה."
"ספק","84","אלקטרה אפיקים","ניווט","צרכניה","המבואות/האורנים","","1.194","6","7.2","5.3","32.04359","34.92748","המסלול בין התחנות ארוך פי 5.30 מהדרך הקצרה ברכב (278 מ', הגעה לכל תחנה מצד הדלת). ייתכן נתיב תח""צ, איסור פנייה או מסוף — לבדיקה."
"ספק","84","אלקטרה אפיקים","ניווט","צרכניה","המבואות/האורנים","","1.194","7","8.4","5.3","32.04359","34.92748","המסלול בין התחנות ארוך פי 5.30 מהדרך הקצרה ברכב (278 מ', הגעה לכל תחנה מצד הדלת). ייתכן נתיב תח""צ, איסור פנייה או מסוף — לבדיקה."
"ספק","84א","אלקטרה אפיקים","ניווט","צרכניה","המבואות/האורנים","","1.194","6","7.2","5.3","32.04359","34.92748","המסלול בין התחנות ארוך פי 5.30 מהדרך הקצרה ברכב (278 מ', הגעה לכל תחנה מצד הדלת). ייתכן נתיב תח""צ, איסור פנייה או מסוף — לבדיקה."
"ספק","12","ש.א.מ","ניווט","המוביל/הסדנא","המרכבה 8","","1.186","6","7.1","2.87","32.7552","35.32101","המסלול בין התחנות ארוך פי 2.87 מהדרך הקצרה ברכב (634 מ', הגעה לכל תחנה מצד הדלת). ייתכן נתיב תח""צ, איסור פנייה או מסוף — לבדיקה."
"אמיתי","62","אגד","detour","הכובשים/החלוצים","הכובשים/החיטה","5","1.183","1","1.2","2.83","32.56627","34.94461","הקו סוטה הצידה עד 540 מ' מהקו הישר (מול ~10 מ' בקו 5) — בליטה ייחודית, עיקוף אמיתי."
"ספק","21","דן בדרום","ניווט","עוצם א","צומת עוצם","","1.17","6","7","3.47","31.6351","34.70074","המסלול בין התחנות ארוך פי 3.47 מהדרך הקצרה ברכב (473 מ', הגעה לכל תחנה מצד הדלת). ייתכן נתיב תח""צ, איסור פנייה או מסוף — לבדיקה."
"ספק","21","דן בדרום","ניווט","עוצם א","צומת נוגה","","1.164","6","7","1.79","31.6351","34.70074","המסלול בין התחנות ארוך פי 1.79 מהדרך הקצרה ברכב (1477 מ', הגעה לכל תחנה מצד הדלת). ייתכן נתיב תח""צ, איסור פנייה או מסוף — לבדיקה."
"ספק","52","נתיב אקספרס","ניווט","תיכון עמל","קאנטרי הגליל","","1.16","13","15.1","6.55","32.97119","35.29905","המסלול בין התחנות ארוך פי 6.55 מהדרך הקצרה ברכב (209 מ', הגעה לכל תחנה מצד הדלת). ייתכן נתיב תח""צ, איסור פנייה או מסוף — לבדיקה."
"ספק","2","נתיב אקספרס","ניווט","אשכולות /אתרוג","מצדה/חרמון","","1.158","19","22","1.73","33.00584","35.27707","המסלול בין התחנות ארוך פי 1.73 מהדרך הקצרה ברכב (1593 מ', הגעה לכל תחנה מצד הדלת). ייתכן נתיב תח""צ, איסור פנייה או מסוף — לבדיקה."
"ספק","2","נתיב אקספרס","ניווט","אשכולות /אתרוג","מצדה/חרמון","","1.158","3","3.5","1.73","33.00584","35.27707","המסלול בין התחנות ארוך פי 1.73 מהדרך הקצרה ברכב (1593 מ', הגעה לכל תחנה מצד הדלת). ייתכן נתיב תח""צ, איסור פנייה או מסוף — לבדיקה."
"ספק","265","נתיב אקספרס","ניווט","אצטדיון/כביש 781","צומת אעבלין מזרח","","1.143","9","10.3","1.52","32.8279","35.20092","המסלול בין התחנות ארוך פי 1.52 מהדרך הקצרה ברכב (2182 מ', הגעה לכל תחנה מצד הדלת). ייתכן נתיב תח""צ, איסור פנייה או מסוף — לבדיקה."
"ספק","100","אגד","ניווט","חונים נוסעים ראשון לציון/יוסף טומי לפיד","סופרלנד/שדרות מינסטר","","1.116","76","84.8","1.71","31.97301","34.75257","המסלול בין התחנות ארוך פי 1.71 מהדרך הקצרה ברכב (1573 מ', הגעה לכל תחנה מצד הדלת). ייתכן נתיב תח""צ, איסור פנייה או מסוף — לבדיקה."
"ספק","236","אגד","ניווט","גרנד קניון/שמחה גולן","בית ספר בית יעקב/אבן גבירול","","1.105","10","11","1.57","32.7892","35.00806","המסלול בין התחנות ארוך פי 1.57 מהדרך הקצרה ברכב (1953 מ', הגעה לכל תחנה מצד הדלת). ייתכן נתיב תח""צ, איסור פנייה או מסוף — לבדיקה."
"אמיתי","36","מטרופולין","detour","צומת משאבים","קיבוץ משאבי שדה","45","1.1","1","1.1","1.54","31.01056","34.78095","סטייה של 1.1 ק""מ במקטע אחד מול קו 45 (יחס פי 1.54) — מסלול עוקף ממשי, עיקוף אמיתי."
"ספק","136","אגד","ניווט","גרנד קניון/שמחה גולן","גרנד קניון/רופין","","1.099","46","50.5","3.16","32.7892","35.00806","המסלול בין התחנות ארוך פי 3.16 מהדרך הקצרה ברכב (508 מ', הגעה לכל תחנה מצד הדלת). ייתכן נתיב תח""צ, איסור פנייה או מסוף — לבדיקה."
"ספק","136","אגד","ניווט","גרנד קניון/שמחה גולן","גרנד קניון/רופין","","1.099","13","14.3","3.16","32.7892","35.00806","המסלול בין התחנות ארוך פי 3.16 מהדרך הקצרה ברכב (508 מ', הגעה לכל תחנה מצד הדלת). ייתכן נתיב תח""צ, איסור פנייה או מסוף — לבדיקה."
"ספק","136","אגד","ניווט","גרנד קניון/שמחה גולן","גרנד קניון/רופין","","1.099","23","25.3","3.16","32.7892","35.00806","המסלול בין התחנות ארוך פי 3.16 מהדרך הקצרה ברכב (508 מ', הגעה לכל תחנה מצד הדלת). ייתכן נתיב תח""צ, איסור פנייה או מסוף — לבדיקה."
"ספק","136","אגד","ניווט","גרנד קניון/שמחה גולן","גרנד קניון/רופין","","1.099","4","4.4","3.16","32.7892","35.00806","המסלול בין התחנות ארוך פי 3.16 מהדרך הקצרה ברכב (508 מ', הגעה לכל תחנה מצד הדלת). ייתכן נתיב תח""צ, איסור פנייה או מסוף — לבדיקה."
"ספק","137","אגד","ניווט","גרנד קניון/שמחה גולן","גרנד קניון/רופין","","1.099","28","30.8","3.16","32.7892","35.00806","המסלול בין התחנות ארוך פי 3.16 מהדרך הקצרה ברכב (508 מ', הגעה לכל תחנה מצד הדלת). ייתכן נתיב תח""צ, איסור פנייה או מסוף — לבדיקה."
"ספק","236","אגד","ניווט","גרנד קניון/שמחה גולן","גרנד קניון/רופין","","1.099","10","11","3.16","32.7892","35.00806","המסלול בין התחנות ארוך פי 3.16 מהדרך הקצרה ברכב (508 מ', הגעה לכל תחנה מצד הדלת). ייתכן נתיב תח""צ, איסור פנייה או מסוף — לבדיקה."
"ספק","2","קווים","ניווט","מודיעים/איילון","מודיעים/גפן","","1.094","3","3.3","4.01","31.98738","34.93429","המסלול בין התחנות ארוך פי 4.01 מהדרך הקצרה ברכב (364 מ', הגעה לכל תחנה מצד הדלת). ייתכן נתיב תח""צ, איסור פנייה או מסוף — לבדיקה."
"אמיתי","18","מועצה אזורית גולן","detour","אזור תעשייה בני יהודה","מסעף א.ת. בני יהודה","19","1.084","2","2.2","1.79","32.80163","35.71606","המסלול מתקדם ואז חוזר 237 מ' לאחור על צירו (לולאה/הלוך-חזור) בין ""אזור תעשייה בני יהודה"" ל-""מסעף א.ת. בני יהודה"", בעוד קו 19 עובר ישר — נסיעה כפולה על אותו כביש, עיקוף אמיתי. המדידה מתחילה מתחנת-התקלה, ללא תלות בכיוון-ההגעה הקודם."
"ספק","278","ירושלים-רמאללה איחוד","ניווט","בית ספר כפאר עקב","אל כרז","","1.064","24","25.5","1.85","31.87601","35.21776","המסלול בין התחנות ארוך פי 1.85 מהדרך הקצרה ברכב (1252 מ', הגעה לכל תחנה מצד הדלת). ייתכן נתיב תח""צ, איסור פנייה או מסוף — לבדיקה."
"ספק","340","אלקטרה אפיקים","ניווט","יצחק רבין/מנחם בגין","'ביצרון ה","","1.044","15","15.7","1.53","31.79031","34.75742","המסלול בין התחנות ארוך פי 1.53 מהדרך הקצרה ברכב (1952 מ', הגעה לכל תחנה מצד הדלת). ייתכן נתיב תח""צ, איסור פנייה או מסוף — לבדיקה."
"ספק","107","קווים","ניווט","קמפוס ברושים/שלום רוזנפלד","מוזאון ארץ ישראל/חיים לבנון","","1.039","1","1","2.71","32.10671","34.80279","המסלול בין התחנות ארוך פי 2.71 מהדרך הקצרה ברכב (608 מ', הגעה לכל תחנה מצד הדלת). ייתכן נתיב תח""צ, איסור פנייה או מסוף — לבדיקה."
"ספק","271","אגד","ניווט","קמפוס ברושים/שלום רוזנפלד","מכון הנפט/חיים לבנון","","1.039","69","71.7","4.33","32.10671","34.80279","המסלול בין התחנות ארוך פי 4.33 מהדרך הקצרה ברכב (312 מ', הגעה לכל תחנה מצד הדלת). ייתכן נתיב תח""צ, איסור פנייה או מסוף — לבדיקה."
"ספק","506","קווים","ניווט","קמפוס ברושים/שלום רוזנפלד","מכון הנפט/חיים לבנון","","1.039","28","29.1","4.33","32.10671","34.80279","המסלול בין התחנות ארוך פי 4.33 מהדרך הקצרה ברכב (312 מ', הגעה לכל תחנה מצד הדלת). ייתכן נתיב תח""צ, איסור פנייה או מסוף — לבדיקה."
"ספק","474","קווים","ניווט","קמפוס ברושים/שלום רוזנפלד","מכון הנפט/חיים לבנון","","1.039","3","3.1","4.33","32.10671","34.80279","המסלול בין התחנות ארוך פי 4.33 מהדרך הקצרה ברכב (312 מ', הגעה לכל תחנה מצד הדלת). ייתכן נתיב תח""צ, איסור פנייה או מסוף — לבדיקה."
"ספק","450","קווים","ניווט","קמפוס ברושים/שלום רוזנפלד","מכון הנפט/חיים לבנון","","1.038","5","5.2","4.33","32.10671","34.80279","המסלול בין התחנות ארוך פי 4.33 מהדרך הקצרה ברכב (312 מ', הגעה לכל תחנה מצד הדלת). ייתכן נתיב תח""צ, איסור פנייה או מסוף — לבדיקה."
"ספק","20","מטרופולין","ניווט","שיטה/שיקמה","צומת ג'לג'וליה","","1.037","4","4.1","2.12","32.15946","34.94419","המסלול בין התחנות ארוך פי 2.12 מהדרך הקצרה ברכב (927 מ', הגעה לכל תחנה מצד הדלת). ייתכן נתיב תח""צ, איסור פנייה או מסוף — לבדיקה."
"ספק","798","אגד","ניווט","שבתאי לוי/רשפון","בית חולים איטלקי/המגינים","","1.024","1","1","1.67","32.8145","34.99335","המסלול בין התחנות ארוך פי 1.67 מהדרך הקצרה ברכב (1539 מ', הגעה לכל תחנה מצד הדלת). ייתכן נתיב תח""צ, איסור פנייה או מסוף — לבדיקה."
"אמיתי","52","אגד","detour","שדרות בן גוריון/בית ספר החורש","שדרות בן גוריון/הכרכום","3","1.021","2","2","2.48","32.58263","34.95104","סטייה של 1.0 ק""מ במקטע אחד מול קו 3 (יחס פי 2.48) — מסלול עוקף ממשי, עיקוף אמיתי."
"ספק","38","אגד","ניווט","חולדה מרכז","מסעף חולדה","","1.015","3","3","4.27","31.83169","34.87901","המסלול בין התחנות ארוך פי 4.27 מהדרך הקצרה ברכב (311 מ', הגעה לכל תחנה מצד הדלת). ייתכן נתיב תח""צ, איסור פנייה או מסוף — לבדיקה."
"ספק","53","אגד","ניווט","חולדה מרכז","מסעף חולדה","","1.015","7","7.1","4.27","31.83169","34.87901","המסלול בין התחנות ארוך פי 4.27 מהדרך הקצרה ברכב (311 מ', הגעה לכל תחנה מצד הדלת). ייתכן נתיב תח""צ, איסור פנייה או מסוף — לבדיקה."
"ספק","24","אלקטרה אפיקים תחבורה","ניווט","דרך צמח השדה/העירית","דרך צמח השדה/הצוף","","1.012","13","13.2","4.11","31.7692","35.30537","המסלול בין התחנות ארוך פי 4.11 מהדרך הקצרה ברכב (326 מ', הגעה לכל תחנה מצד הדלת). ייתכן נתיב תח""צ, איסור פנייה או מסוף — לבדיקה."
"ספק","429","דרך אגד עוטף ירושלים","ניווט","מחלף גהה","אברבנאל/הרב נורוק","","1.005","2","2","2.04","32.09203","34.84716","המסלול בין התחנות ארוך פי 2.04 מהדרך הקצרה ברכב (966 מ', הגעה לכל תחנה מצד הדלת). ייתכן נתיב תח""צ, איסור פנייה או מסוף — לבדיקה."
"ספק","56","מטרופולין","ניווט","דרך העצמאות/סעדיה חתוכה","וייצמן / צבי ישי","","0.989","49","48.5","2.42","32.02812","34.88974","המסלול בין התחנות ארוך פי 2.42 מהדרך הקצרה ברכב (695 מ', הגעה לכל תחנה מצד הדלת). ייתכן נתיב תח""צ, איסור פנייה או מסוף — לבדיקה."
"אמיתי","784","אקסטרה ירושלים","detour","שפע חיים/שדרות גולדה מאיר","הרטום/שדרות גולדה מאיר","54","0.987","1","1","6.16","31.79877","35.21328","הקו סוטה הצידה עד 460 מ' מהקו הישר (מול ~2 מ' בקו 54) — בליטה ייחודית, עיקוף אמיתי."
"ספק","296","תנופה","ניווט","בן גוריון/בר כוכבא","הדר/קלישר","","0.984","1","1","1.58","32.15767","34.84253","המסלול בין התחנות ארוך פי 1.58 מהדרך הקצרה ברכב (1703 מ', הגעה לכל תחנה מצד הדלת). ייתכן נתיב תח""צ, איסור פנייה או מסוף — לבדיקה."
"ספק","9","אגד","ניווט","גדוד תובלה","מחנה בן עמי","","0.962","27","26","2.58","31.97968","34.93785","המסלול בין התחנות ארוך פי 2.58 מהדרך הקצרה ברכב (608 מ', הגעה לכל תחנה מצד הדלת). ייתכן נתיב תח""צ, איסור פנייה או מסוף — לבדיקה."
"אמיתי","18","תנופה","detour","אלקנה/שכונה צפונית","שיר השירים/גינת האגוז","20","0.961","4","3.8","1.48","32.11825","35.03897","סטייה של 1.0 ק""מ במקטע אחד מול קו 20 (יחס פי 1.48) — מסלול עוקף ממשי, עיקוף אמיתי."
"ספק","138","מטרופולין","ניווט","דרך העצמאות/סעדיה חתוכה","וייצמן / צבי ישי","","0.955","22","21","2.37","32.02812","34.88974","המסלול בין התחנות ארוך פי 2.37 מהדרך הקצרה ברכב (695 מ', הגעה לכל תחנה מצד הדלת). ייתכן נתיב תח""צ, איסור פנייה או מסוף — לבדיקה."
"ספק","137","מטרופולין","ניווט","דרך העצמאות/סעדיה חתוכה","וייצמן / צבי ישי","","0.955","15","14.3","2.37","32.02812","34.88974","המסלול בין התחנות ארוך פי 2.37 מהדרך הקצרה ברכב (695 מ', הגעה לכל תחנה מצד הדלת). ייתכן נתיב תח""צ, איסור פנייה או מסוף — לבדיקה."
"לא ניתן להשוואה","93","אגד","detour","צופית/חסידה","חוחית/צופית","701","0.948","2","1.9","7.03","32.56388","34.96299","לא ניתן להשוואה — כיווניות מנוגדת: קו 701 מגיע לתחנה המשותפת מצד מנוגד (הפרש וקטור הגעה 122° > 90°). הקווים על צירי נסיעה הפוכים — אין בסיס להשוואת מרחקים."
"ספק","145","מטרופולין","ניווט","עומר בן אל ח'טאב/אל אנסאר","ככר מגדל/עבד אל כרים קאסם","","0.946","4","3.8","1.65","32.11513","34.98057","המסלול בין התחנות ארוך פי 1.65 מהדרך הקצרה ברכב (1462 מ', הגעה לכל תחנה מצד הדלת). ייתכן נתיב תח""צ, איסור פנייה או מסוף — לבדיקה."
"אמיתי","882","סופרבוס","detour","הסינמטק/דרך חברון","דרך חברון/מרים החשמונאית","232","0.943","2","1.9","1.77","31.7706","35.2255","הקו סוטה הצידה עד 513 מ' מהקו הישר (מול ~120 מ' בקו 232) — בליטה ייחודית, עיקוף אמיתי."
"ספק","21","תנופה","ניווט","רמת אלקנה/הדולב","רמת אלקנה/יציאה","","0.943","5","4.7","5.62","32.11359","35.04335","המסלול בין התחנות ארוך פי 5.62 מהדרך הקצרה ברכב (204 מ', הגעה לכל תחנה מצד הדלת). ייתכן נתיב תח""צ, איסור פנייה או מסוף — לבדיקה."
"ספק","141","אלקטרה אפיקים","ניווט","חטיבת יפתח/הדקל","השקד/הדקל","","0.936","8","7.5","2.06","31.7369","34.67988","המסלול בין התחנות ארוך פי 2.06 מהדרך הקצרה ברכב (880 מ', הגעה לכל תחנה מצד הדלת). ייתכן נתיב תח""צ, איסור פנייה או מסוף — לבדיקה."
"אמיתי","73","ש.א.מ","detour","גלעד/דרך הגליל","אזור תעשיה ב","76","0.935","1","0.9","1.94","32.7012","35.33066","המסלול מתקדם ואז חוזר 219 מ' לאחור על צירו (לולאה/הלוך-חזור) בין ""גלעד/דרך הגליל"" ל-""אזור תעשיה ב"", בעוד קו 76 עובר ישר — נסיעה כפולה על אותו כביש, עיקוף אמיתי. המדידה מתחילה מתחנת-התקלה, ללא תלות בכיוון-ההגעה הקודם."
"ספק","145","מטרופולין","ניווט","עבד אל כרים קאסם/אל ח'ליל","א סולטאני/עומר בן אל ח'טאב","","0.933","6","5.6","1.67","32.11834","34.96741","המסלול בין התחנות ארוך פי 1.67 מהדרך הקצרה ברכב (1395 מ', הגעה לכל תחנה מצד הדלת). ייתכן נתיב תח""צ, איסור פנייה או מסוף — לבדיקה."
"ספק","145","מטרופולין","ניווט","עבד אל כרים קאסם/אל ח'ליל","א סולטאני/עומר בן אל ח'טאב","","0.933","3","2.8","1.67","32.11834","34.96741","המסלול בין התחנות ארוך פי 1.67 מהדרך הקצרה ברכב (1395 מ', הגעה לכל תחנה מצד הדלת). ייתכן נתיב תח""צ, איסור פנייה או מסוף — לבדיקה."
"ספק","795","אגד","ניווט","דרך בן גוריון/כצנלסון","קפלן/השבעה","","0.927","1","0.9","2.21","32.01595","34.81496","המסלול בין התחנות ארוך פי 2.21 מהדרך הקצרה ברכב (768 מ', הגעה לכל תחנה מצד הדלת). ייתכן נתיב תח""צ, איסור פנייה או מסוף — לבדיקה."
"ספק","95","אגד","ניווט","דרך בן גוריון/כצנלסון","קפלן/השבעה","","0.927","34","31.5","2.21","32.01595","34.81496","המסלול בין התחנות ארוך פי 2.21 מהדרך הקצרה ברכב (768 מ', הגעה לכל תחנה מצד הדלת). ייתכן נתיב תח""צ, איסור פנייה או מסוף — לבדיקה."
"ספק","158","קווים","ניווט","הצנחנים/יוספטל","תחנת רכבת לוד/יוספטל","","0.919","2","1.8","2.28","31.94446","34.87761","המסלול בין התחנות ארוך פי 2.28 מהדרך הקצרה ברכב (719 מ', הגעה לכל תחנה מצד הדלת). ייתכן נתיב תח""צ, איסור פנייה או מסוף — לבדיקה."
"ספק","134","דן בדרום","ניווט","פדויים ב","צומת פדויים","","0.914","1","0.9","2.03","31.32714","34.61318","המסלול בין התחנות ארוך פי 2.03 מהדרך הקצרה ברכב (888 מ', הגעה לכל תחנה מצד הדלת). ייתכן נתיב תח""צ, איסור פנייה או מסוף — לבדיקה."
"ספק","34","דן בדרום","ניווט","פדויים ב","צומת פדויים","","0.914","3","2.7","2.03","31.32714","34.61318","המסלול בין התחנות ארוך פי 2.03 מהדרך הקצרה ברכב (888 מ', הגעה לכל תחנה מצד הדלת). ייתכן נתיב תח""צ, איסור פנייה או מסוף — לבדיקה."
"ספק","570","מטרופולין","ניווט","עיריית באר שבע/יצחק רגר","ת.מרכזית באר שבע/הורדה","","0.912","1","0.9","2","31.25011","34.79807","המסלול בין התחנות ארוך פי 2.00 מהדרך הקצרה ברכב (908 מ', הגעה לכל תחנה מצד הדלת). ייתכן נתיב תח""צ, איסור פנייה או מסוף — לבדיקה."
"ספק","11","אגד","ניווט","מרכז ביג/הסתת","בית אלמוג/המלאכה","","0.908","4","3.6","2.36","29.56766","34.9597","המסלול בין התחנות ארוך פי 2.36 מהדרך הקצרה ברכב (667 מ', הגעה לכל תחנה מצד הדלת). ייתכן נתיב תח""צ, איסור פנייה או מסוף — לבדיקה."
"ספק","11","אגד","ניווט","מרכז ביג/הסתת","בית אלמוג/המלאכה","","0.908","4","3.6","2.36","29.56766","34.9597","המסלול בין התחנות ארוך פי 2.36 מהדרך הקצרה ברכב (667 מ', הגעה לכל תחנה מצד הדלת). ייתכן נתיב תח""צ, איסור פנייה או מסוף — לבדיקה."
"ספק","90","נתיב אקספרס","ניווט","אולפנת אמית","אולפנת אמית","","0.906","1","0.9","7.83","32.96561","35.49989","המסלול בין התחנות ארוך פי 7.83 מהדרך הקצרה ברכב (133 מ', הגעה לכל תחנה מצד הדלת). ייתכן נתיב תח""צ, איסור פנייה או מסוף — לבדיקה."
"אמיתי","63","אגד","detour","כנפי נשרים/ברק","גאולים/כנפי נשרים","1","0.903","1","0.9","6.22","32.56047","34.96412","סטייה של 0.9 ק""מ במקטע אחד מול קו 1 (יחס פי 6.22) — מסלול עוקף ממשי, עיקוף אמיתי."
"אמיתי","70","אגד","detour","כנפי נשרים/ברק","גאולים/כנפי נשרים","1","0.903","1","0.9","6.22","32.56047","34.96412","סטייה של 0.9 ק""מ במקטע אחד מול קו 1 (יחס פי 6.22) — מסלול עוקף ממשי, עיקוף אמיתי."
"ספק","87","סופרבוס","ניווט","בי''ס שקד/מעלה השיזף","מסעף כפר תקווה/מרדכי מוטה גור","","0.902","2","1.8","1.7","32.70166","35.11012","המסלול בין התחנות ארוך פי 1.70 מהדרך הקצרה ברכב (1295 מ', הגעה לכל תחנה מצד הדלת). ייתכן נתיב תח""צ, איסור פנייה או מסוף — לבדיקה."
"ספק","3","מטרופולין","ניווט","באב אל חאן/חמזה","אל-קודס/יום אל-ארד","","0.902","26","23.4","2.05","32.23073","34.95817","המסלול בין התחנות ארוך פי 2.05 מהדרך הקצרה ברכב (858 מ', הגעה לכל תחנה מצד הדלת). ייתכן נתיב תח""צ, איסור פנייה או מסוף — לבדיקה."
"ספק","87","סופרבוס","ניווט","בי''ס שקד/מעלה השיזף","מסעף כפר תקווה/מרדכי מוטה גור","","0.902","1","0.9","1.7","32.70166","35.11012","המסלול בין התחנות ארוך פי 1.70 מהדרך הקצרה ברכב (1295 מ', הגעה לכל תחנה מצד הדלת). ייתכן נתיב תח""צ, איסור פנייה או מסוף — לבדיקה."
"ספק","13","דן בדרום","ניווט","נתרן/אשלגן","ישראל פולק/צורן","","0.901","1","0.9","2.34","31.5905","34.78012","המסלול בין התחנות ארוך פי 2.34 מהדרך הקצרה ברכב (674 מ', הגעה לכל תחנה מצד הדלת). ייתכן נתיב תח""צ, איסור פנייה או מסוף — לבדיקה."
"ספק","80","אגד","ניווט","אבנר חי שאקי ג","אבנר חי שאקי ב","","0.899","52","46.7","3.3","31.73591","35.17607","המסלול בין התחנות ארוך פי 3.30 מהדרך הקצרה ברכב (391 מ', הגעה לכל תחנה מצד הדלת). ייתכן נתיב תח""צ, איסור פנייה או מסוף — לבדיקה."
"ספק","2","קווים","ניווט","תרשיש/לשם","קדם/הסלע","","0.898","3","2.7","2.87","31.994","34.94534","המסלול בין התחנות ארוך פי 2.87 מהדרך הקצרה ברכב (480 מ', הגעה לכל תחנה מצד הדלת). ייתכן נתיב תח""צ, איסור פנייה או מסוף — לבדיקה."
"ספק","110","קווים","ניווט","ת. מרכזית מודיעין מכבים רעות","עירייה","","0.898","1","0.9","1.61","31.89992","35.00659","המסלול בין התחנות ארוך פי 1.61 מהדרך הקצרה ברכב (1479 מ', הגעה לכל תחנה מצד הדלת). ייתכן נתיב תח""צ, איסור פנייה או מסוף — לבדיקה."
"אמיתי","482","אגד","detour","שדרות נווה יעקב/הרב פרדס","שדרות נווה יעקב/אחימאיר","53","0.884","4","3.5","2.88","31.84006","35.24006","המסלול מתקדם ואז חוזר 276 מ' לאחור על צירו (לולאה/הלוך-חזור) בין ""שדרות נווה יעקב/הרב פרדס"" ל-""שדרות נווה יעקב/אחימאיר"", בעוד קו 53 עובר ישר — נסיעה כפולה על אותו כביש, עיקוף אמיתי. המדידה מתחילה מתחנת-התקלה, ללא תלות בכיוון-ההגעה הקודם."
"ספק","8","אגד","ניווט","ת.רכבת חדרה מערב/רציפים","מתחם אנרג'י","","0.883","30","26.5","1.51","32.4388","34.90042","המסלול בין התחנות ארוך פי 1.51 מהדרך הקצרה ברכב (1721 מ', הגעה לכל תחנה מצד הדלת). ייתכן נתיב תח""צ, איסור פנייה או מסוף — לבדיקה."
"ספק","50","נתיב אקספרס","ניווט","מסעף אלקוש","צומת אלקוש","","0.88","2","1.8","1.8","33.0373","35.32553","המסלול בין התחנות ארוך פי 1.80 מהדרך הקצרה ברכב (1093 מ', הגעה לכל תחנה מצד הדלת). ייתכן נתיב תח""צ, איסור פנייה או מסוף — לבדיקה."
"ספק","792","אגד","ניווט","המגינים/עין דור","יצחק שדה/ביס אורטודוקסי","","0.87","1","0.9","1.68","32.82027","34.99351","המסלול בין התחנות ארוך פי 1.68 מהדרך הקצרה ברכב (1272 מ', הגעה לכל תחנה מצד הדלת). ייתכן נתיב תח""צ, איסור פנייה או מסוף — לבדיקה."
"ספק","145","מטרופולין","ניווט","עומר בן אל ח'טאב/אל אנסאר","ככר מגדל/עבד אל כרים קאסם","","0.867","5","4.3","1.59","32.11513","34.98057","המסלול בין התחנות ארוך פי 1.59 מהדרך הקצרה ברכב (1462 מ', הגעה לכל תחנה מצד הדלת). ייתכן נתיב תח""צ, איסור פנייה או מסוף — לבדיקה."
"ספק","47","דן בדרום","ניווט","עיריית באר שבע/יצחק רגר","ת.מרכזית באר שבע/הורדה","","0.867","18","15.6","1.95","31.25011","34.79807","המסלול בין התחנות ארוך פי 1.95 מהדרך הקצרה ברכב (908 מ', הגעה לכל תחנה מצד הדלת). ייתכן נתיב תח""צ, איסור פנייה או מסוף — לבדיקה."
"ספק","57","דן בדרום","ניווט","עיריית באר שבע/יצחק רגר","ת.מרכזית באר שבע/הורדה","","0.867","6","5.2","1.95","31.25011","34.79807","המסלול בין התחנות ארוך פי 1.95 מהדרך הקצרה ברכב (908 מ', הגעה לכל תחנה מצד הדלת). ייתכן נתיב תח""צ, איסור פנייה או מסוף — לבדיקה."
"ספק","164","דן בדרום","ניווט","עיריית באר שבע/יצחק רגר","ת.מרכזית באר שבע/הורדה","","0.867","2","1.7","1.95","31.25011","34.79807","המסלול בין התחנות ארוך פי 1.95 מהדרך הקצרה ברכב (908 מ', הגעה לכל תחנה מצד הדלת). ייתכן נתיב תח""צ, איסור פנייה או מסוף — לבדיקה."
"ספק","30","מטרופולין","ניווט","יצחק רגר/ליאונרד ברנשטיין","ת.מרכזית באר שבע/הורדה","","0.864","24","20.7","1.75","31.25228","34.79868","המסלול בין התחנות ארוך פי 1.75 מהדרך הקצרה ברכב (1156 מ', הגעה לכל תחנה מצד הדלת). ייתכן נתיב תח""צ, איסור פנייה או מסוף — לבדיקה."
"ספק","20","מטרופולין","ניווט","יצחק רגר/ליאונרד ברנשטיין","ת.מרכזית באר שבע/הורדה","","0.864","26","22.5","1.75","31.25228","34.79868","המסלול בין התחנות ארוך פי 1.75 מהדרך הקצרה ברכב (1156 מ', הגעה לכל תחנה מצד הדלת). ייתכן נתיב תח""צ, איסור פנייה או מסוף — לבדיקה."
"ספק","37","מטרופולין","ניווט","יצחק רגר/ליאונרד ברנשטיין","ת.מרכזית באר שבע/הורדה","","0.864","15","13","1.75","31.25228","34.79868","המסלול בין התחנות ארוך פי 1.75 מהדרך הקצרה ברכב (1156 מ', הגעה לכל תחנה מצד הדלת). ייתכן נתיב תח""צ, איסור פנייה או מסוף — לבדיקה."
"ספק","26","מטרופולין","ניווט","יצחק רגר/ליאונרד ברנשטיין","ת.מרכזית באר שבע/הורדה","","0.864","6","5.2","1.75","31.25228","34.79868","המסלול בין התחנות ארוך פי 1.75 מהדרך הקצרה ברכב (1156 מ', הגעה לכל תחנה מצד הדלת). ייתכן נתיב תח""צ, איסור פנייה או מסוף — לבדיקה."
"ספק","28","מטרופולין","ניווט","יצחק רגר/ליאונרד ברנשטיין","ת.מרכזית באר שבע/הורדה","","0.864","14","12.1","1.75","31.25228","34.79868","המסלול בין התחנות ארוך פי 1.75 מהדרך הקצרה ברכב (1156 מ', הגעה לכל תחנה מצד הדלת). ייתכן נתיב תח""צ, איסור פנייה או מסוף — לבדיקה."
"ספק","10","מטרופולין","ניווט","יצחק רגר/ליאונרד ברנשטיין","ת.מרכזית באר שבע/הורדה","","0.864","18","15.5","1.75","31.25228","34.79868","המסלול בין התחנות ארוך פי 1.75 מהדרך הקצרה ברכב (1156 מ', הגעה לכל תחנה מצד הדלת). ייתכן נתיב תח""צ, איסור פנייה או מסוף — לבדיקה."
"ספק","384","אגד","ניווט","יצחק רגר/ליאונרד ברנשטיין","ת.מרכזית באר שבע/הורדה","","0.864","5","4.3","1.75","31.25228","34.79868","המסלול בין התחנות ארוך פי 1.75 מהדרך הקצרה ברכב (1156 מ', הגעה לכל תחנה מצד הדלת). ייתכן נתיב תח""צ, איסור פנייה או מסוף — לבדיקה."
"ספק","62","מטרופולין","ניווט","יצחק רגר/ליאונרד ברנשטיין","ת.מרכזית באר שבע/הורדה","","0.864","32","27.6","1.75","31.25228","34.79868","המסלול בין התחנות ארוך פי 1.75 מהדרך הקצרה ברכב (1156 מ', הגעה לכל תחנה מצד הדלת). ייתכן נתיב תח""צ, איסור פנייה או מסוף — לבדיקה."
"ספק","37","מטרופולין","ניווט","יצחק רגר/ליאונרד ברנשטיין","ת.מרכזית באר שבע/הורדה","","0.864","2","1.7","1.75","31.25228","34.79868","המסלול בין התחנות ארוך פי 1.75 מהדרך הקצרה ברכב (1156 מ', הגעה לכל תחנה מצד הדלת). ייתכן נתיב תח""צ, איסור פנייה או מסוף — לבדיקה."
"ספק","258","קווים","ניווט","עיריית באר שבע/יצחק רגר","ת.מרכזית באר שבע/הורדה","","0.864","1","0.9","1.95","31.25011","34.79807","המסלול בין התחנות ארוך פי 1.95 מהדרך הקצרה ברכב (908 מ', הגעה לכל תחנה מצד הדלת). ייתכן נתיב תח""צ, איסור פנייה או מסוף — לבדיקה."
"ספק","152","מטרופולין","ניווט","יצחק רגר/ליאונרד ברנשטיין","ת.מרכזית באר שבע/הורדה","","0.864","4","3.5","1.75","31.25228","34.79868","המסלול בין התחנות ארוך פי 1.75 מהדרך הקצרה ברכב (1156 מ', הגעה לכל תחנה מצד הדלת). ייתכן נתיב תח""צ, איסור פנייה או מסוף — לבדיקה."
"ספק","386","מטרופולין","ניווט","יצחק רגר/ליאונרד ברנשטיין","ת.מרכזית באר שבע/הורדה","","0.864","17","14.7","1.75","31.25228","34.79868","המסלול בין התחנות ארוך פי 1.75 מהדרך הקצרה ברכב (1156 מ', הגעה לכל תחנה מצד הדלת). ייתכן נתיב תח""צ, איסור פנייה או מסוף — לבדיקה."
"ספק","262","מטרופולין","ניווט","יצחק רגר/ליאונרד ברנשטיין","ת.מרכזית באר שבע/הורדה","","0.864","3","2.6","1.75","31.25228","34.79868","המסלול בין התחנות ארוך פי 1.75 מהדרך הקצרה ברכב (1156 מ', הגעה לכל תחנה מצד הדלת). ייתכן נתיב תח""צ, איסור פנייה או מסוף — לבדיקה."
"ספק","28","מטרופולין","ניווט","יצחק רגר/ליאונרד ברנשטיין","ת.מרכזית באר שבע/הורדה","","0.864","11","9.5","1.75","31.25228","34.79868","המסלול בין התחנות ארוך פי 1.75 מהדרך הקצרה ברכב (1156 מ', הגעה לכל תחנה מצד הדלת). ייתכן נתיב תח""צ, איסור פנייה או מסוף — לבדיקה."
"ספק","137","מטרופולין","ניווט","יצחק רגר/ליאונרד ברנשטיין","ת.מרכזית באר שבע/הורדה","","0.864","9","7.8","1.75","31.25228","34.79868","המסלול בין התחנות ארוך פי 1.75 מהדרך הקצרה ברכב (1156 מ', הגעה לכל תחנה מצד הדלת). ייתכן נתיב תח""צ, איסור פנייה או מסוף — לבדיקה."
"ספק","126","מטרופולין","ניווט","יצחק רגר/ליאונרד ברנשטיין","ת.מרכזית באר שבע/הורדה","","0.864","9","7.8","1.75","31.25228","34.79868","המסלול בין התחנות ארוך פי 1.75 מהדרך הקצרה ברכב (1156 מ', הגעה לכל תחנה מצד הדלת). ייתכן נתיב תח""צ, איסור פנייה או מסוף — לבדיקה."
"ספק","121","מטרופולין","ניווט","יצחק רגר/ליאונרד ברנשטיין","ת.מרכזית באר שבע/הורדה","","0.864","8","6.9","1.75","31.25228","34.79868","המסלול בין התחנות ארוך פי 1.75 מהדרך הקצרה ברכב (1156 מ', הגעה לכל תחנה מצד הדלת). ייתכן נתיב תח""צ, איסור פנייה או מסוף — לבדיקה."
"ספק","250","אלקטרה אפיקים תחבורה","ניווט","עיריית באר שבע/יצחק רגר","ת.מרכזית באר שבע/הורדה","","0.863","13","11.2","1.95","31.25011","34.79807","המסלול בין התחנות ארוך פי 1.95 מהדרך הקצרה ברכב (908 מ', הגעה לכל תחנה מצד הדלת). ייתכן נתיב תח""צ, איסור פנייה או מסוף — לבדיקה."
"ספק","252","אלקטרה אפיקים תחבורה","ניווט","עיריית באר שבע/יצחק רגר","ת.מרכזית באר שבע/הורדה","","0.863","6","5.2","1.95","31.25011","34.79807","המסלול בין התחנות ארוך פי 1.95 מהדרך הקצרה ברכב (908 מ', הגעה לכל תחנה מצד הדלת). ייתכן נתיב תח""צ, איסור פנייה או מסוף — לבדיקה."
"ספק","253","אלקטרה אפיקים תחבורה","ניווט","עיריית באר שבע/יצחק רגר","ת.מרכזית באר שבע/הורדה","","0.863","6","5.2","1.95","31.25011","34.79807","המסלול בין התחנות ארוך פי 1.95 מהדרך הקצרה ברכב (908 מ', הגעה לכל תחנה מצד הדלת). ייתכן נתיב תח""צ, איסור פנייה או מסוף — לבדיקה."
"ספק","254","אלקטרה אפיקים תחבורה","ניווט","עיריית באר שבע/יצחק רגר","ת.מרכזית באר שבע/הורדה","","0.863","10","8.6","1.95","31.25011","34.79807","המסלול בין התחנות ארוך פי 1.95 מהדרך הקצרה ברכב (908 מ', הגעה לכל תחנה מצד הדלת). ייתכן נתיב תח""צ, איסור פנייה או מסוף — לבדיקה."
"ספק","440","אלקטרה אפיקים תחבורה","ניווט","עיריית באר שבע/יצחק רגר","ת.מרכזית באר שבע/הורדה","","0.863","3","2.6","1.95","31.25011","34.79807","המסלול בין התחנות ארוך פי 1.95 מהדרך הקצרה ברכב (908 מ', הגעה לכל תחנה מצד הדלת). ייתכן נתיב תח""צ, איסור פנייה או מסוף — לבדיקה."
"ספק","258","קווים","ניווט","עיריית באר שבע/יצחק רגר","ת.מרכזית באר שבע/הורדה","","0.863","1","0.9","1.95","31.25011","34.79807","המסלול בין התחנות ארוך פי 1.95 מהדרך הקצרה ברכב (908 מ', הגעה לכל תחנה מצד הדלת). ייתכן נתיב תח""צ, איסור פנייה או מסוף — לבדיקה."
"ספק","34","דן בדרום","ניווט","דרור/קנריות","גילת/צרכניה","","0.857","3","2.6","2.3","31.33064","34.64874","המסלול בין התחנות ארוך פי 2.30 מהדרך הקצרה ברכב (657 מ', הגעה לכל תחנה מצד הדלת). ייתכן נתיב תח""צ, איסור פנייה או מסוף — לבדיקה."
"ספק","34","דן בדרום","ניווט","צרכניה/גילת","דרור/אנפה","","0.856","3","2.6","2.23","31.32867","34.65222","המסלול בין התחנות ארוך פי 2.23 מהדרך הקצרה ברכב (698 מ', הגעה לכל תחנה מצד הדלת). ייתכן נתיב תח""צ, איסור פנייה או מסוף — לבדיקה."
"ספק","79","מטרופולין","ניווט","תיכון אביב","המלכים/יעקב דורי","","0.854","2","1.7","3.54","32.17765","34.85943","המסלול בין התחנות ארוך פי 3.54 מהדרך הקצרה ברכב (336 מ', הגעה לכל תחנה מצד הדלת). ייתכן נתיב תח""צ, איסור פנייה או מסוף — לבדיקה."
"ספק","95","אגד","ניווט","דרך בן גוריון/כצנלסון","קפלן/השבעה","","0.853","1","0.9","2.11","32.01595","34.81496","המסלול בין התחנות ארוך פי 2.11 מהדרך הקצרה ברכב (768 מ', הגעה לכל תחנה מצד הדלת). ייתכן נתיב תח""צ, איסור פנייה או מסוף — לבדיקה."
"ספק","87","אגד","ניווט","דרך בן גוריון/כצנלסון","קפלן/השבעה","","0.853","43","36.7","2.11","32.01595","34.81496","המסלול בין התחנות ארוך פי 2.11 מהדרך הקצרה ברכב (768 מ', הגעה לכל תחנה מצד הדלת). ייתכן נתיב תח""צ, איסור פנייה או מסוף — לבדיקה."
"לא ניתן להשוואה","441","דן בדרום","detour","חפץ חיים/מלון כפרי","כביש 3933/האלה","356","0.851","1","0.9","2.45","31.7909","34.79745","לא ניתן להשוואה — כיווניות מנוגדת: קו 356 מגיע לתחנה המשותפת מצד מנוגד (הפרש וקטור הגעה 114° > 90°). הקווים על צירי נסיעה הפוכים — אין בסיס להשוואת מרחקים."
"לא ניתן להשוואה","59","קווים","detour","רש''י/גני ילדים","רש''י/ראב''ד","2","0.847","1","0.8","6.34","31.93091","35.04989","לא ניתן להשוואה — כיווניות מנוגדת: קו 2 מגיע לתחנה המשותפת מצד מנוגד (הפרש וקטור הגעה 153° > 90°). הקווים על צירי נסיעה הפוכים — אין בסיס להשוואת מרחקים."
"ספק","36","דן בדרום","ניווט","הרכבת/מרכז מסחרי","צומת אבא הילל סילבר/לדרום","","0.847","5","4.2","2.34","31.67692","34.60621","המסלול בין התחנות ארוך פי 2.34 מהדרך הקצרה ברכב (630 מ', הגעה לכל תחנה מצד הדלת). ייתכן נתיב תח""צ, איסור פנייה או מסוף — לבדיקה."
"ספק","136","דן בדרום","ניווט","הרכבת/מרכז מסחרי","צומת אבא הילל סילבר/לדרום","","0.847","1","0.8","2.34","31.67692","34.60621","המסלול בין התחנות ארוך פי 2.34 מהדרך הקצרה ברכב (630 מ', הגעה לכל תחנה מצד הדלת). ייתכן נתיב תח""צ, איסור פנייה או מסוף — לבדיקה."
"ספק","15","אגד","ניווט","צבי הורביץ/יום הכיפורים","ששת הימים/לוע הארי","","0.844","45","38","3.4","31.88239","34.78757","המסלול בין התחנות ארוך פי 3.40 מהדרך הקצרה ברכב (351 מ', הגעה לכל תחנה מצד הדלת). ייתכן נתיב תח""צ, איסור פנייה או מסוף — לבדיקה."
"ספק","130","אלקטרה אפיקים תחבורה","ניווט","מוריה/שד. ירושלים","שד. ירושלים/שער הגיא","","0.84","5","4.2","1.74","32.10284","35.20623","המסלול בין התחנות ארוך פי 1.74 מהדרך הקצרה ברכב (1132 מ', הגעה לכל תחנה מצד הדלת). ייתכן נתיב תח""צ, איסור פנייה או מסוף — לבדיקה."
"לא ניתן להשוואה","356","סופרבוס","detour","מעלה יצחק/הרב פינחס מילר","בי''ס יודפת/דליה","74","0.837","18","15.1","2.24","32.72875","35.34118","לא ניתן להשוואה — קו 74 מתחיל/מסיים את מסלולו באחת התחנות (תחנת-קצה), ולכן אינו מסדרון-מעבר תקף: הוא עושה משם קפיצה ישירה קצרה, בעוד הקו הנבדק עשוי לבצע לולאת-שירות לגיטימית באמצע מסלולו. אין בסיס להשוואת מרחקים."
"לא ניתן להשוואה","356","סופרבוס","detour","מעלה יצחק/הרב פינחס מילר","בי''ס יודפת/דליה","74","0.837","3","2.5","2.24","32.72875","35.34118","לא ניתן להשוואה — קו 74 מתחיל/מסיים את מסלולו באחת התחנות (תחנת-קצה), ולכן אינו מסדרון-מעבר תקף: הוא עושה משם קפיצה ישירה קצרה, בעוד הקו הנבדק עשוי לבצע לולאת-שירות לגיטימית באמצע מסלולו. אין בסיס להשוואת מרחקים."
"ספק","6","סופרבוס","ניווט","אסתר המלכה","אסתר המלכה/תמר","","0.836","33","27.6","2.37","32.79817","35.5184","המסלול בין התחנות ארוך פי 2.37 מהדרך הקצרה ברכב (610 מ', הגעה לכל תחנה מצד הדלת). ייתכן נתיב תח""צ, איסור פנייה או מסוף — לבדיקה."
"ספק","4א","גלים","ניווט","בית ספר אבו עוביידה","בית ספר אבו עוביידה","","0.833","11","9.2","8.82","31.39911","34.76323","המסלול בין התחנות ארוך פי 8.82 מהדרך הקצרה ברכב (107 מ', הגעה לכל תחנה מצד הדלת). ייתכן נתיב תח""צ, איסור פנייה או מסוף — לבדיקה."
"ספק","15","קווים","ניווט","נציבות בתי הסוהר","כלא איילון/מתחם היצירה","","0.82","14","11.5","2.27","31.93682","34.88491","המסלול בין התחנות ארוך פי 2.27 מהדרך הקצרה ברכב (647 מ', הגעה לכל תחנה מצד הדלת). ייתכן נתיב תח""צ, איסור פנייה או מסוף — לבדיקה."
"ספק","91","אגד","ניווט","ביה''ס תיכון מקיף למדעים ואמנויות עמל חדרה/באר אורה","דוד שמעוני/גשר אריאל שרון","","0.817","2","1.6","1.94","32.43777","34.90801","המסלול בין התחנות ארוך פי 1.94 מהדרך הקצרה ברכב (866 מ', הגעה לכל תחנה מצד הדלת). ייתכן נתיב תח""צ, איסור פנייה או מסוף — לבדיקה."
"כיסוי לגיטימי","358","גי.בי.טורס","detour","מנזר המלאך גבריאל","נוף העמק/האיריס","5","0.81","13","10.5","1.96","32.67688","35.24727","וריאנט של הקו עוצר בתחנות-ביניים בתוך המקטע (כיסוי שכונה) — לא עיקוף מיותר, אלא בחירת מסלול שמשרתת נוסעים."
"ספק","58","קווים","ניווט","גן משחקים/שדרות בית שמאי","שד' בית שמאי/שערי תשובה","","0.81","1","0.8","2.12","31.93132","35.04682","המסלול בין התחנות ארוך פי 2.12 מהדרך הקצרה ברכב (720 מ', הגעה לכל תחנה מצד הדלת). ייתכן נתיב תח""צ, איסור פנייה או מסוף — לבדיקה."
"ספק","91א","אגד","ניווט","ביה''ס תיכון מקיף למדעים ואמנויות עמל חדרה/באר אורה","דוד שמעוני/גשר אריאל שרון","","0.798","2","1.6","1.92","32.43777","34.90801","המסלול בין התחנות ארוך פי 1.92 מהדרך הקצרה ברכב (866 מ', הגעה לכל תחנה מצד הדלת). ייתכן נתיב תח""צ, איסור פנייה או מסוף — לבדיקה."
"ספק","1","נתיב אקספרס","ניווט","הדובדבן/השזיף","הרימון/הזית","","0.796","12","9.6","2.88","32.98922","35.54598","המסלול בין התחנות ארוך פי 2.88 מהדרך הקצרה ברכב (423 מ', הגעה לכל תחנה מצד הדלת). ייתכן נתיב תח""צ, איסור פנייה או מסוף — לבדיקה."
"אמיתי","93","אגד","detour","כנפי נשרים/ברק","גאולים/כנפי נשרים","1","0.794","2","1.6","5.59","32.56047","34.96412","סטייה של 0.8 ק""מ במקטע אחד מול קו 1 (יחס פי 5.59) — מסלול עוקף ממשי, עיקוף אמיתי."
"ספק","3","מטרופולין","ניווט","אל-קודס/יום אל-ארד","בי''ס ראנד/באב אל-חאן","","0.793","27","21.4","1.9","32.2276","34.9551","המסלול בין התחנות ארוך פי 1.90 מהדרך הקצרה ברכב (883 מ', הגעה לכל תחנה מצד הדלת). ייתכן נתיב תח""צ, איסור פנייה או מסוף — לבדיקה."
"ספק","27","קווים","ניווט","שדרות החשמונאים/לב העיר","עירייה","","0.79","4","3.2","1.76","31.90004","35.00669","המסלול בין התחנות ארוך פי 1.76 מהדרך הקצרה ברכב (1043 מ', הגעה לכל תחנה מצד הדלת). ייתכן נתיב תח""צ, איסור פנייה או מסוף — לבדיקה."
"ספק","134","קווים","ניווט","מועצה אזורית","דרך הרבנית חנה/הגאולה","","0.787","3","2.4","1.73","31.99174","34.84895","המסלול בין התחנות ארוך פי 1.73 מהדרך הקצרה ברכב (1071 מ', הגעה לכל תחנה מצד הדלת). ייתכן נתיב תח""צ, איסור פנייה או מסוף — לבדיקה."
"לא ניתן להשוואה","60","אגד","detour","ספרייה/הדגן","דרך שרה/קדמה","5","0.775","1","0.8","2.17","32.56948","34.95541","לא ניתן להשוואה — כיוון נסיעה הפוך: קו 5 עובר בין ""ספרייה/הדגן"" ל-""דרך שרה/קדמה"" בכיוון הפוך לזה של הקו הנבדק (B→A). ייתכן שהוא נוסע על רחובות חד-סטריים אחרים, ואורכו אינו מוכיח שקיים מסלול קצר יותר בכיוון הנבדק — אין בסיס להשוואת מרחקים."
"ספק","275","ירושלים-רמאללה איחוד","ניווט","בית חולים אוגוסטה ויקטוריה/מרטין בובר","קופת חולים/ראבעה אל עדוויה","","0.768","48","36.9","3.29","31.78686","35.24832","המסלול בין התחנות ארוך פי 3.29 מהדרך הקצרה ברכב (336 מ', הגעה לכל תחנה מצד הדלת). ייתכן נתיב תח""צ, איסור פנייה או מסוף — לבדיקה."
"אמיתי","51","דן בדרום","detour","אלי סיני/קטיף","ירושלים/נתיביון","325","0.765","5","3.8","1.47","31.41305","34.57523","הקו סוטה הצידה עד 533 מ' מהקו הישר (מול ~129 מ' בקו 325) — בליטה ייחודית, עיקוף אמיתי."
"ספק","34","ש.א.מ","ניווט","קופ''ח כללית/יקינטון","יקינטון/אלומה","","0.757","39","29.5","2.19","32.72714","35.33831","המסלול בין התחנות ארוך פי 2.19 מהדרך הקצרה ברכב (637 מ', הגעה לכל תחנה מצד הדלת). ייתכן נתיב תח""צ, איסור פנייה או מסוף — לבדיקה."
"לא ניתן להשוואה","76","אגד","detour","מלל/יערי","צה''ל/חבצלת","296","0.75","1","0.8","1.36","32.77959","35.01403","לא ניתן להשוואה — כיווניות מנוגדת: קו 296 מגיע לתחנה המשותפת מצד מנוגד (הפרש וקטור הגעה 110° > 90°). הקווים על צירי נסיעה הפוכים — אין בסיס להשוואת מרחקים."
"לא ניתן להשוואה","76","אגד","detour","מלל/יערי","צה''ל/חבצלת","296","0.75","30","22.5","1.36","32.77959","35.01403","לא ניתן להשוואה — כיווניות מנוגדת: קו 296 מגיע לתחנה המשותפת מצד מנוגד (הפרש וקטור הגעה 110° > 90°). הקווים על צירי נסיעה הפוכים — אין בסיס להשוואת מרחקים."
"אמיתי","6","דן בדרום","detour","נווה דקלים/כפר דרום","גני טל/נווה דקלים","4","0.745","49","36.5","3.96","31.41677","34.5701","המסלול מתקדם ואז חוזר 159 מ' לאחור על צירו (לולאה/הלוך-חזור) בין ""נווה דקלים/כפר דרום"" ל-""גני טל/נווה דקלים"", בעוד קו 4 עובר ישר — נסיעה כפולה על אותו כביש, עיקוף אמיתי. המדידה מתחילה מתחנת-התקלה, ללא תלות בכיוון-ההגעה הקודם."
"ספק","78","אלקטרה אפיקים","ניווט","כיכר המפרשיות/אקסודוס","נחל שורק/נחל ליטני","","0.745","1","0.7","1.61","31.79409","34.63331","המסלול בין התחנות ארוך פי 1.61 מהדרך הקצרה ברכב (1223 מ', הגעה לכל תחנה מצד הדלת). ייתכן נתיב תח""צ, איסור פנייה או מסוף — לבדיקה."
"ספק","7","תנופה","ניווט","הארבל/הגעתון","החרמון/הארבל","","0.744","1","0.7","1.96","32.13228","35.00618","המסלול בין התחנות ארוך פי 1.96 מהדרך הקצרה ברכב (773 מ', הגעה לכל תחנה מצד הדלת). ייתכן נתיב תח""צ, איסור פנייה או מסוף — לבדיקה."
"לא ניתן להשוואה","253","אלקטרה אפיקים","detour","ת. רכבת תל אביב - סבידור/דרך נמיר","דרך נמיר/פנקס","72","0.739","13","9.6","1.77","32.08348","34.79501","לא ניתן להשוואה — הקו הנבדק מגיע לתחנה ""ת. רכבת תל אביב - סבידור/דרך נמיר"" מתחנה קודמת (ת. רכבת תל אביב- סבידור/רציפים A) הרחוקה 374 מ' מזו של קו 72 (דרך נמיר/דרך מנחם בגין). צירי-הכניסה שונים לגמרי — הקווים אינם חולקים את אותו מקטע, אין בסיס להשוואת מרחקים."
"ספק","62","תנופה","ניווט","אולם אירועים/הגאון מוילנה","רבי מאיר מפרימישלן/הרב מירב","","0.739","1","0.7","1.84","32.16036","35.13534","המסלול בין התחנות ארוך פי 1.84 מהדרך הקצרה ברכב (884 מ', הגעה לכל תחנה מצד הדלת). ייתכן נתיב תח""צ, איסור פנייה או מסוף — לבדיקה."
"ספק","19","קווים","ניווט","הנורית/מחתרת","הנוטר/הניצן","","0.73","1","0.7","2.11","32.277","34.88348","המסלול בין התחנות ארוך פי 2.11 מהדרך הקצרה ברכב (657 מ', הגעה לכל תחנה מצד הדלת). ייתכן נתיב תח""צ, איסור פנייה או מסוף — לבדיקה."
"ספק","1","קווים","ניווט","הנורית/מחתרת","הנוטר/הניצן","","0.73","2","1.5","2.11","32.277","34.88348","המסלול בין התחנות ארוך פי 2.11 מהדרך הקצרה ברכב (657 מ', הגעה לכל תחנה מצד הדלת). ייתכן נתיב תח""צ, איסור פנייה או מסוף — לבדיקה."
"ספק","91","נתיב אקספרס","ניווט","פרומצנקו/רימוני","כיכר הדלי","","0.728","3","2.2","2.58","32.9619","35.4988","המסלול בין התחנות ארוך פי 2.58 מהדרך הקצרה ברכב (462 מ', הגעה לכל תחנה מצד הדלת). ייתכן נתיב תח""צ, איסור פנייה או מסוף — לבדיקה."
"ספק","6","דן","ניווט","שד' העצמאות/שמחה הולצברג","רוטשילד/שדרות העצמאות","","0.718","11","7.9","3.31","32.0292","34.74953","המסלול בין התחנות ארוך פי 3.31 מהדרך הקצרה ברכב (310 מ', הגעה לכל תחנה מצד הדלת). ייתכן נתיב תח""צ, איסור פנייה או מסוף — לבדיקה."
"ספק","336","אלקטרה אפיקים","ניווט","המגינים/המלקוש","המגינים/בן גוריון","","0.717","4","2.9","1.95","31.794","34.70665","המסלול בין התחנות ארוך פי 1.95 מהדרך הקצרה ברכב (758 מ', הגעה לכל תחנה מצד הדלת). ייתכן נתיב תח""צ, איסור פנייה או מסוף — לבדיקה."
"ספק","6","דן","ניווט","שד' העצמאות/שמחה הולצברג","רוטשילד/שדרות העצמאות","","0.713","37","26.4","3.3","32.0292","34.74953","המסלול בין התחנות ארוך פי 3.30 מהדרך הקצרה ברכב (310 מ', הגעה לכל תחנה מצד הדלת). ייתכן נתיב תח""צ, איסור פנייה או מסוף — לבדיקה."
"ספק","91","נתיב אקספרס","ניווט","פרומצנקו/רימוני","מרכז רסקו/חיים וייצמן","","0.704","2","1.4","1.83","32.9619","35.4988","המסלול בין התחנות ארוך פי 1.83 מהדרך הקצרה ברכב (843 מ', הגעה לכל תחנה מצד הדלת). ייתכן נתיב תח""צ, איסור פנייה או מסוף — לבדיקה."
"ספק","42א","אגד","ניווט","טובים/העתיד","טובים/מקורות","","0.698","14","9.8","2.67","32.80902","35.01507","המסלול בין התחנות ארוך פי 2.67 מהדרך הקצרה ברכב (419 מ', הגעה לכל תחנה מצד הדלת). ייתכן נתיב תח""צ, איסור פנייה או מסוף — לבדיקה."
"ספק","9","אגד","ניווט","מחנה בן עמי","מחנה בן עמי/יציאה","","0.695","27","18.8","1.87","31.97762","34.9419","המסלול בין התחנות ארוך פי 1.87 מהדרך הקצרה ברכב (802 מ', הגעה לכל תחנה מצד הדלת). ייתכן נתיב תח""צ, איסור פנייה או מסוף — לבדיקה."
"ספק","84","קווים","ניווט","בי''ס ניסויי יחד מודיעין","מרדכי (מוטה) גור/עמק בית שאן","","0.695","3","2.1","4.66","31.91454","35.00078","המסלול בין התחנות ארוך פי 4.66 מהדרך הקצרה ברכב (190 מ', הגעה לכל תחנה מצד הדלת). ייתכן נתיב תח""צ, איסור פנייה או מסוף — לבדיקה."
"ספק","252","אלקטרה אפיקים תחבורה","ניווט","מזכירות","תמר/גפן","","0.694","6","4.2","3.44","31.38792","35.01202","המסלול בין התחנות ארוך פי 3.44 מהדרך הקצרה ברכב (284 מ', הגעה לכל תחנה מצד הדלת). ייתכן נתיב תח""צ, איסור פנייה או מסוף — לבדיקה."
"ספק","252","אלקטרה אפיקים תחבורה","ניווט","מזכירות","תמר/גפן","","0.694","6","4.2","3.44","31.38792","35.01202","המסלול בין התחנות ארוך פי 3.44 מהדרך הקצרה ברכב (284 מ', הגעה לכל תחנה מצד הדלת). ייתכן נתיב תח""צ, איסור פנייה או מסוף — לבדיקה."
"לא ניתן להשוואה","96","סופרבוס","detour","כיכר הגיבורים/היסמין","בית ספר אורנים/לילך","97","0.692","1","0.7","3.43","32.65897","35.10943","לא ניתן להשוואה — קו 97 מתחיל/מסיים את מסלולו באחת התחנות (תחנת-קצה), ולכן אינו מסדרון-מעבר תקף: הוא עושה משם קפיצה ישירה קצרה, בעוד הקו הנבדק עשוי לבצע לולאת-שירות לגיטימית באמצע מסלולו. אין בסיס להשוואת מרחקים."
"ספק","10","אגד","ניווט","בית אלמוג/המלאכה","מרכז ביג/הסתת","","0.691","2","1.4","2.26","29.56363","34.95852","המסלול בין התחנות ארוך פי 2.26 מהדרך הקצרה ברכב (549 מ', הגעה לכל תחנה מצד הדלת). ייתכן נתיב תח""צ, איסור פנייה או מסוף — לבדיקה."
"ספק","88","קווים","ניווט","בי''ס ניסויי יחד מודיעין","מרדכי (מוטה) גור/דוד אלעזר","","0.686","2","1.4","2.6","31.91454","35.00078","המסלול בין התחנות ארוך פי 2.60 מהדרך הקצרה ברכב (428 מ', הגעה לכל תחנה מצד הדלת). ייתכן נתיב תח""צ, איסור פנייה או מסוף — לבדיקה."
"ספק","96","אגד","ניווט","דרך בן גוריון/כצנלסון","וייצמן/קפלן","","0.685","29","19.9","1.82","32.01595","34.81496","המסלול בין התחנות ארוך פי 1.82 מהדרך הקצרה ברכב (830 מ', הגעה לכל תחנה מצד הדלת). ייתכן נתיב תח""צ, איסור פנייה או מסוף — לבדיקה."
"ספק","6","סופרבוס","ניווט","אלחדיף/אילת","ת. מרכזית טבריה/הורדה","","0.685","33","22.6","2.4","32.78966","35.53975","המסלול בין התחנות ארוך פי 2.40 מהדרך הקצרה ברכב (490 מ', הגעה לכל תחנה מצד הדלת). ייתכן נתיב תח""צ, איסור פנייה או מסוף — לבדיקה."
"ספק","296","אגד","ניווט","דרך בן גוריון/כצנלסון","וייצמן/קפלן","","0.685","3","2.1","1.82","32.01595","34.81496","המסלול בין התחנות ארוך פי 1.82 מהדרך הקצרה ברכב (830 מ', הגעה לכל תחנה מצד הדלת). ייתכן נתיב תח""צ, איסור פנייה או מסוף — לבדיקה."
"אמיתי","614","מטרופולין","detour","עזרא/דמשק אליעזר","עזרא/שלמה המלך","292","0.683","14","9.6","2.36","32.07656","34.83618","המסלול מתקדם ואז חוזר 199 מ' לאחור על צירו (לולאה/הלוך-חזור) בין ""עזרא/דמשק אליעזר"" ל-""עזרא/שלמה המלך"", בעוד קו 292 עובר ישר — נסיעה כפולה על אותו כביש, עיקוף אמיתי. המדידה מתחילה מתחנת-התקלה, ללא תלות בכיוון-ההגעה הקודם."
"ספק","265","אלקטרה אפיקים תחבורה","ניווט","החלמונית/הניסנית","כפר אלדד","","0.681","3","2","2.78","31.65055","35.25254","המסלול בין התחנות ארוך פי 2.78 מהדרך הקצרה ברכב (382 מ', הגעה לכל תחנה מצד הדלת). ייתכן נתיב תח""צ, איסור פנייה או מסוף — לבדיקה."
"ספק","374","אלקטרה אפיקים תחבורה","ניווט","החלמונית/הניסנית","כפר אלדד","","0.681","13","8.9","2.78","31.65055","35.25254","המסלול בין התחנות ארוך פי 2.78 מהדרך הקצרה ברכב (382 מ', הגעה לכל תחנה מצד הדלת). ייתכן נתיב תח""צ, איסור פנייה או מסוף — לבדיקה."
"ספק","265","אלקטרה אפיקים תחבורה","ניווט","החלמונית/הניסנית","כפר אלדד","","0.681","2","1.4","2.78","31.65055","35.25254","המסלול בין התחנות ארוך פי 2.78 מהדרך הקצרה ברכב (382 מ', הגעה לכל תחנה מצד הדלת). ייתכן נתיב תח""צ, איסור פנייה או מסוף — לבדיקה."
"ספק","366","אלקטרה אפיקים תחבורה","ניווט","החלמונית/הניסנית","כפר אלדד","","0.681","5","3.4","2.78","31.65055","35.25254","המסלול בין התחנות ארוך פי 2.78 מהדרך הקצרה ברכב (382 מ', הגעה לכל תחנה מצד הדלת). ייתכן נתיב תח""צ, איסור פנייה או מסוף — לבדיקה."
"ספק","366","אלקטרה אפיקים תחבורה","ניווט","החלמונית/הניסנית","כפר אלדד","","0.681","4","2.7","2.78","31.65055","35.25254","המסלול בין התחנות ארוך פי 2.78 מהדרך הקצרה ברכב (382 מ', הגעה לכל תחנה מצד הדלת). ייתכן נתיב תח""צ, איסור פנייה או מסוף — לבדיקה."
"ספק","374","אלקטרה אפיקים תחבורה","ניווט","החלמונית/הניסנית","כפר אלדד","","0.681","10","6.8","2.78","31.65055","35.25254","המסלול בין התחנות ארוך פי 2.78 מהדרך הקצרה ברכב (382 מ', הגעה לכל תחנה מצד הדלת). ייתכן נתיב תח""צ, איסור פנייה או מסוף — לבדיקה."
"ספק","43","אלקטרה אפיקים תחבורה","ניווט","החלמונית/הניסנית","כפר אלדד","","0.681","3","2","2.78","31.65055","35.25254","המסלול בין התחנות ארוך פי 2.78 מהדרך הקצרה ברכב (382 מ', הגעה לכל תחנה מצד הדלת). ייתכן נתיב תח""צ, איסור פנייה או מסוף — לבדיקה."
"ספק","43","אלקטרה אפיקים תחבורה","ניווט","החלמונית/הניסנית","כפר אלדד","","0.681","3","2","2.78","31.65055","35.25254","המסלול בין התחנות ארוך פי 2.78 מהדרך הקצרה ברכב (382 מ', הגעה לכל תחנה מצד הדלת). ייתכן נתיב תח""צ, איסור פנייה או מסוף — לבדיקה."
"לא ניתן להשוואה","102","אגד","detour","עליאש","ת. מרכזית ירושלים/יפו","262","0.679","1","0.7","1.41","31.7823","35.21554","לא ניתן להשוואה — סדר תחנות שונה: קו 262 עובר דרך 2 תחנת/ות ביניים נוספת/ות בין ""עליאש"" ל-""ת. מרכזית ירושלים/יפו"" (A→…→B), בעוד הקו הנבדק עובר ישירות. זו בחירת תכנון מסלול, לא עיקוף — אין משמעות ליחס-מרחקים."
"לא ניתן להשוואה","4","סופרבוס","detour","קרן היסוד/ששת הימים","ששת הימים/הנשיאים","15","0.675","27","18.2","4.61","32.67191","35.24359","לא ניתן להשוואה — קו 15 מתחיל/מסיים את מסלולו באחת התחנות (תחנת-קצה), ולכן אינו מסדרון-מעבר תקף: הוא עושה משם קפיצה ישירה קצרה, בעוד הקו הנבדק עשוי לבצע לולאת-שירות לגיטימית באמצע מסלולו. אין בסיס להשוואת מרחקים."
"ספק","39","נתיב אקספרס","ניווט","גולן/כביש 854","שדרות מ''ג המעפילים/מחלף יפה נוף","","0.675","8","5.4","1.59","33.00134","35.28163","המסלול בין התחנות ארוך פי 1.59 מהדרך הקצרה ברכב (1154 מ', הגעה לכל תחנה מצד הדלת). ייתכן נתיב תח""צ, איסור פנייה או מסוף — לבדיקה."
"ספק","208","אגד","ניווט","רכבל/העלייה השנייה","העליה השניה/אלישע","","0.674","7","4.7","2.37","32.83116","34.97094","המסלול בין התחנות ארוך פי 2.37 מהדרך הקצרה ברכב (491 מ', הגעה לכל תחנה מצד הדלת). ייתכן נתיב תח""צ, איסור פנייה או מסוף — לבדיקה."
"ספק","14","אגד","ניווט","רכבל/העלייה השנייה","העליה השניה/אלישע","","0.674","9","6.1","2.37","32.83116","34.97094","המסלול בין התחנות ארוך פי 2.37 מהדרך הקצרה ברכב (491 מ', הגעה לכל תחנה מצד הדלת). ייתכן נתיב תח""צ, איסור פנייה או מסוף — לבדיקה."
"ספק","19","אגד","ניווט","רכבל/העלייה השנייה","העליה השניה/אלישע","","0.674","9","6.1","2.37","32.83116","34.97094","המסלול בין התחנות ארוך פי 2.37 מהדרך הקצרה ברכב (491 מ', הגעה לכל תחנה מצד הדלת). ייתכן נתיב תח""צ, איסור פנייה או מסוף — לבדיקה."
"ספק","19","אגד","ניווט","רכבל/העלייה השנייה","העליה השניה/אלישע","","0.674","3","2","2.37","32.83116","34.97094","המסלול בין התחנות ארוך פי 2.37 מהדרך הקצרה ברכב (491 מ', הגעה לכל תחנה מצד הדלת). ייתכן נתיב תח""צ, איסור פנייה או מסוף — לבדיקה."
"ספק","16","אגד","ניווט","רכבל/העלייה השנייה","העליה השניה/אלישע","","0.674","46","31","2.37","32.83116","34.97094","המסלול בין התחנות ארוך פי 2.37 מהדרך הקצרה ברכב (491 מ', הגעה לכל תחנה מצד הדלת). ייתכן נתיב תח""צ, איסור פנייה או מסוף — לבדיקה."
"ספק","9","סופרבוס","ניווט","מסוף מגדל העמק","שדרות הבנים/תדהר","","0.674","26","17.5","2.39","32.67932","35.23905","המסלול בין התחנות ארוך פי 2.39 מהדרך הקצרה ברכב (487 מ', הגעה לכל תחנה מצד הדלת). ייתכן נתיב תח""צ, איסור פנייה או מסוף — לבדיקה."
"ספק","99א","אגד","ניווט","רכבל/העלייה השנייה","העליה השניה/אלישע","","0.674","1","0.7","2.37","32.83116","34.97094","המסלול בין התחנות ארוך פי 2.37 מהדרך הקצרה ברכב (491 מ', הגעה לכל תחנה מצד הדלת). ייתכן נתיב תח""צ, איסור פנייה או מסוף — לבדיקה."
"ספק","9א","סופרבוס","ניווט","מסוף מגדל העמק","שדרות הבנים/תדהר","","0.674","18","12.1","2.39","32.67932","35.23905","המסלול בין התחנות ארוך פי 2.39 מהדרך הקצרה ברכב (487 מ', הגעה לכל תחנה מצד הדלת). ייתכן נתיב תח""צ, איסור פנייה או מסוף — לבדיקה."
"ספק","217","אגד","ניווט","רכבל/העלייה השנייה","העליה השניה/אלישע","","0.674","5","3.4","2.37","32.83116","34.97094","המסלול בין התחנות ארוך פי 2.37 מהדרך הקצרה ברכב (491 מ', הגעה לכל תחנה מצד הדלת). ייתכן נתיב תח""צ, איסור פנייה או מסוף — לבדיקה."
"ספק","40א","אגד","ניווט","רכבל/העלייה השנייה","העליה השניה/אלישע","","0.673","40","26.9","2.37","32.83116","34.97094","המסלול בין התחנות ארוך פי 2.37 מהדרך הקצרה ברכב (491 מ', הגעה לכל תחנה מצד הדלת). ייתכן נתיב תח""צ, איסור פנייה או מסוף — לבדיקה."
"ספק","14","אגד","ניווט","רכבל/העלייה השנייה","העליה השניה/אלישע","","0.673","2","1.3","2.37","32.83116","34.97094","המסלול בין התחנות ארוך פי 2.37 מהדרך הקצרה ברכב (491 מ', הגעה לכל תחנה מצד הדלת). ייתכן נתיב תח""צ, איסור פנייה או מסוף — לבדיקה."
"ספק","40א","אגד","ניווט","רכבל/העלייה השנייה","העליה השניה/אלישע","","0.673","2","1.3","2.37","32.83116","34.97094","המסלול בין התחנות ארוך פי 2.37 מהדרך הקצרה ברכב (491 מ', הגעה לכל תחנה מצד הדלת). ייתכן נתיב תח""צ, איסור פנייה או מסוף — לבדיקה."
"ספק","35","נתיב אקספרס","ניווט","בית העם","רח 120/מינימרקט","","0.671","9","6","1.54","32.95997","35.17618","המסלול בין התחנות ארוך פי 1.54 מהדרך הקצרה ברכב (1252 מ', הגעה לכל תחנה מצד הדלת). ייתכן נתיב תח""צ, איסור פנייה או מסוף — לבדיקה."
"לא ניתן להשוואה","62","אגד","detour","נילי/קדש","הכובשים/הגדעונים","60","0.67","1","0.7","1.76","32.57156","34.94657","לא ניתן להשוואה — סדר תחנות שונה: קו 60 עובר דרך 2 תחנת/ות ביניים נוספת/ות בין ""נילי/קדש"" ל-""הכובשים/הגדעונים"" (A→…→B), בעוד הקו הנבדק עובר ישירות. זו בחירת תכנון מסלול, לא עיקוף — אין משמעות ליחס-מרחקים."
"ספק","99","נתיב אקספרס","ניווט","צומת נהריה","הרצל/המייסדים","","0.668","1","0.7","2.13","33.00606","35.09838","המסלול בין התחנות ארוך פי 2.13 מהדרך הקצרה ברכב (592 מ', הגעה לכל תחנה מצד הדלת). ייתכן נתיב תח""צ, איסור פנייה או מסוף — לבדיקה."
"ספק","81","קווים","ניווט","רבי אלעזר המודעי/הגר''א","רוז'ין/ הטוב והמטיב","","0.668","1","0.7","2.37","31.69673","35.12052","המסלול בין התחנות ארוך פי 2.37 מהדרך הקצרה ברכב (489 מ', הגעה לכל תחנה מצד הדלת). ייתכן נתיב תח""צ, איסור פנייה או מסוף — לבדיקה."
"ספק","99","מטרופולין","ניווט","רבוצקי/דוד אלעזר","ציפמן/הגדנ''ע","","0.667","1","0.7","1.85","32.18273","34.88582","המסלול בין התחנות ארוך פי 1.85 מהדרך הקצרה ברכב (782 מ', הגעה לכל תחנה מצד הדלת). ייתכן נתיב תח""צ, איסור פנייה או מסוף — לבדיקה."
"ספק","90","מטרופולין","ניווט","רבוצקי/דוד אלעזר","ציפמן/הגדנ''ע","","0.667","1","0.7","1.85","32.18273","34.88582","המסלול בין התחנות ארוך פי 1.85 מהדרך הקצרה ברכב (782 מ', הגעה לכל תחנה מצד הדלת). ייתכן נתיב תח""צ, איסור פנייה או מסוף — לבדיקה."
"ספק","11","אלקטרה אפיקים","ניווט","כיכר אלי כהן / הרב שלום שבזי","המוביל הארצי","","0.666","23","15.3","2.4","32.09928","34.94153","המסלול בין התחנות ארוך פי 2.40 מהדרך הקצרה ברכב (477 מ', הגעה לכל תחנה מצד הדלת). ייתכן נתיב תח""צ, איסור פנייה או מסוף — לבדיקה."
"ספק","35","נתיב אקספרס","ניווט","רח 120/מינימרקט","בית העם","","0.665","9","6","1.53","32.95804","35.16718","המסלול בין התחנות ארוך פי 1.53 מהדרך הקצרה ברכב (1264 מ', הגעה לכל תחנה מצד הדלת). ייתכן נתיב תח""צ, איסור פנייה או מסוף — לבדיקה."
"ספק","19","קווים","ניווט","הנורית/מחתרת","הנוטר/הניצן","","0.664","1","0.7","2.01","32.277","34.88348","המסלול בין התחנות ארוך פי 2.01 מהדרך הקצרה ברכב (657 מ', הגעה לכל תחנה מצד הדלת). ייתכן נתיב תח""צ, איסור פנייה או מסוף — לבדיקה."
"ספק","1","קווים","ניווט","הנורית/מחתרת","הנוטר/הניצן","","0.664","2","1.3","2.01","32.277","34.88348","המסלול בין התחנות ארוך פי 2.01 מהדרך הקצרה ברכב (657 מ', הגעה לכל תחנה מצד הדלת). ייתכן נתיב תח""צ, איסור פנייה או מסוף — לבדיקה."
"ספק","5","קווים","ניווט","הנורית/מחתרת","הנוטר/הניצן","","0.664","1","0.7","2.01","32.277","34.88348","המסלול בין התחנות ארוך פי 2.01 מהדרך הקצרה ברכב (657 מ', הגעה לכל תחנה מצד הדלת). ייתכן נתיב תח""צ, איסור פנייה או מסוף — לבדיקה."
"ספק","14א","אגד","ניווט","רכבל/העלייה השנייה","העליה השניה/אלישע","","0.664","3","2","2.35","32.83116","34.97094","המסלול בין התחנות ארוך פי 2.35 מהדרך הקצרה ברכב (491 מ', הגעה לכל תחנה מצד הדלת). ייתכן נתיב תח""צ, איסור פנייה או מסוף — לבדיקה."
"ספק","23","קווים","ניווט","הנורית/מחתרת","הנוטר/הניצן","","0.664","2","1.3","2.01","32.277","34.88348","המסלול בין התחנות ארוך פי 2.01 מהדרך הקצרה ברכב (657 מ', הגעה לכל תחנה מצד הדלת). ייתכן נתיב תח""צ, איסור פנייה או מסוף — לבדיקה."
"ספק","40","אגד","ניווט","רכבל/העלייה השנייה","העליה השניה/אלישע","","0.663","28","18.6","2.35","32.83116","34.97094","המסלול בין התחנות ארוך פי 2.35 מהדרך הקצרה ברכב (491 מ', הגעה לכל תחנה מצד הדלת). ייתכן נתיב תח""צ, איסור פנייה או מסוף — לבדיקה."
"ספק","356","סופרבוס","ניווט","ת.מרכזית עפולה/הורדה","הספרייה העירונית/יצחק רבין","","0.657","3","2","2.07","32.60924","35.29255","המסלול בין התחנות ארוך פי 2.07 מהדרך הקצרה ברכב (615 מ', הגעה לכל תחנה מצד הדלת). ייתכן נתיב תח""צ, איסור פנייה או מסוף — לבדיקה."
"ספק","42א","אגד","ניווט","רכבל/העלייה השנייה","העליה השניה/אלישע","","0.656","14","9.2","2.34","32.83116","34.97094","המסלול בין התחנות ארוך פי 2.34 מהדרך הקצרה ברכב (491 מ', הגעה לכל תחנה מצד הדלת). ייתכן נתיב תח""צ, איסור פנייה או מסוף — לבדיקה."
"ספק","22","אגד","ניווט","הגדעונים/הכובשים","הכובשים/החיטה","","0.655","1","0.7","1.66","32.56602","34.94575","המסלול בין התחנות ארוך פי 1.66 מהדרך הקצרה ברכב (995 מ', הגעה לכל תחנה מצד הדלת). ייתכן נתיב תח""צ, איסור פנייה או מסוף — לבדיקה."
"ספק","354","סופרבוס","ניווט","ת.מרכזית עפולה/הורדה","קאנטרי קלאב/שדרות יצחק רבין","","0.653","3","2","1.6","32.60924","35.29255","המסלול בין התחנות ארוך פי 1.60 מהדרך הקצרה ברכב (1081 מ', הגעה לכל תחנה מצד הדלת). ייתכן נתיב תח""צ, איסור פנייה או מסוף — לבדיקה."
"ספק","51","קווים","ניווט","יוסף שפרינצק/מוצקין","פרנקל/בורכוב","","0.651","1","0.7","1.73","31.93534","34.86907","המסלול בין התחנות ארוך פי 1.73 מהדרך הקצרה ברכב (897 מ', הגעה לכל תחנה מצד הדלת). ייתכן נתיב תח""צ, איסור פנייה או מסוף — לבדיקה."
"ספק","36","אלקטרה אפיקים","ניווט","שדרות הבנים/השקד","שתולים/3703","","0.649","5","3.2","1.75","31.77298","34.68422","המסלול בין התחנות ארוך פי 1.75 מהדרך הקצרה ברכב (865 מ', הגעה לכל תחנה מצד הדלת). ייתכן נתיב תח""צ, איסור פנייה או מסוף — לבדיקה."
"ספק","140","אלקטרה אפיקים","ניווט","שדרות הבנים/השקד","שתולים/3703","","0.649","9","5.8","1.75","31.77298","34.68422","המסלול בין התחנות ארוך פי 1.75 מהדרך הקצרה ברכב (865 מ', הגעה לכל תחנה מצד הדלת). ייתכן נתיב תח""צ, איסור פנייה או מסוף — לבדיקה."
"ספק","188","תנופה","ניווט","אלון/ניצנים","בית כנסת היכל רפאל/משעול החצב","","0.649","1","0.6","2.09","32.17111","35.08591","המסלול בין התחנות ארוך פי 2.09 מהדרך הקצרה ברכב (598 מ', הגעה לכל תחנה מצד הדלת). ייתכן נתיב תח""צ, איסור פנייה או מסוף — לבדיקה."
"ספק","20","תנופה","ניווט","רמת אלקנה/הדולב","רמת אלקנה/יציאה","","0.639","7","4.5","4.13","32.11359","35.04335","המסלול בין התחנות ארוך פי 4.13 מהדרך הקצרה ברכב (204 מ', הגעה לכל תחנה מצד הדלת). ייתכן נתיב תח""צ, איסור פנייה או מסוף — לבדיקה."
"ספק","122","גי.בי.טורס","ניווט","לשם/הברקת","צומת פארק תעשיות קדמת","","0.639","8","5.1","1.56","32.78555","35.46641","המסלול בין התחנות ארוך פי 1.56 מהדרך הקצרה ברכב (1143 מ', הגעה לכל תחנה מצד הדלת). ייתכן נתיב תח""צ, איסור פנייה או מסוף — לבדיקה."
"ספק","123","גי.בי.טורס","ניווט","לשם/הברקת","צומת פארק תעשיות קדמת","","0.639","5","3.2","1.56","32.78555","35.46641","המסלול בין התחנות ארוך פי 1.56 מהדרך הקצרה ברכב (1143 מ', הגעה לכל תחנה מצד הדלת). ייתכן נתיב תח""צ, איסור פנייה או מסוף — לבדיקה."
"ספק","4","דן","ניווט","נחמיה/עזרא","עזרא/הרב כהנמן","","0.639","8","5.1","2.3","32.07908","34.83709","המסלול בין התחנות ארוך פי 2.30 מהדרך הקצרה ברכב (492 מ', הגעה לכל תחנה מצד הדלת). ייתכן נתיב תח""צ, איסור פנייה או מסוף — לבדיקה."
"ספק","53","דן","ניווט","נחמיה/חזון אי''ש","עזרא/הרב כהנמן","","0.639","9","5.7","1.9","32.07964","34.83491","המסלול בין התחנות ארוך פי 1.90 מהדרך הקצרה ברכב (707 מ', הגעה לכל תחנה מצד הדלת). ייתכן נתיב תח""צ, איסור פנייה או מסוף — לבדיקה."
"ספק","81","קווים","ניווט","עמק האלה/ לב העמק","זכריה הנביא/עמק האלה","","0.636","2","1.3","1.76","31.91381","35.00741","המסלול בין התחנות ארוך פי 1.76 מהדרך הקצרה ברכב (842 מ', הגעה לכל תחנה מצד הדלת). ייתכן נתיב תח""צ, איסור פנייה או מסוף — לבדיקה."
"ספק","12","אגד","ניווט","דרכי חיים א'","סביון/דרכי חיים","","0.634","37","23.5","3.64","32.75646","35.10267","המסלול בין התחנות ארוך פי 3.64 מהדרך הקצרה ברכב (240 מ', הגעה לכל תחנה מצד הדלת). ייתכן נתיב תח""צ, איסור פנייה או מסוף — לבדיקה."
"ספק","29","אגד","ניווט","דרכי חיים א'","סביון/דרכי חיים","","0.634","28","17.7","3.64","32.75646","35.10267","המסלול בין התחנות ארוך פי 3.64 מהדרך הקצרה ברכב (240 מ', הגעה לכל תחנה מצד הדלת). ייתכן נתיב תח""צ, איסור פנייה או מסוף — לבדיקה."
"ספק","30","אגד","ניווט","דרכי חיים א'","סביון/דרכי חיים","","0.634","28","17.7","3.64","32.75646","35.10267","המסלול בין התחנות ארוך פי 3.64 מהדרך הקצרה ברכב (240 מ', הגעה לכל תחנה מצד הדלת). ייתכן נתיב תח""צ, איסור פנייה או מסוף — לבדיקה."
"ספק","302","אלקטרה אפיקים","ניווט","מעיין/אפיק","יהושע בן נון/אפיק","","0.631","2","1.3","3.61","32.10555","34.9458","המסלול בין התחנות ארוך פי 3.61 מהדרך הקצרה ברכב (242 מ', הגעה לכל תחנה מצד הדלת). ייתכן נתיב תח""צ, איסור פנייה או מסוף — לבדיקה."
"ספק","190","סופרבוס","ניווט","אלונים/כיכר בן גוריון","אלונים/בריכה","","0.628","4","2.5","2.81","32.72228","35.13033","המסלול בין התחנות ארוך פי 2.81 מהדרך הקצרה ברכב (348 מ', הגעה לכל תחנה מצד הדלת). ייתכן נתיב תח""צ, איסור פנייה או מסוף — לבדיקה."
"ספק","190","סופרבוס","ניווט","אלונים/כיכר בן גוריון","אלונים/בריכה","","0.628","1","0.6","2.81","32.72228","35.13033","המסלול בין התחנות ארוך פי 2.81 מהדרך הקצרה ברכב (348 מ', הגעה לכל תחנה מצד הדלת). ייתכן נתיב תח""צ, איסור פנייה או מסוף — לבדיקה."
"ספק","122","גי.בי.טורס","ניווט","לשם/הברקת","פארק תעשיה קדמת","","0.627","7","4.4","1.86","32.78555","35.46641","המסלול בין התחנות ארוך פי 1.86 מהדרך הקצרה ברכב (728 מ', הגעה לכל תחנה מצד הדלת). ייתכן נתיב תח""צ, איסור פנייה או מסוף — לבדיקה."
"ספק","123","גי.בי.טורס","ניווט","לשם/הברקת","פארק תעשיה קדמת","","0.627","5","3.1","1.86","32.78555","35.46641","המסלול בין התחנות ארוך פי 1.86 מהדרך הקצרה ברכב (728 מ', הגעה לכל תחנה מצד הדלת). ייתכן נתיב תח""צ, איסור פנייה או מסוף — לבדיקה."
"ספק","302","אלקטרה אפיקים","ניווט","מעיין/אפיק","יהושע בן נון/כנפי נשרים","","0.62","7","4.3","2.67","32.10555","34.9458","המסלול בין התחנות ארוך פי 2.67 מהדרך הקצרה ברכב (372 מ', הגעה לכל תחנה מצד הדלת). ייתכן נתיב תח""צ, איסור פנייה או מסוף — לבדיקה."
"ספק","38א","סופרבוס","ניווט","חטיבת ירושלים/ יצחק קריב","הר ציון/מעלה השלום","","0.62","73","45.3","1.52","31.7752","35.22705","המסלול בין התחנות ארוך פי 1.52 מהדרך הקצרה ברכב (1200 מ', הגעה לכל תחנה מצד הדלת). ייתכן נתיב תח""צ, איסור פנייה או מסוף — לבדיקה."
"ספק","991","נתיב אקספרס","ניווט","הרצל/שבטי ישראל","צומת עפולה עילית/קופ''ח","","0.616","4","2.5","1.88","32.63203","35.33128","המסלול בין התחנות ארוך פי 1.88 מהדרך הקצרה ברכב (699 מ', הגעה לכל תחנה מצד הדלת). ייתכן נתיב תח""צ, איסור פנייה או מסוף — לבדיקה."
"לא ניתן להשוואה","19","קווים","detour","האלה/תל צור","העצמאות/הפטל","16","0.614","1","0.6","2.16","32.27548","34.89197","לא ניתן להשוואה — קו 16 מתחיל/מסיים את מסלולו באחת התחנות (תחנת-קצה), ולכן אינו מסדרון-מעבר תקף: הוא עושה משם קפיצה ישירה קצרה, בעוד הקו הנבדק עשוי לבצע לולאת-שירות לגיטימית באמצע מסלולו. אין בסיס להשוואת מרחקים."
"לא ניתן להשוואה","19","קווים","detour","האלה/תל צור","העצמאות/הפטל","16","0.614","1","0.6","2.16","32.27548","34.89197","לא ניתן להשוואה — קו 16 מתחיל/מסיים את מסלולו באחת התחנות (תחנת-קצה), ולכן אינו מסדרון-מעבר תקף: הוא עושה משם קפיצה ישירה קצרה, בעוד הקו הנבדק עשוי לבצע לולאת-שירות לגיטימית באמצע מסלולו. אין בסיס להשוואת מרחקים."
"ספק","22","מטרופולין","ניווט","ת.רק''ל העמל/קרן היסוד","הרב ניסנבאום/הרב מיימון","","0.614","40","24.6","1.95","32.00512","34.7493","המסלול בין התחנות ארוך פי 1.95 מהדרך הקצרה ברכב (648 מ', הגעה לכל תחנה מצד הדלת). ייתכן נתיב תח""צ, איסור פנייה או מסוף — לבדיקה."
"ספק","31","נתיב אקספרס","ניווט","מצפה ראש הנקרה","בית הבראה לשוטר","","0.61","8","4.9","1.75","33.09271","35.10702","המסלול בין התחנות ארוך פי 1.75 מהדרך הקצרה ברכב (814 מ', הגעה לכל תחנה מצד הדלת). ייתכן נתיב תח""צ, איסור פנייה או מסוף — לבדיקה."
"ספק","31","נתיב אקספרס","ניווט","מצפה ראש הנקרה","בית הבראה לשוטר","","0.61","8","4.9","1.75","33.09271","35.10702","המסלול בין התחנות ארוך פי 1.75 מהדרך הקצרה ברכב (814 מ', הגעה לכל תחנה מצד הדלת). ייתכן נתיב תח""צ, איסור פנייה או מסוף — לבדיקה."
"ספק","333","אלקטרה אפיקים","ניווט","ת. מרכזית אשדוד/רציפים","קרן היסוד/הרב שאולי","","0.604","1","0.6","1.62","31.79093","34.63906","המסלול בין התחנות ארוך פי 1.62 מהדרך הקצרה ברכב (972 מ', הגעה לכל תחנה מצד הדלת). ייתכן נתיב תח""צ, איסור פנייה או מסוף — לבדיקה."
"ספק","212","אלקטרה אפיקים","ניווט","ת. מרכזית אשדוד/רציפים","קרן היסוד/הרב שאולי","","0.604","33","19.9","1.62","31.79093","34.63906","המסלול בין התחנות ארוך פי 1.62 מהדרך הקצרה ברכב (972 מ', הגעה לכל תחנה מצד הדלת). ייתכן נתיב תח""צ, איסור פנייה או מסוף — לבדיקה."
"ספק","213","אלקטרה אפיקים","ניווט","ת. מרכזית אשדוד/רציפים","קרן היסוד/הרב שאולי","","0.604","6","3.6","1.62","31.79093","34.63906","המסלול בין התחנות ארוך פי 1.62 מהדרך הקצרה ברכב (972 מ', הגעה לכל תחנה מצד הדלת). ייתכן נתיב תח""צ, איסור פנייה או מסוף — לבדיקה."
"ספק","323","אלקטרה אפיקים","ניווט","ת. מרכזית אשדוד/רציפים","קרן היסוד/הרב שאולי","","0.604","19","11.5","1.62","31.79093","34.63906","המסלול בין התחנות ארוך פי 1.62 מהדרך הקצרה ברכב (972 מ', הגעה לכל תחנה מצד הדלת). ייתכן נתיב תח""צ, איסור פנייה או מסוף — לבדיקה."
"ספק","27","אלקטרה אפיקים","ניווט","ת. מרכזית אשדוד/רציפים","קרן היסוד/הרב שאולי","","0.604","17","10.3","1.62","31.79093","34.63906","המסלול בין התחנות ארוך פי 1.62 מהדרך הקצרה ברכב (972 מ', הגעה לכל תחנה מצד הדלת). ייתכן נתיב תח""צ, איסור פנייה או מסוף — לבדיקה."
"ספק","280","אלקטרה אפיקים","ניווט","ת. מרכזית אשדוד/רציפים","קרן היסוד/הרב שאולי","","0.604","34","20.5","1.62","31.79093","34.63906","המסלול בין התחנות ארוך פי 1.62 מהדרך הקצרה ברכב (972 מ', הגעה לכל תחנה מצד הדלת). ייתכן נתיב תח""צ, איסור פנייה או מסוף — לבדיקה."
"ספק","313","אלקטרה אפיקים","ניווט","ת. מרכזית אשדוד/רציפים","קרן היסוד/הרב שאולי","","0.604","9","5.4","1.62","31.79093","34.63906","המסלול בין התחנות ארוך פי 1.62 מהדרך הקצרה ברכב (972 מ', הגעה לכל תחנה מצד הדלת). ייתכן נתיב תח""צ, איסור פנייה או מסוף — לבדיקה."
"ספק","312","אלקטרה אפיקים","ניווט","ת. מרכזית אשדוד/רציפים","קרן היסוד/הרב שאולי","","0.604","9","5.4","1.62","31.79093","34.63906","המסלול בין התחנות ארוך פי 1.62 מהדרך הקצרה ברכב (972 מ', הגעה לכל תחנה מצד הדלת). ייתכן נתיב תח""צ, איסור פנייה או מסוף — לבדיקה."
"ספק","61","אקסטרה ירושלים","ניווט","תחנת רכבת קלה גבעת המבתר","ההגנה/אצ''ל","","0.603","54","32.5","3.09","31.80533","35.23439","המסלול בין התחנות ארוך פי 3.09 מהדרך הקצרה ברכב (288 מ', הגעה לכל תחנה מצד הדלת). ייתכן נתיב תח""צ, איסור פנייה או מסוף — לבדיקה."
"ספק","37","קווים","ניווט","ההדרים/הלוחמים","ההדרים/עפרוני","","0.598","5","3","1.94","32.26083","34.88935","המסלול בין התחנות ארוך פי 1.94 מהדרך הקצרה ברכב (633 מ', הגעה לכל תחנה מצד הדלת). ייתכן נתיב תח""צ, איסור פנייה או מסוף — לבדיקה."
"לא ניתן להשוואה","63","אגד","detour","ספרייה/הדגן","דרך שרה/קדמה","5","0.596","1","0.6","1.9","32.56948","34.95541","לא ניתן להשוואה — כיווניות מנוגדת: קו 5 מגיע לתחנה המשותפת מצד מנוגד (הפרש וקטור הגעה 169° > 90°). הקווים על צירי נסיעה הפוכים — אין בסיס להשוואת מרחקים."
"ספק","37","קווים","ניווט","ההדרים/הלוחמים","העצמאות/השומרון","","0.595","6","3.6","1.59","32.26083","34.88935","המסלול בין התחנות ארוך פי 1.59 מהדרך הקצרה ברכב (1001 מ', הגעה לכל תחנה מצד הדלת). ייתכן נתיב תח""צ, איסור פנייה או מסוף — לבדיקה."
"ספק","701","קווים","ניווט","דרך אהרון/נווה רמז","גני רמת הנדיב/652","","0.586","23","13.5","1.68","32.56107","34.95814","המסלול בין התחנות ארוך פי 1.68 מהדרך הקצרה ברכב (861 מ', הגעה לכל תחנה מצד הדלת). ייתכן נתיב תח""צ, איסור פנייה או מסוף — לבדיקה."
"ספק","140","מטרופולין","ניווט","עיריית באר שבע/יצחק רגר","ת.מרכזית באר שבע/רציפים בינעירוני","","0.584","1","0.6","1.51","31.25011","34.79807","המסלול בין התחנות ארוך פי 1.51 מהדרך הקצרה ברכב (1138 מ', הגעה לכל תחנה מצד הדלת). ייתכן נתיב תח""צ, איסור פנייה או מסוף — לבדיקה."
"ספק","43","אלקטרה אפיקים","ניווט","יסודות/מזכירות","הים/האלמוגים","","0.58","7","4.1","1.7","31.81514","34.86419","המסלול בין התחנות ארוך פי 1.70 מהדרך הקצרה ברכב (830 מ', הגעה לכל תחנה מצד הדלת). ייתכן נתיב תח""צ, איסור פנייה או מסוף — לבדיקה."
"ספק","86","מטרופולין","ניווט","בי''ח מאיר/טשרניחובסקי","בי''ס יגאל אלון/שד' ששת הימים","","0.58","2","1.2","1.61","32.1812","34.89765","המסלול בין התחנות ארוך פי 1.61 מהדרך הקצרה ברכב (950 מ', הגעה לכל תחנה מצד הדלת). ייתכן נתיב תח""צ, איסור פנייה או מסוף — לבדיקה."
"ספק","36","אלקטרה אפיקים","ניווט","כביש 3922/הרב יחיא אלקשמה","כביש 3933/כביש 3922","","0.579","5","2.9","2.87","31.79382","34.76031","המסלול בין התחנות ארוך פי 2.87 מהדרך הקצרה ברכב (309 מ', הגעה לכל תחנה מצד הדלת). ייתכן נתיב תח""צ, איסור פנייה או מסוף — לבדיקה."
"ספק","36","אלקטרה אפיקים","ניווט","שתולים/3703","שדרות הבנים/האלה","","0.57","11","6.3","1.68","31.77784","34.67835","המסלול בין התחנות ארוך פי 1.68 מהדרך הקצרה ברכב (838 מ', הגעה לכל תחנה מצד הדלת). ייתכן נתיב תח""צ, איסור פנייה או מסוף — לבדיקה."
"ספק","140","אלקטרה אפיקים","ניווט","שתולים/3703","שדרות הבנים/האלה","","0.57","8","4.6","1.68","31.77784","34.67835","המסלול בין התחנות ארוך פי 1.68 מהדרך הקצרה ברכב (838 מ', הגעה לכל תחנה מצד הדלת). ייתכן נתיב תח""צ, איסור פנייה או מסוף — לבדיקה."
"ספק","3","סופרבוס","ניווט","א-סהיל","א-סהיל/עולש","","0.57","26","14.8","3.16","32.71748","35.07629","המסלול בין התחנות ארוך פי 3.16 מהדרך הקצרה ברכב (264 מ', הגעה לכל תחנה מצד הדלת). ייתכן נתיב תח""צ, איסור פנייה או מסוף — לבדיקה."
"ספק","45","נתיב אקספרס","ניווט","מסעף עלמה","בית ספר","","0.563","9","5.1","1.74","33.0538","35.49255","המסלול בין התחנות ארוך פי 1.74 מהדרך הקצרה ברכב (765 מ', הגעה לכל תחנה מצד הדלת). ייתכן נתיב תח""צ, איסור פנייה או מסוף — לבדיקה."
"ספק","3","אלקטרה אפיקים","ניווט","שער הנמל","בניין צים/דרך תל מור","","0.561","9","5.1","1.67","31.82764","34.65851","המסלול בין התחנות ארוך פי 1.67 מהדרך הקצרה ברכב (839 מ', הגעה לכל תחנה מצד הדלת). ייתכן נתיב תח""צ, איסור פנייה או מסוף — לבדיקה."
"ספק","69","דן בדרום","ניווט","דרך הפרחים","מעון יום הרחבה","","0.56","6","3.4","2.56","31.5735","34.7658","המסלול בין התחנות ארוך פי 2.56 מהדרך הקצרה ברכב (360 מ', הגעה לכל תחנה מצד הדלת). ייתכן נתיב תח""צ, איסור פנייה או מסוף — לבדיקה."
"אמיתי","12","אגד","detour","הרצל/רוטשילד","רוטשילד/התקווה","17","0.559","3","1.7","2.32","31.96484","34.80279","הקו סוטה הצידה עד 393 מ' מהקו הישר (מול ~85 מ' בקו 17) — בליטה ייחודית, עיקוף אמיתי."
"אמיתי","12","אגד","detour","הרצל/רוטשילד","רוטשילד/התקווה","17","0.559","2","1.1","2.32","31.96484","34.80279","הקו סוטה הצידה עד 393 מ' מהקו הישר (מול ~85 מ' בקו 17) — בליטה ייחודית, עיקוף אמיתי."
"אמיתי","139","מטרופולין","detour","הרצל/עין הקורא","רוטשילד/התקווה","17","0.559","20","11.2","1.96","31.96629","34.80265","הקו סוטה הצידה עד 440 מ' מהקו הישר (מול ~202 מ' בקו 17) — בליטה ייחודית, עיקוף אמיתי."
"לא ניתן להשוואה","138","מטרופולין","detour","הרצל/רוטשילד","רוטשילד/התקווה","17","0.559","20","11.2","2.32","31.96484","34.80279","לא ניתן להשוואה — הקו הנבדק מגיע לתחנה ""הרצל/רוטשילד"" מתחנה קודמת (הרצל/אוסישקין) הרחוקה 300 מ' מזו של קו 17 (הרצל/עין הקורא). צירי-הכניסה שונים לגמרי — הקווים אינם חולקים את אותו מקטע, אין בסיס להשוואת מרחקים."
"ספק","93","אגד","ניווט","דרך אהרון/דרך שרה","דרך שרה/קדמה","","0.559","2","1.1","2.02","32.56651","34.95642","המסלול בין התחנות ארוך פי 2.02 מהדרך הקצרה ברכב (546 מ', הגעה לכל תחנה מצד הדלת). ייתכן נתיב תח""צ, איסור פנייה או מסוף — לבדיקה."
"ספק","4א","דן בדרום","ניווט","שדרות דרום אפריקה/תגר עליזה","הנשיא/הזית","","0.559","31","17.3","2.21","31.67699","34.56438","המסלול בין התחנות ארוך פי 2.21 מהדרך הקצרה ברכב (461 מ', הגעה לכל תחנה מצד הדלת). ייתכן נתיב תח""צ, איסור פנייה או מסוף — לבדיקה."
"ספק","687","מטרופולין","ניווט","מכללת אחוה","מרכז כפרי אחווה","","0.559","4","2.2","2.65","31.74295","34.77464","המסלול בין התחנות ארוך פי 2.65 מהדרך הקצרה ברכב (338 מ', הגעה לכל תחנה מצד הדלת). ייתכן נתיב תח""צ, איסור פנייה או מסוף — לבדיקה."
"ספק","221","אגד","ניווט","הרצל/רוטשילד","רוטשילד/התקווה","","0.557","3","1.7","2.31","31.96484","34.80279","המסלול בין התחנות ארוך פי 2.31 מהדרך הקצרה ברכב (424 מ', הגעה לכל תחנה מצד הדלת). ייתכן נתיב תח""צ, איסור פנייה או מסוף — לבדיקה."
"ספק","17","אגד","ניווט","הרצל/רוטשילד","רוטשילד/התקווה","","0.557","42","23.4","2.31","31.96484","34.80279","המסלול בין התחנות ארוך פי 2.31 מהדרך הקצרה ברכב (424 מ', הגעה לכל תחנה מצד הדלת). ייתכן נתיב תח""צ, איסור פנייה או מסוף — לבדיקה."
"ספק","11","אגד","ניווט","הרצל/רוטשילד","רוטשילד/התקווה","","0.557","60","33.4","2.31","31.96484","34.80279","המסלול בין התחנות ארוך פי 2.31 מהדרך הקצרה ברכב (424 מ', הגעה לכל תחנה מצד הדלת). ייתכן נתיב תח""צ, איסור פנייה או מסוף — לבדיקה."
"ספק","15","אגד","ניווט","הרצל/רוטשילד","רוטשילד/התקווה","","0.557","68","37.9","2.31","31.96484","34.80279","המסלול בין התחנות ארוך פי 2.31 מהדרך הקצרה ברכב (424 מ', הגעה לכל תחנה מצד הדלת). ייתכן נתיב תח""צ, איסור פנייה או מסוף — לבדיקה."
"ספק","85","סופרבוס","ניווט","הרצל/רוטשילד","רוטשילד/התקווה","","0.557","47","26.2","2.31","31.96484","34.80279","המסלול בין התחנות ארוך פי 2.31 מהדרך הקצרה ברכב (424 מ', הגעה לכל תחנה מצד הדלת). ייתכן נתיב תח""צ, איסור פנייה או מסוף — לבדיקה."
"ספק","80א","אגד","ניווט","י.ל. פרץ/פרישמן","קופת חולים/העצמאות","","0.556","1","0.6","2.12","32.81409","35.10269","המסלול בין התחנות ארוך פי 2.12 מהדרך הקצרה ברכב (498 מ', הגעה לכל תחנה מצד הדלת). ייתכן נתיב תח""צ, איסור פנייה או מסוף — לבדיקה."
"ספק","440","תנופה","ניווט","היובל/הגיתית","מבוא צפנת/תרצה","","0.554","1","0.6","2.01","32.22933","35.16199","המסלול בין התחנות ארוך פי 2.01 מהדרך הקצרה ברכב (549 מ', הגעה לכל תחנה מצד הדלת). ייתכן נתיב תח""צ, איסור פנייה או מסוף — לבדיקה."
"ספק","5","אגד","ניווט","הרצל/רוטשילד","ז'בוטינסקי/רוטשילד","","0.554","39","21.6","2.26","31.96484","34.80279","המסלול בין התחנות ארוך פי 2.26 מהדרך הקצרה ברכב (441 מ', הגעה לכל תחנה מצד הדלת). ייתכן נתיב תח""צ, איסור פנייה או מסוף — לבדיקה."
"ספק","18א","אגד","ניווט","הרצל/רוטשילד","ז'בוטינסקי/רוטשילד","","0.554","39","21.6","2.26","31.96484","34.80279","המסלול בין התחנות ארוך פי 2.26 מהדרך הקצרה ברכב (441 מ', הגעה לכל תחנה מצד הדלת). ייתכן נתיב תח""צ, איסור פנייה או מסוף — לבדיקה."
"ספק","454","אלקטרה אפיקים","ניווט","שבעת המינים/החיטה","צומת בית חלקיה לצפון","","0.551","14","7.7","1.76","31.79031","34.81327","המסלול בין התחנות ארוך פי 1.76 מהדרך הקצרה ברכב (722 מ', הגעה לכל תחנה מצד הדלת). ייתכן נתיב תח""צ, איסור פנייה או מסוף — לבדיקה."
"ספק","22","דן בדרום","ניווט","הזית","הזית/הדקל","","0.547","6","3.3","1.93","31.62451","34.66569","המסלול בין התחנות ארוך פי 1.93 מהדרך הקצרה ברכב (585 מ', הגעה לכל תחנה מצד הדלת). ייתכן נתיב תח""צ, איסור פנייה או מסוף — לבדיקה."
"ספק","213","ירושלים-צור באהר איחוד","ניווט","אל מקפה/דיר אל עמוד","בית ספר אונורוה/אלמכפה","","0.544","13","7.1","1.5","31.7289","35.2436","המסלול בין התחנות ארוך פי 1.50 מהדרך הקצרה ברכב (1086 מ', הגעה לכל תחנה מצד הדלת). ייתכן נתיב תח""צ, איסור פנייה או מסוף — לבדיקה."
"ספק","454","אלקטרה אפיקים","ניווט","שבעת המינים/החיטה","צומת בית חלקיה לדרום","","0.543","13","7.1","1.76","31.79031","34.81327","המסלול בין התחנות ארוך פי 1.76 מהדרך הקצרה ברכב (714 מ', הגעה לכל תחנה מצד הדלת). ייתכן נתיב תח""צ, איסור פנייה או מסוף — לבדיקה."
"ספק","55","קווים","ניווט","שדרות החשמונאים/לב העיר","עמק זבולון/יגאל ידין","","0.543","20","10.9","2.05","31.90004","35.00669","המסלול בין התחנות ארוך פי 2.05 מהדרך הקצרה ברכב (515 מ', הגעה לכל תחנה מצד הדלת). ייתכן נתיב תח""צ, איסור פנייה או מסוף — לבדיקה."
"ספק","27","קווים","ניווט","שדרות החשמונאים/לב העיר","עמק זבולון/יגאל ידין","","0.543","4","2.2","2.05","31.90004","35.00669","המסלול בין התחנות ארוך פי 2.05 מהדרך הקצרה ברכב (515 מ', הגעה לכל תחנה מצד הדלת). ייתכן נתיב תח""צ, איסור פנייה או מסוף — לבדיקה."
"ספק","55","קווים","ניווט","שדרות החשמונאים/לב העיר","עמק זבולון/יגאל ידין","","0.543","1","0.5","2.05","31.90004","35.00669","המסלול בין התחנות ארוך פי 2.05 מהדרך הקצרה ברכב (515 מ', הגעה לכל תחנה מצד הדלת). ייתכן נתיב תח""צ, איסור פנייה או מסוף — לבדיקה."
"ספק","47","אלקטרה אפיקים תחבורה","ניווט","הכרם/הגפן","הכרם","","0.542","4","2.2","2.93","32.04496","35.32736","המסלול בין התחנות ארוך פי 2.93 מהדרך הקצרה ברכב (281 מ', הגעה לכל תחנה מצד הדלת). ייתכן נתיב תח""צ, איסור פנייה או מסוף — לבדיקה."
"ספק","19","מועצה אזורית גולן","ניווט","אזור תעשייה בני יהודה","מסעף א.ת. בני יהודה","","0.538","1","0.5","1.58","32.80163","35.71606","המסלול בין התחנות ארוך פי 1.58 מהדרך הקצרה ברכב (921 מ', הגעה לכל תחנה מצד הדלת). ייתכן נתיב תח""צ, איסור פנייה או מסוף — לבדיקה."
"ספק","96א","דן בדרום","ניווט","העבודה/האורים","דוד רמז/הכרם","","0.537","1","0.5","1.63","31.66625","34.59167","המסלול בין התחנות ארוך פי 1.63 מהדרך הקצרה ברכב (856 מ', הגעה לכל תחנה מצד הדלת). ייתכן נתיב תח""צ, איסור פנייה או מסוף — לבדיקה."
"ספק","243","קווים","ניווט","הארז/הנוריות","שדרות הדקלים/הורדים","","0.535","2","1.1","1.85","32.26881","34.91889","המסלול בין התחנות ארוך פי 1.85 מהדרך הקצרה ברכב (628 מ', הגעה לכל תחנה מצד הדלת). ייתכן נתיב תח""צ, איסור פנייה או מסוף — לבדיקה."
"ספק","588","מטרופולין","ניווט","שכונה 23","קופת חולים כללית","","0.532","3","1.6","1.71","31.25093","35.07479","המסלול בין התחנות ארוך פי 1.71 מהדרך הקצרה ברכב (745 מ', הגעה לכל תחנה מצד הדלת). ייתכן נתיב תח""צ, איסור פנייה או מסוף — לבדיקה."
"אמיתי","7","אגד","detour","נשיאי ישראל/פארק אופירה","צה''ל/ספריה עירונית","215","0.526","14","7.4","3.55","32.91328","35.30192","הקו נוסע פי 2.04 מהדרך הקצרה בכביש (ניווט OSRM: 357 מ') — עיקוף אמיתי לפי אמת אובייקטיבית."
"ספק","301","סופרבוס","ניווט","ההסתדרות/צומת הקריות","מרכזית המפרץ/שדרות ההסתדרות","","0.526","5","2.6","1.81","32.78939","35.0303","המסלול בין התחנות ארוך פי 1.81 מהדרך הקצרה ברכב (650 מ', הגעה לכל תחנה מצד הדלת). ייתכן נתיב תח""צ, איסור פנייה או מסוף — לבדיקה."
"ספק","332","נסיעות ותיירות","ניווט","ההסתדרות/צומת הקריות","מרכזית המפרץ/שדרות ההסתדרות","","0.525","3","1.6","1.81","32.78939","35.0303","המסלול בין התחנות ארוך פי 1.81 מהדרך הקצרה ברכב (650 מ', הגעה לכל תחנה מצד הדלת). ייתכן נתיב תח""צ, איסור פנייה או מסוף — לבדיקה."
"ספק","92","אגד","ניווט","הגדעונים/הכובשים","הכובשים/העצמאות","","0.522","2","1","1.72","32.56602","34.94575","המסלול בין התחנות ארוך פי 1.72 מהדרך הקצרה ברכב (727 מ', הגעה לכל תחנה מצד הדלת). ייתכן נתיב תח""צ, איסור פנייה או מסוף — לבדיקה."
"ספק","24","אגד","ניווט","אלנבי","התורן","","0.519","50","25.9","1.98","32.83068","34.96845","המסלול בין התחנות ארוך פי 1.98 מהדרך הקצרה ברכב (530 מ', הגעה לכל תחנה מצד הדלת). ייתכן נתיב תח""צ, איסור פנייה או מסוף — לבדיקה."
"ספק","17","אגד","ניווט","אלנבי","התורן","","0.518","41","21.2","1.98","32.83068","34.96845","המסלול בין התחנות ארוך פי 1.98 מהדרך הקצרה ברכב (530 מ', הגעה לכל תחנה מצד הדלת). ייתכן נתיב תח""צ, איסור פנייה או מסוף — לבדיקה."
"ספק","17","אגד","ניווט","אלנבי","התורן","","0.518","20","10.4","1.98","32.83068","34.96845","המסלול בין התחנות ארוך פי 1.98 מהדרך הקצרה ברכב (530 מ', הגעה לכל תחנה מצד הדלת). ייתכן נתיב תח""צ, איסור פנייה או מסוף — לבדיקה."
"ספק","85","נסיעות ותיירות","ניווט","כנסייה קתולית ג","שכונה דרומית א","","0.515","3","1.5","1.73","32.8878","35.40865","המסלול בין התחנות ארוך פי 1.73 מהדרך הקצרה ברכב (708 מ', הגעה לכל תחנה מצד הדלת). ייתכן נתיב תח""צ, איסור פנייה או מסוף — לבדיקה."
"ספק","75","מטרופולין","ניווט","הציונות/היהלום","הגיבור/המעלה","","0.515","1","0.5","1.55","32.1466","34.88578","המסלול בין התחנות ארוך פי 1.55 מהדרך הקצרה ברכב (942 מ', הגעה לכל תחנה מצד הדלת). ייתכן נתיב תח""צ, איסור פנייה או מסוף — לבדיקה."
"ספק","96","נסיעות ותיירות","ניווט","כנסייה קתולית ג","שכונה דרומית א","","0.515","1","0.5","1.73","32.8878","35.40865","המסלול בין התחנות ארוך פי 1.73 מהדרך הקצרה ברכב (708 מ', הגעה לכל תחנה מצד הדלת). ייתכן נתיב תח""צ, איסור פנייה או מסוף — לבדיקה."
"ספק","3","אגד","ניווט","חוף ראשון לציון","דרך מנחם בגין/חיל התותחנים","","0.514","29","14.9","1.52","31.99645","34.7339","המסלול בין התחנות ארוך פי 1.52 מהדרך הקצרה ברכב (994 מ', הגעה לכל תחנה מצד הדלת). ייתכן נתיב תח""צ, איסור פנייה או מסוף — לבדיקה."
"ספק","966","אגד","ניווט","צומת רויה/כביש 90","כביש 90/שדי תרומות","","0.513","1","0.5","1.62","32.44729","35.48324","המסלול בין התחנות ארוך פי 1.62 מהדרך הקצרה ברכב (825 מ', הגעה לכל תחנה מצד הדלת). ייתכן נתיב תח""צ, איסור פנייה או מסוף — לבדיקה."
"ספק","921","אגד","ניווט","בי''ח בלינסון/גשר מבצע ארנון","ת.רק''ל דנקנר/דרך ז'בוטינסקי","","0.513","26","13.3","1.63","32.09116","34.86787","המסלול בין התחנות ארוך פי 1.63 מהדרך הקצרה ברכב (813 מ', הגעה לכל תחנה מצד הדלת). ייתכן נתיב תח""צ, איסור פנייה או מסוף — לבדיקה."
"ספק","921","אגד","ניווט","בי''ח בלינסון/גשר מבצע ארנון","ת.רק''ל דנקנר/דרך ז'בוטינסקי","","0.513","8","4.1","1.63","32.09116","34.86787","המסלול בין התחנות ארוך פי 1.63 מהדרך הקצרה ברכב (813 מ', הגעה לכל תחנה מצד הדלת). ייתכן נתיב תח""צ, איסור פנייה או מסוף — לבדיקה."
"ספק","45","נתיב אקספרס","ניווט","בית ספר נוטרדאם","מסעף מעליא","","0.513","1","0.5","2.23","33.02665","35.25015","המסלול בין התחנות ארוך פי 2.23 מהדרך הקצרה ברכב (417 מ', הגעה לכל תחנה מצד הדלת). ייתכן נתיב תח""צ, איסור פנייה או מסוף — לבדיקה."
"ספק","350","סופרבוס","ניווט","כיכר העצמאות","ת.מרכזית עפולה/הורדה","","0.511","3","1.5","2.4","32.60954","35.28922","המסלול בין התחנות ארוך פי 2.40 מהדרך הקצרה ברכב (365 מ', הגעה לכל תחנה מצד הדלת). ייתכן נתיב תח""צ, איסור פנייה או מסוף — לבדיקה."
"ספק","356","סופרבוס","ניווט","כיכר העצמאות","ת.מרכזית עפולה/הורדה","","0.51","18","9.2","2.4","32.60954","35.28922","המסלול בין התחנות ארוך פי 2.40 מהדרך הקצרה ברכב (365 מ', הגעה לכל תחנה מצד הדלת). ייתכן נתיב תח""צ, איסור פנייה או מסוף — לבדיקה."
"ספק","356","סופרבוס","ניווט","כיכר העצמאות","ת.מרכזית עפולה/הורדה","","0.51","3","1.5","2.4","32.60954","35.28922","המסלול בין התחנות ארוך פי 2.40 מהדרך הקצרה ברכב (365 מ', הגעה לכל תחנה מצד הדלת). ייתכן נתיב תח""צ, איסור פנייה או מסוף — לבדיקה."
"ספק","4","נתיב אקספרס","ניווט","מעלה המסגד/שביל המסגדים","מעונה א","","0.51","26","13.3","1.75","33.01109","35.2684","המסלול בין התחנות ארוך פי 1.75 מהדרך הקצרה ברכב (684 מ', הגעה לכל תחנה מצד הדלת). ייתכן נתיב תח""צ, איסור פנייה או מסוף — לבדיקה."
"ספק","2","סופרבוס","ניווט","כיכר העצמאות","ת.מרכזית עפולה/הורדה","","0.51","44","22.5","2.4","32.60954","35.28922","המסלול בין התחנות ארוך פי 2.40 מהדרך הקצרה ברכב (365 מ', הגעה לכל תחנה מצד הדלת). ייתכן נתיב תח""צ, איסור פנייה או מסוף — לבדיקה."
"ספק","242","סופרבוס","ניווט","כיכר העצמאות","ת.מרכזית עפולה/הורדה","","0.51","11","5.6","2.4","32.60954","35.28922","המסלול בין התחנות ארוך פי 2.40 מהדרך הקצרה ברכב (365 מ', הגעה לכל תחנה מצד הדלת). ייתכן נתיב תח""צ, איסור פנייה או מסוף — לבדיקה."
"ספק","301","סופרבוס","ניווט","כיכר העצמאות","ת.מרכזית עפולה/הורדה","","0.51","64","32.7","2.4","32.60954","35.28922","המסלול בין התחנות ארוך פי 2.40 מהדרך הקצרה ברכב (365 מ', הגעה לכל תחנה מצד הדלת). ייתכן נתיב תח""צ, איסור פנייה או מסוף — לבדיקה."
"ספק","30","סופרבוס","ניווט","כיכר העצמאות","ת.מרכזית עפולה/הורדה","","0.51","6","3.1","2.4","32.60954","35.28922","המסלול בין התחנות ארוך פי 2.40 מהדרך הקצרה ברכב (365 מ', הגעה לכל תחנה מצד הדלת). ייתכן נתיב תח""צ, איסור פנייה או מסוף — לבדיקה."
"ספק","10","סופרבוס","ניווט","כיכר העצמאות","ת.מרכזית עפולה/הורדה","","0.51","56","28.6","2.4","32.60954","35.28922","המסלול בין התחנות ארוך פי 2.40 מהדרך הקצרה ברכב (365 מ', הגעה לכל תחנה מצד הדלת). ייתכן נתיב תח""צ, איסור פנייה או מסוף — לבדיקה."
"ספק","13","סופרבוס","ניווט","כיכר העצמאות","ת.מרכזית עפולה/הורדה","","0.51","43","21.9","2.4","32.60954","35.28922","המסלול בין התחנות ארוך פי 2.40 מהדרך הקצרה ברכב (365 מ', הגעה לכל תחנה מצד הדלת). ייתכן נתיב תח""צ, איסור פנייה או מסוף — לבדיקה."
"ספק","350","סופרבוס","ניווט","כיכר העצמאות","ת.מרכזית עפולה/הורדה","","0.51","11","5.6","2.4","32.60954","35.28922","המסלול בין התחנות ארוך פי 2.40 מהדרך הקצרה ברכב (365 מ', הגעה לכל תחנה מצד הדלת). ייתכן נתיב תח""צ, איסור פנייה או מסוף — לבדיקה."
"ספק","14","סופרבוס","ניווט","כיכר העצמאות","ת.מרכזית עפולה/הורדה","","0.51","34","17.4","2.4","32.60954","35.28922","המסלול בין התחנות ארוך פי 2.40 מהדרך הקצרה ברכב (365 מ', הגעה לכל תחנה מצד הדלת). ייתכן נתיב תח""צ, איסור פנייה או מסוף — לבדיקה."
"ספק","30","סופרבוס","ניווט","כיכר העצמאות","ת.מרכזית עפולה/הורדה","","0.51","1","0.5","2.4","32.60954","35.28922","המסלול בין התחנות ארוך פי 2.40 מהדרך הקצרה ברכב (365 מ', הגעה לכל תחנה מצד הדלת). ייתכן נתיב תח""צ, איסור פנייה או מסוף — לבדיקה."
"ספק","30","סופרבוס","ניווט","כיכר העצמאות","ת.מרכזית עפולה/הורדה","","0.51","5","2.6","2.4","32.60954","35.28922","המסלול בין התחנות ארוך פי 2.40 מהדרך הקצרה ברכב (365 מ', הגעה לכל תחנה מצד הדלת). ייתכן נתיב תח""צ, איסור פנייה או מסוף — לבדיקה."
"ספק","47","סופרבוס","ניווט","כיכר העצמאות","ת.מרכזית עפולה/הורדה","","0.51","10","5.1","2.4","32.60954","35.28922","המסלול בין התחנות ארוך פי 2.40 מהדרך הקצרה ברכב (365 מ', הגעה לכל תחנה מצד הדלת). ייתכן נתיב תח""צ, איסור פנייה או מסוף — לבדיקה."
"ספק","348","סופרבוס","ניווט","כיכר העצמאות","ת.מרכזית עפולה/הורדה","","0.51","28","14.3","2.4","32.60954","35.28922","המסלול בין התחנות ארוך פי 2.40 מהדרך הקצרה ברכב (365 מ', הגעה לכל תחנה מצד הדלת). ייתכן נתיב תח""צ, איסור פנייה או מסוף — לבדיקה."
"ספק","354","סופרבוס","ניווט","כיכר העצמאות","ת.מרכזית עפולה/הורדה","","0.51","22","11.2","2.4","32.60954","35.28922","המסלול בין התחנות ארוך פי 2.40 מהדרך הקצרה ברכב (365 מ', הגעה לכל תחנה מצד הדלת). ייתכן נתיב תח""צ, איסור פנייה או מסוף — לבדיקה."
"ספק","354","סופרבוס","ניווט","כיכר העצמאות","ת.מרכזית עפולה/הורדה","","0.51","3","1.5","2.4","32.60954","35.28922","המסלול בין התחנות ארוך פי 2.40 מהדרך הקצרה ברכב (365 מ', הגעה לכל תחנה מצד הדלת). ייתכן נתיב תח""צ, איסור פנייה או מסוף — לבדיקה."
"ספק","67","סופרבוס","ניווט","כיכר העצמאות","ת.מרכזית עפולה/הורדה","","0.51","5","2.6","2.4","32.60954","35.28922","המסלול בין התחנות ארוך פי 2.40 מהדרך הקצרה ברכב (365 מ', הגעה לכל תחנה מצד הדלת). ייתכן נתיב תח""צ, איסור פנייה או מסוף — לבדיקה."
"ספק","350","סופרבוס","ניווט","כיכר העצמאות","ת.מרכזית עפולה/הורדה","","0.51","2","1","2.4","32.60954","35.28922","המסלול בין התחנות ארוך פי 2.40 מהדרך הקצרה ברכב (365 מ', הגעה לכל תחנה מצד הדלת). ייתכן נתיב תח""צ, איסור פנייה או מסוף — לבדיקה."
"ספק","350","סופרבוס","ניווט","כיכר העצמאות","ת.מרכזית עפולה/הורדה","","0.51","7","3.6","2.4","32.60954","35.28922","המסלול בין התחנות ארוך פי 2.40 מהדרך הקצרה ברכב (365 מ', הגעה לכל תחנה מצד הדלת). ייתכן נתיב תח""צ, איסור פנייה או מסוף — לבדיקה."
"ספק","47","סופרבוס","ניווט","כיכר העצמאות","ת.מרכזית עפולה/הורדה","","0.51","16","8.2","2.4","32.60954","35.28922","המסלול בין התחנות ארוך פי 2.40 מהדרך הקצרה ברכב (365 מ', הגעה לכל תחנה מצד הדלת). ייתכן נתיב תח""צ, איסור פנייה או מסוף — לבדיקה."
"ספק","47","סופרבוס","ניווט","כיכר העצמאות","ת.מרכזית עפולה/הורדה","","0.51","2","1","2.4","32.60954","35.28922","המסלול בין התחנות ארוך פי 2.40 מהדרך הקצרה ברכב (365 מ', הגעה לכל תחנה מצד הדלת). ייתכן נתיב תח""צ, איסור פנייה או מסוף — לבדיקה."
"ספק","11","סופרבוס","ניווט","כיכר העצמאות","ת.מרכזית עפולה/הורדה","","0.51","57","29.1","2.4","32.60954","35.28922","המסלול בין התחנות ארוך פי 2.40 מהדרך הקצרה ברכב (365 מ', הגעה לכל תחנה מצד הדלת). ייתכן נתיב תח""צ, איסור פנייה או מסוף — לבדיקה."
"ספק","348","סופרבוס","ניווט","כיכר העצמאות","ת.מרכזית עפולה/הורדה","","0.51","3","1.5","2.4","32.60954","35.28922","המסלול בין התחנות ארוך פי 2.40 מהדרך הקצרה ברכב (365 מ', הגעה לכל תחנה מצד הדלת). ייתכן נתיב תח""צ, איסור פנייה או מסוף — לבדיקה."
"ספק","14א","סופרבוס","ניווט","כיכר העצמאות","ת.מרכזית עפולה/הורדה","","0.51","33","16.8","2.4","32.60954","35.28922","המסלול בין התחנות ארוך פי 2.40 מהדרך הקצרה ברכב (365 מ', הגעה לכל תחנה מצד הדלת). ייתכן נתיב תח""צ, איסור פנייה או מסוף — לבדיקה."
"ספק","1","דן בדרום","ניווט","מסוף קסטינה-מלאכי לדרום","קניון שערי העיר/שדרות מנחם בגין","","0.507","27","13.7","2.01","31.73134","34.75621","המסלול בין התחנות ארוך פי 2.01 מהדרך הקצרה ברכב (504 מ', הגעה לכל תחנה מצד הדלת). ייתכן נתיב תח""צ, איסור פנייה או מסוף — לבדיקה."
"ספק","10","דן בדרום","ניווט","מסוף קסטינה-מלאכי לדרום","קניון שערי העיר/שדרות מנחם בגין","","0.507","6","3","2.01","31.73134","34.75621","המסלול בין התחנות ארוך פי 2.01 מהדרך הקצרה ברכב (504 מ', הגעה לכל תחנה מצד הדלת). ייתכן נתיב תח""צ, איסור פנייה או מסוף — לבדיקה."
"ספק","10א","דן בדרום","ניווט","מסוף קסטינה-מלאכי לדרום","קניון שערי העיר/שדרות מנחם בגין","","0.507","14","7.1","2.01","31.73134","34.75621","המסלול בין התחנות ארוך פי 2.01 מהדרך הקצרה ברכב (504 מ', הגעה לכל תחנה מצד הדלת). ייתכן נתיב תח""צ, איסור פנייה או מסוף — לבדיקה."
"לא ניתן להשוואה","91","נתיב אקספרס","detour","דוד אלעזר/לח''י","מסעף בית העלמין","84","0.494","2","1","1.98","32.96366","35.48947","לא ניתן להשוואה — סדר תחנות שונה: קו 84 עובר דרך 1 תחנת/ות ביניים נוספת/ות בין ""דוד אלעזר/לח''י"" ל-""מסעף בית העלמין"" (A→…→B), בעוד הקו הנבדק עובר ישירות. זו בחירת תכנון מסלול, לא עיקוף — אין משמעות ליחס-מרחקים."
"לא ניתן להשוואה","270","אלקטרה אפיקים תחבורה","detour","שמחת עולם/שדרות אביר יעקב","דרך כוכב יעקב/שמחת עולם","143","0.49","2","1","3.69","31.87989","35.24439","לא ניתן להשוואה — כיווניות מנוגדת: קו 143 מגיע לתחנה המשותפת מצד מנוגד (הפרש וקטור הגעה 143° > 90°). הקווים על צירי נסיעה הפוכים — אין בסיס להשוואת מרחקים."
"אמיתי","80","אגד","detour","קפלן/השלום","אחד העם/כצנלסון","87","0.484","1","0.5","2.08","32.01919","34.80954","הקו סוטה הצידה עד 358 מ' מהקו הישר (מול ~49 מ' בקו 87) — בליטה ייחודית, עיקוף אמיתי."
"אמיתי","17","תנופה","detour","חלמיש/יהלום","אביבים/דגניה","20","0.477","1","0.5","1.7","32.12006","35.02866","הקו נוסע פי 1.70 מקו 20 בין אותן שתי התחנות (אותו ציר כניסה, סטייה 0°) — עיקוף אמיתי."
"אמיתי","17","תנופה","detour","חלמיש/יהלום","אביבים/דגניה","185","0.477","1","0.5","1.7","32.12006","35.02866","הקו נוסע פי 1.70 מקו 185 בין אותן שתי התחנות (אותו ציר כניסה, סטייה 0°) — עיקוף אמיתי."
"לא ניתן להשוואה","18","ש.א.מ","detour","ביר אל-אמיר/אל-פאח'ורה","פארק ביר אל-אמיר","46","0.474","22","10.4","3.3","32.68398","35.28565","לא ניתן להשוואה — כיווניות מנוגדת: קו 46 מגיע לתחנה המשותפת מצד מנוגד (הפרש וקטור הגעה 163° > 90°). הקווים על צירי נסיעה הפוכים — אין בסיס להשוואת מרחקים."
"לא ניתן להשוואה","84","מועצה אזורית גולן","detour","בני יהודה הרחבה","בני יהודה/מתנ''ס","19","0.469","1","0.5","1.39","32.8","35.69177","לא ניתן להשוואה — סדר תחנות שונה: קו 19 עובר דרך 2 תחנת/ות ביניים נוספת/ות בין ""בני יהודה הרחבה"" ל-""בני יהודה/מתנ''ס"" (A→…→B), בעוד הקו הנבדק עובר ישירות. זו בחירת תכנון מסלול, לא עיקוף — אין משמעות ליחס-מרחקים."
"לא ניתן להשוואה","82","אגד","detour","העצמאות/רחבת הסוכנות","בית הספר עמיאסף","83","0.467","1","0.5","2.19","31.06805","35.02963","לא ניתן להשוואה — קו 83 מתחיל/מסיים את מסלולו באחת התחנות (תחנת-קצה), ולכן אינו מסדרון-מעבר תקף: הוא עושה משם קפיצה ישירה קצרה, בעוד הקו הנבדק עשוי לבצע לולאת-שירות לגיטימית באמצע מסלולו. אין בסיס להשוואת מרחקים."
"לא ניתן להשוואה","82א","אגד","detour","העצמאות/רחבת הסוכנות","בית הספר עמיאסף","83","0.467","1","0.5","2.19","31.06805","35.02963","לא ניתן להשוואה — קו 83 מתחיל/מסיים את מסלולו באחת התחנות (תחנת-קצה), ולכן אינו מסדרון-מעבר תקף: הוא עושה משם קפיצה ישירה קצרה, בעוד הקו הנבדק עשוי לבצע לולאת-שירות לגיטימית באמצע מסלולו. אין בסיס להשוואת מרחקים."
"לא ניתן להשוואה","570","מטרופולין","detour","החרמון/המעגל","ששת הימים/קיבוץ גלויות","65","0.462","1","0.5","1.83","32.15748","34.92179","לא ניתן להשוואה — כיווניות מנוגדת: קו 65 מגיע לתחנה המשותפת מצד מנוגד (הפרש וקטור הגעה 123° > 90°). הקווים על צירי נסיעה הפוכים — אין בסיס להשוואת מרחקים."
"אמיתי","350","אלקטרה אפיקים","detour","הכלנית/הנורית","ביה''ח אסותא","351","0.459","102","46.8","1.86","31.78415","34.65468","המסלול מתקדם ואז חוזר 166 מ' לאחור על צירו (לולאה/הלוך-חזור) בין ""הכלנית/הנורית"" ל-""ביה''ח אסותא"", בעוד קו 351 עובר ישר — נסיעה כפולה על אותו כביש, עיקוף אמיתי. המדידה מתחילה מתחנת-התקלה, ללא תלות בכיוון-ההגעה הקודם."
"אמיתי","4א","אלקטרה אפיקים","detour","הדוגית/הצדף","חטיבת גבעתי/גיבורי החיל","182","0.45","10","4.5","1.76","31.86745","34.73592","הקו סוטה הצידה עד 361 מ' מהקו הישר (מול ~180 מ' בקו 182) — בליטה ייחודית, עיקוף אמיתי."
"אמיתי","7","אגד","detour","פורטק","נשר מרכז קניות","110","0.44","11","4.8","2.03","32.78176","35.03371","המסלול מתקדם ואז חוזר 217 מ' לאחור על צירו (לולאה/הלוך-חזור) בין ""פורטק"" ל-""נשר מרכז קניות"", בעוד קו 110 עובר ישר — נסיעה כפולה על אותו כביש, עיקוף אמיתי. המדידה מתחילה מתחנת-התקלה, ללא תלות בכיוון-ההגעה הקודם."
"אמיתי","332","נסיעות ותיירות","detour","פורטק","נשר מרכז קניות","110","0.44","35","15.4","2.03","32.78176","35.03371","המסלול מתקדם ואז חוזר 217 מ' לאחור על צירו (לולאה/הלוך-חזור) בין ""פורטק"" ל-""נשר מרכז קניות"", בעוד קו 110 עובר ישר — נסיעה כפולה על אותו כביש, עיקוף אמיתי. המדידה מתחילה מתחנת-התקלה, ללא תלות בכיוון-ההגעה הקודם."
"אמיתי","332","נסיעות ותיירות","detour","פורטק","נשר מרכז קניות","110","0.44","4","1.8","2.03","32.78176","35.03371","המסלול מתקדם ואז חוזר 217 מ' לאחור על צירו (לולאה/הלוך-חזור) בין ""פורטק"" ל-""נשר מרכז קניות"", בעוד קו 110 עובר ישר — נסיעה כפולה על אותו כביש, עיקוף אמיתי. המדידה מתחילה מתחנת-התקלה, ללא תלות בכיוון-ההגעה הקודם."
"אמיתי","332","נסיעות ותיירות","detour","פורטק","נשר מרכז קניות","110","0.44","4","1.8","2.03","32.78176","35.03371","המסלול מתקדם ואז חוזר 217 מ' לאחור על צירו (לולאה/הלוך-חזור) בין ""פורטק"" ל-""נשר מרכז קניות"", בעוד קו 110 עובר ישר — נסיעה כפולה על אותו כביש, עיקוף אמיתי. המדידה מתחילה מתחנת-התקלה, ללא תלות בכיוון-ההגעה הקודם."
"לא ניתן להשוואה","348","סופרבוס","detour","שדרות הבנים/שד' שאול עמור","מסוף מגדל העמק","15","0.413","2","0.8","2.38","32.67824","35.24111","לא ניתן להשוואה — קו 15 מתחיל/מסיים את מסלולו באחת התחנות (תחנת-קצה), ולכן אינו מסדרון-מעבר תקף: הוא עושה משם קפיצה ישירה קצרה, בעוד הקו הנבדק עשוי לבצע לולאת-שירות לגיטימית באמצע מסלולו. אין בסיס להשוואת מרחקים."
"לא ניתן להשוואה","348","סופרבוס","detour","שדרות הבנים/שד' שאול עמור","מסוף מגדל העמק","15","0.413","20","8.3","2.38","32.67824","35.24111","לא ניתן להשוואה — קו 15 מתחיל/מסיים את מסלולו באחת התחנות (תחנת-קצה), ולכן אינו מסדרון-מעבר תקף: הוא עושה משם קפיצה ישירה קצרה, בעוד הקו הנבדק עשוי לבצע לולאת-שירות לגיטימית באמצע מסלולו. אין בסיס להשוואת מרחקים."
"לא ניתן להשוואה","148","אקסטרה","detour","פארק תעשיות","עירייה","143","0.41","2","0.8","1.38","32.28571","34.87252","לא ניתן להשוואה — סדר תחנות שונה: קו 143 עובר דרך 1 תחנת/ות ביניים נוספת/ות בין ""פארק תעשיות"" ל-""עירייה"" (A→…→B), בעוד הקו הנבדק עובר ישירות. זו בחירת תכנון מסלול, לא עיקוף — אין משמעות ליחס-מרחקים."
"לא ניתן להשוואה","34","אגד","detour","תחנת רכבת קלה גבעת התחמושת","גבעת התחמושת/שרגאי","52","0.404","80","32.3","1.8","31.79927","35.23204","לא ניתן להשוואה — קו 52 מתחיל/מסיים את מסלולו באחת התחנות (תחנת-קצה), ולכן אינו מסדרון-מעבר תקף: הוא עושה משם קפיצה ישירה קצרה, בעוד הקו הנבדק עשוי לבצע לולאת-שירות לגיטימית באמצע מסלולו. אין בסיס להשוואת מרחקים."
"לא ניתן להשוואה","4","סופרבוס","detour","סחרוב","ת. מרכזית חוף הכרמל/הורדה","123","0.4","87","34.8","1.85","32.7909","34.95867","לא ניתן להשוואה — קו 123 מתחיל/מסיים את מסלולו באחת התחנות (תחנת-קצה), ולכן אינו מסדרון-מעבר תקף: הוא עושה משם קפיצה ישירה קצרה, בעוד הקו הנבדק עשוי לבצע לולאת-שירות לגיטימית באמצע מסלולו. אין בסיס להשוואת מרחקים."
"לא ניתן להשוואה","940","דן","detour","הרב כהנמן/רבי עקיבא","ביה''ס אהל צביה/בן זומא","939","0.392","1","0.4","1.69","32.08532","34.83971","לא ניתן להשוואה — קו 939 מתחיל/מסיים את מסלולו באחת התחנות (תחנת-קצה), ולכן אינו מסדרון-מעבר תקף: הוא עושה משם קפיצה ישירה קצרה, בעוד הקו הנבדק עשוי לבצע לולאת-שירות לגיטימית באמצע מסלולו. אין בסיס להשוואת מרחקים."
"לא ניתן להשוואה","85","קווים","detour","העליה /שרת","וייצמן/סוקולוב","138","0.381","33","12.6","2.53","32.31597","34.92854","לא ניתן להשוואה — כיווניות מנוגדת: קו 138 מגיע לתחנה המשותפת מצד מנוגד (הפרש וקטור הגעה 130° > 90°). הקווים על צירי נסיעה הפוכים — אין בסיס להשוואת מרחקים."
"לא ניתן להשוואה","130","דן בדרום","detour","צאלים/מרכז הקיבוץ","קבוץ צאלים","14","0.375","9","3.4","1.58","31.20382","34.5346","לא ניתן להשוואה — קו 14 מתחיל/מסיים את מסלולו באחת התחנות (תחנת-קצה), ולכן אינו מסדרון-מעבר תקף: הוא עושה משם קפיצה ישירה קצרה, בעוד הקו הנבדק עשוי לבצע לולאת-שירות לגיטימית באמצע מסלולו. אין בסיס להשוואת מרחקים."
"אמיתי","84","סופרבוס","selfloop","פיק''א/רוטשילד","גולני/המגינים","95","0.375","1","0.4","","32.79254","35.53177","הקו מקיף ~2.13 סיבובים (כיכר/לולאה) בין ""פיק''א/רוטשילד"" ל-""גולני/המגינים"", בעוד קו 95 עובר אותו ב-0.6 ק""מ — סיבוב מיותר, עיקוף אמיתי."
"אמיתי","8","אלקטרה אפיקים","selfloop","שדרות הרצל/עוזי חיטמן","שדרות הציונות/שדרות הרצל","177","0.363","13","4.7","","31.86303","34.72601","הקו מקיף ~1.5 סיבובים (כיכר/לולאה) בין ""שדרות הרצל/עוזי חיטמן"" ל-""שדרות הציונות/שדרות הרצל"", בעוד קו 177 עובר אותו ב-0.3 ק""מ — סיבוב מיותר, עיקוף אמיתי."
"לא ניתן להשוואה","12","אגד","detour","דרכי חיים/סביון","דרכי חיים א'","29","0.356","37","13.2","2.31","32.75632","35.10431","לא ניתן להשוואה — הקו הנבדק מגיע לתחנה ""דרכי חיים/סביון"" מתחנה קודמת (בית כנסת ניסים/האירוסים) הרחוקה 165 מ' מזו של קו 29 (הנרקיסים/האירוסים ב). צירי-הכניסה שונים לגמרי — הקווים אינם חולקים את אותו מקטע, אין בסיס להשוואת מרחקים."
"לא ניתן להשוואה","24","אגד","detour","צומת תל חי","מכללת תל חי קמפוס מזרחי","10","0.314","6","1.9","1.6","33.23515","35.58012","לא ניתן להשוואה — סדר תחנות שונה: קו 10 עובר דרך 1 תחנת/ות ביניים נוספת/ות בין ""צומת תל חי"" ל-""מכללת תל חי קמפוס מזרחי"" (A→…→B), בעוד הקו הנבדק עובר ישירות. זו בחירת תכנון מסלול, לא עיקוף — אין משמעות ליחס-מרחקים."
"אמיתי","100","אגד","detour","היכל התרבות/זבוטינסקי","הכרמל/הרצל","20","0.313","76","23.8","1.57","31.96267","34.80006","הקו נוסע פי 1.55 מהדרך הקצרה בכביש (ניווט OSRM: 557 מ') — עיקוף אמיתי לפי אמת אובייקטיבית."
"כיסוי לגיטימי","361","אלקטרה אפיקים תחבורה","detour","חטמ''ר עציון","מגיני הגוש/כ''ח באייר","371","0.309","9","2.8","1.36","31.64837","35.12358","וריאנט של הקו עוצר בתחנות-ביניים בתוך המקטע (כיסוי שכונה) — לא עיקוף מיותר, אלא בחירת מסלול שמשרתת נוסעים."
"כיסוי לגיטימי","362","אלקטרה אפיקים תחבורה","detour","חטמ''ר עציון","מגיני הגוש/כ''ח באייר","371","0.309","13","4","1.36","31.64837","35.12358","וריאנט של הקו עוצר בתחנות-ביניים בתוך המקטע (כיסוי שכונה) — לא עיקוף מיותר, אלא בחירת מסלול שמשרתת נוסעים."
"רעש","356","סופרבוס","detour","מתנ''ס הר יונה/יקינטון","יקינטון/ניצן","36","0.303","18","5.5","2.27","32.72485","35.33705","הקו הנבדק נוסע 541 מ' — כמעט בדיוק המרחק האווירי (488 מ') בין התחנות, כלומר מסלול ישיר. אין עיקוף; ה""עודף"" נובע ממדידת קו-הייחוס קצרה מהרגיל."
"רעש","356","סופרבוס","detour","מתנ''ס הר יונה/יקינטון","יקינטון/ניצן","36","0.303","3","0.9","2.27","32.72485","35.33705","הקו הנבדק נוסע 541 מ' — כמעט בדיוק המרחק האווירי (488 מ') בין התחנות, כלומר מסלול ישיר. אין עיקוף; ה""עודף"" נובע ממדידת קו-הייחוס קצרה מהרגיל."
"רעש","2","ש.א.מ","detour","מתנ''ס הר יונה/יקינטון","יקינטון/ניצן","36","0.303","28","8.5","2.27","32.72485","35.33705","הקו הנבדק נוסע 541 מ' — כמעט בדיוק המרחק האווירי (488 מ') בין התחנות, כלומר מסלול ישיר. אין עיקוף; ה""עודף"" נובע ממדידת קו-הייחוס קצרה מהרגיל."
"רעש","16","ש.א.מ","detour","מתנ''ס הר יונה/יקינטון","יקינטון/ניצן","36","0.303","25","7.6","2.27","32.72485","35.33705","הקו הנבדק נוסע 541 מ' — כמעט בדיוק המרחק האווירי (488 מ') בין התחנות, כלומר מסלול ישיר. אין עיקוף; ה""עודף"" נובע ממדידת קו-הייחוס קצרה מהרגיל."
"רעש","826","אגד","detour","מתנ''ס הר יונה/יקינטון","יקינטון/ניצן","36","0.303","5","1.5","2.27","32.72485","35.33705","הקו הנבדק נוסע 541 מ' — כמעט בדיוק המרחק האווירי (488 מ') בין התחנות, כלומר מסלול ישיר. אין עיקוף; ה""עודף"" נובע ממדידת קו-הייחוס קצרה מהרגיל."
"רעש","5","ש.א.מ","detour","מתנ''ס הר יונה/יקינטון","יקינטון/ניצן","36","0.303","22","6.7","2.27","32.72485","35.33705","הקו הנבדק נוסע 541 מ' — כמעט בדיוק המרחק האווירי (488 מ') בין התחנות, כלומר מסלול ישיר. אין עיקוף; ה""עודף"" נובע ממדידת קו-הייחוס קצרה מהרגיל."
"רעש","12","ש.א.מ","detour","מתנ''ס הר יונה/יקינטון","יקינטון/ניצן","36","0.303","6","1.8","2.27","32.72485","35.33705","הקו הנבדק נוסע 541 מ' — כמעט בדיוק המרחק האווירי (488 מ') בין התחנות, כלומר מסלול ישיר. אין עיקוף; ה""עודף"" נובע ממדידת קו-הייחוס קצרה מהרגיל."
"רעש","87","ש.א.מ","detour","מתנ''ס הר יונה/יקינטון","יקינטון/ניצן","36","0.303","1","0.3","2.27","32.72485","35.33705","הקו הנבדק נוסע 541 מ' — כמעט בדיוק המרחק האווירי (488 מ') בין התחנות, כלומר מסלול ישיר. אין עיקוף; ה""עודף"" נובע ממדידת קו-הייחוס קצרה מהרגיל."
"רעש","332","נסיעות ותיירות","detour","מתנ''ס הר יונה/יקינטון","יקינטון/ניצן","36","0.303","3","0.9","2.27","32.72485","35.33705","הקו הנבדק נוסע 541 מ' — כמעט בדיוק המרחק האווירי (488 מ') בין התחנות, כלומר מסלול ישיר. אין עיקוף; ה""עודף"" נובע ממדידת קו-הייחוס קצרה מהרגיל."
"רעש","202","אלקטרה אפיקים תחבורה","detour","מעלה אריאל/אבני מילואים","מעלה אריאל","216","0.303","1","0.3","5.11","31.81501","35.39473","הקו הנבדק נוסע 377 מ' — כמעט בדיוק המרחק האווירי (376 מ') בין התחנות, כלומר מסלול ישיר. אין עיקוף; ה""עודף"" נובע ממדידת קו-הייחוס קצרה מהרגיל."
"אמיתי","96","מטרופולין","selfloop","השומר/חטיבת יפתח","ז'בוטינסקי/השומר","30","0.297","1","0.3","","32.13679","34.87373","הקו מקיף ~1.22 סיבובים (כיכר/לולאה) בין ""השומר/חטיבת יפתח"" ל-""ז'בוטינסקי/השומר"", בעוד קו 30 עובר אותו ב-0.6 ק""מ — סיבוב מיותר, עיקוף אמיתי."
"לא ניתן להשוואה","5","סופרבוס","detour","דרך חטיבת גולני/האלונים","ששת הימים/הנשיאים","4","0.291","40","11.6","1.64","32.67453","35.24586","לא ניתן להשוואה — קו 4 מתחיל/מסיים את מסלולו באחת התחנות (תחנת-קצה), ולכן אינו מסדרון-מעבר תקף: הוא עושה משם קפיצה ישירה קצרה, בעוד הקו הנבדק עשוי לבצע לולאת-שירות לגיטימית באמצע מסלולו. אין בסיס להשוואת מרחקים."
"אמיתי","4","דן בדרום","selfloop","ת. רכבת שדרות","דרך מנחם בגין/דרך הרב שלום איפרגן","89","0.289","29","8.4","","31.51604","34.58736","הקו מקיף ~1.25 סיבובים (כיכר/לולאה) בין ""ת. רכבת שדרות"" ל-""דרך מנחם בגין/דרך הרב שלום איפרגן"", בעוד קו 89 עובר אותו ב-0.7 ק""מ — סיבוב מיותר, עיקוף אמיתי."
"אמיתי","4א","דן בדרום","selfloop","ת. רכבת שדרות","דרך מנחם בגין/דרך הרב שלום איפרגן","89","0.289","8","2.3","","31.51604","34.58736","הקו מקיף ~1.25 סיבובים (כיכר/לולאה) בין ""ת. רכבת שדרות"" ל-""דרך מנחם בגין/דרך הרב שלום איפרגן"", בעוד קו 89 עובר אותו ב-0.7 ק""מ — סיבוב מיותר, עיקוף אמיתי."
"לא ניתן להשוואה","85","נסיעות ותיירות","detour","ח'אלת אל שריף ב","שכונה דרומית ח","91","0.27","2","0.5","1.59","32.8853","35.40365","לא ניתן להשוואה — סדר תחנות שונה: קו 91 עובר דרך 1 תחנת/ות ביניים נוספת/ות בין ""ח'אלת אל שריף ב"" ל-""שכונה דרומית ח"" (A→…→B), בעוד הקו הנבדק עובר ישירות. זו בחירת תכנון מסלול, לא עיקוף — אין משמעות ליחס-מרחקים."
"לא ניתן להשוואה","72","נסיעות ותיירות","detour","ח'אלת אל שריף ב","שכונה דרומית ח","91","0.269","1","0.3","1.59","32.8853","35.40365","לא ניתן להשוואה — סדר תחנות שונה: קו 91 עובר דרך 1 תחנת/ות ביניים נוספת/ות בין ""ח'אלת אל שריף ב"" ל-""שכונה דרומית ח"" (A→…→B), בעוד הקו הנבדק עובר ישירות. זו בחירת תכנון מסלול, לא עיקוף — אין משמעות ליחס-מרחקים."
"לא ניתן להשוואה","320","קווים","detour","חניון תח''צ/שדרות בית הלל","אור החיים/חפץ חיים","324","0.255","52","13.3","1.5","31.93422","35.04903","לא ניתן להשוואה — קו 324 מתחיל/מסיים את מסלולו באחת התחנות (תחנת-קצה), ולכן אינו מסדרון-מעבר תקף: הוא עושה משם קפיצה ישירה קצרה, בעוד הקו הנבדק עשוי לבצע לולאת-שירות לגיטימית באמצע מסלולו. אין בסיס להשוואת מרחקים."
"אמיתי","22","אלקטרה אפיקים תחבורה","selfloop","המוריה/מבוא אחלמה","מעלה אריאל/אבני מילואים","216","0.255","4","1","","31.81814","35.39501","הקו מקיף ~1.2 סיבובים (כיכר/לולאה) בין ""המוריה/מבוא אחלמה"" ל-""מעלה אריאל/אבני מילואים"", בעוד קו 216 עובר אותו ב-0.3 ק""מ — סיבוב מיותר, עיקוף אמיתי."
"אמיתי","357","מטרופולין","selfloop","בורנשטיין/הרצל","בורנשטיין/אשר סנקר","359","0.25","4","1","","30.9885","34.92503","הקו מקיף ~1.15 סיבובים (כיכר/לולאה) בין ""בורנשטיין/הרצל"" ל-""בורנשטיין/אשר סנקר"", בעוד קו 359 עובר אותו ב-0.1 ק""מ — סיבוב מיותר, עיקוף אמיתי."
"לא ניתן להשוואה","80","אגד","detour","העצמאות/הרצל","בית הספר עמיאסף","84","0.248","1","0.2","1.68","31.06806","35.02946","לא ניתן להשוואה — קו 84 מתחיל/מסיים את מסלולו באחת התחנות (תחנת-קצה), ולכן אינו מסדרון-מעבר תקף: הוא עושה משם קפיצה ישירה קצרה, בעוד הקו הנבדק עשוי לבצע לולאת-שירות לגיטימית באמצע מסלולו. אין בסיס להשוואת מרחקים."
"כיסוי לגיטימי","377","אלקטרה אפיקים תחבורה","detour","האומן/ברעם","ברעם/האומן","512","0.246","23","5.7","1.76","31.7473","35.21232","וריאנט של הקו עוצר בתחנות-ביניים בתוך המקטע (כיסוי שכונה) — לא עיקוף מיותר, אלא בחירת מסלול שמשרתת נוסעים."
"אמיתי","511","נתיב אקספרס","selfloop","שוק עירוני","אליהו פרומצ'נקו/יעקב לוי","522","0.245","13","3.2","","32.96622","35.49699","הקו מקיף ~1.5 סיבובים (כיכר/לולאה) בין ""שוק עירוני"" ל-""אליהו פרומצ'נקו/יעקב לוי"", בעוד קו 522 עובר אותו ב-0.7 ק""מ — סיבוב מיותר, עיקוף אמיתי."
"אמיתי","1","נתיב אקספרס","selfloop","הפלמ''ח/הנשיא","אליהו פרומצ'נקו/יעקב לוי","9","0.245","49","12","","32.96325","35.49592","הקו מקיף ~1.47 סיבובים (כיכר/לולאה) בין ""הפלמ''ח/הנשיא"" ל-""אליהו פרומצ'נקו/יעקב לוי"", בעוד קו 9 עובר אותו ב-0.6 ק""מ — סיבוב מיותר, עיקוף אמיתי."
"אמיתי","15","נתיב אקספרס","selfloop","הפלמ''ח/הנשיא","אליהו פרומצ'נקו/יעקב לוי","9","0.245","48","11.8","","32.96325","35.49592","הקו מקיף ~1.47 סיבובים (כיכר/לולאה) בין ""הפלמ''ח/הנשיא"" ל-""אליהו פרומצ'נקו/יעקב לוי"", בעוד קו 9 עובר אותו ב-0.6 ק""מ — סיבוב מיותר, עיקוף אמיתי."
"אמיתי","283","אלקטרה אפיקים","selfloop","נחל רבה/חט''ב גוונים","דרך מנחם בגין/הפרחים","566","0.245","23","5.6","","32.09895","34.96326","הקו מקיף ~1.5 סיבובים (כיכר/לולאה) בין ""נחל רבה/חט''ב גוונים"" ל-""דרך מנחם בגין/הפרחים"", בעוד קו 566 עובר אותו ב-0.4 ק""מ — סיבוב מיותר, עיקוף אמיתי."
"לא ניתן להשוואה","58","אגד","detour","נחמיה/שדרות יעקב","נחמיה/מלאכי","11","0.244","1","0.2","1.4","31.94935","34.81873","לא ניתן להשוואה — סדר תחנות שונה: קו 11 עובר דרך 1 תחנת/ות ביניים נוספת/ות בין ""נחמיה/שדרות יעקב"" ל-""נחמיה/מלאכי"" (A→…→B), בעוד הקו הנבדק עובר ישירות. זו בחירת תכנון מסלול, לא עיקוף — אין משמעות ליחס-מרחקים."
"לא ניתן להשוואה","59","אגד","detour","נחמיה/שדרות יעקב","נחמיה/מלאכי","11","0.244","1","0.2","1.4","31.94935","34.81873","לא ניתן להשוואה — סדר תחנות שונה: קו 11 עובר דרך 1 תחנת/ות ביניים נוספת/ות בין ""נחמיה/שדרות יעקב"" ל-""נחמיה/מלאכי"" (A→…→B), בעוד הקו הנבדק עובר ישירות. זו בחירת תכנון מסלול, לא עיקוף — אין משמעות ליחס-מרחקים."
"אמיתי","251","נתיב אקספרס","detour","העצמאות/יהושפט","ת.מרכזית עכו/דרך הארבעה","4","0.239","25","6","1.62","32.92808","35.07696","הקו נוסע פי 1.62 מקו 4 בין אותן שתי התחנות (אותו ציר כניסה, סטייה 0°) — עיקוף אמיתי."
"אמיתי","78","אלקטרה אפיקים","selfloop","כינרת/נחל קידרון","כינרת/נחל נעמן","324","0.237","1","0.2","","31.78516","34.63413","הקו מקיף ~1.15 סיבובים (כיכר/לולאה) בין ""כינרת/נחל קידרון"" ל-""כינרת/נחל נעמן"", בעוד קו 324 עובר אותו ב-0.3 ק""מ — סיבוב מיותר, עיקוף אמיתי."
"לא ניתן להשוואה","85","נסיעות ותיירות","detour","מע'אר מרכז/806","כנסייה קתולית ג","96","0.221","3","0.7","1.47","32.89083","35.40952","לא ניתן להשוואה — סדר תחנות שונה: קו 96 עובר דרך 1 תחנת/ות ביניים נוספת/ות בין ""מע'אר מרכז/806"" ל-""כנסייה קתולית ג"" (A→…→B), בעוד הקו הנבדק עובר ישירות. זו בחירת תכנון מסלול, לא עיקוף — אין משמעות ליחס-מרחקים."
"לא ניתן להשוואה","804","סופרבוס","detour","בית וגן/שדרות הרצל","בי''ח שערי צדק/בייט","817","0.221","1","0.2","1.36","31.77278","35.18301","הקו נוסע במסלול קרוב-לאופטימלי (פי 0.29 מהדרך הקצרה בכביש) — אין עיקוף מיותר בפועל."
"לא ניתן להשוואה","750","סופרבוס","detour","בית וגן/שדרות הרצל","בי''ח שערי צדק/בייט","817","0.221","1","0.2","1.36","31.77278","35.18301","הקו נוסע במסלול קרוב-לאופטימלי (פי 0.29 מהדרך הקצרה בכביש) — אין עיקוף מיותר בפועל."
"אמיתי","551","מטרופולין","detour","ת. רק''ל בלינסון/קניון אבנת","ת.רק''ל שחם/דרך ז'בוטינסקי","66","0.215","2","0.4","1.43","32.09172","34.86587","הקו נוסע פי 1.43 מקו 66 בין אותן שתי התחנות (אותו ציר כניסה, סטייה 0°) — עיקוף אמיתי."
"לא ניתן להשוואה","78","אגד","detour","הפרדס/משמר הגבול","הפרדס/שפק","92","0.208","3","0.6","1.68","32.42659","34.94194","לא ניתן להשוואה — קו 92 מתחיל/מסיים את מסלולו באחת התחנות (תחנת-קצה), ולכן אינו מסדרון-מעבר תקף: הוא עושה משם קפיצה ישירה קצרה, בעוד הקו הנבדק עשוי לבצע לולאת-שירות לגיטימית באמצע מסלולו. אין בסיס להשוואת מרחקים."
"לא ניתן להשוואה","12","אגד","detour","הפרדס/משמר הגבול","הפרדס/שפק","92","0.208","52","10.8","1.68","32.42659","34.94194","לא ניתן להשוואה — קו 92 מתחיל/מסיים את מסלולו באחת התחנות (תחנת-קצה), ולכן אינו מסדרון-מעבר תקף: הוא עושה משם קפיצה ישירה קצרה, בעוד הקו הנבדק עשוי לבצע לולאת-שירות לגיטימית באמצע מסלולו. אין בסיס להשוואת מרחקים."
"לא ניתן להשוואה","16","אגד","detour","הפרדס/משמר הגבול","הפרדס/שפק","92","0.208","19","4","1.68","32.42659","34.94194","לא ניתן להשוואה — קו 92 מתחיל/מסיים את מסלולו באחת התחנות (תחנת-קצה), ולכן אינו מסדרון-מעבר תקף: הוא עושה משם קפיצה ישירה קצרה, בעוד הקו הנבדק עשוי לבצע לולאת-שירות לגיטימית באמצע מסלולו. אין בסיס להשוואת מרחקים."
"לא ניתן להשוואה","13א","אגד","detour","הפרדס/משמר הגבול","הפרדס/שפק","92","0.208","26","5.4","1.68","32.42659","34.94194","לא ניתן להשוואה — קו 92 מתחיל/מסיים את מסלולו באחת התחנות (תחנת-קצה), ולכן אינו מסדרון-מעבר תקף: הוא עושה משם קפיצה ישירה קצרה, בעוד הקו הנבדק עשוי לבצע לולאת-שירות לגיטימית באמצע מסלולו. אין בסיס להשוואת מרחקים."
"אמיתי","82","אלקטרה אפיקים תחבורה","selfloop","הצור/דרך קדם","הרכס/הניקרה","481","0.206","1","0.2","","31.77909","35.31391","הקו מקיף ~1.21 סיבובים (כיכר/לולאה) בין ""הצור/דרך קדם"" ל-""הרכס/הניקרה"", בעוד קו 481 עובר אותו ב-0.4 ק""מ — סיבוב מיותר, עיקוף אמיתי."
"כיסוי לגיטימי","56","קווים","selfloop","שאגת אריה 3","חפץ חיים ז","59","0.203","1","0.2","","31.92884","35.04165","וריאנט של הקו עוצר בתחנות-ביניים בתוך המקטע (כיסוי שכונה) — לא עיקוף מיותר, אלא בחירת מסלול שמשרתת נוסעים."
"אמיתי","66","אקסטרה","detour","שד. בנימין/שלום שבזי","בן צבי/הגר''א","640","0.201","61","12.3","1.4","32.31523","34.85413","הקו נוסע פי 1.40 מקו 640 בין אותן שתי התחנות (אותו ציר כניסה, סטייה 0°) — עיקוף אמיתי."
"אמיתי","13","סופרבוס","selfloop","קוממיות/טשרניחובסקי","אבן גבירול/קוממיות","991","0.197","43","8.5","","32.62616","35.32418","הקו מקיף ~1.27 סיבובים (כיכר/לולאה) בין ""קוממיות/טשרניחובסקי"" ל-""אבן גבירול/קוממיות"", בעוד קו 991 עובר אותו ב-0.3 ק""מ — סיבוב מיותר, עיקוף אמיתי."
"אמיתי","13א","סופרבוס","selfloop","קוממיות/טשרניחובסקי","אבן גבירול/קוממיות","991","0.197","17","3.3","","32.62616","35.32418","הקו מקיף ~1.27 סיבובים (כיכר/לולאה) בין ""קוממיות/טשרניחובסקי"" ל-""אבן גבירול/קוממיות"", בעוד קו 991 עובר אותו ב-0.3 ק""מ — סיבוב מיותר, עיקוף אמיתי."
"לא ניתן להשוואה","13","אגד","detour","מרפאת זבולון","קריון/יצחק רבין","12","0.184","55","10.1","1.35","32.84521","35.09119","לא ניתן להשוואה — כיווניות מנוגדת: קו 12 מגיע לתחנה המשותפת מצד מנוגד (הפרש וקטור הגעה 128° > 90°). הקווים על צירי נסיעה הפוכים — אין בסיס להשוואת מרחקים."
"אמיתי","852","אגד","selfloop","דרך למרחב/המעלה","יד לבנים/דרך הבנים","3","0.184","40","7.4","","32.47374","34.97016","הקו מקיף ~1.32 סיבובים (כיכר/לולאה) בין ""דרך למרחב/המעלה"" ל-""יד לבנים/דרך הבנים"", בעוד קו 3 עובר אותו ב-0.4 ק""מ — סיבוב מיותר, עיקוף אמיתי."
"אמיתי","2","אגד","selfloop","ביג כרמיאל/מרכז מסחרי","בית עלמין/מעלה כמון","1","0.182","51","9.3","","32.92665","35.32385","הקו מקיף ~2 סיבובים (כיכר/לולאה) בין ""ביג כרמיאל/מרכז מסחרי"" ל-""בית עלמין/מעלה כמון"", בעוד קו 1 עובר אותו ב-0.5 ק""מ — סיבוב מיותר, עיקוף אמיתי."
"אמיתי","64","אקסטרה","detour","שד. בנימין/שלום שבזי","בן צבי/הגר''א","640","0.177","39","6.9","1.36","32.31523","34.85413","הקו נוסע פי 1.36 מקו 640 בין אותן שתי התחנות (אותו ציר כניסה, סטייה 0°) — עיקוף אמיתי."
"אמיתי","64","אקסטרה","detour","שד. בנימין/שלום שבזי","בן צבי/הגר''א","640","0.177","6","1.1","1.36","32.31523","34.85413","הקו נוסע פי 1.36 מקו 640 בין אותן שתי התחנות (אותו ציר כניסה, סטייה 0°) — עיקוף אמיתי."
"אמיתי","98","קווים","detour","שד. בנימין/שלום שבזי","בן צבי/הגר''א","640","0.177","10","1.8","1.36","32.31523","34.85413","הקו נוסע פי 1.36 מקו 640 בין אותן שתי התחנות (אותו ציר כניסה, סטייה 0°) — עיקוף אמיתי."
"אמיתי","63","אקסטרה","detour","שד. בנימין/שלום שבזי","בן צבי/הגר''א","640","0.177","4","0.7","1.36","32.31523","34.85413","הקו נוסע פי 1.36 מקו 640 בין אותן שתי התחנות (אותו ציר כניסה, סטייה 0°) — עיקוף אמיתי."
"אמיתי","605","מטרופולין","detour","שד. בנימין/שלום שבזי","בן צבי/הגר''א","640","0.177","55","9.7","1.36","32.31523","34.85413","הקו נוסע פי 1.36 מקו 640 בין אותן שתי התחנות (אותו ציר כניסה, סטייה 0°) — עיקוף אמיתי."
"אמיתי","604","מטרופולין","detour","שד. בנימין/שלום שבזי","בן צבי/הגר''א","640","0.177","4","0.7","1.36","32.31523","34.85413","הקו נוסע פי 1.36 מקו 640 בין אותן שתי התחנות (אותו ציר כניסה, סטייה 0°) — עיקוף אמיתי."
"אמיתי","619","מטרופולין","detour","שד. בנימין/שלום שבזי","בן צבי/הגר''א","640","0.177","9","1.6","1.36","32.31523","34.85413","הקו נוסע פי 1.36 מקו 640 בין אותן שתי התחנות (אותו ציר כניסה, סטייה 0°) — עיקוף אמיתי."
"אמיתי","149","אקסטרה","detour","שד. בנימין/שלום שבזי","בן צבי/הגר''א","640","0.177","2","0.4","1.36","32.31523","34.85413","הקו נוסע פי 1.36 מקו 640 בין אותן שתי התחנות (אותו ציר כניסה, סטייה 0°) — עיקוף אמיתי."
"אמיתי","63","אקסטרה","detour","שד. בנימין/שלום שבזי","בן צבי/הגר''א","640","0.177","93","16.5","1.36","32.31523","34.85413","הקו נוסע פי 1.36 מקו 640 בין אותן שתי התחנות (אותו ציר כניסה, סטייה 0°) — עיקוף אמיתי."
"אמיתי","16","דן באר שבע","selfloop","ש'ד יעלים / ש''י עגנון","שדרות יעלים/העלייה","9","0.175","1","0.2","","31.25197","34.7784","הקו מקיף ~1.38 סיבובים (כיכר/לולאה) בין ""ש'ד יעלים / ש''י עגנון"" ל-""שדרות יעלים/העלייה"", בעוד קו 9 עובר אותו ב-0.4 ק""מ — סיבוב מיותר, עיקוף אמיתי."
"אמיתי","333","אלקטרה אפיקים","selfloop","שדרות יצחק רבין/שדרות בני ברית","שדרות יצחק רבין/כוכב הדרום","10","0.175","1","0.2","","31.77376","34.63717","הקו מקיף ~1.38 סיבובים (כיכר/לולאה) בין ""שדרות יצחק רבין/שדרות בני ברית"" ל-""שדרות יצחק רבין/כוכב הדרום"", בעוד קו 10 עובר אותו ב-0.4 ק""מ — סיבוב מיותר, עיקוף אמיתי."
"לא ניתן להשוואה","40","אגד","detour","העירייה","הרצל/הלל יפה","41","0.167","28","4.7","1.58","32.81246","34.9976","הקו נוסע במסלול קרוב-לאופטימלי (פי 0.48 מהדרך הקצרה בכביש) — אין עיקוף מיותר בפועל."
"אמיתי","454","אלקטרה אפיקים","selfloop","זכריה הנביא/שדרות האמוראים","אליהו הנביא/זכריה הנביא","474","0.151","13","2","","31.7033","34.97546","הקו מקיף ~1.55 סיבובים (כיכר/לולאה) בין ""זכריה הנביא/שדרות האמוראים"" ל-""אליהו הנביא/זכריה הנביא"", בעוד קו 474 עובר אותו ב-0.6 ק""מ — סיבוב מיותר, עיקוף אמיתי."
"אמיתי","424","תנופה","selfloop","זכריה הנביא/שדרות האמוראים","אליהו הנביא/זכריה הנביא","507","0.151","7","1.1","","31.7033","34.97546","הקו מקיף ~1.55 סיבובים (כיכר/לולאה) בין ""זכריה הנביא/שדרות האמוראים"" ל-""אליהו הנביא/זכריה הנביא"", בעוד קו 507 עובר אותו ב-0.6 ק""מ — סיבוב מיותר, עיקוף אמיתי."
"לא ניתן להשוואה","600","תנופה","detour","היכל המשפט/אבא אבן","שדרות שז''ר/בנייני האומה","615","0.149","83","12.4","1.43","31.78651","35.20556","לא ניתן להשוואה — קו 615 מתחיל/מסיים את מסלולו באחת התחנות (תחנת-קצה), ולכן אינו מסדרון-מעבר תקף: הוא עושה משם קפיצה ישירה קצרה, בעוד הקו הנבדק עשוי לבצע לולאת-שירות לגיטימית באמצע מסלולו. אין בסיס להשוואת מרחקים."
"לא ניתן להשוואה","43","אלקטרה אפיקים","detour","האלמוגים/בית כנסת","הצדפים/הים","53","0.148","8","1.2","1.55","31.82237","34.86279","לא ניתן להשוואה — קו 53 מתחיל/מסיים את מסלולו באחת התחנות (תחנת-קצה), ולכן אינו מסדרון-מעבר תקף: הוא עושה משם קפיצה ישירה קצרה, בעוד הקו הנבדק עשוי לבצע לולאת-שירות לגיטימית באמצע מסלולו. אין בסיס להשוואת מרחקים."
"אמיתי","6","דן בדרום","selfloop","הטייסים/חי''ל","הטייסים/מודיעין","18","0.148","25","3.7","","31.68024","34.56283","הקו מקיף ~1.36 סיבובים (כיכר/לולאה) בין ""הטייסים/חי''ל"" ל-""הטייסים/מודיעין"", בעוד קו 18 עובר אותו ב-0.3 ק""מ — סיבוב מיותר, עיקוף אמיתי."
"לא ניתן להשוואה","296","סופרבוס","detour","מסוף אום אל פחם","צומת אום אל פחם","247","0.14","3","0.4","1.37","32.53174","35.14974","לא ניתן להשוואה — קו 247 מתחיל/מסיים את מסלולו באחת התחנות (תחנת-קצה), ולכן אינו מסדרון-מעבר תקף: הוא עושה משם קפיצה ישירה קצרה, בעוד הקו הנבדק עשוי לבצע לולאת-שירות לגיטימית באמצע מסלולו. אין בסיס להשוואת מרחקים."
"לא ניתן להשוואה","246","סופרבוס","detour","מסוף אום אל פחם","צומת אום אל פחם","247","0.14","4","0.6","1.37","32.53174","35.14974","לא ניתן להשוואה — קו 247 מתחיל/מסיים את מסלולו באחת התחנות (תחנת-קצה), ולכן אינו מסדרון-מעבר תקף: הוא עושה משם קפיצה ישירה קצרה, בעוד הקו הנבדק עשוי לבצע לולאת-שירות לגיטימית באמצע מסלולו. אין בסיס להשוואת מרחקים."
"אמיתי","903","דן","selfloop","נחמיה/עזרא","הרב בן יעקב/בר יוחאי","3","0.138","1","0.1","","32.07908","34.83709","הקו מקיף ~1.3 סיבובים (כיכר/לולאה) בין ""נחמיה/עזרא"" ל-""הרב בן יעקב/בר יוחאי"", בעוד קו 3 עובר אותו ב-0.4 ק""מ — סיבוב מיותר, עיקוף אמיתי."
"אמיתי","845","אגד","detour","הרב פרדס/מאיר בלבן","שדרות נווה יעקב/ראובן גמזון","1","0.132","1","0.1","1.39","31.845","35.24178","הקו נוסע פי 1.39 מקו 1 בין אותן שתי התחנות (אותו ציר כניסה, סטייה 0°) — עיקוף אמיתי."
"אמיתי","74","מטרופולין","selfloop","משה שרת/משאבים","השיקמים/חודשי השנה","77","0.13","2","0.3","","32.1628","34.89045","הקו מקיף ~1.38 סיבובים (כיכר/לולאה) בין ""משה שרת/משאבים"" ל-""השיקמים/חודשי השנה"", בעוד קו 77 עובר אותו ב-0.5 ק""מ — סיבוב מיותר, עיקוף אמיתי."
"אמיתי","12א","דן בדרום","selfloop","שדרות ירושלים/אגמית","שדרות ירושלים/רחבעם זאבי","5","0.129","1","0.1","","31.69835","34.57839","הקו מקיף ~1.25 סיבובים (כיכר/לולאה) בין ""שדרות ירושלים/אגמית"" ל-""שדרות ירושלים/רחבעם זאבי"", בעוד קו 5 עובר אותו ב-0.2 ק""מ — סיבוב מיותר, עיקוף אמיתי."
"אמיתי","4","אגד","selfloop","הרב עובדיה יוסף/הרבי מלובאוויטש","אביגדור קהלני/הרב עובדיה יוסף","83א","0.129","31","4","","31.06791","35.0507","הקו מקיף ~3.5 סיבובים (כיכר/לולאה) בין ""הרב עובדיה יוסף/הרבי מלובאוויטש"" ל-""אביגדור קהלני/הרב עובדיה יוסף"", בעוד קו 83א עובר אותו ב-0.3 ק""מ — סיבוב מיותר, עיקוף אמיתי."
"לא ניתן להשוואה","23","קווים","detour","צומת העוגן/כביש 5700","קיבוץ משמר השרון לדרום","26","0.126","5","0.6","1.68","32.35852","34.90683","לא ניתן להשוואה — כיווניות מנוגדת: קו 26 מגיע לתחנה המשותפת מצד מנוגד (הפרש וקטור הגעה 169° > 90°). הקווים על צירי נסיעה הפוכים — אין בסיס להשוואת מרחקים."
"לא ניתן להשוואה","23","קווים","detour","צומת העוגן/כביש 5700","קיבוץ משמר השרון לדרום","26","0.126","3","0.4","1.68","32.35852","34.90683","לא ניתן להשוואה — כיווניות מנוגדת: קו 26 מגיע לתחנה המשותפת מצד מנוגד (הפרש וקטור הגעה 169° > 90°). הקווים על צירי נסיעה הפוכים — אין בסיס להשוואת מרחקים."
"אמיתי","28","אגד","detour","מדעטק/בלפור","בית הקרנות","208","0.126","2","0.3","1.41","32.8098","34.99705","הקו נוסע פי 1.41 מקו 208 בין אותן שתי התחנות (אותו ציר כניסה, סטייה 0°) — עיקוף אמיתי."
"אמיתי","21","אגד","detour","מדעטק/בלפור","בית הקרנות","208","0.126","2","0.3","1.41","32.8098","34.99705","הקו נוסע פי 1.41 מקו 208 בין אותן שתי התחנות (אותו ציר כניסה, סטייה 0°) — עיקוף אמיתי."
"אמיתי","28","אגד","detour","מדעטק/בלפור","בית הקרנות","208","0.126","1","0.1","1.41","32.8098","34.99705","הקו נוסע פי 1.41 מקו 208 בין אותן שתי התחנות (אותו ציר כניסה, סטייה 0°) — עיקוף אמיתי."
"אמיתי","28","אגד","detour","מדעטק/בלפור","בית הקרנות","208","0.126","4","0.5","1.41","32.8098","34.99705","הקו נוסע פי 1.41 מקו 208 בין אותן שתי התחנות (אותו ציר כניסה, סטייה 0°) — עיקוף אמיתי."
"אמיתי","37","אגד","detour","מדעטק/בלפור","בית הקרנות","208","0.126","28","3.5","1.41","32.8098","34.99705","הקו נוסע פי 1.41 מקו 208 בין אותן שתי התחנות (אותו ציר כניסה, סטייה 0°) — עיקוף אמיתי."
"אמיתי","205","אגד","detour","מדעטק/בלפור","בית הקרנות","224","0.126","9","1.1","1.41","32.8098","34.99705","הקו נוסע פי 1.41 מקו 224 בין אותן שתי התחנות (אותו ציר כניסה, סטייה 0°) — עיקוף אמיתי."
"אמיתי","28","אגד","detour","מדעטק/בלפור","בית הקרנות","208","0.126","58","7.3","1.41","32.8098","34.99705","הקו נוסע פי 1.41 מקו 208 בין אותן שתי התחנות (אותו ציר כניסה, סטייה 0°) — עיקוף אמיתי."
"אמיתי","28","אגד","detour","מדעטק/בלפור","בית הקרנות","208","0.126","5","0.6","1.41","32.8098","34.99705","הקו נוסע פי 1.41 מקו 208 בין אותן שתי התחנות (אותו ציר כניסה, סטייה 0°) — עיקוף אמיתי."
"אמיתי","37א","אגד","detour","מדעטק/בלפור","בית הקרנות","224","0.126","37","4.7","1.41","32.8098","34.99705","הקו נוסע פי 1.41 מקו 224 בין אותן שתי התחנות (אותו ציר כניסה, סטייה 0°) — עיקוף אמיתי."
"אמיתי","37א","אגד","detour","מדעטק/בלפור","בית הקרנות","208","0.126","4","0.5","1.41","32.8098","34.99705","הקו נוסע פי 1.41 מקו 208 בין אותן שתי התחנות (אותו ציר כניסה, סטייה 0°) — עיקוף אמיתי."
"אמיתי","80","מטרופולין","selfloop","ירושלים/שמעון","הקנאים/חברון","47","0.124","1","0.1","","31.25954","35.20988","הקו מקיף ~1.63 סיבובים (כיכר/לולאה) בין ""ירושלים/שמעון"" ל-""הקנאים/חברון"", בעוד קו 47 עובר אותו ב-0.4 ק""מ — סיבוב מיותר, עיקוף אמיתי."
"אמיתי","440","תנופה","selfloop","הר השומרון/נחל קנה","צומת רבבה","388","0.123","1","0.1","","32.12128","35.1289","הקו מקיף ~2 סיבובים (כיכר/לולאה) בין ""הר השומרון/נחל קנה"" ל-""צומת רבבה"", בעוד קו 388 עובר אותו ב-0.5 ק""מ — סיבוב מיותר, עיקוף אמיתי."
"אמיתי","83","סופרבוס","selfloop","רכבת העמק/העמלים","דרך קרית עמל/עמלים","85","0.121","3","0.4","","32.71549","35.10355","הקו מקיף ~1.47 סיבובים (כיכר/לולאה) בין ""רכבת העמק/העמלים"" ל-""דרך קרית עמל/עמלים"", בעוד קו 85 עובר אותו ב-0.3 ק""מ — סיבוב מיותר, עיקוף אמיתי."
"אמיתי","363","דן בדרום","selfloop","מכללת ספיר","מועצה אזורית שער הנגב","347","0.118","13","1.5","","31.51073","34.59435","הקו מקיף ~1.18 סיבובים (כיכר/לולאה) בין ""מכללת ספיר"" ל-""מועצה אזורית שער הנגב"", בעוד קו 347 עובר אותו ב-0.6 ק""מ — סיבוב מיותר, עיקוף אמיתי."
"אמיתי","46","אגד","detour","שדרות יצחק שמיר/שונית","אריאל שרון/ז'בוטינסקי","44","0.117","35","4.1","1.38","32.76306","34.96415","הקו נוסע פי 1.38 מקו 44 בין אותן שתי התחנות (אותו ציר כניסה, סטייה 0°) — עיקוף אמיתי."
"לא ניתן להשוואה","97","דן בדרום","detour","בן יהודה/עולי הגרדום","שפירא/עמק יזרעאל","1","0.114","1","0.1","1.37","31.64624","34.55683","לא ניתן להשוואה — קו 1 מתחיל/מסיים את מסלולו באחת התחנות (תחנת-קצה), ולכן אינו מסדרון-מעבר תקף: הוא עושה משם קפיצה ישירה קצרה, בעוד הקו הנבדק עשוי לבצע לולאת-שירות לגיטימית באמצע מסלולו. אין בסיס להשוואת מרחקים."
"אמיתי","145","מטרופולין","selfloop","ככר מגדל/עבד אל כרים קאסם","עבד אל כרים קאסם/אל ח'ליל","5א","0.114","6","0.7","","32.11788","34.96868","הקו מקיף ~1.32 סיבובים (כיכר/לולאה) בין ""ככר מגדל/עבד אל כרים קאסם"" ל-""עבד אל כרים קאסם/אל ח'ליל"", בעוד קו 5א עובר אותו ב-0.1 ק""מ — סיבוב מיותר, עיקוף אמיתי."
"אמיתי","145","מטרופולין","selfloop","ככר מגדל/עבד אל כרים קאסם","עבד אל כרים קאסם/אל ח'ליל","5א","0.114","3","0.3","","32.11788","34.96868","הקו מקיף ~1.32 סיבובים (כיכר/לולאה) בין ""ככר מגדל/עבד אל כרים קאסם"" ל-""עבד אל כרים קאסם/אל ח'ליל"", בעוד קו 5א עובר אותו ב-0.1 ק""מ — סיבוב מיותר, עיקוף אמיתי."
"אמיתי","29","דן באר שבע","selfloop","מרכז מסחרי נווה זאב/שדרות יוהנה ז'בוטינסקי","שדרות יוהנה ז'בוטינסקי/קדיש סילמן","14א","0.113","33","3.7","","31.23877","34.7739","הקו מקיף ~1.5 סיבובים (כיכר/לולאה) בין ""מרכז מסחרי נווה זאב/שדרות יוהנה ז'בוטינסקי"" ל-""שדרות יוהנה ז'בוטינסקי/קדיש סילמן"", בעוד קו 14א עובר אותו ב-0.3 ק""מ — סיבוב מיותר, עיקוף אמיתי."
"אמיתי","58","דן בדרום","selfloop","שד.ים/חי טייב","שדרות וייצמן/ורדימון","54","0.112","11","1.2","","31.42","34.5883","הקו מקיף ~2 סיבובים (כיכר/לולאה) בין ""שד.ים/חי טייב"" ל-""שדרות וייצמן/ורדימון"", בעוד קו 54 עובר אותו ב-0.3 ק""מ — סיבוב מיותר, עיקוף אמיתי."
"אמיתי","990","נתיב אקספרס","selfloop","הרב עובדיה יוסף/הרימונים","הרימונים/האלונים","110","0.11","1","0.1","","32.75282","35.10015","הקו מקיף ~1.37 סיבובים (כיכר/לולאה) בין ""הרב עובדיה יוסף/הרימונים"" ל-""הרימונים/האלונים"", בעוד קו 110 עובר אותו ב-0.4 ק""מ — סיבוב מיותר, עיקוף אמיתי."
"אמיתי","86","אקסטרה ירושלים","detour","הקונגרס הציוני/רקאנטי","רקאנטי/בן זאב","64","0.108","52","5.6","1.41","31.81805","35.19363","הקו נוסע פי 1.41 מקו 64 בין אותן שתי התחנות (אותו ציר כניסה, סטייה 0°) — עיקוף אמיתי."
"אמיתי","852","אגד","selfloop","דרך למרחב/המעלה","יד לבנים/דרך הבנים","3","0.106","27","2.9","","32.47374","34.97016","הקו מקיף ~1.5 סיבובים (כיכר/לולאה) בין ""דרך למרחב/המעלה"" ל-""יד לבנים/דרך הבנים"", בעוד קו 3 עובר אותו ב-0.4 ק""מ — סיבוב מיותר, עיקוף אמיתי."
"אמיתי","9","אלקטרה אפיקים","selfloop","דוד המלך/שאול המלך","שלמה המלך/חזקיה המלך","321","0.105","43","4.5","","31.77439","34.64304","הקו מקיף ~1.75 סיבובים (כיכר/לולאה) בין ""דוד המלך/שאול המלך"" ל-""שלמה המלך/חזקיה המלך"", בעוד קו 321 עובר אותו ב-0.4 ק""מ — סיבוב מיותר, עיקוף אמיתי."
"אמיתי","70","מטרופולין","selfloop","מעונות הסטודנטים/שדרות בן גוריון","תחנת רכבת/שדרות דוד בן גוריון","455","0.103","31","3.2","","31.26075","34.80638","הקו מקיף ~1.32 סיבובים (כיכר/לולאה) בין ""מעונות הסטודנטים/שדרות בן גוריון"" ל-""תחנת רכבת/שדרות דוד בן גוריון"", בעוד קו 455 עובר אותו ב-0.3 ק""מ — סיבוב מיותר, עיקוף אמיתי."
"אמיתי","67","מטרופולין","selfloop","מעונות הסטודנטים/שדרות בן גוריון","תחנת רכבת/שדרות דוד בן גוריון","455","0.103","7","0.7","","31.26075","34.80638","הקו מקיף ~1.32 סיבובים (כיכר/לולאה) בין ""מעונות הסטודנטים/שדרות בן גוריון"" ל-""תחנת רכבת/שדרות דוד בן גוריון"", בעוד קו 455 עובר אותו ב-0.3 ק""מ — סיבוב מיותר, עיקוף אמיתי."
"אמיתי","50","מטרופולין","selfloop","מעונות הסטודנטים/שדרות בן גוריון","תחנת רכבת/שדרות דוד בן גוריון","455","0.103","33","3.4","","31.26075","34.80638","הקו מקיף ~1.32 סיבובים (כיכר/לולאה) בין ""מעונות הסטודנטים/שדרות בן גוריון"" ל-""תחנת רכבת/שדרות דוד בן גוריון"", בעוד קו 455 עובר אותו ב-0.3 ק""מ — סיבוב מיותר, עיקוף אמיתי."
"אמיתי","210","אגד","selfloop","פלמח/האצל","פלמח/לחי","15","0.103","11","1.1","","32.85257","35.07373","הקו מקיף ~1.24 סיבובים (כיכר/לולאה) בין ""פלמח/האצל"" ל-""פלמח/לחי"", בעוד קו 15 עובר אותו ב-0.3 ק""מ — סיבוב מיותר, עיקוף אמיתי."
"אמיתי","84","אגד","selfloop","אל על/נקרות","אורן/אל על","96","0.102","1","0.1","","33.2224","35.59029","הקו מקיף ~2 סיבובים (כיכר/לולאה) בין ""אל על/נקרות"" ל-""אורן/אל על"", בעוד קו 96 עובר אותו ב-0.4 ק""מ — סיבוב מיותר, עיקוף אמיתי."
"אמיתי","356","סופרבוס","detour","בית ספר נטופה/יקינטון","מעלה יצחק/עין מאהל","34","0.101","18","1.8","1.36","32.72146","35.33718","הקו נוסע פי 1.36 מקו 34 בין אותן שתי התחנות (אותו ציר כניסה, סטייה 0°) — עיקוף אמיתי."
"אמיתי","356","סופרבוס","detour","בית ספר נטופה/יקינטון","מעלה יצחק/עין מאהל","34","0.101","3","0.3","1.36","32.72146","35.33718","הקו נוסע פי 1.36 מקו 34 בין אותן שתי התחנות (אותו ציר כניסה, סטייה 0°) — עיקוף אמיתי."
"אמיתי","2","ש.א.מ","detour","בית ספר נטופה/יקינטון","מעלה יצחק/עין מאהל","34","0.101","28","2.8","1.36","32.72146","35.33718","הקו נוסע פי 1.36 מקו 34 בין אותן שתי התחנות (אותו ציר כניסה, סטייה 0°) — עיקוף אמיתי."
"אמיתי","16","ש.א.מ","detour","בית ספר נטופה/יקינטון","מעלה יצחק/עין מאהל","34","0.101","25","2.5","1.36","32.72146","35.33718","הקו נוסע פי 1.36 מקו 34 בין אותן שתי התחנות (אותו ציר כניסה, סטייה 0°) — עיקוף אמיתי."
"אמיתי","826","אגד","detour","בית ספר נטופה/יקינטון","מעלה יצחק/עין מאהל","34","0.101","5","0.5","1.36","32.72146","35.33718","הקו נוסע פי 1.36 מקו 34 בין אותן שתי התחנות (אותו ציר כניסה, סטייה 0°) — עיקוף אמיתי."
"אמיתי","5","ש.א.מ","detour","בית ספר נטופה/יקינטון","מעלה יצחק/עין מאהל","34","0.101","22","2.2","1.36","32.72146","35.33718","הקו נוסע פי 1.36 מקו 34 בין אותן שתי התחנות (אותו ציר כניסה, סטייה 0°) — עיקוף אמיתי."
"אמיתי","12","ש.א.מ","detour","בית ספר נטופה/יקינטון","מעלה יצחק/עין מאהל","34","0.101","6","0.6","1.36","32.72146","35.33718","הקו נוסע פי 1.36 מקו 34 בין אותן שתי התחנות (אותו ציר כניסה, סטייה 0°) — עיקוף אמיתי."
"אמיתי","87","ש.א.מ","detour","בית ספר נטופה/יקינטון","מעלה יצחק/עין מאהל","34","0.101","1","0.1","1.36","32.72146","35.33718","הקו נוסע פי 1.36 מקו 34 בין אותן שתי התחנות (אותו ציר כניסה, סטייה 0°) — עיקוף אמיתי."
"אמיתי","332","נסיעות ותיירות","detour","בית ספר נטופה/יקינטון","מעלה יצחק/עין מאהל","34","0.101","3","0.3","1.36","32.72146","35.33718","הקו נוסע פי 1.36 מקו 34 בין אותן שתי התחנות (אותו ציר כניסה, סטייה 0°) — עיקוף אמיתי."
"אמיתי","36","ש.א.מ","detour","בית ספר נטופה/יקינטון","מעלה יצחק/עין מאהל","34","0.101","30","3","1.36","32.72146","35.33718","הקו נוסע פי 1.36 מקו 34 בין אותן שתי התחנות (אותו ציר כניסה, סטייה 0°) — עיקוף אמיתי."
"אמיתי","74","ש.א.מ","detour","בית ספר נטופה/יקינטון","מעלה יצחק/עין מאהל","34","0.101","1","0.1","1.36","32.72146","35.33718","הקו נוסע פי 1.36 מקו 34 בין אותן שתי התחנות (אותו ציר כניסה, סטייה 0°) — עיקוף אמיתי."
"אמיתי","268","אגד","selfloop","מעלה עדי ליאון/נחל מודיעין","מעלה עדי ליאון/שער הכניסה","183","0.1","5","0.5","","31.96623","35.04859","הקו מקיף ~1.25 סיבובים (כיכר/לולאה) בין ""מעלה עדי ליאון/נחל מודיעין"" ל-""מעלה עדי ליאון/שער הכניסה"", בעוד קו 183 עובר אותו ב-0.2 ק""מ — סיבוב מיותר, עיקוף אמיתי."
"אמיתי","27","אגד","detour","זבולון/שיבת ציון","זבולון/לילנבלום","23","0.097","26","2.5","1.4","32.80398","35.09442","הקו נוסע פי 1.40 מקו 23 בין אותן שתי התחנות (אותו ציר כניסה, סטייה 0°) — עיקוף אמיתי."
"אמיתי","35","אלקטרה אפיקים","selfloop","בית חולים הרצפלד","בן גוריון/עופרים","40","0.097","9","0.9","","31.80791","34.77794","הקו מקיף ~1.53 סיבובים (כיכר/לולאה) בין ""בית חולים הרצפלד"" ל-""בן גוריון/עופרים"", בעוד קו 40 עובר אותו ב-0.4 ק""מ — סיבוב מיותר, עיקוף אמיתי."
"אמיתי","503","אגד","selfloop","המשושים/פעמונית","שיאון/טיילת אפק","52","0.094","2","0.2","","32.99344","35.68638","הקו מקיף ~1.5 סיבובים (כיכר/לולאה) בין ""המשושים/פעמונית"" ל-""שיאון/טיילת אפק"", בעוד קו 52 עובר אותו ב-0.5 ק""מ — סיבוב מיותר, עיקוף אמיתי."
"אמיתי","279","מטרופולין","selfloop","רבי יהודה הנשיא/רבי שמעון בן שטח","רבי יהודה הנשיא/אבן גבירול","179","0.093","41","3.8","","32.0529","34.96068","הקו מקיף ~1.5 סיבובים (כיכר/לולאה) בין ""רבי יהודה הנשיא/רבי שמעון בן שטח"" ל-""רבי יהודה הנשיא/אבן גבירול"", בעוד קו 179 עובר אותו ב-0.5 ק""מ — סיבוב מיותר, עיקוף אמיתי."
"אמיתי","43","מועצה אזורית גולן","selfloop","גילבון/תדהר","זוויתן/טיילת נווה","52","0.093","1","0.1","","32.98891","35.69317","הקו מקיף ~1.25 סיבובים (כיכר/לולאה) בין ""גילבון/תדהר"" ל-""זוויתן/טיילת נווה"", בעוד קו 52 עובר אותו ב-0.3 ק""מ — סיבוב מיותר, עיקוף אמיתי."
"אמיתי","556","אגד","selfloop","שד. מלכי ישראל/רחבת גדעון בן יואש","שד.מלכי ישראל/משעול אהוד בן גרא","557","0.092","40","3.7","","31.61904","34.76174","הקו מקיף ~1.43 סיבובים (כיכר/לולאה) בין ""שד. מלכי ישראל/רחבת גדעון בן יואש"" ל-""שד.מלכי ישראל/משעול אהוד בן גרא"", בעוד קו 557 עובר אותו ב-0.2 ק""מ — סיבוב מיותר, עיקוף אמיתי."
"אמיתי","1","דן בדרום","selfloop","בריסל/רומא","קהילת מילנו/בריסל","4","0.092","43","4","","31.52217","34.60533","הקו מקיף ~1.38 סיבובים (כיכר/לולאה) בין ""בריסל/רומא"" ל-""קהילת מילנו/בריסל"", בעוד קו 4 עובר אותו ב-0.2 ק""מ — סיבוב מיותר, עיקוף אמיתי."
"אמיתי","3","נתיב אקספרס","selfloop","200/ארכ'בישוף אל חג'אר","עירייה/תאופיק זיאד","1","0.09","37","3.3","","32.80421","35.17323","הקו מקיף ~1.87 סיבובים (כיכר/לולאה) בין ""200/ארכ'בישוף אל חג'אר"" ל-""עירייה/תאופיק זיאד"", בעוד קו 1 עובר אותו ב-0.2 ק""מ — סיבוב מיותר, עיקוף אמיתי."
"אמיתי","22א","אגד","selfloop","קדיש לוז/צה''ל","צה''ל/אלמוגי","92","0.088","6","0.5","","32.84938","35.09209","הקו מקיף ~1.62 סיבובים (כיכר/לולאה) בין ""קדיש לוז/צה''ל"" ל-""צה''ל/אלמוגי"", בעוד קו 92 עובר אותו ב-0.2 ק""מ — סיבוב מיותר, עיקוף אמיתי."
"לא ניתן להשוואה","61","נתיב אקספרס","detour","החלוץ/מבצע חירם","החלוץ/יהודה המכבי","64","0.086","3","0.3","1.41","33.02097","35.10859","לא ניתן להשוואה — קו 64 מתחיל/מסיים את מסלולו באחת התחנות (תחנת-קצה), ולכן אינו מסדרון-מעבר תקף: הוא עושה משם קפיצה ישירה קצרה, בעוד הקו הנבדק עשוי לבצע לולאת-שירות לגיטימית באמצע מסלולו. אין בסיס להשוואת מרחקים."
"אמיתי","62א","אלקטרה אפיקים","selfloop","העצמאות/ויצמן","בן גוריון/העצמאות","20","0.086","2","0.2","","32.07482","34.87247","הקו מקיף ~1.43 סיבובים (כיכר/לולאה) בין ""העצמאות/ויצמן"" ל-""בן גוריון/העצמאות"", בעוד קו 20 עובר אותו ב-0.3 ק""מ — סיבוב מיותר, עיקוף אמיתי."
"אמיתי","3","נתיב אקספרס","selfloop","א שייח' אמין טריף/רחוב 411","עמותת ולד/411","165","0.081","37","3","","32.80801","35.16379","הקו מקיף ~1.28 סיבובים (כיכר/לולאה) בין ""א שייח' אמין טריף/רחוב 411"" ל-""עמותת ולד/411"", בעוד קו 165 עובר אותו ב-0.2 ק""מ — סיבוב מיותר, עיקוף אמיתי."
"לא ניתן להשוואה","58","קווים","detour","חפץ חיים/שדי חמד","חפץ חיים א","54","0.077","1","0.1","1.45","31.93389","35.04621","לא ניתן להשוואה — קו 54 מתחיל/מסיים את מסלולו באחת התחנות (תחנת-קצה), ולכן אינו מסדרון-מעבר תקף: הוא עושה משם קפיצה ישירה קצרה, בעוד הקו הנבדק עשוי לבצע לולאת-שירות לגיטימית באמצע מסלולו. אין בסיס להשוואת מרחקים."
"לא ניתן להשוואה","54","קווים","detour","חפץ חיים/שדי חמד","אור החיים/חפץ חיים","58","0.077","1","0.1","1.39","31.93389","35.04621","לא ניתן להשוואה — קו 58 מתחיל/מסיים את מסלולו באחת התחנות (תחנת-קצה), ולכן אינו מסדרון-מעבר תקף: הוא עושה משם קפיצה ישירה קצרה, בעוד הקו הנבדק עשוי לבצע לולאת-שירות לגיטימית באמצע מסלולו. אין בסיס להשוואת מרחקים."
"לא ניתן להשוואה","59","קווים","detour","חפץ חיים/שדי חמד","חפץ חיים א","54","0.077","1","0.1","1.45","31.93389","35.04621","לא ניתן להשוואה — קו 54 מתחיל/מסיים את מסלולו באחת התחנות (תחנת-קצה), ולכן אינו מסדרון-מעבר תקף: הוא עושה משם קפיצה ישירה קצרה, בעוד הקו הנבדק עשוי לבצע לולאת-שירות לגיטימית באמצע מסלולו. אין בסיס להשוואת מרחקים."
"אמיתי","19","מועצה אזורית גולן","selfloop","יהודיה/יודפת","זוויתן/יהודיה","843","0.077","1","0.1","","32.99401","35.6831","הקו מקיף ~1.7 סיבובים (כיכר/לולאה) בין ""יהודיה/יודפת"" ל-""זוויתן/יהודיה"", בעוד קו 843 עובר אותו ב-0.4 ק""מ — סיבוב מיותר, עיקוף אמיתי."
"אמיתי","3","נתיב אקספרס","selfloop","אלשוהדא/אלרואפ","קונסרבטוריון בית אלמוסיקה","165","0.077","37","2.8","","32.80269","35.16794","הקו מקיף ~1.25 סיבובים (כיכר/לולאה) בין ""אלשוהדא/אלרואפ"" ל-""קונסרבטוריון בית אלמוסיקה"", בעוד קו 165 עובר אותו ב-0.2 ק""מ — סיבוב מיותר, עיקוף אמיתי."
"לא ניתן להשוואה","102","אגד","detour","ברעם/האומן","האומן/ברעם","49","0.074","1","0.1","1.37","31.74553","35.2141","לא ניתן להשוואה — מקטע קצר (0.2 ק""מ) ואין קו שחולק את ציר-הכניסה; מסלולי הגעה שונים לצומת, ההשוואה אינה תקפה."
"אמיתי","440","נסיעות ותיירות","selfloop","דוד אלעזר/יפה נוף","מסעף בית חולים רבקה זיו","522","0.074","12","0.9","","32.95753","35.49274","הקו מקיף ~1.67 סיבובים (כיכר/לולאה) בין ""דוד אלעזר/יפה נוף"" ל-""מסעף בית חולים רבקה זיו"", בעוד קו 522 עובר אותו ב-0.3 ק""מ — סיבוב מיותר, עיקוף אמיתי."
"אמיתי","12","אקסטרה","selfloop","'יחזקאל/נחום א","נחום/ישעיהו","68","0.074","1","0.1","","32.29981","34.85641","הקו מקיף ~1.82 סיבובים (כיכר/לולאה) בין ""'יחזקאל/נחום א"" ל-""נחום/ישעיהו"", בעוד קו 68 עובר אותו ב-0.3 ק""מ — סיבוב מיותר, עיקוף אמיתי."
"אמיתי","12","אקסטרה","selfloop","'יחזקאל/נחום א","נחום/ישעיהו","68","0.073","3","0.2","","32.29981","34.85641","הקו מקיף ~1.82 סיבובים (כיכר/לולאה) בין ""'יחזקאל/נחום א"" ל-""נחום/ישעיהו"", בעוד קו 68 עובר אותו ב-0.3 ק""מ — סיבוב מיותר, עיקוף אמיתי."
"ספק","431","נסיעות ותיירות","detour","קניון מבנה/שירות בין-עירוני","הציונות/החטיבות","356","0.073","9","0.7","1.35","32.69832","35.31113","הקו הנבדק מגיע לתחנה ""קניון מבנה/שירות בין-עירוני"" מתחנה קודמת (דרך אריאל שרון/מעלה יצחק) שונה מזו של קו 356 (החיטה/שדרות מעלה יצחק). במקטע קצר זו אינה השוואה נקייה — ייתכן שהסטייה נובעת ממסלול גישה שונה ולא מעיקוף ודאי. נדרשת בדיקה אנושית."
"אמיתי","31","נתיב אקספרס","selfloop","המייסדים/בר יהודה","הרצל/המייסדים","28","0.073","8","0.6","","33.00895","35.09898","הקו מקיף ~1.75 סיבובים (כיכר/לולאה) בין ""המייסדים/בר יהודה"" ל-""הרצל/המייסדים"", בעוד קו 28 עובר אותו ב-0.3 ק""מ — סיבוב מיותר, עיקוף אמיתי."
"אמיתי","5","דן בדרום","selfloop","דובדבן/צאלון","צאלון/אשל","3","0.073","54","3.9","","31.30184","34.61813","הקו מקיף ~1.25 סיבובים (כיכר/לולאה) בין ""דובדבן/צאלון"" ל-""צאלון/אשל"", בעוד קו 3 עובר אותו ב-0.2 ק""מ — סיבוב מיותר, עיקוף אמיתי."
"אמיתי","62","אקסטרה","selfloop","טום לנטוס/ליבר זאב","שדרות לנטוס/יוסף","607","0.073","43","3.1","","32.30114","34.86934","הקו מקיף ~1.25 סיבובים (כיכר/לולאה) בין ""טום לנטוס/ליבר זאב"" ל-""שדרות לנטוס/יוסף"", בעוד קו 607 עובר אותו ב-0.3 ק""מ — סיבוב מיותר, עיקוף אמיתי."
"אמיתי","440","תנופה","selfloop","אבני חפץ כניסה","דרך הרא''ה/יהלום","174","0.072","1","0.1","","32.28269","35.07454","הקו מקיף ~1.38 סיבובים (כיכר/לולאה) בין ""אבני חפץ כניסה"" ל-""דרך הרא''ה/יהלום"", בעוד קו 174 עובר אותו ב-0.3 ק""מ — סיבוב מיותר, עיקוף אמיתי."
"לא ניתן להשוואה","82","נתיב אקספרס","detour","שדרות מ''ג המעפילים/מחלף יפה נוף","מ''ג המעפילים/כלנית","2","0.071","2","0.1","1.37","33.00808","35.28326","לא ניתן להשוואה — מקטע קצר (0.2 ק""מ) ואין קו שחולק את ציר-הכניסה; מסלולי הגעה שונים לצומת, ההשוואה אינה תקפה."
"אמיתי","24","מטרופולין","selfloop","בית ספר תל אל-מלח","מועצה מקומית","20","0.071","14","1","","31.24727","35.08862","הקו מקיף ~1.32 סיבובים (כיכר/לולאה) בין ""בית ספר תל אל-מלח"" ל-""מועצה מקומית"", בעוד קו 20 עובר אותו ב-0.3 ק""מ — סיבוב מיותר, עיקוף אמיתי."
"אמיתי","88","אלקטרה אפיקים","selfloop","דרך מנחם בגין/ויינברגר","דרך מנחם בגין/חנה רובינא","292","0.07","76","5.3","","32.07502","34.90525","הקו מקיף ~1.45 סיבובים (כיכר/לולאה) בין ""דרך מנחם בגין/ויינברגר"" ל-""דרך מנחם בגין/חנה רובינא"", בעוד קו 292 עובר אותו ב-0.3 ק""מ — סיבוב מיותר, עיקוף אמיתי."
"אמיתי","97","אלקטרה אפיקים","selfloop","דרך מנחם בגין/ויינברגר","דרך מנחם בגין/חנה רובינא","292","0.07","40","2.8","","32.07502","34.90525","הקו מקיף ~1.45 סיבובים (כיכר/לולאה) בין ""דרך מנחם בגין/ויינברגר"" ל-""דרך מנחם בגין/חנה רובינא"", בעוד קו 292 עובר אותו ב-0.3 ק""מ — סיבוב מיותר, עיקוף אמיתי."
"אמיתי","64","אלקטרה אפיקים","selfloop","דרך מנחם בגין/ויינברגר","דרך מנחם בגין/חנה רובינא","292","0.07","76","5.3","","32.07502","34.90525","הקו מקיף ~1.45 סיבובים (כיכר/לולאה) בין ""דרך מנחם בגין/ויינברגר"" ל-""דרך מנחם בגין/חנה רובינא"", בעוד קו 292 עובר אותו ב-0.3 ק""מ — סיבוב מיותר, עיקוף אמיתי."
"אמיתי","30","נסיעות ותיירות","detour","עילבון יציאה","צומת עילבון צפון","180","0.07","15","1.1","1.41","32.83802","35.39904","הקו נוסע פי 1.41 מקו 180 בין אותן שתי התחנות (אותו ציר כניסה, סטייה 0°) — עיקוף אמיתי."
"אמיתי","30","נסיעות ותיירות","detour","עילבון יציאה","צומת עילבון צפון","180","0.07","5","0.4","1.41","32.83802","35.39904","הקו נוסע פי 1.41 מקו 180 בין אותן שתי התחנות (אותו ציר כניסה, סטייה 0°) — עיקוף אמיתי."
"אמיתי","61","נתיב אקספרס","selfloop","מגרשי הפטנק/שפרינצק","הזמיר/נשר","99","0.066","3","0.2","","33.00338","35.10422","הקו מקיף ~1.5 סיבובים (כיכר/לולאה) בין ""מגרשי הפטנק/שפרינצק"" ל-""הזמיר/נשר"", בעוד קו 99 עובר אותו ב-0.3 ק""מ — סיבוב מיותר, עיקוף אמיתי."
"אמיתי","3","נתיב אקספרס","selfloop","רחוב 240/רחוב 245","אל פואר ה","96","0.065","37","2.4","","32.81184","35.16829","הקו מקיף ~1.43 סיבובים (כיכר/לולאה) בין ""רחוב 240/רחוב 245"" ל-""אל פואר ה"", בעוד קו 96 עובר אותו ב-0.2 ק""מ — סיבוב מיותר, עיקוף אמיתי."
"אמיתי","60","אקסטרה","selfloop","יוסף שפרינצק/יוסף ויתקין","יוסף שפרינצק/הרב מנחם זמבה","606","0.065","33","2.1","","32.31541","34.88614","הקו מקיף ~1.25 סיבובים (כיכר/לולאה) בין ""יוסף שפרינצק/יוסף ויתקין"" ל-""יוסף שפרינצק/הרב מנחם זמבה"", בעוד קו 606 עובר אותו ב-0.3 ק""מ — סיבוב מיותר, עיקוף אמיתי."
"אמיתי","26","אגד","selfloop","הרצל/הבנים","הבנים/אלי כהן","27","0.065","3","0.2","","31.86091","34.82227","הקו מקיף ~1.5 סיבובים (כיכר/לולאה) בין ""הרצל/הבנים"" ל-""הבנים/אלי כהן"", בעוד קו 27 עובר אותו ב-0.2 ק""מ — סיבוב מיותר, עיקוף אמיתי."
"אמיתי","12א","נסיעות ותיירות","selfloop","בי''ס מקיף זרזיר","מועצה מקומית בית זרזיר","14א","0.064","5","0.3","","32.72646","35.22519","הקו מקיף ~1.5 סיבובים (כיכר/לולאה) בין ""בי''ס מקיף זרזיר"" ל-""מועצה מקומית בית זרזיר"", בעוד קו 14א עובר אותו ב-0.2 ק""מ — סיבוב מיותר, עיקוף אמיתי."
"אמיתי","14א","נסיעות ותיירות","selfloop","בי''ס מקיף זרזיר","מועצה מקומית בית זרזיר","12","0.064","3","0.2","","32.72646","35.22519","הקו מקיף ~1.5 סיבובים (כיכר/לולאה) בין ""בי''ס מקיף זרזיר"" ל-""מועצה מקומית בית זרזיר"", בעוד קו 12 עובר אותו ב-0.2 ק""מ — סיבוב מיותר, עיקוף אמיתי."
"לא ניתן להשוואה","49","אגד","detour","אצטדיון טרנר","מכללת קיי/יהודה הלוי","3","0.064","13","0.8","1.4","31.27301","34.7811","לא ניתן להשוואה — קו 3 מתחיל/מסיים את מסלולו באחת התחנות (תחנת-קצה), ולכן אינו מסדרון-מעבר תקף: הוא עושה משם קפיצה ישירה קצרה, בעוד הקו הנבדק עשוי לבצע לולאת-שירות לגיטימית באמצע מסלולו. אין בסיס להשוואת מרחקים."
"לא ניתן להשוואה","7","דן באר שבע","detour","אצטדיון טרנר","מכללת קיי/יהודה הלוי","3","0.064","100","6.4","1.4","31.27301","34.7811","לא ניתן להשוואה — קו 3 מתחיל/מסיים את מסלולו באחת התחנות (תחנת-קצה), ולכן אינו מסדרון-מעבר תקף: הוא עושה משם קפיצה ישירה קצרה, בעוד הקו הנבדק עשוי לבצע לולאת-שירות לגיטימית באמצע מסלולו. אין בסיס להשוואת מרחקים."
"לא ניתן להשוואה","5","קווים","detour","העצמאות/הפטל","הבנים/סמטת הורדים","98","0.063","2","0.1","1.41","32.27865","34.88957","לא ניתן להשוואה — מקטע קצר (0.2 ק""מ) ואין קו שחולק את ציר-הכניסה; מסלולי הגעה שונים לצומת, ההשוואה אינה תקפה."
"אמיתי","80א","אגד","selfloop","ורדיה/נורית","נורית/כליל החורש","92","0.063","2","0.1","","32.79427","34.99371","הקו מקיף ~1.32 סיבובים (כיכר/לולאה) בין ""ורדיה/נורית"" ל-""נורית/כליל החורש"", בעוד קו 92 עובר אותו ב-0.3 ק""מ — סיבוב מיותר, עיקוף אמיתי."
"אמיתי","11א","אגד","selfloop","משמר הגבול/יצחק רבין","ביאליק/תרנ''א","16","0.062","6","0.4","","32.43047","34.92554","הקו מקיף ~1.26 סיבובים (כיכר/לולאה) בין ""משמר הגבול/יצחק רבין"" ל-""ביאליק/תרנ''א"", בעוד קו 16 עובר אותו ב-0.3 ק""מ — סיבוב מיותר, עיקוף אמיתי."
"לא ניתן להשוואה","19","נתיב אקספרס","detour","אבו סנאן/כיכר השלום","רח 120/מינימרקט","305","0.06","32","1.9","1.7","32.95887","35.1684","לא ניתן להשוואה — קו 305 מתחיל/מסיים את מסלולו באחת התחנות (תחנת-קצה), ולכן אינו מסדרון-מעבר תקף: הוא עושה משם קפיצה ישירה קצרה, בעוד הקו הנבדק עשוי לבצע לולאת-שירות לגיטימית באמצע מסלולו. אין בסיס להשוואת מרחקים."
"אמיתי","30","סופרבוס","selfloop","מרפאה","המרפאה","33","0.059","6","0.4","","32.72224","35.43961","הקו מקיף ~1.5 סיבובים (כיכר/לולאה) בין ""מרפאה"" ל-""המרפאה"", בעוד קו 33 עובר אותו ב-0.2 ק""מ — סיבוב מיותר, עיקוף אמיתי."
"אמיתי","81","מטרופולין","selfloop","דוד רמז/יצחק שדה","י.ל. פרץ/שח''ל","19","0.053","1","0.1","","32.16313","34.85439","הקו מקיף ~1.75 סיבובים (כיכר/לולאה) בין ""דוד רמז/יצחק שדה"" ל-""י.ל. פרץ/שח''ל"", בעוד קו 19 עובר אותו ב-0.3 ק""מ — סיבוב מיותר, עיקוף אמיתי."